
Monopoly.elf:     file format elf32-avr

Sections:
Idx Name          Size      VMA       LMA       File off  Algn
  0 .data         0000039a  00800200  00008ad8  00008b6c  2**0
                  CONTENTS, ALLOC, LOAD, DATA
  1 .text         00008ad8  00000000  00000000  00000094  2**1
                  CONTENTS, ALLOC, LOAD, READONLY, CODE
  2 .bss          0000022e  0080059a  0080059a  00008f06  2**0
                  ALLOC
  3 .comment      0000005c  00000000  00000000  00008f06  2**0
                  CONTENTS, READONLY
  4 .note.gnu.avr.deviceinfo 00000040  00000000  00000000  00008f64  2**2
                  CONTENTS, READONLY
  5 .debug_aranges 000001d8  00000000  00000000  00008fa4  2**0
                  CONTENTS, READONLY, DEBUGGING
  6 .debug_info   000050da  00000000  00000000  0000917c  2**0
                  CONTENTS, READONLY, DEBUGGING
  7 .debug_abbrev 00001457  00000000  00000000  0000e256  2**0
                  CONTENTS, READONLY, DEBUGGING
  8 .debug_line   00003c53  00000000  00000000  0000f6ad  2**0
                  CONTENTS, READONLY, DEBUGGING
  9 .debug_frame  00000548  00000000  00000000  00013300  2**2
                  CONTENTS, READONLY, DEBUGGING
 10 .debug_str    00000ed9  00000000  00000000  00013848  2**0
                  CONTENTS, READONLY, DEBUGGING
 11 .debug_loc    00004884  00000000  00000000  00014721  2**0
                  CONTENTS, READONLY, DEBUGGING
 12 .debug_ranges 00000188  00000000  00000000  00018fa5  2**0
                  CONTENTS, READONLY, DEBUGGING

Disassembly of section .text:

00000000 <__vectors>:
       0:	79 c0       	rjmp	.+242    	; 0xf4 <__ctors_end>
       2:	00 00       	nop
       4:	97 c0       	rjmp	.+302    	; 0x134 <__bad_interrupt>
       6:	00 00       	nop
       8:	95 c0       	rjmp	.+298    	; 0x134 <__bad_interrupt>
       a:	00 00       	nop
       c:	93 c0       	rjmp	.+294    	; 0x134 <__bad_interrupt>
       e:	00 00       	nop
      10:	91 c0       	rjmp	.+290    	; 0x134 <__bad_interrupt>
      12:	00 00       	nop
      14:	8f c0       	rjmp	.+286    	; 0x134 <__bad_interrupt>
      16:	00 00       	nop
      18:	8d c0       	rjmp	.+282    	; 0x134 <__bad_interrupt>
      1a:	00 00       	nop
      1c:	8b c0       	rjmp	.+278    	; 0x134 <__bad_interrupt>
      1e:	00 00       	nop
      20:	89 c0       	rjmp	.+274    	; 0x134 <__bad_interrupt>
      22:	00 00       	nop
      24:	87 c0       	rjmp	.+270    	; 0x134 <__bad_interrupt>
      26:	00 00       	nop
      28:	85 c0       	rjmp	.+266    	; 0x134 <__bad_interrupt>
      2a:	00 00       	nop
      2c:	83 c0       	rjmp	.+262    	; 0x134 <__bad_interrupt>
      2e:	00 00       	nop
      30:	81 c0       	rjmp	.+258    	; 0x134 <__bad_interrupt>
      32:	00 00       	nop
      34:	7f c0       	rjmp	.+254    	; 0x134 <__bad_interrupt>
      36:	00 00       	nop
      38:	7d c0       	rjmp	.+250    	; 0x134 <__bad_interrupt>
      3a:	00 00       	nop
      3c:	7b c0       	rjmp	.+246    	; 0x134 <__bad_interrupt>
      3e:	00 00       	nop
      40:	79 c0       	rjmp	.+242    	; 0x134 <__bad_interrupt>
      42:	00 00       	nop
      44:	77 c0       	rjmp	.+238    	; 0x134 <__bad_interrupt>
      46:	00 00       	nop
      48:	75 c0       	rjmp	.+234    	; 0x134 <__bad_interrupt>
      4a:	00 00       	nop
      4c:	73 c0       	rjmp	.+230    	; 0x134 <__bad_interrupt>
      4e:	00 00       	nop
      50:	71 c0       	rjmp	.+226    	; 0x134 <__bad_interrupt>
      52:	00 00       	nop
      54:	6f c0       	rjmp	.+222    	; 0x134 <__bad_interrupt>
      56:	00 00       	nop
      58:	6d c0       	rjmp	.+218    	; 0x134 <__bad_interrupt>
      5a:	00 00       	nop
      5c:	6b c0       	rjmp	.+214    	; 0x134 <__bad_interrupt>
      5e:	00 00       	nop
      60:	69 c0       	rjmp	.+210    	; 0x134 <__bad_interrupt>
      62:	00 00       	nop
      64:	67 c0       	rjmp	.+206    	; 0x134 <__bad_interrupt>
      66:	00 00       	nop
      68:	65 c0       	rjmp	.+202    	; 0x134 <__bad_interrupt>
      6a:	00 00       	nop
      6c:	63 c0       	rjmp	.+198    	; 0x134 <__bad_interrupt>
      6e:	00 00       	nop
      70:	61 c0       	rjmp	.+194    	; 0x134 <__bad_interrupt>
      72:	00 00       	nop
      74:	5f c0       	rjmp	.+190    	; 0x134 <__bad_interrupt>
      76:	00 00       	nop
      78:	5d c0       	rjmp	.+186    	; 0x134 <__bad_interrupt>
      7a:	00 00       	nop
      7c:	5b c0       	rjmp	.+182    	; 0x134 <__bad_interrupt>
      7e:	00 00       	nop
      80:	59 c0       	rjmp	.+178    	; 0x134 <__bad_interrupt>
      82:	00 00       	nop
      84:	57 c0       	rjmp	.+174    	; 0x134 <__bad_interrupt>
      86:	00 00       	nop
      88:	55 c0       	rjmp	.+170    	; 0x134 <__bad_interrupt>
      8a:	00 00       	nop
      8c:	53 c0       	rjmp	.+166    	; 0x134 <__bad_interrupt>
      8e:	00 00       	nop
      90:	51 c0       	rjmp	.+162    	; 0x134 <__bad_interrupt>
      92:	00 00       	nop
      94:	4f c0       	rjmp	.+158    	; 0x134 <__bad_interrupt>
      96:	00 00       	nop
      98:	4d c0       	rjmp	.+154    	; 0x134 <__bad_interrupt>
      9a:	00 00       	nop
      9c:	4b c0       	rjmp	.+150    	; 0x134 <__bad_interrupt>
      9e:	00 00       	nop
      a0:	49 c0       	rjmp	.+146    	; 0x134 <__bad_interrupt>
      a2:	00 00       	nop
      a4:	47 c0       	rjmp	.+142    	; 0x134 <__bad_interrupt>
      a6:	00 00       	nop
      a8:	45 c0       	rjmp	.+138    	; 0x134 <__bad_interrupt>
      aa:	00 00       	nop
      ac:	43 c0       	rjmp	.+134    	; 0x134 <__bad_interrupt>
      ae:	00 00       	nop
      b0:	41 c0       	rjmp	.+130    	; 0x134 <__bad_interrupt>
      b2:	00 00       	nop
      b4:	3f c0       	rjmp	.+126    	; 0x134 <__bad_interrupt>
      b6:	00 00       	nop
      b8:	3d c0       	rjmp	.+122    	; 0x134 <__bad_interrupt>
      ba:	00 00       	nop
      bc:	3b c0       	rjmp	.+118    	; 0x134 <__bad_interrupt>
      be:	00 00       	nop
      c0:	39 c0       	rjmp	.+114    	; 0x134 <__bad_interrupt>
      c2:	00 00       	nop
      c4:	37 c0       	rjmp	.+110    	; 0x134 <__bad_interrupt>
      c6:	00 00       	nop
      c8:	35 c0       	rjmp	.+106    	; 0x134 <__bad_interrupt>
      ca:	00 00       	nop
      cc:	33 c0       	rjmp	.+102    	; 0x134 <__bad_interrupt>
      ce:	00 00       	nop
      d0:	31 c0       	rjmp	.+98     	; 0x134 <__bad_interrupt>
      d2:	00 00       	nop
      d4:	2f c0       	rjmp	.+94     	; 0x134 <__bad_interrupt>
      d6:	00 00       	nop
      d8:	2d c0       	rjmp	.+90     	; 0x134 <__bad_interrupt>
      da:	00 00       	nop
      dc:	2b c0       	rjmp	.+86     	; 0x134 <__bad_interrupt>
      de:	00 00       	nop
      e0:	29 c0       	rjmp	.+82     	; 0x134 <__bad_interrupt>
      e2:	00 00       	nop
      e4:	c6 09       	sbc	r28, r6
      e6:	4e 0e       	add	r4, r30
      e8:	0d 0b       	sbc	r16, r29
      ea:	4e 0e       	add	r4, r30
      ec:	d6 0c       	add	r13, r6
      ee:	1b 0d       	add	r17, r11
      f0:	21 0d       	add	r18, r1
      f2:	a7 0b       	sbc	r26, r23

000000f4 <__ctors_end>:
      f4:	11 24       	eor	r1, r1
      f6:	1f be       	out	0x3f, r1	; 63
      f8:	cf ef       	ldi	r28, 0xFF	; 255
      fa:	d1 e2       	ldi	r29, 0x21	; 33
      fc:	de bf       	out	0x3e, r29	; 62
      fe:	cd bf       	out	0x3d, r28	; 61
     100:	00 e0       	ldi	r16, 0x00	; 0
     102:	0c bf       	out	0x3c, r16	; 60

00000104 <__do_copy_data>:
     104:	15 e0       	ldi	r17, 0x05	; 5
     106:	a0 e0       	ldi	r26, 0x00	; 0
     108:	b2 e0       	ldi	r27, 0x02	; 2
     10a:	e8 ed       	ldi	r30, 0xD8	; 216
     10c:	fa e8       	ldi	r31, 0x8A	; 138
     10e:	00 e0       	ldi	r16, 0x00	; 0
     110:	0b bf       	out	0x3b, r16	; 59
     112:	02 c0       	rjmp	.+4      	; 0x118 <__do_copy_data+0x14>
     114:	07 90       	elpm	r0, Z+
     116:	0d 92       	st	X+, r0
     118:	aa 39       	cpi	r26, 0x9A	; 154
     11a:	b1 07       	cpc	r27, r17
     11c:	d9 f7       	brne	.-10     	; 0x114 <__do_copy_data+0x10>

0000011e <__do_clear_bss>:
     11e:	27 e0       	ldi	r18, 0x07	; 7
     120:	aa e9       	ldi	r26, 0x9A	; 154
     122:	b5 e0       	ldi	r27, 0x05	; 5
     124:	01 c0       	rjmp	.+2      	; 0x128 <.do_clear_bss_start>

00000126 <.do_clear_bss_loop>:
     126:	1d 92       	st	X+, r1

00000128 <.do_clear_bss_start>:
     128:	a8 3c       	cpi	r26, 0xC8	; 200
     12a:	b2 07       	cpc	r27, r18
     12c:	e1 f7       	brne	.-8      	; 0x126 <.do_clear_bss_loop>
     12e:	3e d1       	rcall	.+636    	; 0x3ac <main>
     130:	0c 94 6a 45 	jmp	0x8ad4	; 0x8ad4 <_exit>

00000134 <__bad_interrupt>:
     134:	65 cf       	rjmp	.-310    	; 0x0 <__vectors>

00000136 <CmdDisplay>:

    // Sende die Character-Adresse an das Display
    DataDisplay(charAddress);
}
void defineCustomCharacters(void) 
{
     136:	98 b1       	in	r25, 0x08	; 8
     138:	9f 7e       	andi	r25, 0xEF	; 239
     13a:	98 b9       	out	0x08, r25	; 8
     13c:	98 b1       	in	r25, 0x08	; 8
     13e:	9b 7f       	andi	r25, 0xFB	; 251
     140:	98 b9       	out	0x08, r25	; 8
     142:	8b b9       	out	0x0b, r24	; 11
     144:	98 b1       	in	r25, 0x08	; 8
     146:	92 60       	ori	r25, 0x02	; 2
     148:	98 b9       	out	0x08, r25	; 8
     14a:	81 50       	subi	r24, 0x01	; 1
     14c:	83 30       	cpi	r24, 0x03	; 3
     14e:	38 f4       	brcc	.+14     	; 0x15e <CmdDisplay+0x28>
     150:	8f e2       	ldi	r24, 0x2F	; 47
     152:	91 e1       	ldi	r25, 0x11	; 17
     154:	01 97       	sbiw	r24, 0x01	; 1
     156:	f1 f7       	brne	.-4      	; 0x154 <CmdDisplay+0x1e>
     158:	00 c0       	rjmp	.+0      	; 0x15a <CmdDisplay+0x24>
     15a:	00 00       	nop
     15c:	03 c0       	rjmp	.+6      	; 0x164 <CmdDisplay+0x2e>
     15e:	90 ea       	ldi	r25, 0xA0	; 160
     160:	9a 95       	dec	r25
     162:	f1 f7       	brne	.-4      	; 0x160 <CmdDisplay+0x2a>
     164:	88 b1       	in	r24, 0x08	; 8
     166:	8d 7f       	andi	r24, 0xFD	; 253
     168:	88 b9       	out	0x08, r24	; 8
     16a:	08 95       	ret

0000016c <initDisplay>:
     16c:	1f 93       	push	r17
     16e:	cf 93       	push	r28
     170:	df 93       	push	r29
     172:	cd b7       	in	r28, 0x3d	; 61
     174:	de b7       	in	r29, 0x3e	; 62
     176:	29 97       	sbiw	r28, 0x09	; 9
     178:	0f b6       	in	r0, 0x3f	; 63
     17a:	f8 94       	cli
     17c:	de bf       	out	0x3e, r29	; 62
     17e:	0f be       	out	0x3f, r0	; 63
     180:	cd bf       	out	0x3d, r28	; 61
     182:	8f ef       	ldi	r24, 0xFF	; 255
     184:	8a b9       	out	0x0a, r24	; 10
     186:	87 b9       	out	0x07, r24	; 7
     188:	88 b1       	in	r24, 0x08	; 8
     18a:	80 62       	ori	r24, 0x20	; 32
     18c:	88 b9       	out	0x08, r24	; 8
     18e:	2f ef       	ldi	r18, 0xFF	; 255
     190:	80 e7       	ldi	r24, 0x70	; 112
     192:	92 e0       	ldi	r25, 0x02	; 2
     194:	21 50       	subi	r18, 0x01	; 1
     196:	80 40       	sbci	r24, 0x00	; 0
     198:	90 40       	sbci	r25, 0x00	; 0
     19a:	e1 f7       	brne	.-8      	; 0x194 <initDisplay+0x28>
     19c:	00 c0       	rjmp	.+0      	; 0x19e <initDisplay+0x32>
     19e:	00 00       	nop
     1a0:	88 b1       	in	r24, 0x08	; 8
     1a2:	8e 7f       	andi	r24, 0xFE	; 254
     1a4:	88 b9       	out	0x08, r24	; 8
     1a6:	89 e0       	ldi	r24, 0x09	; 9
     1a8:	e1 e1       	ldi	r30, 0x11	; 17
     1aa:	f2 e0       	ldi	r31, 0x02	; 2
     1ac:	de 01       	movw	r26, r28
     1ae:	11 96       	adiw	r26, 0x01	; 1
     1b0:	01 90       	ld	r0, Z+
     1b2:	0d 92       	st	X+, r0
     1b4:	8a 95       	dec	r24
     1b6:	e1 f7       	brne	.-8      	; 0x1b0 <initDisplay+0x44>
     1b8:	10 e0       	ldi	r17, 0x00	; 0
     1ba:	0a c0       	rjmp	.+20     	; 0x1d0 <initDisplay+0x64>
     1bc:	e1 e0       	ldi	r30, 0x01	; 1
     1be:	f0 e0       	ldi	r31, 0x00	; 0
     1c0:	ec 0f       	add	r30, r28
     1c2:	fd 1f       	adc	r31, r29
     1c4:	e1 0f       	add	r30, r17
     1c6:	f1 1d       	adc	r31, r1
     1c8:	80 81       	ld	r24, Z
     1ca:	90 e0       	ldi	r25, 0x00	; 0
     1cc:	b4 df       	rcall	.-152    	; 0x136 <CmdDisplay>
     1ce:	1f 5f       	subi	r17, 0xFF	; 255
     1d0:	19 30       	cpi	r17, 0x09	; 9
     1d2:	a0 f3       	brcs	.-24     	; 0x1bc <initDisplay+0x50>
     1d4:	29 96       	adiw	r28, 0x09	; 9
     1d6:	0f b6       	in	r0, 0x3f	; 63
     1d8:	f8 94       	cli
     1da:	de bf       	out	0x3e, r29	; 62
     1dc:	0f be       	out	0x3f, r0	; 63
     1de:	cd bf       	out	0x3d, r28	; 61
     1e0:	df 91       	pop	r29
     1e2:	cf 91       	pop	r28
     1e4:	1f 91       	pop	r17
     1e6:	08 95       	ret

000001e8 <DataDisplay>:
     1e8:	98 b1       	in	r25, 0x08	; 8
     1ea:	90 61       	ori	r25, 0x10	; 16
     1ec:	98 b9       	out	0x08, r25	; 8
     1ee:	98 b1       	in	r25, 0x08	; 8
     1f0:	9b 7f       	andi	r25, 0xFB	; 251
     1f2:	98 b9       	out	0x08, r25	; 8
     1f4:	8b b9       	out	0x0b, r24	; 11
     1f6:	88 b1       	in	r24, 0x08	; 8
     1f8:	82 60       	ori	r24, 0x02	; 2
     1fa:	88 b9       	out	0x08, r24	; 8
     1fc:	80 ea       	ldi	r24, 0xA0	; 160
     1fe:	8a 95       	dec	r24
     200:	f1 f7       	brne	.-4      	; 0x1fe <DataDisplay+0x16>
     202:	88 b1       	in	r24, 0x08	; 8
     204:	8d 7f       	andi	r24, 0xFD	; 253
     206:	88 b9       	out	0x08, r24	; 8
     208:	08 95       	ret

0000020a <clear>:
     20a:	81 e0       	ldi	r24, 0x01	; 1
     20c:	94 df       	rcall	.-216    	; 0x136 <CmdDisplay>
     20e:	8f e9       	ldi	r24, 0x9F	; 159
     210:	9f e0       	ldi	r25, 0x0F	; 15
     212:	01 97       	sbiw	r24, 0x01	; 1
     214:	f1 f7       	brne	.-4      	; 0x212 <clear+0x8>
     216:	00 c0       	rjmp	.+0      	; 0x218 <clear+0xe>
     218:	00 00       	nop
     21a:	08 95       	ret

0000021c <home>:
     21c:	82 e0       	ldi	r24, 0x02	; 2
     21e:	8b cf       	rjmp	.-234    	; 0x136 <CmdDisplay>
     220:	08 95       	ret

00000222 <displayOnOff>:
     222:	41 70       	andi	r20, 0x01	; 1
     224:	70 e0       	ldi	r23, 0x00	; 0
     226:	66 0f       	add	r22, r22
     228:	77 1f       	adc	r23, r23
     22a:	62 70       	andi	r22, 0x02	; 2
     22c:	28 2f       	mov	r18, r24
     22e:	30 e0       	ldi	r19, 0x00	; 0
     230:	22 0f       	add	r18, r18
     232:	33 1f       	adc	r19, r19
     234:	22 0f       	add	r18, r18
     236:	33 1f       	adc	r19, r19
     238:	24 70       	andi	r18, 0x04	; 4
     23a:	84 2f       	mov	r24, r20
     23c:	86 2b       	or	r24, r22
     23e:	82 2b       	or	r24, r18
     240:	88 60       	ori	r24, 0x08	; 8
     242:	79 cf       	rjmp	.-270    	; 0x136 <CmdDisplay>
     244:	08 95       	ret

00000246 <writeText>:
     246:	0f 93       	push	r16
     248:	1f 93       	push	r17
     24a:	cf 93       	push	r28
     24c:	8a 01       	movw	r16, r20
     24e:	28 2f       	mov	r18, r24
     250:	30 e0       	ldi	r19, 0x00	; 0
     252:	28 5f       	subi	r18, 0xF8	; 248
     254:	3f 4f       	sbci	r19, 0xFF	; 255
     256:	86 2f       	mov	r24, r22
     258:	90 e1       	ldi	r25, 0x10	; 16
     25a:	29 9f       	mul	r18, r25
     25c:	80 0d       	add	r24, r0
     25e:	11 24       	eor	r1, r1
     260:	6a df       	rcall	.-300    	; 0x136 <CmdDisplay>
     262:	c0 e0       	ldi	r28, 0x00	; 0
     264:	02 c0       	rjmp	.+4      	; 0x26a <writeText+0x24>
     266:	c0 df       	rcall	.-128    	; 0x1e8 <DataDisplay>
     268:	cf 5f       	subi	r28, 0xFF	; 255
     26a:	f8 01       	movw	r30, r16
     26c:	ec 0f       	add	r30, r28
     26e:	f1 1d       	adc	r31, r1
     270:	80 81       	ld	r24, Z
     272:	81 11       	cpse	r24, r1
     274:	f8 cf       	rjmp	.-16     	; 0x266 <writeText+0x20>
     276:	cf 91       	pop	r28
     278:	1f 91       	pop	r17
     27a:	0f 91       	pop	r16
     27c:	08 95       	ret

0000027e <displayCharacterAt>:
     27e:	cf 93       	push	r28
     280:	c4 2f       	mov	r28, r20
     282:	28 2f       	mov	r18, r24
     284:	30 e0       	ldi	r19, 0x00	; 0
     286:	28 5f       	subi	r18, 0xF8	; 248
     288:	3f 4f       	sbci	r19, 0xFF	; 255
     28a:	86 2f       	mov	r24, r22
     28c:	90 e1       	ldi	r25, 0x10	; 16
     28e:	29 9f       	mul	r18, r25
     290:	80 0d       	add	r24, r0
     292:	11 24       	eor	r1, r1
     294:	50 df       	rcall	.-352    	; 0x136 <CmdDisplay>
     296:	8c 2f       	mov	r24, r28
     298:	a7 df       	rcall	.-178    	; 0x1e8 <DataDisplay>
     29a:	cf 91       	pop	r28
     29c:	08 95       	ret

0000029e <lcdInitAll>:
    }
}

void lcdInitAll(void)
{
    initDisplay();
     29e:	66 df       	rcall	.-308    	; 0x16c <initDisplay>
    
    clear();
     2a0:	b4 df       	rcall	.-152    	; 0x20a <clear>
    home();
     2a2:	bc df       	rcall	.-136    	; 0x21c <home>
     2a4:	40 e0       	ldi	r20, 0x00	; 0
    //defineCustomCharacters();
    displayOnOff(1,0,0);
     2a6:	60 e0       	ldi	r22, 0x00	; 0
     2a8:	81 e0       	ldi	r24, 0x01	; 1
     2aa:	bb cf       	rjmp	.-138    	; 0x222 <displayOnOff>
     2ac:	08 95       	ret

000002ae <initSpieler>:

uint8_t globalUpdateLCD = 0;


void initSpieler(Spieler spielerInfo[])
{
     2ae:	cf 93       	push	r28
     2b0:	df 93       	push	r29
     2b2:	1f 92       	push	r1
     2b4:	1f 92       	push	r1
     2b6:	cd b7       	in	r28, 0x3d	; 61
     2b8:	de b7       	in	r29, 0x3e	; 62
     2ba:	9a 83       	std	Y+2, r25	; 0x02
     2bc:	89 83       	std	Y+1, r24	; 0x01
    //Eigenschaften Spieler 1
    strcpy(spielerInfo[1].name, "Spieler 1");
     2be:	89 81       	ldd	r24, Y+1	; 0x01
     2c0:	9a 81       	ldd	r25, Y+2	; 0x02
     2c2:	c5 96       	adiw	r24, 0x35	; 53
     2c4:	9c 01       	movw	r18, r24
     2c6:	8a e0       	ldi	r24, 0x0A	; 10
     2c8:	ea e1       	ldi	r30, 0x1A	; 26
     2ca:	f2 e0       	ldi	r31, 0x02	; 2
     2cc:	d9 01       	movw	r26, r18
     2ce:	01 90       	ld	r0, Z+
     2d0:	0d 92       	st	X+, r0
     2d2:	8a 95       	dec	r24
     2d4:	e1 f7       	brne	.-8      	; 0x2ce <initSpieler+0x20>
    spielerInfo[1].geld = 1111;
     2d6:	89 81       	ldd	r24, Y+1	; 0x01
     2d8:	9a 81       	ldd	r25, Y+2	; 0x02
     2da:	c5 96       	adiw	r24, 0x35	; 53
     2dc:	27 e5       	ldi	r18, 0x57	; 87
     2de:	34 e0       	ldi	r19, 0x04	; 4
     2e0:	fc 01       	movw	r30, r24
     2e2:	33 ab       	std	Z+51, r19	; 0x33
     2e4:	22 ab       	std	Z+50, r18	; 0x32
    spielerInfo[1].position = 40;
     2e6:	89 81       	ldd	r24, Y+1	; 0x01
     2e8:	9a 81       	ldd	r25, Y+2	; 0x02
     2ea:	c5 96       	adiw	r24, 0x35	; 53
     2ec:	28 e2       	ldi	r18, 0x28	; 40
     2ee:	fc 01       	movw	r30, r24
     2f0:	24 ab       	std	Z+52, r18	; 0x34
    
    //Eigenschaften Spieler 2
    strcpy(spielerInfo[2].name, "Spieler 2");
     2f2:	89 81       	ldd	r24, Y+1	; 0x01
     2f4:	9a 81       	ldd	r25, Y+2	; 0x02
     2f6:	86 59       	subi	r24, 0x96	; 150
     2f8:	9f 4f       	sbci	r25, 0xFF	; 255
     2fa:	9c 01       	movw	r18, r24
     2fc:	8a e0       	ldi	r24, 0x0A	; 10
     2fe:	e4 e2       	ldi	r30, 0x24	; 36
     300:	f2 e0       	ldi	r31, 0x02	; 2
     302:	d9 01       	movw	r26, r18
     304:	01 90       	ld	r0, Z+
     306:	0d 92       	st	X+, r0
     308:	8a 95       	dec	r24
     30a:	e1 f7       	brne	.-8      	; 0x304 <initSpieler+0x56>
    spielerInfo[2].geld = 2222;
     30c:	89 81       	ldd	r24, Y+1	; 0x01
     30e:	9a 81       	ldd	r25, Y+2	; 0x02
     310:	86 59       	subi	r24, 0x96	; 150
     312:	9f 4f       	sbci	r25, 0xFF	; 255
     314:	2e ea       	ldi	r18, 0xAE	; 174
     316:	38 e0       	ldi	r19, 0x08	; 8
     318:	fc 01       	movw	r30, r24
     31a:	33 ab       	std	Z+51, r19	; 0x33
     31c:	22 ab       	std	Z+50, r18	; 0x32
    spielerInfo[2].position = 40;
     31e:	89 81       	ldd	r24, Y+1	; 0x01
     320:	9a 81       	ldd	r25, Y+2	; 0x02
     322:	86 59       	subi	r24, 0x96	; 150
     324:	9f 4f       	sbci	r25, 0xFF	; 255
     326:	28 e2       	ldi	r18, 0x28	; 40
     328:	fc 01       	movw	r30, r24
     32a:	24 ab       	std	Z+52, r18	; 0x34
    
    //Eigenschaften Spieler 3
    strcpy(spielerInfo[3].name, "Spieler 3");
     32c:	89 81       	ldd	r24, Y+1	; 0x01
     32e:	9a 81       	ldd	r25, Y+2	; 0x02
     330:	81 56       	subi	r24, 0x61	; 97
     332:	9f 4f       	sbci	r25, 0xFF	; 255
     334:	9c 01       	movw	r18, r24
     336:	8a e0       	ldi	r24, 0x0A	; 10
     338:	ee e2       	ldi	r30, 0x2E	; 46
     33a:	f2 e0       	ldi	r31, 0x02	; 2
     33c:	d9 01       	movw	r26, r18
     33e:	01 90       	ld	r0, Z+
     340:	0d 92       	st	X+, r0
     342:	8a 95       	dec	r24
     344:	e1 f7       	brne	.-8      	; 0x33e <initSpieler+0x90>
    spielerInfo[3].geld = 3333;
     346:	89 81       	ldd	r24, Y+1	; 0x01
     348:	9a 81       	ldd	r25, Y+2	; 0x02
     34a:	81 56       	subi	r24, 0x61	; 97
     34c:	9f 4f       	sbci	r25, 0xFF	; 255
     34e:	25 e0       	ldi	r18, 0x05	; 5
     350:	3d e0       	ldi	r19, 0x0D	; 13
     352:	fc 01       	movw	r30, r24
     354:	33 ab       	std	Z+51, r19	; 0x33
     356:	22 ab       	std	Z+50, r18	; 0x32
    spielerInfo[3].position = 40;
     358:	89 81       	ldd	r24, Y+1	; 0x01
     35a:	9a 81       	ldd	r25, Y+2	; 0x02
     35c:	81 56       	subi	r24, 0x61	; 97
     35e:	9f 4f       	sbci	r25, 0xFF	; 255
     360:	28 e2       	ldi	r18, 0x28	; 40
     362:	fc 01       	movw	r30, r24
     364:	24 ab       	std	Z+52, r18	; 0x34
    
    //Eigenschaften Spieler 4
    strcpy(spielerInfo[4].name, "Spieler 4");
     366:	89 81       	ldd	r24, Y+1	; 0x01
     368:	9a 81       	ldd	r25, Y+2	; 0x02
     36a:	8c 52       	subi	r24, 0x2C	; 44
     36c:	9f 4f       	sbci	r25, 0xFF	; 255
     36e:	9c 01       	movw	r18, r24
     370:	8a e0       	ldi	r24, 0x0A	; 10
     372:	e8 e3       	ldi	r30, 0x38	; 56
     374:	f2 e0       	ldi	r31, 0x02	; 2
     376:	d9 01       	movw	r26, r18
     378:	01 90       	ld	r0, Z+
     37a:	0d 92       	st	X+, r0
     37c:	8a 95       	dec	r24
     37e:	e1 f7       	brne	.-8      	; 0x378 <initSpieler+0xca>
    spielerInfo[4].geld = 4444;
     380:	89 81       	ldd	r24, Y+1	; 0x01
     382:	9a 81       	ldd	r25, Y+2	; 0x02
     384:	8c 52       	subi	r24, 0x2C	; 44
     386:	9f 4f       	sbci	r25, 0xFF	; 255
     388:	2c e5       	ldi	r18, 0x5C	; 92
     38a:	31 e1       	ldi	r19, 0x11	; 17
     38c:	fc 01       	movw	r30, r24
     38e:	33 ab       	std	Z+51, r19	; 0x33
     390:	22 ab       	std	Z+50, r18	; 0x32
    spielerInfo[4].position = 40;
     392:	89 81       	ldd	r24, Y+1	; 0x01
     394:	9a 81       	ldd	r25, Y+2	; 0x02
     396:	8c 52       	subi	r24, 0x2C	; 44
     398:	9f 4f       	sbci	r25, 0xFF	; 255
     39a:	28 e2       	ldi	r18, 0x28	; 40
     39c:	fc 01       	movw	r30, r24
     39e:	24 ab       	std	Z+52, r18	; 0x34
}
     3a0:	00 00       	nop
     3a2:	0f 90       	pop	r0
     3a4:	0f 90       	pop	r0
     3a6:	df 91       	pop	r29
     3a8:	cf 91       	pop	r28
     3aa:	08 95       	ret

000003ac <main>:
Spieler spielerInfo[5];


int main(void)
{
     3ac:	0f 93       	push	r16
     3ae:	1f 93       	push	r17
     3b0:	cf 93       	push	r28
     3b2:	df 93       	push	r29
     3b4:	cd b7       	in	r28, 0x3d	; 61
     3b6:	de b7       	in	r29, 0x3e	; 62
     3b8:	c7 53       	subi	r28, 0x37	; 55
     3ba:	dd 40       	sbci	r29, 0x0D	; 13
     3bc:	0f b6       	in	r0, 0x3f	; 63
     3be:	f8 94       	cli
     3c0:	de bf       	out	0x3e, r29	; 62
     3c2:	0f be       	out	0x3f, r0	; 63
     3c4:	cd bf       	out	0x3d, r28	; 61
    /*--- Modullokale Konstanten ------------------------------------------------*/
    /*--- Modullokale Variablen -------------------------------------------------*/
    //char
    char lcdBuffer[16];
    //8-Bit Variabeln
    uint8_t spielerAmZug = 1;
     3c6:	81 e0       	ldi	r24, 0x01	; 1
     3c8:	89 83       	std	Y+1, r24	; 0x01
    uint8_t flagNextPlayer, flagPasch = 0;
     3ca:	1a 82       	std	Y+2, r1	; 0x02
    uint8_t flagWeiter = 1;
     3cc:	81 e0       	ldi	r24, 0x01	; 1
     3ce:	8b 83       	std	Y+3, r24	; 0x03
    uint8_t aktuellePosition = 0;
     3d0:	1c 82       	std	Y+4, r1	; 0x04
    uint8_t xTasten[4] = {TASTE_X1, TASTE_X2, TASTE_X3, TASTE_X4};
     3d2:	ce 01       	movw	r24, r28
     3d4:	83 57       	subi	r24, 0x73	; 115
     3d6:	9f 4f       	sbci	r25, 0xFF	; 255
     3d8:	22 e0       	ldi	r18, 0x02	; 2
     3da:	fc 01       	movw	r30, r24
     3dc:	20 83       	st	Z, r18
     3de:	ce 01       	movw	r24, r28
     3e0:	83 57       	subi	r24, 0x73	; 115
     3e2:	9f 4f       	sbci	r25, 0xFF	; 255
     3e4:	24 e0       	ldi	r18, 0x04	; 4
     3e6:	fc 01       	movw	r30, r24
     3e8:	21 83       	std	Z+1, r18	; 0x01
     3ea:	ce 01       	movw	r24, r28
     3ec:	83 57       	subi	r24, 0x73	; 115
     3ee:	9f 4f       	sbci	r25, 0xFF	; 255
     3f0:	20 e2       	ldi	r18, 0x20	; 32
     3f2:	fc 01       	movw	r30, r24
     3f4:	22 83       	std	Z+2, r18	; 0x02
     3f6:	ce 01       	movw	r24, r28
     3f8:	83 57       	subi	r24, 0x73	; 115
     3fa:	9f 4f       	sbci	r25, 0xFF	; 255
     3fc:	20 e8       	ldi	r18, 0x80	; 128
     3fe:	fc 01       	movw	r30, r24
     400:	23 83       	std	Z+3, r18	; 0x03
    uint8_t yTasten[4] = {TASTE_Y1, TASTE_Y2, TASTE_Y3, TASTE_Y4};
     402:	ce 01       	movw	r24, r28
     404:	8f 56       	subi	r24, 0x6F	; 111
     406:	9f 4f       	sbci	r25, 0xFF	; 255
     408:	21 e0       	ldi	r18, 0x01	; 1
     40a:	fc 01       	movw	r30, r24
     40c:	20 83       	st	Z, r18
     40e:	ce 01       	movw	r24, r28
     410:	8f 56       	subi	r24, 0x6F	; 111
     412:	9f 4f       	sbci	r25, 0xFF	; 255
     414:	28 e0       	ldi	r18, 0x08	; 8
     416:	fc 01       	movw	r30, r24
     418:	21 83       	std	Z+1, r18	; 0x01
     41a:	ce 01       	movw	r24, r28
     41c:	8f 56       	subi	r24, 0x6F	; 111
     41e:	9f 4f       	sbci	r25, 0xFF	; 255
     420:	20 e1       	ldi	r18, 0x10	; 16
     422:	fc 01       	movw	r30, r24
     424:	22 83       	std	Z+2, r18	; 0x02
     426:	ce 01       	movw	r24, r28
     428:	8f 56       	subi	r24, 0x6F	; 111
     42a:	9f 4f       	sbci	r25, 0xFF	; 255
     42c:	20 e4       	ldi	r18, 0x40	; 64
     42e:	fc 01       	movw	r30, r24
     430:	23 83       	std	Z+3, r18	; 0x03
    uint8_t bieter[6] = {0};//0-3 Bieter 4 anz. spieler raus 5 höchstbieter
     432:	ce 01       	movw	r24, r28
     434:	8b 56       	subi	r24, 0x6B	; 107
     436:	9f 4f       	sbci	r25, 0xFF	; 255
     438:	26 e0       	ldi	r18, 0x06	; 6
     43a:	fc 01       	movw	r30, r24
     43c:	32 2f       	mov	r19, r18
     43e:	11 92       	st	Z+, r1
     440:	3a 95       	dec	r19
     442:	e9 f7       	brne	.-6      	; 0x43e <__LOCK_REGION_LENGTH__+0x3e>
    uint8_t ersterSpieler = 0;
     444:	1d 82       	std	Y+5, r1	; 0x05
    
    
    
    uint8_t spielerSetup = 0;
     446:	1e 82       	std	Y+6, r1	; 0x06
    
    uint8_t flagFertigGewuerfelt, flagWuerfel1, flagWuerfel2, letzterWuerfel = 0;
     448:	1a 86       	std	Y+10, r1	; 0x0a
    
    uint8_t flagKaufAbgechlossen, flagVersteigert, verkaufSpielerEingabe = 0;
     44a:	1f a6       	std	Y+47, r1	; 0x2f
    
    uint8_t updateLCD = 0;
     44c:	1d 86       	std	Y+13, r1	; 0x0d
    
    uint8_t feldBesitzer = 0;
     44e:	1e 86       	std	Y+14, r1	; 0x0e
    uint8_t bezahlStatus = 0;
     450:	1f 86       	std	Y+15, r1	; 0x0f
    uint8_t flagZahlungAbgeschlossen = 0;
     452:	18 8a       	std	Y+16, r1	; 0x10
    
    uint8_t farbgruppenErstesFeld[8] = {1,6,11,16,21,26,31,37}; //Jeweil das erste Feld einer Strassen Farbgruppe
     454:	ce 01       	movw	r24, r28
     456:	85 56       	subi	r24, 0x65	; 101
     458:	9f 4f       	sbci	r25, 0xFF	; 255
     45a:	28 e0       	ldi	r18, 0x08	; 8
     45c:	e5 ed       	ldi	r30, 0xD5	; 213
     45e:	f3 e0       	ldi	r31, 0x03	; 3
     460:	dc 01       	movw	r26, r24
     462:	01 90       	ld	r0, Z+
     464:	0d 92       	st	X+, r0
     466:	2a 95       	dec	r18
     468:	e1 f7       	brne	.-8      	; 0x462 <__LOCK_REGION_LENGTH__+0x62>
    uint8_t flagFarbgruppeKomplett = 0;
     46a:	19 8a       	std	Y+17, r1	; 0x11
    uint8_t volleFarbgruppen[8] = {0};
     46c:	ce 01       	movw	r24, r28
     46e:	8d 55       	subi	r24, 0x5D	; 93
     470:	9f 4f       	sbci	r25, 0xFF	; 255
     472:	28 e0       	ldi	r18, 0x08	; 8
     474:	fc 01       	movw	r30, r24
     476:	32 2f       	mov	r19, r18
     478:	11 92       	st	Z+, r1
     47a:	3a 95       	dec	r19
     47c:	e9 f7       	brne	.-6      	; 0x478 <__LOCK_REGION_LENGTH__+0x78>
    uint8_t farbgruppenCounter = 0;
     47e:	1a 8a       	std	Y+18, r1	; 0x12
    uint8_t feldNummer = 0;
     480:	1b 8a       	std	Y+19, r1	; 0x13
    uint8_t gruppeAnzahlHaeuser = 0;
     482:	18 aa       	std	Y+48, r1	; 0x30
    uint8_t flagHausFeld1 = 0;
     484:	19 aa       	std	Y+49, r1	; 0x31
    uint8_t flagHausFeld2 = 0;
     486:	1a aa       	std	Y+50, r1	; 0x32
    uint8_t flagHausFeld3 = 0;
     488:	1b aa       	std	Y+51, r1	; 0x33
    uint8_t anzahlHauser[3] = {0};
     48a:	ce 01       	movw	r24, r28
     48c:	85 55       	subi	r24, 0x55	; 85
     48e:	9f 4f       	sbci	r25, 0xFF	; 255
     490:	fc 01       	movw	r30, r24
     492:	10 82       	st	Z, r1
     494:	11 82       	std	Z+1, r1	; 0x01
     496:	12 82       	std	Z+2, r1	; 0x02
    uint8_t haeuser = 0;
     498:	1c aa       	std	Y+52, r1	; 0x34
    uint8_t minHaeuser = 5;
     49a:	85 e0       	ldi	r24, 0x05	; 5
     49c:	8c 8b       	std	Y+20, r24	; 0x14
    uint8_t maxHaeuser = 0;
     49e:	1d 8a       	std	Y+21, r1	; 0x15
    
    uint8_t haeuserImSpiel = 0;
     4a0:	1e 8a       	std	Y+22, r1	; 0x16
    uint8_t hotelsImSpiel = 0;
     4a2:	1d aa       	std	Y+53, r1	; 0x35
    
    uint8_t kaufStatus = 0;
     4a4:	1e aa       	std	Y+54, r1	; 0x36
    uint16_t zahlBetrag = 0;
     4a6:	18 8e       	std	Y+24, r1	; 0x18
     4a8:	1f 8a       	std	Y+23, r1	; 0x17
    uint8_t zahlSchritt = 0;
     4aa:	19 8e       	std	Y+25, r1	; 0x19
    
    
    //16-Bit Variabeln
    uint16_t geldZwischenspeicher[5] = {0};
     4ac:	ce 01       	movw	r24, r28
     4ae:	82 55       	subi	r24, 0x52	; 82
     4b0:	9f 4f       	sbci	r25, 0xFF	; 255
     4b2:	2a e0       	ldi	r18, 0x0A	; 10
     4b4:	fc 01       	movw	r30, r24
     4b6:	32 2f       	mov	r19, r18
     4b8:	11 92       	st	Z+, r1
     4ba:	3a 95       	dec	r19
     4bc:	e9 f7       	brne	.-6      	; 0x4b8 <__LOCK_REGION_LENGTH__+0xb8>
    uint16_t aktuellesGebot = 0;
     4be:	1b 8e       	std	Y+27, r1	; 0x1b
     4c0:	1a 8e       	std	Y+26, r1	; 0x1a
    //Eigene Datentypen
    Feld spielfeld[40];
    FeldTyp aktuellesFeld = FREIPARKEN;
     4c2:	83 e0       	ldi	r24, 0x03	; 3
     4c4:	8c 8f       	std	Y+28, r24	; 0x1c
    
    uint8_t flagGefaengnis = 0;
     4c6:	1d 8e       	std	Y+29, r1	; 0x1d
    uint8_t feldKaufen(uint8_t feldNummer, Feld spielfeld[40], uint8_t spielerAmZug);
    /*--- Funktionsdefinitionen -------------------------------------------------*/
    
    
    //Initialisierung
    PortInitialisierung();
     4c8:	0e 94 75 29 	call	0x52ea	; 0x52ea <PortInitialisierung>
    lcdInitAll();
     4cc:	e8 de       	rcall	.-560    	; 0x29e <lcdInitAll>
    initialisiereSpielfeld(spielfeld);
     4ce:	ce 01       	movw	r24, r28
     4d0:	88 54       	subi	r24, 0x48	; 72
     4d2:	9f 4f       	sbci	r25, 0xFF	; 255
     4d4:	0e 94 02 2b 	call	0x5604	; 0x5604 <initialisiereSpielfeld>
    initSpieler(spielerInfo);
     4d8:	87 e6       	ldi	r24, 0x67	; 103
     4da:	96 e0       	ldi	r25, 0x06	; 6
     4dc:	e8 de       	rcall	.-560    	; 0x2ae <initSpieler>
    SPI_init_all(9600);
     4de:	80 e8       	ldi	r24, 0x80	; 128
     4e0:	95 e2       	ldi	r25, 0x25	; 37
     4e2:	0e 94 6d 3f 	call	0x7eda	; 0x7eda <SPI_init_all>
    resetMonopoly();
     4e6:	0e 94 4d 1b 	call	0x369a	; 0x369a <resetMonopoly>
    //random Seed setzen
    adm_ADC_init();
     4ea:	0e 94 b8 27 	call	0x4f70	; 0x4f70 <adm_ADC_init>
    srand(adm_ADC_read(0));
     4ee:	80 e0       	ldi	r24, 0x00	; 0
     4f0:	0e 94 cf 27 	call	0x4f9e	; 0x4f9e <adm_ADC_read>
     4f4:	0e 94 36 42 	call	0x846c	; 0x846c <srand>
    while (1) 
    {
        //Flankenerkennung
        tasteAlt = tasteNeu;
     4f8:	80 91 72 07 	lds	r24, 0x0772	; 0x800772 <tasteNeu>
     4fc:	90 91 73 07 	lds	r25, 0x0773	; 0x800773 <tasteNeu+0x1>
     500:	90 93 71 07 	sts	0x0771, r25	; 0x800771 <tasteAlt+0x1>
     504:	80 93 70 07 	sts	0x0770, r24	; 0x800770 <tasteAlt>
        tasteNeu = 0;
     508:	10 92 73 07 	sts	0x0773, r1	; 0x800773 <tasteNeu+0x1>
     50c:	10 92 72 07 	sts	0x0772, r1	; 0x800772 <tasteNeu>
        tasteNeu = (PINL << 8) | PINK;
     510:	89 e0       	ldi	r24, 0x09	; 9
     512:	91 e0       	ldi	r25, 0x01	; 1
     514:	fc 01       	movw	r30, r24
     516:	80 81       	ld	r24, Z
     518:	88 2f       	mov	r24, r24
     51a:	90 e0       	ldi	r25, 0x00	; 0
     51c:	38 2f       	mov	r19, r24
     51e:	22 27       	eor	r18, r18
     520:	86 e0       	ldi	r24, 0x06	; 6
     522:	91 e0       	ldi	r25, 0x01	; 1
     524:	fc 01       	movw	r30, r24
     526:	80 81       	ld	r24, Z
     528:	88 2f       	mov	r24, r24
     52a:	90 e0       	ldi	r25, 0x00	; 0
     52c:	82 2b       	or	r24, r18
     52e:	93 2b       	or	r25, r19
     530:	90 93 73 07 	sts	0x0773, r25	; 0x800773 <tasteNeu+0x1>
     534:	80 93 72 07 	sts	0x0772, r24	; 0x800772 <tasteNeu>
        positiveFlanke = (tasteAlt ^ tasteNeu) & tasteNeu;
     538:	80 91 70 07 	lds	r24, 0x0770	; 0x800770 <tasteAlt>
     53c:	90 91 71 07 	lds	r25, 0x0771	; 0x800771 <tasteAlt+0x1>
     540:	9c 01       	movw	r18, r24
     542:	20 95       	com	r18
     544:	30 95       	com	r19
     546:	80 91 72 07 	lds	r24, 0x0772	; 0x800772 <tasteNeu>
     54a:	90 91 73 07 	lds	r25, 0x0773	; 0x800773 <tasteNeu+0x1>
     54e:	82 23       	and	r24, r18
     550:	93 23       	and	r25, r19
     552:	90 93 64 06 	sts	0x0664, r25	; 0x800664 <positiveFlanke+0x1>
     556:	80 93 63 06 	sts	0x0663, r24	; 0x800663 <positiveFlanke>
        
        if (positiveFlanke & TASTE_U)//Wenn Taste runter gedrückt wird => Bauen
     55a:	80 91 63 06 	lds	r24, 0x0663	; 0x800663 <positiveFlanke>
     55e:	90 91 64 06 	lds	r25, 0x0664	; 0x800664 <positiveFlanke+0x1>
     562:	88 27       	eor	r24, r24
     564:	98 70       	andi	r25, 0x08	; 8
     566:	89 2b       	or	r24, r25
     568:	19 f0       	breq	.+6      	; 0x570 <__LOCK_REGION_LENGTH__+0x170>
        {
            zustand = BAUEN;
     56a:	84 e0       	ldi	r24, 0x04	; 4
     56c:	80 93 65 06 	sts	0x0665, r24	; 0x800665 <zustand>
        }
        //verarbeitung verschiedener zustände
        switch (zustand)//~~~~~~~~~~~~~~~~~~~~~~~~~~~~~~~~~~~~~~~~~~~~~~~~~~~~~~~~
     570:	80 91 65 06 	lds	r24, 0x0665	; 0x800665 <zustand>
     574:	88 2f       	mov	r24, r24
     576:	90 e0       	ldi	r25, 0x00	; 0
     578:	82 30       	cpi	r24, 0x02	; 2
     57a:	91 05       	cpc	r25, r1
     57c:	09 f4       	brne	.+2      	; 0x580 <__LOCK_REGION_LENGTH__+0x180>
     57e:	b7 c3       	rjmp	.+1902   	; 0xcee <__LOCK_REGION_LENGTH__+0x8ee>
     580:	83 30       	cpi	r24, 0x03	; 3
     582:	91 05       	cpc	r25, r1
     584:	3c f4       	brge	.+14     	; 0x594 <__LOCK_REGION_LENGTH__+0x194>
     586:	00 97       	sbiw	r24, 0x00	; 0
     588:	81 f0       	breq	.+32     	; 0x5aa <__LOCK_REGION_LENGTH__+0x1aa>
     58a:	01 97       	sbiw	r24, 0x01	; 1
     58c:	09 f4       	brne	.+2      	; 0x590 <__LOCK_REGION_LENGTH__+0x190>
     58e:	24 c1       	rjmp	.+584    	; 0x7d8 <__LOCK_REGION_LENGTH__+0x3d8>
            minHaeuser = 5;
            maxHaeuser = 0;
            zustand = SPIEL;
            break;
            default:
            break;
     590:	0c 94 aa 19 	jmp	0x3354	; 0x3354 <__stack+0x1155>
        if (positiveFlanke & TASTE_U)//Wenn Taste runter gedrückt wird => Bauen
        {
            zustand = BAUEN;
        }
        //verarbeitung verschiedener zustände
        switch (zustand)//~~~~~~~~~~~~~~~~~~~~~~~~~~~~~~~~~~~~~~~~~~~~~~~~~~~~~~~~
     594:	83 30       	cpi	r24, 0x03	; 3
     596:	91 05       	cpc	r25, r1
     598:	11 f4       	brne	.+4      	; 0x59e <__LOCK_REGION_LENGTH__+0x19e>
     59a:	0c 94 60 0e 	jmp	0x1cc0	; 0x1cc0 <__EEPROM_REGION_LENGTH__+0xcc0>
     59e:	04 97       	sbiw	r24, 0x04	; 4
     5a0:	11 f4       	brne	.+4      	; 0x5a6 <__LOCK_REGION_LENGTH__+0x1a6>
     5a2:	0c 94 d0 12 	jmp	0x25a0	; 0x25a0 <__stack+0x3a1>
            minHaeuser = 5;
            maxHaeuser = 0;
            zustand = SPIEL;
            break;
            default:
            break;
     5a6:	0c 94 aa 19 	jmp	0x3354	; 0x3354 <__stack+0x1155>
        }
        //verarbeitung verschiedener zustände
        switch (zustand)//~~~~~~~~~~~~~~~~~~~~~~~~~~~~~~~~~~~~~~~~~~~~~~~~~~~~~~~~
        {
            case SPIELERAUSWAHL://~~~~~~~~~~~~~~~~~~~~~~~~~~~~~~~~~~~~~~~~~~~~~~~~
            if (!spielerSetup)
     5aa:	8e 81       	ldd	r24, Y+6	; 0x06
     5ac:	88 23       	and	r24, r24
     5ae:	f9 f4       	brne	.+62     	; 0x5ee <__LOCK_REGION_LENGTH__+0x1ee>
            {
                //LCD ausgabe
                writeText(0,0,"Spielerauswahl");
     5b0:	42 e4       	ldi	r20, 0x42	; 66
     5b2:	52 e0       	ldi	r21, 0x02	; 2
     5b4:	60 e0       	ldi	r22, 0x00	; 0
     5b6:	80 e0       	ldi	r24, 0x00	; 0
     5b8:	46 de       	rcall	.-884    	; 0x246 <writeText>
                writeText(1,1,"- 2 Spieler  +");
     5ba:	41 e5       	ldi	r20, 0x51	; 81
     5bc:	52 e0       	ldi	r21, 0x02	; 2
     5be:	61 e0       	ldi	r22, 0x01	; 1
     5c0:	81 e0       	ldi	r24, 0x01	; 1
     5c2:	41 de       	rcall	.-894    	; 0x246 <writeText>
                displayCharacterAt(1,0,PFEIL_L);
     5c4:	48 e0       	ldi	r20, 0x08	; 8
     5c6:	60 e0       	ldi	r22, 0x00	; 0
     5c8:	81 e0       	ldi	r24, 0x01	; 1
     5ca:	59 de       	rcall	.-846    	; 0x27e <displayCharacterAt>
                displayCharacterAt(1,15,PFEIL_R);
     5cc:	4e e7       	ldi	r20, 0x7E	; 126
     5ce:	6f e0       	ldi	r22, 0x0F	; 15
     5d0:	81 e0       	ldi	r24, 0x01	; 1
     5d2:	55 de       	rcall	.-854    	; 0x27e <displayCharacterAt>
                writeText(2,0,"weiter Taste S ");
     5d4:	40 e6       	ldi	r20, 0x60	; 96
     5d6:	52 e0       	ldi	r21, 0x02	; 2
     5d8:	60 e0       	ldi	r22, 0x00	; 0
     5da:	82 e0       	ldi	r24, 0x02	; 2
     5dc:	34 de       	rcall	.-920    	; 0x246 <writeText>
     5de:	80 91 04 02 	lds	r24, 0x0204	; 0x800204 <anzahlSpieler>
                //schaltet nicht benötigte siebensegmente aus
                updateKontostand(anzahlSpieler,spielerInfo);
     5e2:	67 e6       	ldi	r22, 0x67	; 103
     5e4:	76 e0       	ldi	r23, 0x06	; 6
     5e6:	0e 94 dc 22 	call	0x45b8	; 0x45b8 <updateKontostand>
     5ea:	81 e0       	ldi	r24, 0x01	; 1
                spielerSetup = 1; //setzt Flag um erneutes ausführen zu verhindern
     5ec:	8e 83       	std	Y+6, r24	; 0x06
     5ee:	80 91 63 06 	lds	r24, 0x0663	; 0x800663 <positiveFlanke>
            }
            //Anzahl Spieler verkleinern
            if ((positiveFlanke & TASTE14) && anzahlSpieler > MIN_ANZAHL_SPIELER)
     5f2:	90 91 64 06 	lds	r25, 0x0664	; 0x800664 <positiveFlanke+0x1>
     5f6:	88 27       	eor	r24, r24
     5f8:	90 72       	andi	r25, 0x20	; 32
     5fa:	89 2b       	or	r24, r25
     5fc:	91 f1       	breq	.+100    	; 0x662 <__LOCK_REGION_LENGTH__+0x262>
     5fe:	80 91 04 02 	lds	r24, 0x0204	; 0x800204 <anzahlSpieler>
     602:	83 30       	cpi	r24, 0x03	; 3
     604:	70 f1       	brcs	.+92     	; 0x662 <__LOCK_REGION_LENGTH__+0x262>
     606:	80 91 04 02 	lds	r24, 0x0204	; 0x800204 <anzahlSpieler>
            {
                anzahlSpieler = anzahlSpieler - 1;
     60a:	81 50       	subi	r24, 0x01	; 1
     60c:	80 93 04 02 	sts	0x0204, r24	; 0x800204 <anzahlSpieler>
     610:	80 91 04 02 	lds	r24, 0x0204	; 0x800204 <anzahlSpieler>
                //Ausgabe anzahl spieler auf LCD
                sprintf(lcdBuffer,"%u",anzahlSpieler);
     614:	88 2f       	mov	r24, r24
     616:	90 e0       	ldi	r25, 0x00	; 0
     618:	29 2f       	mov	r18, r25
     61a:	2f 93       	push	r18
     61c:	8f 93       	push	r24
     61e:	80 e7       	ldi	r24, 0x70	; 112
     620:	92 e0       	ldi	r25, 0x02	; 2
     622:	89 2f       	mov	r24, r25
     624:	8f 93       	push	r24
     626:	80 e7       	ldi	r24, 0x70	; 112
     628:	92 e0       	ldi	r25, 0x02	; 2
     62a:	8f 93       	push	r24
     62c:	ce 01       	movw	r24, r28
     62e:	83 58       	subi	r24, 0x83	; 131
     630:	9f 4f       	sbci	r25, 0xFF	; 255
     632:	29 2f       	mov	r18, r25
     634:	2f 93       	push	r18
     636:	8f 93       	push	r24
     638:	0e 94 41 42 	call	0x8482	; 0x8482 <sprintf>
     63c:	0f 90       	pop	r0
     63e:	0f 90       	pop	r0
     640:	0f 90       	pop	r0
     642:	0f 90       	pop	r0
     644:	0f 90       	pop	r0
     646:	0f 90       	pop	r0
                writeText(1,3,lcdBuffer);
     648:	ce 01       	movw	r24, r28
     64a:	83 58       	subi	r24, 0x83	; 131
     64c:	9f 4f       	sbci	r25, 0xFF	; 255
     64e:	ac 01       	movw	r20, r24
     650:	63 e0       	ldi	r22, 0x03	; 3
     652:	81 e0       	ldi	r24, 0x01	; 1
     654:	f8 dd       	rcall	.-1040   	; 0x246 <writeText>
     656:	80 91 04 02 	lds	r24, 0x0204	; 0x800204 <anzahlSpieler>
                //Aktive spieler an Konto LCD anzeigen
                updateKontostand(anzahlSpieler,spielerInfo);
     65a:	67 e6       	ldi	r22, 0x67	; 103
     65c:	76 e0       	ldi	r23, 0x06	; 6
     65e:	0e 94 dc 22 	call	0x45b8	; 0x45b8 <updateKontostand>
     662:	80 91 63 06 	lds	r24, 0x0663	; 0x800663 <positiveFlanke>
            }
            //anzahlspieler vergrössern
            if ((positiveFlanke & TASTE15) && anzahlSpieler < MAX_ANZAHL_SPIELER)
     666:	90 91 64 06 	lds	r25, 0x0664	; 0x800664 <positiveFlanke+0x1>
     66a:	88 27       	eor	r24, r24
     66c:	90 74       	andi	r25, 0x40	; 64
     66e:	89 2b       	or	r24, r25
     670:	91 f1       	breq	.+100    	; 0x6d6 <__LOCK_REGION_LENGTH__+0x2d6>
     672:	80 91 04 02 	lds	r24, 0x0204	; 0x800204 <anzahlSpieler>
     676:	84 30       	cpi	r24, 0x04	; 4
     678:	70 f5       	brcc	.+92     	; 0x6d6 <__LOCK_REGION_LENGTH__+0x2d6>
     67a:	80 91 04 02 	lds	r24, 0x0204	; 0x800204 <anzahlSpieler>
            {
                anzahlSpieler = anzahlSpieler + 1;
     67e:	8f 5f       	subi	r24, 0xFF	; 255
     680:	80 93 04 02 	sts	0x0204, r24	; 0x800204 <anzahlSpieler>
     684:	80 91 04 02 	lds	r24, 0x0204	; 0x800204 <anzahlSpieler>
                //Ausgabe anzahl spieler auf LCD
                sprintf(lcdBuffer,"%u",anzahlSpieler);
     688:	88 2f       	mov	r24, r24
     68a:	90 e0       	ldi	r25, 0x00	; 0
     68c:	29 2f       	mov	r18, r25
     68e:	2f 93       	push	r18
     690:	8f 93       	push	r24
     692:	80 e7       	ldi	r24, 0x70	; 112
     694:	92 e0       	ldi	r25, 0x02	; 2
     696:	89 2f       	mov	r24, r25
     698:	8f 93       	push	r24
     69a:	80 e7       	ldi	r24, 0x70	; 112
     69c:	92 e0       	ldi	r25, 0x02	; 2
     69e:	8f 93       	push	r24
     6a0:	ce 01       	movw	r24, r28
     6a2:	83 58       	subi	r24, 0x83	; 131
     6a4:	9f 4f       	sbci	r25, 0xFF	; 255
     6a6:	29 2f       	mov	r18, r25
     6a8:	2f 93       	push	r18
     6aa:	8f 93       	push	r24
     6ac:	0e 94 41 42 	call	0x8482	; 0x8482 <sprintf>
     6b0:	0f 90       	pop	r0
     6b2:	0f 90       	pop	r0
     6b4:	0f 90       	pop	r0
     6b6:	0f 90       	pop	r0
     6b8:	0f 90       	pop	r0
     6ba:	0f 90       	pop	r0
                writeText(1,3,lcdBuffer);
     6bc:	ce 01       	movw	r24, r28
     6be:	83 58       	subi	r24, 0x83	; 131
     6c0:	9f 4f       	sbci	r25, 0xFF	; 255
     6c2:	ac 01       	movw	r20, r24
     6c4:	63 e0       	ldi	r22, 0x03	; 3
     6c6:	81 e0       	ldi	r24, 0x01	; 1
     6c8:	be dd       	rcall	.-1156   	; 0x246 <writeText>
     6ca:	80 91 04 02 	lds	r24, 0x0204	; 0x800204 <anzahlSpieler>
                //Aktive spieler an Konto LCD anzeigen
                updateKontostand(anzahlSpieler,spielerInfo);
     6ce:	67 e6       	ldi	r22, 0x67	; 103
     6d0:	76 e0       	ldi	r23, 0x06	; 6
     6d2:	0e 94 dc 22 	call	0x45b8	; 0x45b8 <updateKontostand>
     6d6:	80 91 63 06 	lds	r24, 0x0663	; 0x800663 <positiveFlanke>
            }
            //anzahl spieler bestätigen
            if (positiveFlanke & TASTE13)
     6da:	90 91 64 06 	lds	r25, 0x0664	; 0x800664 <positiveFlanke+0x1>
     6de:	88 27       	eor	r24, r24
     6e0:	90 71       	andi	r25, 0x10	; 16
     6e2:	89 2b       	or	r24, r25
     6e4:	11 f4       	brne	.+4      	; 0x6ea <__LOCK_REGION_LENGTH__+0x2ea>
     6e6:	0c 94 a3 19 	jmp	0x3346	; 0x3346 <__stack+0x1147>
     6ea:	81 e0       	ldi	r24, 0x01	; 1
            {
                //Setzt das Geld der Spieler auf 0
                for (uint8_t i = 1; i <= anzahlSpieler; i = i + 1)
     6ec:	8e 8f       	std	Y+30, r24	; 0x1e
     6ee:	2e c0       	rjmp	.+92     	; 0x74c <__LOCK_REGION_LENGTH__+0x34c>
     6f0:	8e 8d       	ldd	r24, Y+30	; 0x1e
                {
                    spielerInfo[i].geld = 0; //Kontostand auf 0 setzen
     6f2:	28 2f       	mov	r18, r24
     6f4:	30 e0       	ldi	r19, 0x00	; 0
     6f6:	45 e3       	ldi	r20, 0x35	; 53
     6f8:	42 9f       	mul	r20, r18
     6fa:	c0 01       	movw	r24, r0
     6fc:	43 9f       	mul	r20, r19
     6fe:	90 0d       	add	r25, r0
     700:	11 24       	eor	r1, r1
     702:	87 56       	subi	r24, 0x67	; 103
     704:	99 4f       	sbci	r25, 0xF9	; 249
     706:	fc 01       	movw	r30, r24
     708:	11 82       	std	Z+1, r1	; 0x01
     70a:	10 82       	st	Z, r1
     70c:	8e 8d       	ldd	r24, Y+30	; 0x1e
                    spielerInfo[i].position = 0; //Setzt die mitspielenden Spieler auf das Startfeld
     70e:	28 2f       	mov	r18, r24
     710:	30 e0       	ldi	r19, 0x00	; 0
     712:	45 e3       	ldi	r20, 0x35	; 53
     714:	42 9f       	mul	r20, r18
     716:	c0 01       	movw	r24, r0
     718:	43 9f       	mul	r20, r19
     71a:	90 0d       	add	r25, r0
     71c:	11 24       	eor	r1, r1
     71e:	85 56       	subi	r24, 0x65	; 101
     720:	99 4f       	sbci	r25, 0xF9	; 249
     722:	fc 01       	movw	r30, r24
     724:	10 82       	st	Z, r1
     726:	8e 8d       	ldd	r24, Y+30	; 0x1e
                    setPlayerPosition(spielerInfo[i].position,i);
     728:	28 2f       	mov	r18, r24
     72a:	30 e0       	ldi	r19, 0x00	; 0
     72c:	45 e3       	ldi	r20, 0x35	; 53
     72e:	42 9f       	mul	r20, r18
     730:	c0 01       	movw	r24, r0
     732:	43 9f       	mul	r20, r19
     734:	90 0d       	add	r25, r0
     736:	11 24       	eor	r1, r1
     738:	85 56       	subi	r24, 0x65	; 101
     73a:	99 4f       	sbci	r25, 0xF9	; 249
     73c:	fc 01       	movw	r30, r24
     73e:	80 81       	ld	r24, Z
     740:	6e 8d       	ldd	r22, Y+30	; 0x1e
     742:	0e 94 10 1e 	call	0x3c20	; 0x3c20 <setPlayerPosition>
     746:	8e 8d       	ldd	r24, Y+30	; 0x1e
            }
            //anzahl spieler bestätigen
            if (positiveFlanke & TASTE13)
            {
                //Setzt das Geld der Spieler auf 0
                for (uint8_t i = 1; i <= anzahlSpieler; i = i + 1)
     748:	8f 5f       	subi	r24, 0xFF	; 255
     74a:	8e 8f       	std	Y+30, r24	; 0x1e
     74c:	80 91 04 02 	lds	r24, 0x0204	; 0x800204 <anzahlSpieler>
     750:	9e 8d       	ldd	r25, Y+30	; 0x1e
     752:	89 17       	cp	r24, r25
     754:	68 f6       	brcc	.-102    	; 0x6f0 <__LOCK_REGION_LENGTH__+0x2f0>
     756:	80 91 04 02 	lds	r24, 0x0204	; 0x800204 <anzahlSpieler>
                    spielerInfo[i].geld = 0; //Kontostand auf 0 setzen
                    spielerInfo[i].position = 0; //Setzt die mitspielenden Spieler auf das Startfeld
                    setPlayerPosition(spielerInfo[i].position,i);
                }
                //Aktive spieler an Konto LCD anzeigen
                updateKontostand(anzahlSpieler,spielerInfo);
     75a:	67 e6       	ldi	r22, 0x67	; 103
     75c:	76 e0       	ldi	r23, 0x06	; 6
     75e:	0e 94 dc 22 	call	0x45b8	; 0x45b8 <updateKontostand>
                //Ausgabe bestätigte anzahl spieler auf LCD
                writeText(0,0,"      Spieler   ");
     762:	43 e7       	ldi	r20, 0x73	; 115
     764:	52 e0       	ldi	r21, 0x02	; 2
     766:	60 e0       	ldi	r22, 0x00	; 0
     768:	80 e0       	ldi	r24, 0x00	; 0
     76a:	6d dd       	rcall	.-1318   	; 0x246 <writeText>
     76c:	80 91 04 02 	lds	r24, 0x0204	; 0x800204 <anzahlSpieler>
                sprintf(lcdBuffer,"%u",anzahlSpieler);
     770:	88 2f       	mov	r24, r24
     772:	90 e0       	ldi	r25, 0x00	; 0
     774:	29 2f       	mov	r18, r25
     776:	2f 93       	push	r18
     778:	8f 93       	push	r24
     77a:	80 e7       	ldi	r24, 0x70	; 112
     77c:	92 e0       	ldi	r25, 0x02	; 2
     77e:	89 2f       	mov	r24, r25
     780:	8f 93       	push	r24
     782:	80 e7       	ldi	r24, 0x70	; 112
     784:	92 e0       	ldi	r25, 0x02	; 2
     786:	8f 93       	push	r24
     788:	ce 01       	movw	r24, r28
     78a:	83 58       	subi	r24, 0x83	; 131
     78c:	9f 4f       	sbci	r25, 0xFF	; 255
     78e:	29 2f       	mov	r18, r25
     790:	2f 93       	push	r18
     792:	8f 93       	push	r24
     794:	0e 94 41 42 	call	0x8482	; 0x8482 <sprintf>
     798:	0f 90       	pop	r0
     79a:	0f 90       	pop	r0
     79c:	0f 90       	pop	r0
     79e:	0f 90       	pop	r0
     7a0:	0f 90       	pop	r0
     7a2:	0f 90       	pop	r0
                writeText(0,4,lcdBuffer);
     7a4:	ce 01       	movw	r24, r28
     7a6:	83 58       	subi	r24, 0x83	; 131
     7a8:	9f 4f       	sbci	r25, 0xFF	; 255
     7aa:	ac 01       	movw	r20, r24
     7ac:	64 e0       	ldi	r22, 0x04	; 4
     7ae:	80 e0       	ldi	r24, 0x00	; 0
                //Ausgabe, startgeld wird verteilt auf LCD
                writeText(1,0,"   Startgeld    ");
     7b0:	4a dd       	rcall	.-1388   	; 0x246 <writeText>
     7b2:	44 e8       	ldi	r20, 0x84	; 132
     7b4:	52 e0       	ldi	r21, 0x02	; 2
     7b6:	60 e0       	ldi	r22, 0x00	; 0
     7b8:	81 e0       	ldi	r24, 0x01	; 1
     7ba:	45 dd       	rcall	.-1398   	; 0x246 <writeText>
                writeText(2,0," wird verteilt  ");
     7bc:	45 e9       	ldi	r20, 0x95	; 149
     7be:	52 e0       	ldi	r21, 0x02	; 2
     7c0:	60 e0       	ldi	r22, 0x00	; 0
     7c2:	82 e0       	ldi	r24, 0x02	; 2
     7c4:	40 dd       	rcall	.-1408   	; 0x246 <writeText>
     7c6:	80 91 04 02 	lds	r24, 0x0204	; 0x800204 <anzahlSpieler>
                startGeldAnimation(anzahlSpieler); //Startgeld wird ausgeteilt
     7ca:	0e 94 ca 29 	call	0x5394	; 0x5394 <startGeldAnimation>
     7ce:	81 e0       	ldi	r24, 0x01	; 1
                zustand = WUERFELSTART; //wechselt den Zustand
     7d0:	80 93 65 06 	sts	0x0665, r24	; 0x800665 <zustand>
     7d4:	0c 94 a3 19 	jmp	0x3346	; 0x3346 <__stack+0x1147>
            }
        	break;
     7d8:	81 e0       	ldi	r24, 0x01	; 1
            //in diesem Zustand wird bestimmt wer zuerst würfelt
            case WUERFELSTART://~~~~~~~~~~~~~~~~~~~~~~~~~~~~~~~~~~~~~~~~~~~~~~~~~~
            //Geldanzeige aller Spieler auschalten
            for (uint8_t i = 1; i <= anzahlSpieler; i = i + 1)
     7da:	8f 8f       	std	Y+31, r24	; 0x1f
     7dc:	09 c0       	rjmp	.+18     	; 0x7f0 <__LOCK_REGION_LENGTH__+0x3f0>
     7de:	4a e0       	ldi	r20, 0x0A	; 10
            {
                //Schaltet den Output aller Geld Siebensegmente aus
                setGeld(1500,i,SIEBENSEGMENT_OFF);
     7e0:	6f 8d       	ldd	r22, Y+31	; 0x1f
     7e2:	8c ed       	ldi	r24, 0xDC	; 220
     7e4:	95 e0       	ldi	r25, 0x05	; 5
     7e6:	0e 94 8e 20 	call	0x411c	; 0x411c <setGeld>
     7ea:	8f 8d       	ldd	r24, Y+31	; 0x1f
            }
        	break;
            //in diesem Zustand wird bestimmt wer zuerst würfelt
            case WUERFELSTART://~~~~~~~~~~~~~~~~~~~~~~~~~~~~~~~~~~~~~~~~~~~~~~~~~~
            //Geldanzeige aller Spieler auschalten
            for (uint8_t i = 1; i <= anzahlSpieler; i = i + 1)
     7ec:	8f 5f       	subi	r24, 0xFF	; 255
     7ee:	8f 8f       	std	Y+31, r24	; 0x1f
     7f0:	80 91 04 02 	lds	r24, 0x0204	; 0x800204 <anzahlSpieler>
     7f4:	9f 8d       	ldd	r25, Y+31	; 0x1f
     7f6:	89 17       	cp	r24, r25
     7f8:	90 f7       	brcc	.-28     	; 0x7de <__LOCK_REGION_LENGTH__+0x3de>
            {
                //Schaltet den Output aller Geld Siebensegmente aus
                setGeld(1500,i,SIEBENSEGMENT_OFF);
            }
            //lässt jeden spieler würfeln
            for (uint8_t i = 1; i <= anzahlSpieler; i = i + 1)
     7fa:	81 e0       	ldi	r24, 0x01	; 1
     7fc:	88 a3       	std	Y+32, r24	; 0x20
     7fe:	54 c1       	rjmp	.+680    	; 0xaa8 <__LOCK_REGION_LENGTH__+0x6a8>
            {
                //LCD Ausgabe
                writeText(0,0,"   Spieler X    ");
     800:	46 ea       	ldi	r20, 0xA6	; 166
     802:	52 e0       	ldi	r21, 0x02	; 2
     804:	60 e0       	ldi	r22, 0x00	; 0
     806:	80 e0       	ldi	r24, 0x00	; 0
     808:	1e dd       	rcall	.-1476   	; 0x246 <writeText>
     80a:	88 a1       	ldd	r24, Y+32	; 0x20
                sprintf(lcdBuffer,"%u",i);
     80c:	88 2f       	mov	r24, r24
     80e:	90 e0       	ldi	r25, 0x00	; 0
     810:	29 2f       	mov	r18, r25
     812:	2f 93       	push	r18
     814:	8f 93       	push	r24
     816:	80 e7       	ldi	r24, 0x70	; 112
     818:	92 e0       	ldi	r25, 0x02	; 2
     81a:	89 2f       	mov	r24, r25
     81c:	8f 93       	push	r24
     81e:	80 e7       	ldi	r24, 0x70	; 112
     820:	92 e0       	ldi	r25, 0x02	; 2
     822:	8f 93       	push	r24
     824:	ce 01       	movw	r24, r28
     826:	83 58       	subi	r24, 0x83	; 131
     828:	9f 4f       	sbci	r25, 0xFF	; 255
     82a:	29 2f       	mov	r18, r25
     82c:	2f 93       	push	r18
     82e:	8f 93       	push	r24
     830:	0e 94 41 42 	call	0x8482	; 0x8482 <sprintf>
     834:	0f 90       	pop	r0
     836:	0f 90       	pop	r0
     838:	0f 90       	pop	r0
     83a:	0f 90       	pop	r0
     83c:	0f 90       	pop	r0
                writeText(0,11,lcdBuffer);
     83e:	0f 90       	pop	r0
     840:	ce 01       	movw	r24, r28
     842:	83 58       	subi	r24, 0x83	; 131
     844:	9f 4f       	sbci	r25, 0xFF	; 255
     846:	ac 01       	movw	r20, r24
     848:	6b e0       	ldi	r22, 0x0B	; 11
     84a:	80 e0       	ldi	r24, 0x00	; 0
                writeText(1,0,"    w"UE"rfelt    ");
     84c:	fc dc       	rcall	.-1544   	; 0x246 <writeText>
     84e:	47 eb       	ldi	r20, 0xB7	; 183
     850:	52 e0       	ldi	r21, 0x02	; 2
     852:	60 e0       	ldi	r22, 0x00	; 0
     854:	81 e0       	ldi	r24, 0x01	; 1
     856:	f7 dc       	rcall	.-1554   	; 0x246 <writeText>
                writeText(2,0," wuerfeln A / B ");
     858:	47 ec       	ldi	r20, 0xC7	; 199
     85a:	52 e0       	ldi	r21, 0x02	; 2
     85c:	60 e0       	ldi	r22, 0x00	; 0
     85e:	82 e0       	ldi	r24, 0x02	; 2
     860:	f2 dc       	rcall	.-1564   	; 0x246 <writeText>
     862:	66 c0       	rjmp	.+204    	; 0x930 <__LOCK_REGION_LENGTH__+0x530>
                
                //wartet bis mit beiden Würfel gewürfelt wurde
                while (!(flagWuerfel1 && flagWuerfel2)) 
     864:	80 91 72 07 	lds	r24, 0x0772	; 0x800772 <tasteNeu>
                {
                    //flankenerkennung
                    tasteAlt = tasteNeu;
     868:	90 91 73 07 	lds	r25, 0x0773	; 0x800773 <tasteNeu+0x1>
     86c:	90 93 71 07 	sts	0x0771, r25	; 0x800771 <tasteAlt+0x1>
     870:	80 93 70 07 	sts	0x0770, r24	; 0x800770 <tasteAlt>
     874:	10 92 73 07 	sts	0x0773, r1	; 0x800773 <tasteNeu+0x1>
                    tasteNeu = 0;
     878:	10 92 72 07 	sts	0x0772, r1	; 0x800772 <tasteNeu>
     87c:	89 e0       	ldi	r24, 0x09	; 9
                    tasteNeu = (PINL << 8) | PINK;
     87e:	91 e0       	ldi	r25, 0x01	; 1
     880:	fc 01       	movw	r30, r24
     882:	80 81       	ld	r24, Z
     884:	88 2f       	mov	r24, r24
     886:	90 e0       	ldi	r25, 0x00	; 0
     888:	38 2f       	mov	r19, r24
     88a:	22 27       	eor	r18, r18
     88c:	86 e0       	ldi	r24, 0x06	; 6
     88e:	91 e0       	ldi	r25, 0x01	; 1
     890:	fc 01       	movw	r30, r24
     892:	80 81       	ld	r24, Z
     894:	88 2f       	mov	r24, r24
     896:	90 e0       	ldi	r25, 0x00	; 0
     898:	82 2b       	or	r24, r18
     89a:	93 2b       	or	r25, r19
     89c:	90 93 73 07 	sts	0x0773, r25	; 0x800773 <tasteNeu+0x1>
     8a0:	80 93 72 07 	sts	0x0772, r24	; 0x800772 <tasteNeu>
     8a4:	80 91 70 07 	lds	r24, 0x0770	; 0x800770 <tasteAlt>
                    positiveFlanke = (tasteAlt ^ tasteNeu) & tasteNeu;
     8a8:	90 91 71 07 	lds	r25, 0x0771	; 0x800771 <tasteAlt+0x1>
     8ac:	9c 01       	movw	r18, r24
     8ae:	20 95       	com	r18
     8b0:	30 95       	com	r19
     8b2:	80 91 72 07 	lds	r24, 0x0772	; 0x800772 <tasteNeu>
     8b6:	90 91 73 07 	lds	r25, 0x0773	; 0x800773 <tasteNeu+0x1>
     8ba:	82 23       	and	r24, r18
     8bc:	93 23       	and	r25, r19
     8be:	90 93 64 06 	sts	0x0664, r25	; 0x800664 <positiveFlanke+0x1>
     8c2:	80 93 63 06 	sts	0x0663, r24	; 0x800663 <positiveFlanke>
     8c6:	80 91 63 06 	lds	r24, 0x0663	; 0x800663 <positiveFlanke>
                    //würfelt würfel 1 nur wenn taste9 betätigt wurde
                    //und würfel 1 noch nicht gewürfelt wurde
                    if ((positiveFlanke & TASTE9) && !flagWuerfel1)
     8ca:	90 91 64 06 	lds	r25, 0x0664	; 0x800664 <positiveFlanke+0x1>
     8ce:	88 27       	eor	r24, r24
     8d0:	91 70       	andi	r25, 0x01	; 1
     8d2:	89 2b       	or	r24, r25
     8d4:	59 f0       	breq	.+22     	; 0x8ec <__LOCK_REGION_LENGTH__+0x4ec>
     8d6:	88 85       	ldd	r24, Y+8	; 0x08
     8d8:	88 23       	and	r24, r24
     8da:	41 f4       	brne	.+16     	; 0x8ec <__LOCK_REGION_LENGTH__+0x4ec>
     8dc:	49 85       	ldd	r20, Y+9	; 0x09
                    {
                        wuerfelAB(1,flagWuerfel1,flagWuerfel2);
     8de:	68 85       	ldd	r22, Y+8	; 0x08
     8e0:	81 e0       	ldi	r24, 0x01	; 1
     8e2:	0e 94 3d 23 	call	0x467a	; 0x467a <wuerfelAB>
     8e6:	81 e0       	ldi	r24, 0x01	; 1
                        flagWuerfel1 = 1;
     8e8:	88 87       	std	Y+8, r24	; 0x08
     8ea:	12 c0       	rjmp	.+36     	; 0x910 <__LOCK_REGION_LENGTH__+0x510>
     8ec:	80 91 63 06 	lds	r24, 0x0663	; 0x800663 <positiveFlanke>
                    }
                    //würfelt würfel 2 nur wenn taste9 betätigt wurde
                    //und würfel 2 noch nicht gewürfelt wurde
                    else if ((positiveFlanke & TASTE10) && !flagWuerfel2)
     8f0:	90 91 64 06 	lds	r25, 0x0664	; 0x800664 <positiveFlanke+0x1>
     8f4:	88 27       	eor	r24, r24
     8f6:	92 70       	andi	r25, 0x02	; 2
     8f8:	89 2b       	or	r24, r25
     8fa:	51 f0       	breq	.+20     	; 0x910 <__LOCK_REGION_LENGTH__+0x510>
     8fc:	89 85       	ldd	r24, Y+9	; 0x09
     8fe:	88 23       	and	r24, r24
     900:	39 f4       	brne	.+14     	; 0x910 <__LOCK_REGION_LENGTH__+0x510>
     902:	49 85       	ldd	r20, Y+9	; 0x09
                    {
                        wuerfelAB(2,flagWuerfel1,flagWuerfel2);
     904:	68 85       	ldd	r22, Y+8	; 0x08
     906:	82 e0       	ldi	r24, 0x02	; 2
     908:	0e 94 3d 23 	call	0x467a	; 0x467a <wuerfelAB>
     90c:	81 e0       	ldi	r24, 0x01	; 1
                        flagWuerfel2 = 1;
     90e:	89 87       	std	Y+9, r24	; 0x09
     910:	88 85       	ldd	r24, Y+8	; 0x08
                    }
                    //prüfft welche würfel als 2. verwendet wurde
                    if (flagWuerfel1 && !letzterWuerfel)
     912:	88 23       	and	r24, r24
     914:	29 f0       	breq	.+10     	; 0x920 <__LOCK_REGION_LENGTH__+0x520>
     916:	8a 85       	ldd	r24, Y+10	; 0x0a
     918:	88 23       	and	r24, r24
     91a:	11 f4       	brne	.+4      	; 0x920 <__LOCK_REGION_LENGTH__+0x520>
     91c:	82 e0       	ldi	r24, 0x02	; 2
                    {
                        letzterWuerfel = 2; //würfel 2 wird als letztes verwendet
     91e:	8a 87       	std	Y+10, r24	; 0x0a
     920:	89 85       	ldd	r24, Y+9	; 0x09
                    }
                    if (flagWuerfel2 && !letzterWuerfel)
     922:	88 23       	and	r24, r24
     924:	29 f0       	breq	.+10     	; 0x930 <__LOCK_REGION_LENGTH__+0x530>
     926:	8a 85       	ldd	r24, Y+10	; 0x0a
     928:	88 23       	and	r24, r24
     92a:	11 f4       	brne	.+4      	; 0x930 <__LOCK_REGION_LENGTH__+0x530>
     92c:	81 e0       	ldi	r24, 0x01	; 1
                    {
                        letzterWuerfel = 1; //würfel 1 wird als letztes verwendet
     92e:	8a 87       	std	Y+10, r24	; 0x0a
     930:	88 85       	ldd	r24, Y+8	; 0x08
                writeText(0,11,lcdBuffer);
                writeText(1,0,"    w"UE"rfelt    ");
                writeText(2,0," wuerfeln A / B ");
                
                //wartet bis mit beiden Würfel gewürfelt wurde
                while (!(flagWuerfel1 && flagWuerfel2)) 
     932:	88 23       	and	r24, r24
     934:	09 f4       	brne	.+2      	; 0x938 <__LOCK_REGION_LENGTH__+0x538>
     936:	96 cf       	rjmp	.-212    	; 0x864 <__LOCK_REGION_LENGTH__+0x464>
     938:	89 85       	ldd	r24, Y+9	; 0x09
     93a:	88 23       	and	r24, r24
     93c:	09 f4       	brne	.+2      	; 0x940 <__LOCK_REGION_LENGTH__+0x540>
     93e:	92 cf       	rjmp	.-220    	; 0x864 <__LOCK_REGION_LENGTH__+0x464>
     940:	88 a1       	ldd	r24, Y+32	; 0x20
                        letzterWuerfel = 1; //würfel 1 wird als letztes verwendet
                    }
                }
                
                //Setzt das geld des Spielers auf die Summe der Würfel
                spielerInfo[i].geld = wuerfelArray[0] + wuerfelArray[1];
     942:	28 2f       	mov	r18, r24
     944:	30 e0       	ldi	r19, 0x00	; 0
     946:	80 91 5c 06 	lds	r24, 0x065C	; 0x80065c <wuerfelArray>
     94a:	48 2f       	mov	r20, r24
     94c:	50 e0       	ldi	r21, 0x00	; 0
     94e:	80 91 5d 06 	lds	r24, 0x065D	; 0x80065d <wuerfelArray+0x1>
     952:	88 2f       	mov	r24, r24
     954:	90 e0       	ldi	r25, 0x00	; 0
     956:	84 0f       	add	r24, r20
     958:	95 1f       	adc	r25, r21
     95a:	ac 01       	movw	r20, r24
     95c:	65 e3       	ldi	r22, 0x35	; 53
     95e:	62 9f       	mul	r22, r18
     960:	c0 01       	movw	r24, r0
     962:	63 9f       	mul	r22, r19
     964:	90 0d       	add	r25, r0
     966:	11 24       	eor	r1, r1
     968:	87 56       	subi	r24, 0x67	; 103
     96a:	99 4f       	sbci	r25, 0xF9	; 249
     96c:	fc 01       	movw	r30, r24
     96e:	51 83       	std	Z+1, r21	; 0x01
     970:	40 83       	st	Z, r20
     972:	88 a1       	ldd	r24, Y+32	; 0x20
                
                //falls der aktuelle Spieler die gleiche Summe wie Platz 1 hat
                if (spielerInfo[i].geld == spielerInfo[ersterSpieler].geld)
     974:	28 2f       	mov	r18, r24
     976:	30 e0       	ldi	r19, 0x00	; 0
     978:	45 e3       	ldi	r20, 0x35	; 53
     97a:	42 9f       	mul	r20, r18
     97c:	c0 01       	movw	r24, r0
     97e:	43 9f       	mul	r20, r19
     980:	90 0d       	add	r25, r0
     982:	11 24       	eor	r1, r1
     984:	87 56       	subi	r24, 0x67	; 103
     986:	99 4f       	sbci	r25, 0xF9	; 249
     988:	fc 01       	movw	r30, r24
     98a:	20 81       	ld	r18, Z
     98c:	31 81       	ldd	r19, Z+1	; 0x01
     98e:	8d 81       	ldd	r24, Y+5	; 0x05
     990:	48 2f       	mov	r20, r24
     992:	50 e0       	ldi	r21, 0x00	; 0
     994:	65 e3       	ldi	r22, 0x35	; 53
     996:	64 9f       	mul	r22, r20
     998:	c0 01       	movw	r24, r0
     99a:	65 9f       	mul	r22, r21
     99c:	90 0d       	add	r25, r0
     99e:	11 24       	eor	r1, r1
     9a0:	87 56       	subi	r24, 0x67	; 103
     9a2:	99 4f       	sbci	r25, 0xF9	; 249
     9a4:	fc 01       	movw	r30, r24
     9a6:	80 81       	ld	r24, Z
     9a8:	91 81       	ldd	r25, Z+1	; 0x01
     9aa:	28 17       	cp	r18, r24
     9ac:	39 07       	cpc	r19, r25
     9ae:	09 f0       	breq	.+2      	; 0x9b2 <__LOCK_REGION_LENGTH__+0x5b2>
     9b0:	4f c0       	rjmp	.+158    	; 0xa50 <__LOCK_REGION_LENGTH__+0x650>
     9b2:	8a 85       	ldd	r24, Y+10	; 0x0a
                {
                    //Wenn 2. würfelzahl > 1, dann wird die zahl um 1 verkleinert
                    if (wuerfelArray[letzterWuerfel-1] > 1) 
     9b4:	88 2f       	mov	r24, r24
     9b6:	90 e0       	ldi	r25, 0x00	; 0
     9b8:	01 97       	sbiw	r24, 0x01	; 1
     9ba:	84 5a       	subi	r24, 0xA4	; 164
     9bc:	99 4f       	sbci	r25, 0xF9	; 249
     9be:	fc 01       	movw	r30, r24
     9c0:	80 81       	ld	r24, Z
     9c2:	82 30       	cpi	r24, 0x02	; 2
     9c4:	98 f0       	brcs	.+38     	; 0x9ec <__LOCK_REGION_LENGTH__+0x5ec>
     9c6:	8a 85       	ldd	r24, Y+10	; 0x0a
                    {
                        //verkleinert die 2. gewürfelte zahl
                        wuerfelArray[letzterWuerfel-1] = wuerfelArray[letzterWuerfel-1] - 1;
     9c8:	88 2f       	mov	r24, r24
     9ca:	90 e0       	ldi	r25, 0x00	; 0
     9cc:	01 97       	sbiw	r24, 0x01	; 1
     9ce:	2a 85       	ldd	r18, Y+10	; 0x0a
     9d0:	22 2f       	mov	r18, r18
     9d2:	30 e0       	ldi	r19, 0x00	; 0
     9d4:	21 50       	subi	r18, 0x01	; 1
     9d6:	31 09       	sbc	r19, r1
     9d8:	24 5a       	subi	r18, 0xA4	; 164
     9da:	39 4f       	sbci	r19, 0xF9	; 249
     9dc:	f9 01       	movw	r30, r18
     9de:	20 81       	ld	r18, Z
     9e0:	21 50       	subi	r18, 0x01	; 1
     9e2:	84 5a       	subi	r24, 0xA4	; 164
     9e4:	99 4f       	sbci	r25, 0xF9	; 249
     9e6:	fc 01       	movw	r30, r24
     9e8:	20 83       	st	Z, r18
     9ea:	12 c0       	rjmp	.+36     	; 0xa10 <__LOCK_REGION_LENGTH__+0x610>
     9ec:	8a 85       	ldd	r24, Y+10	; 0x0a
                    }
                    else
                    {
                        //ansonsten wird die 2. Zahl um 1 erhöht
                        wuerfelArray[letzterWuerfel-1] = wuerfelArray[letzterWuerfel-1] + 1;
     9ee:	88 2f       	mov	r24, r24
     9f0:	90 e0       	ldi	r25, 0x00	; 0
     9f2:	01 97       	sbiw	r24, 0x01	; 1
     9f4:	2a 85       	ldd	r18, Y+10	; 0x0a
     9f6:	22 2f       	mov	r18, r18
     9f8:	30 e0       	ldi	r19, 0x00	; 0
     9fa:	21 50       	subi	r18, 0x01	; 1
     9fc:	31 09       	sbc	r19, r1
     9fe:	24 5a       	subi	r18, 0xA4	; 164
     a00:	39 4f       	sbci	r19, 0xF9	; 249
     a02:	f9 01       	movw	r30, r18
     a04:	20 81       	ld	r18, Z
     a06:	2f 5f       	subi	r18, 0xFF	; 255
     a08:	84 5a       	subi	r24, 0xA4	; 164
     a0a:	99 4f       	sbci	r25, 0xF9	; 249
     a0c:	fc 01       	movw	r30, r24
     a0e:	20 83       	st	Z, r18
     a10:	88 a1       	ldd	r24, Y+32	; 0x20
                    }
                    //neuer Wert wird gespeichert
                    spielerInfo[i].geld = wuerfelArray[0] + wuerfelArray[1];
     a12:	28 2f       	mov	r18, r24
     a14:	30 e0       	ldi	r19, 0x00	; 0
     a16:	80 91 5c 06 	lds	r24, 0x065C	; 0x80065c <wuerfelArray>
     a1a:	48 2f       	mov	r20, r24
     a1c:	50 e0       	ldi	r21, 0x00	; 0
     a1e:	80 91 5d 06 	lds	r24, 0x065D	; 0x80065d <wuerfelArray+0x1>
     a22:	88 2f       	mov	r24, r24
     a24:	90 e0       	ldi	r25, 0x00	; 0
     a26:	84 0f       	add	r24, r20
     a28:	95 1f       	adc	r25, r21
     a2a:	ac 01       	movw	r20, r24
     a2c:	65 e3       	ldi	r22, 0x35	; 53
     a2e:	62 9f       	mul	r22, r18
     a30:	c0 01       	movw	r24, r0
     a32:	63 9f       	mul	r22, r19
     a34:	90 0d       	add	r25, r0
     a36:	11 24       	eor	r1, r1
     a38:	87 56       	subi	r24, 0x67	; 103
     a3a:	99 4f       	sbci	r25, 0xF9	; 249
     a3c:	fc 01       	movw	r30, r24
     a3e:	51 83       	std	Z+1, r21	; 0x01
     a40:	40 83       	st	Z, r20
     a42:	90 91 5d 06 	lds	r25, 0x065D	; 0x80065d <wuerfelArray+0x1>
                    //neue zahlen werden an die Würfel siebensegmente ausgegeben
                    wuerfelTransmit(wuerfelArray[0],wuerfelArray[1]); 
     a46:	80 91 5c 06 	lds	r24, 0x065C	; 0x80065c <wuerfelArray>
     a4a:	69 2f       	mov	r22, r25
     a4c:	0e 94 ba 25 	call	0x4b74	; 0x4b74 <wuerfelTransmit>
     a50:	88 a1       	ldd	r24, Y+32	; 0x20
                }
                
                //wenn der aktuelle Spieler eine grössere zahl hat als platz 1
                //dann wird deraktuelle spieler zu platz 1
                if (spielerInfo[i].geld > spielerInfo[ersterSpieler].geld)
     a52:	28 2f       	mov	r18, r24
     a54:	30 e0       	ldi	r19, 0x00	; 0
     a56:	45 e3       	ldi	r20, 0x35	; 53
     a58:	42 9f       	mul	r20, r18
     a5a:	c0 01       	movw	r24, r0
     a5c:	43 9f       	mul	r20, r19
     a5e:	90 0d       	add	r25, r0
     a60:	11 24       	eor	r1, r1
     a62:	87 56       	subi	r24, 0x67	; 103
     a64:	99 4f       	sbci	r25, 0xF9	; 249
     a66:	fc 01       	movw	r30, r24
     a68:	20 81       	ld	r18, Z
     a6a:	31 81       	ldd	r19, Z+1	; 0x01
     a6c:	8d 81       	ldd	r24, Y+5	; 0x05
     a6e:	48 2f       	mov	r20, r24
     a70:	50 e0       	ldi	r21, 0x00	; 0
     a72:	65 e3       	ldi	r22, 0x35	; 53
     a74:	64 9f       	mul	r22, r20
     a76:	c0 01       	movw	r24, r0
     a78:	65 9f       	mul	r22, r21
     a7a:	90 0d       	add	r25, r0
     a7c:	11 24       	eor	r1, r1
     a7e:	87 56       	subi	r24, 0x67	; 103
     a80:	99 4f       	sbci	r25, 0xF9	; 249
     a82:	fc 01       	movw	r30, r24
     a84:	80 81       	ld	r24, Z
     a86:	91 81       	ldd	r25, Z+1	; 0x01
     a88:	82 17       	cp	r24, r18
     a8a:	93 07       	cpc	r25, r19
     a8c:	10 f4       	brcc	.+4      	; 0xa92 <__LOCK_REGION_LENGTH__+0x692>
     a8e:	88 a1       	ldd	r24, Y+32	; 0x20
                {
                    ersterSpieler = i;
     a90:	8d 83       	std	Y+5, r24	; 0x05
     a92:	18 86       	std	Y+8, r1	; 0x08
                }
                
                //setzt die flags wieder auf 0
                flagWuerfel1 = 0;
     a94:	19 86       	std	Y+9, r1	; 0x09
                flagWuerfel2 = 0;
     a96:	1a 86       	std	Y+10, r1	; 0x0a
                letzterWuerfel = 0;
     a98:	67 e6       	ldi	r22, 0x67	; 103
                //ausgabe der gewürfelten Summe
                updateKontostand(i,spielerInfo);
     a9a:	76 e0       	ldi	r23, 0x06	; 6
     a9c:	88 a1       	ldd	r24, Y+32	; 0x20
     a9e:	0e 94 dc 22 	call	0x45b8	; 0x45b8 <updateKontostand>
     aa2:	88 a1       	ldd	r24, Y+32	; 0x20
            {
                //Schaltet den Output aller Geld Siebensegmente aus
                setGeld(1500,i,SIEBENSEGMENT_OFF);
            }
            //lässt jeden spieler würfeln
            for (uint8_t i = 1; i <= anzahlSpieler; i = i + 1)
     aa4:	8f 5f       	subi	r24, 0xFF	; 255
     aa6:	88 a3       	std	Y+32, r24	; 0x20
     aa8:	80 91 04 02 	lds	r24, 0x0204	; 0x800204 <anzahlSpieler>
     aac:	98 a1       	ldd	r25, Y+32	; 0x20
     aae:	89 17       	cp	r24, r25
     ab0:	08 f0       	brcs	.+2      	; 0xab4 <__LOCK_REGION_LENGTH__+0x6b4>
     ab2:	a6 ce       	rjmp	.-692    	; 0x800 <__LOCK_REGION_LENGTH__+0x400>
     ab4:	8d 81       	ldd	r24, Y+5	; 0x05
                flagWuerfel2 = 0;
                letzterWuerfel = 0;
                //ausgabe der gewürfelten Summe
                updateKontostand(i,spielerInfo);
            }
            spielerAmZug = ersterSpieler;
     ab6:	89 83       	std	Y+1, r24	; 0x01
     ab8:	9e 01       	movw	r18, r28
     aba:	29 5b       	subi	r18, 0xB9	; 185
     abc:	3f 4f       	sbci	r19, 0xFF	; 255
     abe:	80 e0       	ldi	r24, 0x00	; 0
     ac0:	90 e0       	ldi	r25, 0x00	; 0
     ac2:	aa e7       	ldi	r26, 0x7A	; 122
     ac4:	b4 e4       	ldi	r27, 0x44	; 68
     ac6:	f9 01       	movw	r30, r18
     ac8:	80 83       	st	Z, r24
     aca:	91 83       	std	Z+1, r25	; 0x01
     acc:	a2 83       	std	Z+2, r26	; 0x02
     ace:	b3 83       	std	Z+3, r27	; 0x03
     ad0:	8e 01       	movw	r16, r28

	__builtin_avr_delay_cycles(__ticks_dc);

#else
	uint16_t __ticks;
	__tmp = ((F_CPU) / 4e3) * __ms;
     ad2:	05 5b       	subi	r16, 0xB5	; 181
     ad4:	1f 4f       	sbci	r17, 0xFF	; 255
     ad6:	ce 01       	movw	r24, r28
     ad8:	89 5b       	subi	r24, 0xB9	; 185
     ada:	9f 4f       	sbci	r25, 0xFF	; 255
     adc:	20 e0       	ldi	r18, 0x00	; 0
     ade:	30 e0       	ldi	r19, 0x00	; 0
     ae0:	4a e7       	ldi	r20, 0x7A	; 122
     ae2:	55 e4       	ldi	r21, 0x45	; 69
     ae4:	fc 01       	movw	r30, r24
     ae6:	60 81       	ld	r22, Z
     ae8:	71 81       	ldd	r23, Z+1	; 0x01
     aea:	82 81       	ldd	r24, Z+2	; 0x02
     aec:	93 81       	ldd	r25, Z+3	; 0x03
     aee:	0e 94 3f 41 	call	0x827e	; 0x827e <__mulsf3>
     af2:	dc 01       	movw	r26, r24
     af4:	cb 01       	movw	r24, r22
     af6:	f8 01       	movw	r30, r16
     af8:	80 83       	st	Z, r24
     afa:	91 83       	std	Z+1, r25	; 0x01
     afc:	a2 83       	std	Z+2, r26	; 0x02
     afe:	b3 83       	std	Z+3, r27	; 0x03
     b00:	ce 01       	movw	r24, r28
	if (__tmp < 1.0)
     b02:	85 5b       	subi	r24, 0xB5	; 181
     b04:	9f 4f       	sbci	r25, 0xFF	; 255
     b06:	20 e0       	ldi	r18, 0x00	; 0
     b08:	30 e0       	ldi	r19, 0x00	; 0
     b0a:	40 e8       	ldi	r20, 0x80	; 128
     b0c:	5f e3       	ldi	r21, 0x3F	; 63
     b0e:	fc 01       	movw	r30, r24
     b10:	60 81       	ld	r22, Z
     b12:	71 81       	ldd	r23, Z+1	; 0x01
     b14:	82 81       	ldd	r24, Z+2	; 0x02
     b16:	93 81       	ldd	r25, Z+3	; 0x03
     b18:	0e 94 f1 3f 	call	0x7fe2	; 0x7fe2 <__cmpsf2>
     b1c:	88 23       	and	r24, r24
     b1e:	4c f4       	brge	.+18     	; 0xb32 <__LOCK_REGION_LENGTH__+0x732>
     b20:	ce 01       	movw	r24, r28
		__ticks = 1;
     b22:	81 5b       	subi	r24, 0xB1	; 177
     b24:	9f 4f       	sbci	r25, 0xFF	; 255
     b26:	21 e0       	ldi	r18, 0x01	; 1
     b28:	30 e0       	ldi	r19, 0x00	; 0
     b2a:	fc 01       	movw	r30, r24
     b2c:	31 83       	std	Z+1, r19	; 0x01
     b2e:	20 83       	st	Z, r18
     b30:	6d c0       	rjmp	.+218    	; 0xc0c <__LOCK_REGION_LENGTH__+0x80c>
     b32:	ce 01       	movw	r24, r28
	else if (__tmp > 65535)
     b34:	85 5b       	subi	r24, 0xB5	; 181
     b36:	9f 4f       	sbci	r25, 0xFF	; 255
     b38:	20 e0       	ldi	r18, 0x00	; 0
     b3a:	3f ef       	ldi	r19, 0xFF	; 255
     b3c:	4f e7       	ldi	r20, 0x7F	; 127
     b3e:	57 e4       	ldi	r21, 0x47	; 71
     b40:	fc 01       	movw	r30, r24
     b42:	60 81       	ld	r22, Z
     b44:	71 81       	ldd	r23, Z+1	; 0x01
     b46:	82 81       	ldd	r24, Z+2	; 0x02
     b48:	93 81       	ldd	r25, Z+3	; 0x03
     b4a:	0e 94 3b 41 	call	0x8276	; 0x8276 <__gesf2>
     b4e:	18 16       	cp	r1, r24
     b50:	0c f0       	brlt	.+2      	; 0xb54 <__LOCK_REGION_LENGTH__+0x754>
     b52:	4a c0       	rjmp	.+148    	; 0xbe8 <__LOCK_REGION_LENGTH__+0x7e8>
     b54:	ce 01       	movw	r24, r28
	{
		//	__ticks = requested delay in 1/10 ms
		__ticks = (uint16_t) (__ms * 10.0);
     b56:	89 5b       	subi	r24, 0xB9	; 185
     b58:	9f 4f       	sbci	r25, 0xFF	; 255
     b5a:	20 e0       	ldi	r18, 0x00	; 0
     b5c:	30 e0       	ldi	r19, 0x00	; 0
     b5e:	40 e2       	ldi	r20, 0x20	; 32
     b60:	51 e4       	ldi	r21, 0x41	; 65
     b62:	fc 01       	movw	r30, r24
     b64:	60 81       	ld	r22, Z
     b66:	71 81       	ldd	r23, Z+1	; 0x01
     b68:	82 81       	ldd	r24, Z+2	; 0x02
     b6a:	93 81       	ldd	r25, Z+3	; 0x03
     b6c:	0e 94 3f 41 	call	0x827e	; 0x827e <__mulsf3>
     b70:	dc 01       	movw	r26, r24
     b72:	cb 01       	movw	r24, r22
     b74:	8e 01       	movw	r16, r28
     b76:	01 5b       	subi	r16, 0xB1	; 177
     b78:	1f 4f       	sbci	r17, 0xFF	; 255
     b7a:	bc 01       	movw	r22, r24
     b7c:	cd 01       	movw	r24, r26
     b7e:	0e 94 5d 40 	call	0x80ba	; 0x80ba <__fixunssfsi>
     b82:	dc 01       	movw	r26, r24
     b84:	cb 01       	movw	r24, r22
     b86:	f8 01       	movw	r30, r16
     b88:	91 83       	std	Z+1, r25	; 0x01
     b8a:	80 83       	st	Z, r24
     b8c:	24 c0       	rjmp	.+72     	; 0xbd6 <__LOCK_REGION_LENGTH__+0x7d6>
     b8e:	ce 01       	movw	r24, r28
     b90:	8f 5a       	subi	r24, 0xAF	; 175
     b92:	9f 4f       	sbci	r25, 0xFF	; 255
     b94:	20 e9       	ldi	r18, 0x90	; 144
     b96:	31 e0       	ldi	r19, 0x01	; 1
     b98:	fc 01       	movw	r30, r24
     b9a:	31 83       	std	Z+1, r19	; 0x01
     b9c:	20 83       	st	Z, r18
     b9e:	ce 01       	movw	r24, r28
    milliseconds can be achieved.
 */
void
_delay_loop_2(uint16_t __count)
{
	__asm__ volatile (
     ba0:	8f 5a       	subi	r24, 0xAF	; 175
     ba2:	9f 4f       	sbci	r25, 0xFF	; 255
     ba4:	fc 01       	movw	r30, r24
     ba6:	80 81       	ld	r24, Z
     ba8:	91 81       	ldd	r25, Z+1	; 0x01
     baa:	01 97       	sbiw	r24, 0x01	; 1
     bac:	f1 f7       	brne	.-4      	; 0xbaa <__LOCK_REGION_LENGTH__+0x7aa>
     bae:	9e 01       	movw	r18, r28
     bb0:	2f 5a       	subi	r18, 0xAF	; 175
     bb2:	3f 4f       	sbci	r19, 0xFF	; 255
     bb4:	f9 01       	movw	r30, r18
     bb6:	91 83       	std	Z+1, r25	; 0x01
     bb8:	80 83       	st	Z, r24
     bba:	ce 01       	movw	r24, r28
		while(__ticks)
		{
			// wait 1/10 ms
			_delay_loop_2(((F_CPU) / 4e3) / 10);
			__ticks --;
     bbc:	81 5b       	subi	r24, 0xB1	; 177
     bbe:	9f 4f       	sbci	r25, 0xFF	; 255
     bc0:	9e 01       	movw	r18, r28
     bc2:	21 5b       	subi	r18, 0xB1	; 177
     bc4:	3f 4f       	sbci	r19, 0xFF	; 255
     bc6:	f9 01       	movw	r30, r18
     bc8:	20 81       	ld	r18, Z
     bca:	31 81       	ldd	r19, Z+1	; 0x01
     bcc:	21 50       	subi	r18, 0x01	; 1
     bce:	31 09       	sbc	r19, r1
     bd0:	fc 01       	movw	r30, r24
     bd2:	31 83       	std	Z+1, r19	; 0x01
     bd4:	20 83       	st	Z, r18
     bd6:	ce 01       	movw	r24, r28
		__ticks = 1;
	else if (__tmp > 65535)
	{
		//	__ticks = requested delay in 1/10 ms
		__ticks = (uint16_t) (__ms * 10.0);
		while(__ticks)
     bd8:	81 5b       	subi	r24, 0xB1	; 177
     bda:	9f 4f       	sbci	r25, 0xFF	; 255
     bdc:	fc 01       	movw	r30, r24
     bde:	80 81       	ld	r24, Z
     be0:	91 81       	ldd	r25, Z+1	; 0x01
     be2:	89 2b       	or	r24, r25
     be4:	a1 f6       	brne	.-88     	; 0xb8e <__LOCK_REGION_LENGTH__+0x78e>
     be6:	2c c0       	rjmp	.+88     	; 0xc40 <__LOCK_REGION_LENGTH__+0x840>
     be8:	8e 01       	movw	r16, r28
			__ticks --;
		}
		return;
	}
	else
		__ticks = (uint16_t)__tmp;
     bea:	01 5b       	subi	r16, 0xB1	; 177
     bec:	1f 4f       	sbci	r17, 0xFF	; 255
     bee:	ce 01       	movw	r24, r28
     bf0:	85 5b       	subi	r24, 0xB5	; 181
     bf2:	9f 4f       	sbci	r25, 0xFF	; 255
     bf4:	fc 01       	movw	r30, r24
     bf6:	60 81       	ld	r22, Z
     bf8:	71 81       	ldd	r23, Z+1	; 0x01
     bfa:	82 81       	ldd	r24, Z+2	; 0x02
     bfc:	93 81       	ldd	r25, Z+3	; 0x03
     bfe:	0e 94 5d 40 	call	0x80ba	; 0x80ba <__fixunssfsi>
     c02:	dc 01       	movw	r26, r24
     c04:	cb 01       	movw	r24, r22
     c06:	f8 01       	movw	r30, r16
     c08:	91 83       	std	Z+1, r25	; 0x01
     c0a:	80 83       	st	Z, r24
     c0c:	ce 01       	movw	r24, r28
     c0e:	8d 5a       	subi	r24, 0xAD	; 173
     c10:	9f 4f       	sbci	r25, 0xFF	; 255
     c12:	9e 01       	movw	r18, r28
     c14:	21 5b       	subi	r18, 0xB1	; 177
     c16:	3f 4f       	sbci	r19, 0xFF	; 255
     c18:	f9 01       	movw	r30, r18
     c1a:	20 81       	ld	r18, Z
     c1c:	31 81       	ldd	r19, Z+1	; 0x01
     c1e:	fc 01       	movw	r30, r24
     c20:	31 83       	std	Z+1, r19	; 0x01
     c22:	20 83       	st	Z, r18
     c24:	ce 01       	movw	r24, r28
     c26:	8d 5a       	subi	r24, 0xAD	; 173
     c28:	9f 4f       	sbci	r25, 0xFF	; 255
     c2a:	fc 01       	movw	r30, r24
     c2c:	80 81       	ld	r24, Z
     c2e:	91 81       	ldd	r25, Z+1	; 0x01
     c30:	01 97       	sbiw	r24, 0x01	; 1
     c32:	f1 f7       	brne	.-4      	; 0xc30 <__LOCK_REGION_LENGTH__+0x830>
     c34:	9e 01       	movw	r18, r28
     c36:	2d 5a       	subi	r18, 0xAD	; 173
     c38:	3f 4f       	sbci	r19, 0xFF	; 255
     c3a:	f9 01       	movw	r30, r18
     c3c:	91 83       	std	Z+1, r25	; 0x01
     c3e:	80 83       	st	Z, r24
     c40:	81 e0       	ldi	r24, 0x01	; 1
            _delay_ms(1000);
            for (uint8_t i = 1; i <= anzahlSpieler; i = i + 1)
     c42:	89 a3       	std	Y+33, r24	; 0x21
     c44:	13 c0       	rjmp	.+38     	; 0xc6c <__LOCK_REGION_LENGTH__+0x86c>
     c46:	89 a1       	ldd	r24, Y+33	; 0x21
            {
                spielerInfo[i].geld = 1500;
     c48:	28 2f       	mov	r18, r24
     c4a:	30 e0       	ldi	r19, 0x00	; 0
     c4c:	45 e3       	ldi	r20, 0x35	; 53
     c4e:	42 9f       	mul	r20, r18
     c50:	c0 01       	movw	r24, r0
     c52:	43 9f       	mul	r20, r19
     c54:	90 0d       	add	r25, r0
     c56:	11 24       	eor	r1, r1
     c58:	87 56       	subi	r24, 0x67	; 103
     c5a:	99 4f       	sbci	r25, 0xF9	; 249
     c5c:	2c ed       	ldi	r18, 0xDC	; 220
     c5e:	35 e0       	ldi	r19, 0x05	; 5
     c60:	fc 01       	movw	r30, r24
     c62:	31 83       	std	Z+1, r19	; 0x01
     c64:	20 83       	st	Z, r18
     c66:	89 a1       	ldd	r24, Y+33	; 0x21
                //ausgabe der gewürfelten Summe
                updateKontostand(i,spielerInfo);
            }
            spielerAmZug = ersterSpieler;
            _delay_ms(1000);
            for (uint8_t i = 1; i <= anzahlSpieler; i = i + 1)
     c68:	8f 5f       	subi	r24, 0xFF	; 255
     c6a:	89 a3       	std	Y+33, r24	; 0x21
     c6c:	80 91 04 02 	lds	r24, 0x0204	; 0x800204 <anzahlSpieler>
     c70:	99 a1       	ldd	r25, Y+33	; 0x21
     c72:	89 17       	cp	r24, r25
     c74:	40 f7       	brcc	.-48     	; 0xc46 <__LOCK_REGION_LENGTH__+0x846>
            {
                spielerInfo[i].geld = 1500;
            }
            updateKontostand(anzahlSpieler,spielerInfo);
     c76:	80 91 04 02 	lds	r24, 0x0204	; 0x800204 <anzahlSpieler>
     c7a:	67 e6       	ldi	r22, 0x67	; 103
     c7c:	76 e0       	ldi	r23, 0x06	; 6
     c7e:	0e 94 dc 22 	call	0x45b8	; 0x45b8 <updateKontostand>
            writeText(0,0,"   Spieler      ");
     c82:	48 ed       	ldi	r20, 0xD8	; 216
     c84:	52 e0       	ldi	r21, 0x02	; 2
     c86:	60 e0       	ldi	r22, 0x00	; 0
     c88:	80 e0       	ldi	r24, 0x00	; 0
     c8a:	dd da       	rcall	.-2630   	; 0x246 <writeText>
     c8c:	89 81       	ldd	r24, Y+1	; 0x01
            sprintf(lcdBuffer,"%u",spielerAmZug);
     c8e:	88 2f       	mov	r24, r24
     c90:	90 e0       	ldi	r25, 0x00	; 0
     c92:	29 2f       	mov	r18, r25
     c94:	2f 93       	push	r18
     c96:	8f 93       	push	r24
     c98:	80 e7       	ldi	r24, 0x70	; 112
     c9a:	92 e0       	ldi	r25, 0x02	; 2
     c9c:	89 2f       	mov	r24, r25
     c9e:	8f 93       	push	r24
     ca0:	80 e7       	ldi	r24, 0x70	; 112
     ca2:	92 e0       	ldi	r25, 0x02	; 2
     ca4:	8f 93       	push	r24
     ca6:	ce 01       	movw	r24, r28
     ca8:	83 58       	subi	r24, 0x83	; 131
     caa:	9f 4f       	sbci	r25, 0xFF	; 255
     cac:	29 2f       	mov	r18, r25
     cae:	2f 93       	push	r18
     cb0:	8f 93       	push	r24
     cb2:	0e 94 41 42 	call	0x8482	; 0x8482 <sprintf>
     cb6:	0f 90       	pop	r0
     cb8:	0f 90       	pop	r0
     cba:	0f 90       	pop	r0
     cbc:	0f 90       	pop	r0
     cbe:	0f 90       	pop	r0
            writeText(0,11,lcdBuffer);
     cc0:	0f 90       	pop	r0
     cc2:	ce 01       	movw	r24, r28
     cc4:	83 58       	subi	r24, 0x83	; 131
     cc6:	9f 4f       	sbci	r25, 0xFF	; 255
     cc8:	ac 01       	movw	r20, r24
     cca:	6b e0       	ldi	r22, 0x0B	; 11
     ccc:	80 e0       	ldi	r24, 0x00	; 0
     cce:	bb da       	rcall	.-2698   	; 0x246 <writeText>
            writeText(1,0," w"UE"rfeln A / B ");
     cd0:	49 ee       	ldi	r20, 0xE9	; 233
     cd2:	52 e0       	ldi	r21, 0x02	; 2
     cd4:	60 e0       	ldi	r22, 0x00	; 0
     cd6:	81 e0       	ldi	r24, 0x01	; 1
     cd8:	b6 da       	rcall	.-2708   	; 0x246 <writeText>
            writeText(2,0,"    weiter C    ");
     cda:	49 ef       	ldi	r20, 0xF9	; 249
     cdc:	52 e0       	ldi	r21, 0x02	; 2
     cde:	60 e0       	ldi	r22, 0x00	; 0
     ce0:	82 e0       	ldi	r24, 0x02	; 2
     ce2:	b1 da       	rcall	.-2718   	; 0x246 <writeText>
            
            zustand = SPIEL;
     ce4:	82 e0       	ldi	r24, 0x02	; 2
     ce6:	80 93 65 06 	sts	0x0665, r24	; 0x800665 <zustand>
            break;
     cea:	0c 94 aa 19 	jmp	0x3354	; 0x3354 <__stack+0x1155>
            case SPIEL://~~~~~~~~~~~~~~~~~~~~~~~~~~~~~~~~~~~~~~~~~~~~~~~~~~~~~~~~~
            //nach einer Versteigerung info an lcd anzeigen
            if (flagVersteigert || flagZahlungAbgeschlossen)
     cee:	8c 85       	ldd	r24, Y+12	; 0x0c
     cf0:	88 23       	and	r24, r24
     cf2:	19 f4       	brne	.+6      	; 0xcfa <__LOCK_REGION_LENGTH__+0x8fa>
     cf4:	88 89       	ldd	r24, Y+16	; 0x10
     cf6:	88 23       	and	r24, r24
     cf8:	a1 f1       	breq	.+104    	; 0xd62 <__LOCK_REGION_LENGTH__+0x962>
            {
                clear();//lcd leeren
     cfa:	87 da       	rcall	.-2802   	; 0x20a <clear>
     cfc:	48 ed       	ldi	r20, 0xD8	; 216
                //spieler am zug anzeigen
                writeText(0,0,"   Spieler      "); 
     cfe:	52 e0       	ldi	r21, 0x02	; 2
     d00:	60 e0       	ldi	r22, 0x00	; 0
     d02:	80 e0       	ldi	r24, 0x00	; 0
     d04:	a0 da       	rcall	.-2752   	; 0x246 <writeText>
     d06:	89 81       	ldd	r24, Y+1	; 0x01
     d08:	88 2f       	mov	r24, r24
                sprintf(lcdBuffer,"%u",spielerAmZug);
     d0a:	90 e0       	ldi	r25, 0x00	; 0
     d0c:	29 2f       	mov	r18, r25
     d0e:	2f 93       	push	r18
     d10:	8f 93       	push	r24
     d12:	80 e7       	ldi	r24, 0x70	; 112
     d14:	92 e0       	ldi	r25, 0x02	; 2
     d16:	89 2f       	mov	r24, r25
     d18:	8f 93       	push	r24
     d1a:	80 e7       	ldi	r24, 0x70	; 112
     d1c:	92 e0       	ldi	r25, 0x02	; 2
     d1e:	8f 93       	push	r24
     d20:	ce 01       	movw	r24, r28
     d22:	83 58       	subi	r24, 0x83	; 131
     d24:	9f 4f       	sbci	r25, 0xFF	; 255
     d26:	29 2f       	mov	r18, r25
     d28:	2f 93       	push	r18
     d2a:	8f 93       	push	r24
     d2c:	0e 94 41 42 	call	0x8482	; 0x8482 <sprintf>
     d30:	0f 90       	pop	r0
     d32:	0f 90       	pop	r0
     d34:	0f 90       	pop	r0
     d36:	0f 90       	pop	r0
     d38:	0f 90       	pop	r0
                writeText(0,11,lcdBuffer);
     d3a:	0f 90       	pop	r0
     d3c:	ce 01       	movw	r24, r28
     d3e:	83 58       	subi	r24, 0x83	; 131
     d40:	9f 4f       	sbci	r25, 0xFF	; 255
     d42:	ac 01       	movw	r20, r24
     d44:	6b e0       	ldi	r22, 0x0B	; 11
     d46:	80 e0       	ldi	r24, 0x00	; 0
     d48:	7e da       	rcall	.-2820   	; 0x246 <writeText>
                writeText(1,0," w"UE"rfeln A / B ");
     d4a:	49 ee       	ldi	r20, 0xE9	; 233
     d4c:	52 e0       	ldi	r21, 0x02	; 2
     d4e:	60 e0       	ldi	r22, 0x00	; 0
     d50:	81 e0       	ldi	r24, 0x01	; 1
     d52:	79 da       	rcall	.-2830   	; 0x246 <writeText>
     d54:	49 ef       	ldi	r20, 0xF9	; 249
                writeText(2,0,"    weiter C    ");
     d56:	52 e0       	ldi	r21, 0x02	; 2
     d58:	60 e0       	ldi	r22, 0x00	; 0
     d5a:	82 e0       	ldi	r24, 0x02	; 2
     d5c:	74 da       	rcall	.-2840   	; 0x246 <writeText>
     d5e:	1c 86       	std	Y+12, r1	; 0x0c
     d60:	18 8a       	std	Y+16, r1	; 0x10
                flagVersteigert = 0;
     d62:	80 91 63 06 	lds	r24, 0x0663	; 0x800663 <positiveFlanke>
                flagZahlungAbgeschlossen = 0;
            }
            //Spielzug abschliessen alles zurücksetzen
            if(((positiveFlanke & TASTE_C) && flagFertigGewuerfelt))
     d66:	90 91 64 06 	lds	r25, 0x0664	; 0x800664 <positiveFlanke+0x1>
     d6a:	88 27       	eor	r24, r24
     d6c:	94 70       	andi	r25, 0x04	; 4
     d6e:	89 2b       	or	r24, r25
     d70:	09 f4       	brne	.+2      	; 0xd74 <__LOCK_REGION_LENGTH__+0x974>
     d72:	7d c0       	rjmp	.+250    	; 0xe6e <__LOCK_REGION_LENGTH__+0xa6e>
     d74:	8f 81       	ldd	r24, Y+7	; 0x07
     d76:	88 23       	and	r24, r24
     d78:	09 f4       	brne	.+2      	; 0xd7c <__LOCK_REGION_LENGTH__+0x97c>
     d7a:	79 c0       	rjmp	.+242    	; 0xe6e <__LOCK_REGION_LENGTH__+0xa6e>
     d7c:	6a e0       	ldi	r22, 0x0A	; 10
            {
                //würfel Siebensegmente ausschalten
                wuerfelTransmit(SIEBENSEGMENT_OFF,SIEBENSEGMENT_OFF);
     d7e:	8a e0       	ldi	r24, 0x0A	; 10
     d80:	0e 94 ba 25 	call	0x4b74	; 0x4b74 <wuerfelTransmit>
     d84:	90 91 04 02 	lds	r25, 0x0204	; 0x800204 <anzahlSpieler>
                //nächster spieler
                spielerAmZug = (spielerAmZug % anzahlSpieler) + 1;
     d88:	89 81       	ldd	r24, Y+1	; 0x01
     d8a:	69 2f       	mov	r22, r25
     d8c:	0e 94 a2 41 	call	0x8344	; 0x8344 <__udivmodqi4>
     d90:	89 2f       	mov	r24, r25
     d92:	8f 5f       	subi	r24, 0xFF	; 255
     d94:	89 83       	std	Y+1, r24	; 0x01
     d96:	48 ed       	ldi	r20, 0xD8	; 216
                //spieler am zug anzeigen
                writeText(0,0,"   Spieler      ");
     d98:	52 e0       	ldi	r21, 0x02	; 2
     d9a:	60 e0       	ldi	r22, 0x00	; 0
     d9c:	80 e0       	ldi	r24, 0x00	; 0
     d9e:	53 da       	rcall	.-2906   	; 0x246 <writeText>
     da0:	89 81       	ldd	r24, Y+1	; 0x01
     da2:	88 2f       	mov	r24, r24
                sprintf(lcdBuffer,"%u",spielerAmZug);
     da4:	90 e0       	ldi	r25, 0x00	; 0
     da6:	29 2f       	mov	r18, r25
     da8:	2f 93       	push	r18
     daa:	8f 93       	push	r24
     dac:	80 e7       	ldi	r24, 0x70	; 112
     dae:	92 e0       	ldi	r25, 0x02	; 2
     db0:	89 2f       	mov	r24, r25
     db2:	8f 93       	push	r24
     db4:	80 e7       	ldi	r24, 0x70	; 112
     db6:	92 e0       	ldi	r25, 0x02	; 2
     db8:	8f 93       	push	r24
     dba:	ce 01       	movw	r24, r28
     dbc:	83 58       	subi	r24, 0x83	; 131
     dbe:	9f 4f       	sbci	r25, 0xFF	; 255
     dc0:	29 2f       	mov	r18, r25
     dc2:	2f 93       	push	r18
     dc4:	8f 93       	push	r24
     dc6:	0e 94 41 42 	call	0x8482	; 0x8482 <sprintf>
     dca:	0f 90       	pop	r0
     dcc:	0f 90       	pop	r0
     dce:	0f 90       	pop	r0
     dd0:	0f 90       	pop	r0
     dd2:	0f 90       	pop	r0
                writeText(0,11,lcdBuffer);
     dd4:	0f 90       	pop	r0
     dd6:	ce 01       	movw	r24, r28
     dd8:	83 58       	subi	r24, 0x83	; 131
     dda:	9f 4f       	sbci	r25, 0xFF	; 255
     ddc:	ac 01       	movw	r20, r24
     dde:	6b e0       	ldi	r22, 0x0B	; 11
     de0:	80 e0       	ldi	r24, 0x00	; 0
     de2:	31 da       	rcall	.-2974   	; 0x246 <writeText>
                writeText(1,0," w"UE"rfeln A / B ");
     de4:	49 ee       	ldi	r20, 0xE9	; 233
     de6:	52 e0       	ldi	r21, 0x02	; 2
     de8:	60 e0       	ldi	r22, 0x00	; 0
     dea:	81 e0       	ldi	r24, 0x01	; 1
     dec:	2c da       	rcall	.-2984   	; 0x246 <writeText>
     dee:	49 ef       	ldi	r20, 0xF9	; 249
                writeText(2,0,"    weiter C    ");
     df0:	52 e0       	ldi	r21, 0x02	; 2
     df2:	60 e0       	ldi	r22, 0x00	; 0
     df4:	82 e0       	ldi	r24, 0x02	; 2
     df6:	27 da       	rcall	.-2994   	; 0x246 <writeText>
     df8:	1f 82       	std	Y+7, r1	; 0x07
     dfa:	1b 86       	std	Y+11, r1	; 0x0b
                //flags zurücksetzten
                flagFertigGewuerfelt = 0;
     dfc:	88 e2       	ldi	r24, 0x28	; 40
                flagKaufAbgechlossen = 0;
     dfe:	90 e0       	ldi	r25, 0x00	; 0
                PORTC &= ~0xC0; //Schaltet das Blaulicht aus
     e00:	28 e2       	ldi	r18, 0x28	; 40
     e02:	30 e0       	ldi	r19, 0x00	; 0
     e04:	f9 01       	movw	r30, r18
     e06:	20 81       	ld	r18, Z
     e08:	2f 73       	andi	r18, 0x3F	; 63
     e0a:	fc 01       	movw	r30, r24
     e0c:	20 83       	st	Z, r18
     e0e:	1d 86       	std	Y+13, r1	; 0x0d
     e10:	1f 86       	std	Y+15, r1	; 0x0f
                updateLCD = 0;
     e12:	89 81       	ldd	r24, Y+1	; 0x01
                bezahlStatus = 0;
     e14:	28 2f       	mov	r18, r24
                aktuellesFeld = spielfeld[spielerInfo[spielerAmZug].position].typ;
     e16:	30 e0       	ldi	r19, 0x00	; 0
     e18:	45 e3       	ldi	r20, 0x35	; 53
     e1a:	42 9f       	mul	r20, r18
     e1c:	c0 01       	movw	r24, r0
     e1e:	43 9f       	mul	r20, r19
     e20:	90 0d       	add	r25, r0
     e22:	11 24       	eor	r1, r1
     e24:	85 56       	subi	r24, 0x65	; 101
     e26:	99 4f       	sbci	r25, 0xF9	; 249
     e28:	fc 01       	movw	r30, r24
     e2a:	80 81       	ld	r24, Z
     e2c:	48 2f       	mov	r20, r24
     e2e:	50 e0       	ldi	r21, 0x00	; 0
     e30:	9e 01       	movw	r18, r28
     e32:	28 54       	subi	r18, 0x48	; 72
     e34:	3f 4f       	sbci	r19, 0xFF	; 255
     e36:	60 e5       	ldi	r22, 0x50	; 80
     e38:	64 9f       	mul	r22, r20
     e3a:	c0 01       	movw	r24, r0
     e3c:	65 9f       	mul	r22, r21
     e3e:	90 0d       	add	r25, r0
     e40:	11 24       	eor	r1, r1
     e42:	82 0f       	add	r24, r18
     e44:	93 1f       	adc	r25, r19
     e46:	c2 96       	adiw	r24, 0x32	; 50
     e48:	fc 01       	movw	r30, r24
     e4a:	80 81       	ld	r24, Z
     e4c:	8c 8f       	std	Y+28, r24	; 0x1c
     e4e:	8c 8d       	ldd	r24, Y+28	; 0x1c
     e50:	84 30       	cpi	r24, 0x04	; 4
                if ((aktuellesFeld == GEFAENGNIS) && spielerImGefaengnis[spielerAmZug])
     e52:	69 f4       	brne	.+26     	; 0xe6e <__LOCK_REGION_LENGTH__+0xa6e>
     e54:	89 81       	ldd	r24, Y+1	; 0x01
     e56:	88 2f       	mov	r24, r24
     e58:	90 e0       	ldi	r25, 0x00	; 0
     e5a:	82 5a       	subi	r24, 0xA2	; 162
     e5c:	99 4f       	sbci	r25, 0xF9	; 249
     e5e:	fc 01       	movw	r30, r24
     e60:	80 81       	ld	r24, Z
     e62:	88 23       	and	r24, r24
     e64:	21 f0       	breq	.+8      	; 0xe6e <__LOCK_REGION_LENGTH__+0xa6e>
     e66:	81 e0       	ldi	r24, 0x01	; 1
     e68:	8d 8f       	std	Y+29, r24	; 0x1d
                {
                    flagGefaengnis = 1;
     e6a:	81 e0       	ldi	r24, 0x01	; 1
     e6c:	8f 83       	std	Y+7, r24	; 0x07
                    flagFertigGewuerfelt = 1; //wenn dieses Flag gesetzt ist kann nicht gewürfelt werden
     e6e:	80 91 63 06 	lds	r24, 0x0663	; 0x800663 <positiveFlanke>
                }
            }
            //ermöglicht es dem spieler bei Pasch zu kaufen
            if ((positiveFlanke & TASTE_C) && !flagWeiter)
     e72:	90 91 64 06 	lds	r25, 0x0664	; 0x800664 <positiveFlanke+0x1>
     e76:	88 27       	eor	r24, r24
     e78:	94 70       	andi	r25, 0x04	; 4
     e7a:	89 2b       	or	r24, r25
     e7c:	59 f0       	breq	.+22     	; 0xe94 <__LOCK_REGION_LENGTH__+0xa94>
     e7e:	8b 81       	ldd	r24, Y+3	; 0x03
     e80:	88 23       	and	r24, r24
     e82:	41 f4       	brne	.+16     	; 0xe94 <__LOCK_REGION_LENGTH__+0xa94>
     e84:	6a e0       	ldi	r22, 0x0A	; 10
     e86:	8a e0       	ldi	r24, 0x0A	; 10
            {
                //Würfel Siebensegmente ausschalten
                wuerfelTransmit(SIEBENSEGMENT_OFF,SIEBENSEGMENT_OFF);
     e88:	0e 94 ba 25 	call	0x4b74	; 0x4b74 <wuerfelTransmit>
     e8c:	81 e0       	ldi	r24, 0x01	; 1
     e8e:	8b 83       	std	Y+3, r24	; 0x03
                flagWeiter = 1; //Flag setzen
     e90:	1b 86       	std	Y+11, r1	; 0x0b
     e92:	1f 86       	std	Y+15, r1	; 0x0f
                flagKaufAbgechlossen = 0;
     e94:	8f 81       	ldd	r24, Y+7	; 0x07
                bezahlStatus = 0;
     e96:	88 23       	and	r24, r24
            }//~~~~~~~~~~~~~~~~~~~~~~~~~~~~~~~~~~~~~~~~~~~~~~~~~~~~~~~~~~~~~~~~~~~~~~Würfel~~~~~~~~~~~~~~~~~~~~~~~~~~~~~~~~~~
            //lässt den Spieler einmal würfel
            //Wenn flagWeiter nicht gesetzt ist, kann man nicht würfeln das
            //flag braucht es, da man ansonsten bei einem pasch nichts kaufen kann
            if (!flagFertigGewuerfelt && flagWeiter) 
     e98:	09 f0       	breq	.+2      	; 0xe9c <__LOCK_REGION_LENGTH__+0xa9c>
     e9a:	57 c2       	rjmp	.+1198   	; 0x134a <__EEPROM_REGION_LENGTH__+0x34a>
     e9c:	8b 81       	ldd	r24, Y+3	; 0x03
     e9e:	88 23       	and	r24, r24
     ea0:	09 f4       	brne	.+2      	; 0xea4 <__LOCK_REGION_LENGTH__+0xaa4>
     ea2:	53 c2       	rjmp	.+1190   	; 0x134a <__EEPROM_REGION_LENGTH__+0x34a>
     ea4:	56 c0       	rjmp	.+172    	; 0xf52 <__LOCK_REGION_LENGTH__+0xb52>
     ea6:	80 91 72 07 	lds	r24, 0x0772	; 0x800772 <tasteNeu>
            {
                //wartet bis mit beiden Würfel gewürfelt wurde
                while (!(flagWuerfel1 && flagWuerfel2))
                {
                    //flankenerkennung
                    tasteAlt = tasteNeu;
     eaa:	90 91 73 07 	lds	r25, 0x0773	; 0x800773 <tasteNeu+0x1>
     eae:	90 93 71 07 	sts	0x0771, r25	; 0x800771 <tasteAlt+0x1>
     eb2:	80 93 70 07 	sts	0x0770, r24	; 0x800770 <tasteAlt>
     eb6:	10 92 73 07 	sts	0x0773, r1	; 0x800773 <tasteNeu+0x1>
                    tasteNeu = 0;
     eba:	10 92 72 07 	sts	0x0772, r1	; 0x800772 <tasteNeu>
     ebe:	89 e0       	ldi	r24, 0x09	; 9
     ec0:	91 e0       	ldi	r25, 0x01	; 1
                    tasteNeu = (PINL << 8) | PINK;
     ec2:	fc 01       	movw	r30, r24
     ec4:	80 81       	ld	r24, Z
     ec6:	88 2f       	mov	r24, r24
     ec8:	90 e0       	ldi	r25, 0x00	; 0
     eca:	38 2f       	mov	r19, r24
     ecc:	22 27       	eor	r18, r18
     ece:	86 e0       	ldi	r24, 0x06	; 6
     ed0:	91 e0       	ldi	r25, 0x01	; 1
     ed2:	fc 01       	movw	r30, r24
     ed4:	80 81       	ld	r24, Z
     ed6:	88 2f       	mov	r24, r24
     ed8:	90 e0       	ldi	r25, 0x00	; 0
     eda:	82 2b       	or	r24, r18
     edc:	93 2b       	or	r25, r19
     ede:	90 93 73 07 	sts	0x0773, r25	; 0x800773 <tasteNeu+0x1>
     ee2:	80 93 72 07 	sts	0x0772, r24	; 0x800772 <tasteNeu>
     ee6:	80 91 70 07 	lds	r24, 0x0770	; 0x800770 <tasteAlt>
                    positiveFlanke = (tasteAlt ^ tasteNeu) & tasteNeu;
     eea:	90 91 71 07 	lds	r25, 0x0771	; 0x800771 <tasteAlt+0x1>
     eee:	9c 01       	movw	r18, r24
     ef0:	20 95       	com	r18
     ef2:	30 95       	com	r19
     ef4:	80 91 72 07 	lds	r24, 0x0772	; 0x800772 <tasteNeu>
     ef8:	90 91 73 07 	lds	r25, 0x0773	; 0x800773 <tasteNeu+0x1>
     efc:	82 23       	and	r24, r18
     efe:	93 23       	and	r25, r19
     f00:	90 93 64 06 	sts	0x0664, r25	; 0x800664 <positiveFlanke+0x1>
     f04:	80 93 63 06 	sts	0x0663, r24	; 0x800663 <positiveFlanke>
     f08:	80 91 63 06 	lds	r24, 0x0663	; 0x800663 <positiveFlanke>
                    //würfelt würfel 1 nur wenn taste9 betätigt wurde
                    //und würfel 1 noch nicht gewürfelt wurde
                    if ((positiveFlanke & TASTE_A) && !flagWuerfel1)
     f0c:	90 91 64 06 	lds	r25, 0x0664	; 0x800664 <positiveFlanke+0x1>
     f10:	88 27       	eor	r24, r24
     f12:	91 70       	andi	r25, 0x01	; 1
     f14:	89 2b       	or	r24, r25
     f16:	59 f0       	breq	.+22     	; 0xf2e <__LOCK_REGION_LENGTH__+0xb2e>
     f18:	88 85       	ldd	r24, Y+8	; 0x08
     f1a:	88 23       	and	r24, r24
     f1c:	41 f4       	brne	.+16     	; 0xf2e <__LOCK_REGION_LENGTH__+0xb2e>
     f1e:	49 85       	ldd	r20, Y+9	; 0x09
     f20:	68 85       	ldd	r22, Y+8	; 0x08
                    {
                        //mit 1. würfel würfeln
                        wuerfelAB(1,flagWuerfel1,flagWuerfel2);
     f22:	81 e0       	ldi	r24, 0x01	; 1
     f24:	0e 94 3d 23 	call	0x467a	; 0x467a <wuerfelAB>
     f28:	81 e0       	ldi	r24, 0x01	; 1
     f2a:	88 87       	std	Y+8, r24	; 0x08
                        flagWuerfel1 = 1;
     f2c:	12 c0       	rjmp	.+36     	; 0xf52 <__LOCK_REGION_LENGTH__+0xb52>
     f2e:	80 91 63 06 	lds	r24, 0x0663	; 0x800663 <positiveFlanke>
                    }
                    //würfelt würfel 2 nur wenn taste9 betätigt wurde
                    //und würfel 2 noch nicht gewürfelt wurde
                    else if ((positiveFlanke & TASTE_B) && !flagWuerfel2)
     f32:	90 91 64 06 	lds	r25, 0x0664	; 0x800664 <positiveFlanke+0x1>
     f36:	88 27       	eor	r24, r24
     f38:	92 70       	andi	r25, 0x02	; 2
     f3a:	89 2b       	or	r24, r25
     f3c:	51 f0       	breq	.+20     	; 0xf52 <__LOCK_REGION_LENGTH__+0xb52>
     f3e:	89 85       	ldd	r24, Y+9	; 0x09
     f40:	88 23       	and	r24, r24
     f42:	39 f4       	brne	.+14     	; 0xf52 <__LOCK_REGION_LENGTH__+0xb52>
     f44:	49 85       	ldd	r20, Y+9	; 0x09
     f46:	68 85       	ldd	r22, Y+8	; 0x08
                    {
                        //mit 2. würfel würfeln
                        wuerfelAB(2,flagWuerfel1,flagWuerfel2);
     f48:	82 e0       	ldi	r24, 0x02	; 2
     f4a:	0e 94 3d 23 	call	0x467a	; 0x467a <wuerfelAB>
     f4e:	81 e0       	ldi	r24, 0x01	; 1
     f50:	89 87       	std	Y+9, r24	; 0x09
                        flagWuerfel2 = 1;
     f52:	88 85       	ldd	r24, Y+8	; 0x08
     f54:	88 23       	and	r24, r24
            //Wenn flagWeiter nicht gesetzt ist, kann man nicht würfeln das
            //flag braucht es, da man ansonsten bei einem pasch nichts kaufen kann
            if (!flagFertigGewuerfelt && flagWeiter) 
            {
                //wartet bis mit beiden Würfel gewürfelt wurde
                while (!(flagWuerfel1 && flagWuerfel2))
     f56:	09 f4       	brne	.+2      	; 0xf5a <__LOCK_REGION_LENGTH__+0xb5a>
     f58:	a6 cf       	rjmp	.-180    	; 0xea6 <__LOCK_REGION_LENGTH__+0xaa6>
     f5a:	89 85       	ldd	r24, Y+9	; 0x09
     f5c:	88 23       	and	r24, r24
     f5e:	09 f4       	brne	.+2      	; 0xf62 <__LOCK_REGION_LENGTH__+0xb62>
     f60:	a2 cf       	rjmp	.-188    	; 0xea6 <__LOCK_REGION_LENGTH__+0xaa6>
     f62:	90 91 5c 06 	lds	r25, 0x065C	; 0x80065c <wuerfelArray>
                        wuerfelAB(2,flagWuerfel1,flagWuerfel2);
                        flagWuerfel2 = 1;
                        
                    }
                }
                if (wuerfelArray[0] == wuerfelArray[1]) //Pasch
     f66:	80 91 5d 06 	lds	r24, 0x065D	; 0x80065d <wuerfelArray+0x1>
     f6a:	98 17       	cp	r25, r24
     f6c:	09 f0       	breq	.+2      	; 0xf70 <__LOCK_REGION_LENGTH__+0xb70>
     f6e:	40 c0       	rjmp	.+128    	; 0xff0 <__LOCK_REGION_LENGTH__+0xbf0>
     f70:	1b 82       	std	Y+3, r1	; 0x03
     f72:	8a 81       	ldd	r24, Y+2	; 0x02
                {   
                    flagWeiter = 0; //bei einem Pasch wird flagWeiter = 0 gesetzt
     f74:	8f 5f       	subi	r24, 0xFF	; 255
                    flagPasch = flagPasch + 1; //flagPasch erhöhen
     f76:	8a 83       	std	Y+2, r24	; 0x02
     f78:	18 86       	std	Y+8, r1	; 0x08
     f7a:	19 86       	std	Y+9, r1	; 0x09
                    //beide würfel flags zurücksetzen
                    flagWuerfel1 = 0;
     f7c:	8a 81       	ldd	r24, Y+2	; 0x02
                    flagWuerfel2 = 0;
     f7e:	88 2f       	mov	r24, r24
                    switch (flagPasch) //schaltet LEDs ein bei Pasch
     f80:	90 e0       	ldi	r25, 0x00	; 0
     f82:	82 30       	cpi	r24, 0x02	; 2
     f84:	91 05       	cpc	r25, r1
     f86:	79 f0       	breq	.+30     	; 0xfa6 <__LOCK_REGION_LENGTH__+0xba6>
     f88:	83 30       	cpi	r24, 0x03	; 3
     f8a:	91 05       	cpc	r25, r1
     f8c:	b1 f0       	breq	.+44     	; 0xfba <__LOCK_REGION_LENGTH__+0xbba>
     f8e:	01 97       	sbiw	r24, 0x01	; 1
     f90:	91 f5       	brne	.+100    	; 0xff6 <__LOCK_REGION_LENGTH__+0xbf6>
     f92:	88 e2       	ldi	r24, 0x28	; 40
     f94:	90 e0       	ldi	r25, 0x00	; 0
                    {
                        case 1:
                        PORTC |= 0x40; //eine LED
     f96:	28 e2       	ldi	r18, 0x28	; 40
     f98:	30 e0       	ldi	r19, 0x00	; 0
     f9a:	f9 01       	movw	r30, r18
     f9c:	20 81       	ld	r18, Z
     f9e:	20 64       	ori	r18, 0x40	; 64
     fa0:	fc 01       	movw	r30, r24
     fa2:	20 83       	st	Z, r18
     fa4:	28 c0       	rjmp	.+80     	; 0xff6 <__LOCK_REGION_LENGTH__+0xbf6>
     fa6:	88 e2       	ldi	r24, 0x28	; 40
                    	break;
     fa8:	90 e0       	ldi	r25, 0x00	; 0
                        case 2:
                        PORTC |= 0x80; //zwei LEDs
     faa:	28 e2       	ldi	r18, 0x28	; 40
     fac:	30 e0       	ldi	r19, 0x00	; 0
     fae:	f9 01       	movw	r30, r18
     fb0:	20 81       	ld	r18, Z
     fb2:	20 68       	ori	r18, 0x80	; 128
     fb4:	fc 01       	movw	r30, r24
     fb6:	20 83       	st	Z, r18
     fb8:	1e c0       	rjmp	.+60     	; 0xff6 <__LOCK_REGION_LENGTH__+0xbf6>
     fba:	88 e2       	ldi	r24, 0x28	; 40
                        break;
     fbc:	90 e0       	ldi	r25, 0x00	; 0
                        case 3: //beim 3. Pasch = Gefängnis
                        PORTC &= ~0xC0; //Schaltet beide LEDs aus
     fbe:	28 e2       	ldi	r18, 0x28	; 40
     fc0:	30 e0       	ldi	r19, 0x00	; 0
     fc2:	f9 01       	movw	r30, r18
     fc4:	20 81       	ld	r18, Z
     fc6:	2f 73       	andi	r18, 0x3F	; 63
     fc8:	fc 01       	movw	r30, r24
     fca:	20 83       	st	Z, r18
     fcc:	10 92 5c 06 	sts	0x065C, r1	; 0x80065c <wuerfelArray>
                        //würfelzahlen zurücksetzen
                        wuerfelArray[0] = 0;
     fd0:	10 92 5d 06 	sts	0x065D, r1	; 0x80065d <wuerfelArray+0x1>
                        wuerfelArray[1] = 0;
     fd4:	18 86       	std	Y+8, r1	; 0x08
     fd6:	19 86       	std	Y+9, r1	; 0x09
                        //flags zurücksetzen
                        flagWuerfel1 = 0;
     fd8:	1a 82       	std	Y+2, r1	; 0x02
                        flagWuerfel2 = 0;
     fda:	81 e0       	ldi	r24, 0x01	; 1
                        flagPasch = 0;
     fdc:	8b 83       	std	Y+3, r24	; 0x03
                        flagWeiter = 1;
     fde:	81 e0       	ldi	r24, 0x01	; 1
     fe0:	8f 83       	std	Y+7, r24	; 0x07
                        flagFertigGewuerfelt = 1;
     fe2:	89 81       	ldd	r24, Y+1	; 0x01
     fe4:	0e 94 1c 28 	call	0x5038	; 0x5038 <abInsGefaengnis>
                        //nach 3. pasch landet man im Gefängnis
                        abInsGefaengnis(spielerAmZug); 
     fe8:	84 e0       	ldi	r24, 0x04	; 4
     fea:	8c 8f       	std	Y+28, r24	; 0x1c
                        aktuellesFeld = GEFAENGNIS;
     fec:	00 00       	nop
     fee:	03 c0       	rjmp	.+6      	; 0xff6 <__LOCK_REGION_LENGTH__+0xbf6>
                        break;
     ff0:	81 e0       	ldi	r24, 0x01	; 1
     ff2:	8f 83       	std	Y+7, r24	; 0x07
                    }
                }
                else
                {
                    //flag setzen erlaubt es den spielzug abzuschliessen
                    flagFertigGewuerfelt = 1; 
     ff4:	1a 82       	std	Y+2, r1	; 0x02
     ff6:	89 81       	ldd	r24, Y+1	; 0x01
                    flagPasch = 0; //flagPasch zurücksetzen
     ff8:	28 2f       	mov	r18, r24
                }
                 //wenn die aktuelle spition des Spielers + wüfelsumme grösser gleich 40 is
                 // erhält der spieler 200 CHF
                 if (spielerInfo[spielerAmZug].position + (wuerfelArray[0] + wuerfelArray[1]) >= 40 )
     ffa:	30 e0       	ldi	r19, 0x00	; 0
     ffc:	45 e3       	ldi	r20, 0x35	; 53
     ffe:	42 9f       	mul	r20, r18
    1000:	c0 01       	movw	r24, r0
    1002:	43 9f       	mul	r20, r19
    1004:	90 0d       	add	r25, r0
    1006:	11 24       	eor	r1, r1
    1008:	85 56       	subi	r24, 0x65	; 101
    100a:	99 4f       	sbci	r25, 0xF9	; 249
    100c:	fc 01       	movw	r30, r24
    100e:	80 81       	ld	r24, Z
    1010:	28 2f       	mov	r18, r24
    1012:	30 e0       	ldi	r19, 0x00	; 0
    1014:	80 91 5c 06 	lds	r24, 0x065C	; 0x80065c <wuerfelArray>
    1018:	48 2f       	mov	r20, r24
    101a:	50 e0       	ldi	r21, 0x00	; 0
    101c:	80 91 5d 06 	lds	r24, 0x065D	; 0x80065d <wuerfelArray+0x1>
    1020:	88 2f       	mov	r24, r24
    1022:	90 e0       	ldi	r25, 0x00	; 0
    1024:	84 0f       	add	r24, r20
    1026:	95 1f       	adc	r25, r21
    1028:	82 0f       	add	r24, r18
    102a:	93 1f       	adc	r25, r19
    102c:	88 97       	sbiw	r24, 0x28	; 40
    102e:	2c f1       	brlt	.+74     	; 0x107a <__EEPROM_REGION_LENGTH__+0x7a>
    1030:	89 81       	ldd	r24, Y+1	; 0x01
    1032:	48 2f       	mov	r20, r24
                 {
                     spielerInfo[spielerAmZug].geld += 200; //konntostand wird um 200 erhöht
    1034:	50 e0       	ldi	r21, 0x00	; 0
    1036:	89 81       	ldd	r24, Y+1	; 0x01
    1038:	28 2f       	mov	r18, r24
    103a:	30 e0       	ldi	r19, 0x00	; 0
    103c:	65 e3       	ldi	r22, 0x35	; 53
    103e:	62 9f       	mul	r22, r18
    1040:	c0 01       	movw	r24, r0
    1042:	63 9f       	mul	r22, r19
    1044:	90 0d       	add	r25, r0
    1046:	11 24       	eor	r1, r1
    1048:	87 56       	subi	r24, 0x67	; 103
    104a:	99 4f       	sbci	r25, 0xF9	; 249
    104c:	fc 01       	movw	r30, r24
    104e:	80 81       	ld	r24, Z
    1050:	91 81       	ldd	r25, Z+1	; 0x01
    1052:	9c 01       	movw	r18, r24
    1054:	28 53       	subi	r18, 0x38	; 56
    1056:	3f 4f       	sbci	r19, 0xFF	; 255
    1058:	65 e3       	ldi	r22, 0x35	; 53
    105a:	64 9f       	mul	r22, r20
    105c:	c0 01       	movw	r24, r0
    105e:	65 9f       	mul	r22, r21
    1060:	90 0d       	add	r25, r0
    1062:	11 24       	eor	r1, r1
    1064:	87 56       	subi	r24, 0x67	; 103
    1066:	99 4f       	sbci	r25, 0xF9	; 249
    1068:	fc 01       	movw	r30, r24
    106a:	31 83       	std	Z+1, r19	; 0x01
    106c:	20 83       	st	Z, r18
    106e:	80 91 04 02 	lds	r24, 0x0204	; 0x800204 <anzahlSpieler>
                     updateKontostand(anzahlSpieler,spielerInfo);
    1072:	67 e6       	ldi	r22, 0x67	; 103
    1074:	76 e0       	ldi	r23, 0x06	; 6
    1076:	0e 94 dc 22 	call	0x45b8	; 0x45b8 <updateKontostand>
    107a:	89 81       	ldd	r24, Y+1	; 0x01
    107c:	28 2f       	mov	r18, r24
                 }
                 //animiert die fortbewegung des spielers
                 for (uint8_t i = spielerInfo[spielerAmZug].position; i < (spielerInfo[spielerAmZug].position + (wuerfelArray[0] + wuerfelArray[1])); i = i + 1)
    107e:	30 e0       	ldi	r19, 0x00	; 0
    1080:	45 e3       	ldi	r20, 0x35	; 53
    1082:	42 9f       	mul	r20, r18
    1084:	c0 01       	movw	r24, r0
    1086:	43 9f       	mul	r20, r19
    1088:	90 0d       	add	r25, r0
    108a:	11 24       	eor	r1, r1
    108c:	85 56       	subi	r24, 0x65	; 101
    108e:	99 4f       	sbci	r25, 0xF9	; 249
    1090:	fc 01       	movw	r30, r24
    1092:	80 81       	ld	r24, Z
    1094:	8a a3       	std	Y+34, r24	; 0x22
    1096:	cd c0       	rjmp	.+410    	; 0x1232 <__EEPROM_REGION_LENGTH__+0x232>
    1098:	9a a1       	ldd	r25, Y+34	; 0x22
    109a:	8d ec       	ldi	r24, 0xCD	; 205
                 {
                     setPlayerPosition(i % 40,spielerAmZug);
    109c:	98 9f       	mul	r25, r24
    109e:	81 2d       	mov	r24, r1
    10a0:	11 24       	eor	r1, r1
    10a2:	82 95       	swap	r24
    10a4:	86 95       	lsr	r24
    10a6:	87 70       	andi	r24, 0x07	; 7
    10a8:	28 e2       	ldi	r18, 0x28	; 40
    10aa:	82 9f       	mul	r24, r18
    10ac:	80 2d       	mov	r24, r0
    10ae:	11 24       	eor	r1, r1
    10b0:	f9 2f       	mov	r31, r25
    10b2:	f8 1b       	sub	r31, r24
    10b4:	8f 2f       	mov	r24, r31
    10b6:	69 81       	ldd	r22, Y+1	; 0x01
    10b8:	0e 94 10 1e 	call	0x3c20	; 0x3c20 <setPlayerPosition>
    10bc:	80 e0       	ldi	r24, 0x00	; 0
    10be:	90 e0       	ldi	r25, 0x00	; 0
    10c0:	a8 ec       	ldi	r26, 0xC8	; 200
    10c2:	b2 e4       	ldi	r27, 0x42	; 66
    10c4:	8f ab       	std	Y+55, r24	; 0x37
    10c6:	98 af       	std	Y+56, r25	; 0x38
    10c8:	a9 af       	std	Y+57, r26	; 0x39
    10ca:	ba af       	std	Y+58, r27	; 0x3a
    10cc:	8e 01       	movw	r16, r28
    10ce:	0b 5a       	subi	r16, 0xAB	; 171

	__builtin_avr_delay_cycles(__ticks_dc);

#else
	uint16_t __ticks;
	__tmp = ((F_CPU) / 4e3) * __ms;
    10d0:	1f 4f       	sbci	r17, 0xFF	; 255
    10d2:	20 e0       	ldi	r18, 0x00	; 0
    10d4:	30 e0       	ldi	r19, 0x00	; 0
    10d6:	4a e7       	ldi	r20, 0x7A	; 122
    10d8:	55 e4       	ldi	r21, 0x45	; 69
    10da:	6f a9       	ldd	r22, Y+55	; 0x37
    10dc:	78 ad       	ldd	r23, Y+56	; 0x38
    10de:	89 ad       	ldd	r24, Y+57	; 0x39
    10e0:	9a ad       	ldd	r25, Y+58	; 0x3a
    10e2:	0e 94 3f 41 	call	0x827e	; 0x827e <__mulsf3>
    10e6:	dc 01       	movw	r26, r24
    10e8:	cb 01       	movw	r24, r22
    10ea:	f8 01       	movw	r30, r16
    10ec:	80 83       	st	Z, r24
    10ee:	91 83       	std	Z+1, r25	; 0x01
    10f0:	a2 83       	std	Z+2, r26	; 0x02
    10f2:	b3 83       	std	Z+3, r27	; 0x03
    10f4:	ce 01       	movw	r24, r28
    10f6:	8b 5a       	subi	r24, 0xAB	; 171
	if (__tmp < 1.0)
    10f8:	9f 4f       	sbci	r25, 0xFF	; 255
    10fa:	20 e0       	ldi	r18, 0x00	; 0
    10fc:	30 e0       	ldi	r19, 0x00	; 0
    10fe:	40 e8       	ldi	r20, 0x80	; 128
    1100:	5f e3       	ldi	r21, 0x3F	; 63
    1102:	fc 01       	movw	r30, r24
    1104:	60 81       	ld	r22, Z
    1106:	71 81       	ldd	r23, Z+1	; 0x01
    1108:	82 81       	ldd	r24, Z+2	; 0x02
    110a:	93 81       	ldd	r25, Z+3	; 0x03
    110c:	0e 94 f1 3f 	call	0x7fe2	; 0x7fe2 <__cmpsf2>
    1110:	88 23       	and	r24, r24
    1112:	4c f4       	brge	.+18     	; 0x1126 <__EEPROM_REGION_LENGTH__+0x126>
    1114:	ce 01       	movw	r24, r28
    1116:	87 5a       	subi	r24, 0xA7	; 167
		__ticks = 1;
    1118:	9f 4f       	sbci	r25, 0xFF	; 255
    111a:	21 e0       	ldi	r18, 0x01	; 1
    111c:	30 e0       	ldi	r19, 0x00	; 0
    111e:	fc 01       	movw	r30, r24
    1120:	31 83       	std	Z+1, r19	; 0x01
    1122:	20 83       	st	Z, r18
    1124:	69 c0       	rjmp	.+210    	; 0x11f8 <__EEPROM_REGION_LENGTH__+0x1f8>
    1126:	ce 01       	movw	r24, r28
    1128:	8b 5a       	subi	r24, 0xAB	; 171
	else if (__tmp > 65535)
    112a:	9f 4f       	sbci	r25, 0xFF	; 255
    112c:	20 e0       	ldi	r18, 0x00	; 0
    112e:	3f ef       	ldi	r19, 0xFF	; 255
    1130:	4f e7       	ldi	r20, 0x7F	; 127
    1132:	57 e4       	ldi	r21, 0x47	; 71
    1134:	fc 01       	movw	r30, r24
    1136:	60 81       	ld	r22, Z
    1138:	71 81       	ldd	r23, Z+1	; 0x01
    113a:	82 81       	ldd	r24, Z+2	; 0x02
    113c:	93 81       	ldd	r25, Z+3	; 0x03
    113e:	0e 94 3b 41 	call	0x8276	; 0x8276 <__gesf2>
    1142:	18 16       	cp	r1, r24
    1144:	0c f0       	brlt	.+2      	; 0x1148 <__EEPROM_REGION_LENGTH__+0x148>
    1146:	46 c0       	rjmp	.+140    	; 0x11d4 <__EEPROM_REGION_LENGTH__+0x1d4>
    1148:	20 e0       	ldi	r18, 0x00	; 0
    114a:	30 e0       	ldi	r19, 0x00	; 0
	{
		//	__ticks = requested delay in 1/10 ms
		__ticks = (uint16_t) (__ms * 10.0);
    114c:	40 e2       	ldi	r20, 0x20	; 32
    114e:	51 e4       	ldi	r21, 0x41	; 65
    1150:	6f a9       	ldd	r22, Y+55	; 0x37
    1152:	78 ad       	ldd	r23, Y+56	; 0x38
    1154:	89 ad       	ldd	r24, Y+57	; 0x39
    1156:	9a ad       	ldd	r25, Y+58	; 0x3a
    1158:	0e 94 3f 41 	call	0x827e	; 0x827e <__mulsf3>
    115c:	dc 01       	movw	r26, r24
    115e:	cb 01       	movw	r24, r22
    1160:	8e 01       	movw	r16, r28
    1162:	07 5a       	subi	r16, 0xA7	; 167
    1164:	1f 4f       	sbci	r17, 0xFF	; 255
    1166:	bc 01       	movw	r22, r24
    1168:	cd 01       	movw	r24, r26
    116a:	0e 94 5d 40 	call	0x80ba	; 0x80ba <__fixunssfsi>
    116e:	dc 01       	movw	r26, r24
    1170:	cb 01       	movw	r24, r22
    1172:	f8 01       	movw	r30, r16
    1174:	91 83       	std	Z+1, r25	; 0x01
    1176:	80 83       	st	Z, r24
    1178:	24 c0       	rjmp	.+72     	; 0x11c2 <__EEPROM_REGION_LENGTH__+0x1c2>
    117a:	ce 01       	movw	r24, r28
    117c:	85 5a       	subi	r24, 0xA5	; 165
    117e:	9f 4f       	sbci	r25, 0xFF	; 255
    1180:	20 e9       	ldi	r18, 0x90	; 144
    1182:	31 e0       	ldi	r19, 0x01	; 1
    1184:	fc 01       	movw	r30, r24
    1186:	31 83       	std	Z+1, r19	; 0x01
    1188:	20 83       	st	Z, r18
    118a:	ce 01       	movw	r24, r28
    118c:	85 5a       	subi	r24, 0xA5	; 165
    118e:	9f 4f       	sbci	r25, 0xFF	; 255
    1190:	fc 01       	movw	r30, r24
    1192:	80 81       	ld	r24, Z
    1194:	91 81       	ldd	r25, Z+1	; 0x01
    1196:	01 97       	sbiw	r24, 0x01	; 1
    1198:	f1 f7       	brne	.-4      	; 0x1196 <__EEPROM_REGION_LENGTH__+0x196>
    119a:	9e 01       	movw	r18, r28
    119c:	25 5a       	subi	r18, 0xA5	; 165
    119e:	3f 4f       	sbci	r19, 0xFF	; 255
    11a0:	f9 01       	movw	r30, r18
    11a2:	91 83       	std	Z+1, r25	; 0x01
    11a4:	80 83       	st	Z, r24
    11a6:	ce 01       	movw	r24, r28
    11a8:	87 5a       	subi	r24, 0xA7	; 167
		while(__ticks)
		{
			// wait 1/10 ms
			_delay_loop_2(((F_CPU) / 4e3) / 10);
			__ticks --;
    11aa:	9f 4f       	sbci	r25, 0xFF	; 255
    11ac:	9e 01       	movw	r18, r28
    11ae:	27 5a       	subi	r18, 0xA7	; 167
    11b0:	3f 4f       	sbci	r19, 0xFF	; 255
    11b2:	f9 01       	movw	r30, r18
    11b4:	20 81       	ld	r18, Z
    11b6:	31 81       	ldd	r19, Z+1	; 0x01
    11b8:	21 50       	subi	r18, 0x01	; 1
    11ba:	31 09       	sbc	r19, r1
    11bc:	fc 01       	movw	r30, r24
    11be:	31 83       	std	Z+1, r19	; 0x01
    11c0:	20 83       	st	Z, r18
    11c2:	ce 01       	movw	r24, r28
    11c4:	87 5a       	subi	r24, 0xA7	; 167
		__ticks = 1;
	else if (__tmp > 65535)
	{
		//	__ticks = requested delay in 1/10 ms
		__ticks = (uint16_t) (__ms * 10.0);
		while(__ticks)
    11c6:	9f 4f       	sbci	r25, 0xFF	; 255
    11c8:	fc 01       	movw	r30, r24
    11ca:	80 81       	ld	r24, Z
    11cc:	91 81       	ldd	r25, Z+1	; 0x01
    11ce:	89 2b       	or	r24, r25
    11d0:	a1 f6       	brne	.-88     	; 0x117a <__EEPROM_REGION_LENGTH__+0x17a>
    11d2:	2c c0       	rjmp	.+88     	; 0x122c <__EEPROM_REGION_LENGTH__+0x22c>
    11d4:	8e 01       	movw	r16, r28
    11d6:	07 5a       	subi	r16, 0xA7	; 167
			__ticks --;
		}
		return;
	}
	else
		__ticks = (uint16_t)__tmp;
    11d8:	1f 4f       	sbci	r17, 0xFF	; 255
    11da:	ce 01       	movw	r24, r28
    11dc:	8b 5a       	subi	r24, 0xAB	; 171
    11de:	9f 4f       	sbci	r25, 0xFF	; 255
    11e0:	fc 01       	movw	r30, r24
    11e2:	60 81       	ld	r22, Z
    11e4:	71 81       	ldd	r23, Z+1	; 0x01
    11e6:	82 81       	ldd	r24, Z+2	; 0x02
    11e8:	93 81       	ldd	r25, Z+3	; 0x03
    11ea:	0e 94 5d 40 	call	0x80ba	; 0x80ba <__fixunssfsi>
    11ee:	dc 01       	movw	r26, r24
    11f0:	cb 01       	movw	r24, r22
    11f2:	f8 01       	movw	r30, r16
    11f4:	91 83       	std	Z+1, r25	; 0x01
    11f6:	80 83       	st	Z, r24
    11f8:	ce 01       	movw	r24, r28
    11fa:	83 5a       	subi	r24, 0xA3	; 163
    11fc:	9f 4f       	sbci	r25, 0xFF	; 255
    11fe:	9e 01       	movw	r18, r28
    1200:	27 5a       	subi	r18, 0xA7	; 167
    1202:	3f 4f       	sbci	r19, 0xFF	; 255
    1204:	f9 01       	movw	r30, r18
    1206:	20 81       	ld	r18, Z
    1208:	31 81       	ldd	r19, Z+1	; 0x01
    120a:	fc 01       	movw	r30, r24
    120c:	31 83       	std	Z+1, r19	; 0x01
    120e:	20 83       	st	Z, r18
    1210:	ce 01       	movw	r24, r28
    1212:	83 5a       	subi	r24, 0xA3	; 163
    1214:	9f 4f       	sbci	r25, 0xFF	; 255
    1216:	fc 01       	movw	r30, r24
    1218:	80 81       	ld	r24, Z
    121a:	91 81       	ldd	r25, Z+1	; 0x01
    121c:	01 97       	sbiw	r24, 0x01	; 1
    121e:	f1 f7       	brne	.-4      	; 0x121c <__EEPROM_REGION_LENGTH__+0x21c>
    1220:	9e 01       	movw	r18, r28
    1222:	23 5a       	subi	r18, 0xA3	; 163
    1224:	3f 4f       	sbci	r19, 0xFF	; 255
    1226:	f9 01       	movw	r30, r18
    1228:	91 83       	std	Z+1, r25	; 0x01
    122a:	80 83       	st	Z, r24
    122c:	8a a1       	ldd	r24, Y+34	; 0x22
    122e:	8f 5f       	subi	r24, 0xFF	; 255
                 {
                     spielerInfo[spielerAmZug].geld += 200; //konntostand wird um 200 erhöht
                     updateKontostand(anzahlSpieler,spielerInfo);
                 }
                 //animiert die fortbewegung des spielers
                 for (uint8_t i = spielerInfo[spielerAmZug].position; i < (spielerInfo[spielerAmZug].position + (wuerfelArray[0] + wuerfelArray[1])); i = i + 1)
    1230:	8a a3       	std	Y+34, r24	; 0x22
    1232:	8a a1       	ldd	r24, Y+34	; 0x22
    1234:	28 2f       	mov	r18, r24
    1236:	30 e0       	ldi	r19, 0x00	; 0
    1238:	89 81       	ldd	r24, Y+1	; 0x01
    123a:	48 2f       	mov	r20, r24
    123c:	50 e0       	ldi	r21, 0x00	; 0
    123e:	65 e3       	ldi	r22, 0x35	; 53
    1240:	64 9f       	mul	r22, r20
    1242:	c0 01       	movw	r24, r0
    1244:	65 9f       	mul	r22, r21
    1246:	90 0d       	add	r25, r0
    1248:	11 24       	eor	r1, r1
    124a:	85 56       	subi	r24, 0x65	; 101
    124c:	99 4f       	sbci	r25, 0xF9	; 249
    124e:	fc 01       	movw	r30, r24
    1250:	80 81       	ld	r24, Z
    1252:	48 2f       	mov	r20, r24
    1254:	50 e0       	ldi	r21, 0x00	; 0
    1256:	80 91 5c 06 	lds	r24, 0x065C	; 0x80065c <wuerfelArray>
    125a:	68 2f       	mov	r22, r24
    125c:	70 e0       	ldi	r23, 0x00	; 0
    125e:	80 91 5d 06 	lds	r24, 0x065D	; 0x80065d <wuerfelArray+0x1>
    1262:	88 2f       	mov	r24, r24
    1264:	90 e0       	ldi	r25, 0x00	; 0
    1266:	86 0f       	add	r24, r22
    1268:	97 1f       	adc	r25, r23
    126a:	84 0f       	add	r24, r20
    126c:	95 1f       	adc	r25, r21
    126e:	28 17       	cp	r18, r24
    1270:	39 07       	cpc	r19, r25
    1272:	0c f4       	brge	.+2      	; 0x1276 <__EEPROM_REGION_LENGTH__+0x276>
    1274:	11 cf       	rjmp	.-478    	; 0x1098 <__EEPROM_REGION_LENGTH__+0x98>
    1276:	89 81       	ldd	r24, Y+1	; 0x01
    1278:	28 2f       	mov	r18, r24
                 {
                     setPlayerPosition(i % 40,spielerAmZug);
                     _delay_ms(100); //delay dient zu animationszwecken
                 }
                 //addiert die würfelsumme zur aktuellen position dazu
                 spielerInfo[spielerAmZug].position = (spielerInfo[spielerAmZug].position + (wuerfelArray[0] + wuerfelArray[1])) % 40;
    127a:	30 e0       	ldi	r19, 0x00	; 0
    127c:	89 81       	ldd	r24, Y+1	; 0x01
    127e:	48 2f       	mov	r20, r24
    1280:	50 e0       	ldi	r21, 0x00	; 0
    1282:	65 e3       	ldi	r22, 0x35	; 53
    1284:	64 9f       	mul	r22, r20
    1286:	c0 01       	movw	r24, r0
    1288:	65 9f       	mul	r22, r21
    128a:	90 0d       	add	r25, r0
    128c:	11 24       	eor	r1, r1
    128e:	85 56       	subi	r24, 0x65	; 101
    1290:	99 4f       	sbci	r25, 0xF9	; 249
    1292:	fc 01       	movw	r30, r24
    1294:	80 81       	ld	r24, Z
    1296:	48 2f       	mov	r20, r24
    1298:	50 e0       	ldi	r21, 0x00	; 0
    129a:	80 91 5c 06 	lds	r24, 0x065C	; 0x80065c <wuerfelArray>
    129e:	68 2f       	mov	r22, r24
    12a0:	70 e0       	ldi	r23, 0x00	; 0
    12a2:	80 91 5d 06 	lds	r24, 0x065D	; 0x80065d <wuerfelArray+0x1>
    12a6:	88 2f       	mov	r24, r24
    12a8:	90 e0       	ldi	r25, 0x00	; 0
    12aa:	86 0f       	add	r24, r22
    12ac:	97 1f       	adc	r25, r23
    12ae:	84 0f       	add	r24, r20
    12b0:	95 1f       	adc	r25, r21
    12b2:	48 e2       	ldi	r20, 0x28	; 40
    12b4:	50 e0       	ldi	r21, 0x00	; 0
    12b6:	ba 01       	movw	r22, r20
    12b8:	0e 94 ae 41 	call	0x835c	; 0x835c <__divmodhi4>
    12bc:	58 2f       	mov	r21, r24
    12be:	45 e3       	ldi	r20, 0x35	; 53
    12c0:	42 9f       	mul	r20, r18
    12c2:	c0 01       	movw	r24, r0
    12c4:	43 9f       	mul	r20, r19
    12c6:	90 0d       	add	r25, r0
    12c8:	11 24       	eor	r1, r1
    12ca:	85 56       	subi	r24, 0x65	; 101
    12cc:	99 4f       	sbci	r25, 0xF9	; 249
    12ce:	fc 01       	movw	r30, r24
    12d0:	50 83       	st	Z, r21
    12d2:	89 81       	ldd	r24, Y+1	; 0x01
    12d4:	28 2f       	mov	r18, r24
                 //setzt den spieler auf das richtige Feld
                 setPlayerPosition(spielerInfo[spielerAmZug].position,spielerAmZug);
    12d6:	30 e0       	ldi	r19, 0x00	; 0
    12d8:	45 e3       	ldi	r20, 0x35	; 53
    12da:	42 9f       	mul	r20, r18
    12dc:	c0 01       	movw	r24, r0
    12de:	43 9f       	mul	r20, r19
    12e0:	90 0d       	add	r25, r0
    12e2:	11 24       	eor	r1, r1
    12e4:	85 56       	subi	r24, 0x65	; 101
    12e6:	99 4f       	sbci	r25, 0xF9	; 249
    12e8:	fc 01       	movw	r30, r24
    12ea:	80 81       	ld	r24, Z
    12ec:	69 81       	ldd	r22, Y+1	; 0x01
    12ee:	0e 94 10 1e 	call	0x3c20	; 0x3c20 <setPlayerPosition>
    12f2:	89 81       	ldd	r24, Y+1	; 0x01
    12f4:	28 2f       	mov	r18, r24
                 //speichert den aktuellen Feld typ
                 aktuellesFeld = spielfeld[spielerInfo[spielerAmZug].position].typ;
    12f6:	30 e0       	ldi	r19, 0x00	; 0
    12f8:	45 e3       	ldi	r20, 0x35	; 53
    12fa:	42 9f       	mul	r20, r18
    12fc:	c0 01       	movw	r24, r0
    12fe:	43 9f       	mul	r20, r19
    1300:	90 0d       	add	r25, r0
    1302:	11 24       	eor	r1, r1
    1304:	85 56       	subi	r24, 0x65	; 101
    1306:	99 4f       	sbci	r25, 0xF9	; 249
    1308:	fc 01       	movw	r30, r24
    130a:	80 81       	ld	r24, Z
    130c:	48 2f       	mov	r20, r24
    130e:	50 e0       	ldi	r21, 0x00	; 0
    1310:	9e 01       	movw	r18, r28
    1312:	28 54       	subi	r18, 0x48	; 72
    1314:	3f 4f       	sbci	r19, 0xFF	; 255
    1316:	60 e5       	ldi	r22, 0x50	; 80
    1318:	64 9f       	mul	r22, r20
    131a:	c0 01       	movw	r24, r0
    131c:	65 9f       	mul	r22, r21
    131e:	90 0d       	add	r25, r0
    1320:	11 24       	eor	r1, r1
    1322:	82 0f       	add	r24, r18
    1324:	93 1f       	adc	r25, r19
    1326:	c2 96       	adiw	r24, 0x32	; 50
    1328:	fc 01       	movw	r30, r24
    132a:	80 81       	ld	r24, Z
    132c:	8c 8f       	std	Y+28, r24	; 0x1c
    132e:	89 81       	ldd	r24, Y+1	; 0x01
    1330:	28 2f       	mov	r18, r24
                 //speichert die aktuelle position
                 aktuellePosition = spielerInfo[spielerAmZug].position;
    1332:	30 e0       	ldi	r19, 0x00	; 0
    1334:	45 e3       	ldi	r20, 0x35	; 53
    1336:	42 9f       	mul	r20, r18
    1338:	c0 01       	movw	r24, r0
    133a:	43 9f       	mul	r20, r19
    133c:	90 0d       	add	r25, r0
    133e:	11 24       	eor	r1, r1
    1340:	85 56       	subi	r24, 0x65	; 101
    1342:	99 4f       	sbci	r25, 0xF9	; 249
    1344:	fc 01       	movw	r30, r24
    1346:	80 81       	ld	r24, Z
    1348:	8c 83       	std	Y+4, r24	; 0x04
    134a:	18 86       	std	Y+8, r1	; 0x08
    134c:	19 86       	std	Y+9, r1	; 0x09
            }
            //Kann möglicherweise in nach oben verschiben werden ~~~~~~~~~~~~~~~~~~~~~~~~~~~~~~~~~~~~~~~~~~~~~~~~~~~~~~~~~~~~~~~~~~~~~~~~~~~~~~~~~~~~~~~!!!!!!!
            flagWuerfel1 = 0;
    134e:	80 91 04 02 	lds	r24, 0x0204	; 0x800204 <anzahlSpieler>
            flagWuerfel2 = 0;
            
            //kontostand aktualisieren
            updateKontostand(anzahlSpieler,spielerInfo);
    1352:	67 e6       	ldi	r22, 0x67	; 103
    1354:	76 e0       	ldi	r23, 0x06	; 6
    1356:	0e 94 dc 22 	call	0x45b8	; 0x45b8 <updateKontostand>
    135a:	8c 8d       	ldd	r24, Y+28	; 0x1c
    135c:	88 2f       	mov	r24, r24
            //Spieler hat fertig gewürfelt ~~~~~~~~~~~~~~~~~~~~~~~~~~~~~~~~~~~~~~~~~~~~~~~~~~~~~~~~~~~~~~~~~~~~~~~~~~~~~~~~~~~~~~~~~~~~~~~~~~
            
            
            switch (aktuellesFeld) //verarbeitung aktuelles feld ~~~~~~~~~~~~~~~~~
    135e:	90 e0       	ldi	r25, 0x00	; 0
    1360:	09 2e       	mov	r0, r25
    1362:	00 0c       	add	r0, r0
    1364:	aa 0b       	sbc	r26, r26
    1366:	bb 0b       	sbc	r27, r27
    1368:	40 e0       	ldi	r20, 0x00	; 0
    136a:	50 e0       	ldi	r21, 0x00	; 0
    136c:	27 e0       	ldi	r18, 0x07	; 7
    136e:	30 e0       	ldi	r19, 0x00	; 0
    1370:	84 1b       	sub	r24, r20
    1372:	95 0b       	sbc	r25, r21
    1374:	28 17       	cp	r18, r24
    1376:	39 07       	cpc	r19, r25
    1378:	10 f4       	brcc	.+4      	; 0x137e <__EEPROM_REGION_LENGTH__+0x37e>
    137a:	0c 94 a6 19 	jmp	0x334c	; 0x334c <__stack+0x114d>
    137e:	fc 01       	movw	r30, r24
    1380:	88 27       	eor	r24, r24
    1382:	ee 58       	subi	r30, 0x8E	; 142
    1384:	ff 4f       	sbci	r31, 0xFF	; 255
    1386:	8f 4f       	sbci	r24, 0xFF	; 255
    1388:	0c 94 c1 41 	jmp	0x8382	; 0x8382 <__tablejump2__>
    138c:	8b 85       	ldd	r24, Y+11	; 0x0b
    138e:	88 23       	and	r24, r24
            {
                case EREIGNISFELD://~~~~~~~~~~~~~~~~~~~~~~~~~~~~~~~~~~~~~~~~~~~~~~
                break;
                case STRASSE://~~~~~~~~~~~~~~~~~~~~~~~~~~~~~~~~~~~~~~~~~~~~~~~~~~~
                //Feld kann gekauft werden wenn es niemandem gehört und man in dieser runde noch nichts gekauft hat
                if (!flagKaufAbgechlossen && (spielfeld[aktuellePosition].besitzer == 0))
    1390:	89 f5       	brne	.+98     	; 0x13f4 <__EEPROM_REGION_LENGTH__+0x3f4>
    1392:	8c 81       	ldd	r24, Y+4	; 0x04
    1394:	48 2f       	mov	r20, r24
    1396:	50 e0       	ldi	r21, 0x00	; 0
    1398:	9e 01       	movw	r18, r28
    139a:	28 54       	subi	r18, 0x48	; 72
    139c:	3f 4f       	sbci	r19, 0xFF	; 255
    139e:	60 e5       	ldi	r22, 0x50	; 80
    13a0:	64 9f       	mul	r22, r20
    13a2:	c0 01       	movw	r24, r0
    13a4:	65 9f       	mul	r22, r21
    13a6:	90 0d       	add	r25, r0
    13a8:	11 24       	eor	r1, r1
    13aa:	82 0f       	add	r24, r18
    13ac:	93 1f       	adc	r25, r19
    13ae:	8d 5b       	subi	r24, 0xBD	; 189
    13b0:	9f 4f       	sbci	r25, 0xFF	; 255
    13b2:	fc 01       	movw	r30, r24
    13b4:	80 81       	ld	r24, Z
    13b6:	88 23       	and	r24, r24
    13b8:	e9 f4       	brne	.+58     	; 0x13f4 <__EEPROM_REGION_LENGTH__+0x3f4>
    13ba:	ce 01       	movw	r24, r28
    13bc:	88 54       	subi	r24, 0x48	; 72
                {
                    verkaufSpielerEingabe = feldKaufen(aktuellePosition,spielfeld,spielerAmZug);
    13be:	9f 4f       	sbci	r25, 0xFF	; 255
    13c0:	49 81       	ldd	r20, Y+1	; 0x01
    13c2:	bc 01       	movw	r22, r24
    13c4:	8c 81       	ldd	r24, Y+4	; 0x04
    13c6:	0e 94 ac 19 	call	0x3358	; 0x3358 <feldKaufen>
    13ca:	8f a7       	std	Y+47, r24	; 0x2f
    13cc:	8f a5       	ldd	r24, Y+47	; 0x2f
    13ce:	88 2f       	mov	r24, r24
                    switch (verkaufSpielerEingabe)
    13d0:	90 e0       	ldi	r25, 0x00	; 0
    13d2:	81 30       	cpi	r24, 0x01	; 1
    13d4:	91 05       	cpc	r25, r1
    13d6:	19 f0       	breq	.+6      	; 0x13de <__EEPROM_REGION_LENGTH__+0x3de>
    13d8:	02 97       	sbiw	r24, 0x02	; 2
    13da:	21 f0       	breq	.+8      	; 0x13e4 <__EEPROM_REGION_LENGTH__+0x3e4>
    13dc:	0b c0       	rjmp	.+22     	; 0x13f4 <__EEPROM_REGION_LENGTH__+0x3f4>
    13de:	81 e0       	ldi	r24, 0x01	; 1
                    {
                        case 0://es wurde noch keine Eingabe getätigt
                    	break;
    13e0:	8b 87       	std	Y+11, r24	; 0x0b
                        case 1://Der Spieler hat das Feld gekauft
                        flagKaufAbgechlossen = 1;
    13e2:	08 c0       	rjmp	.+16     	; 0x13f4 <__EEPROM_REGION_LENGTH__+0x3f4>
    13e4:	81 e0       	ldi	r24, 0x01	; 1
                        break;
    13e6:	8b 87       	std	Y+11, r24	; 0x0b
                        case 2://Das Feld wurde nicht gekauft
                        flagKaufAbgechlossen = 1;
    13e8:	81 e0       	ldi	r24, 0x01	; 1
    13ea:	8f 87       	std	Y+15, r24	; 0x0f
                        //bezahlstatus auf 1 setzen, ansonsten müsste spieler auf feld nach auktion miete bezahlen
                        bezahlStatus = 1;
    13ec:	83 e0       	ldi	r24, 0x03	; 3
    13ee:	80 93 65 06 	sts	0x0665, r24	; 0x800665 <zustand>
                        zustand = VERSTEIGERUNG;
    13f2:	00 00       	nop
    13f4:	8c 81       	ldd	r24, Y+4	; 0x04
                        break;
    13f6:	48 2f       	mov	r20, r24
                    }
                }
                 //wenn das Aktuelle feld einem spieler gehört muss man bezahlen, ausser es gehört einem selbst
                if((spielfeld[aktuellePosition].besitzer && !(spielfeld[aktuellePosition].besitzer == spielerAmZug)) && !(bezahlStatus == 1))
    13f8:	50 e0       	ldi	r21, 0x00	; 0
    13fa:	9e 01       	movw	r18, r28
    13fc:	28 54       	subi	r18, 0x48	; 72
    13fe:	3f 4f       	sbci	r19, 0xFF	; 255
    1400:	60 e5       	ldi	r22, 0x50	; 80
    1402:	64 9f       	mul	r22, r20
    1404:	c0 01       	movw	r24, r0
    1406:	65 9f       	mul	r22, r21
    1408:	90 0d       	add	r25, r0
    140a:	11 24       	eor	r1, r1
    140c:	82 0f       	add	r24, r18
    140e:	93 1f       	adc	r25, r19
    1410:	8d 5b       	subi	r24, 0xBD	; 189
    1412:	9f 4f       	sbci	r25, 0xFF	; 255
    1414:	fc 01       	movw	r30, r24
    1416:	80 81       	ld	r24, Z
    1418:	88 23       	and	r24, r24
    141a:	09 f4       	brne	.+2      	; 0x141e <__EEPROM_REGION_LENGTH__+0x41e>
    141c:	42 c4       	rjmp	.+2180   	; 0x1ca2 <__EEPROM_REGION_LENGTH__+0xca2>
    141e:	8c 81       	ldd	r24, Y+4	; 0x04
    1420:	48 2f       	mov	r20, r24
    1422:	50 e0       	ldi	r21, 0x00	; 0
    1424:	9e 01       	movw	r18, r28
    1426:	28 54       	subi	r18, 0x48	; 72
    1428:	3f 4f       	sbci	r19, 0xFF	; 255
    142a:	60 e5       	ldi	r22, 0x50	; 80
    142c:	64 9f       	mul	r22, r20
    142e:	c0 01       	movw	r24, r0
    1430:	65 9f       	mul	r22, r21
    1432:	90 0d       	add	r25, r0
    1434:	11 24       	eor	r1, r1
    1436:	82 0f       	add	r24, r18
    1438:	93 1f       	adc	r25, r19
    143a:	8d 5b       	subi	r24, 0xBD	; 189
    143c:	9f 4f       	sbci	r25, 0xFF	; 255
    143e:	fc 01       	movw	r30, r24
    1440:	90 81       	ld	r25, Z
    1442:	89 81       	ldd	r24, Y+1	; 0x01
    1444:	98 17       	cp	r25, r24
    1446:	09 f4       	brne	.+2      	; 0x144a <__EEPROM_REGION_LENGTH__+0x44a>
    1448:	2c c4       	rjmp	.+2136   	; 0x1ca2 <__EEPROM_REGION_LENGTH__+0xca2>
    144a:	8f 85       	ldd	r24, Y+15	; 0x0f
    144c:	81 30       	cpi	r24, 0x01	; 1
    144e:	09 f4       	brne	.+2      	; 0x1452 <__EEPROM_REGION_LENGTH__+0x452>
    1450:	28 c4       	rjmp	.+2128   	; 0x1ca2 <__EEPROM_REGION_LENGTH__+0xca2>
    1452:	18 8a       	std	Y+16, r1	; 0x10
    1454:	8d 85       	ldd	r24, Y+13	; 0x0d
                {
                    flagZahlungAbgeschlossen = 0;
    1456:	88 23       	and	r24, r24
                    if (!updateLCD)
    1458:	09 f0       	breq	.+2      	; 0x145c <__EEPROM_REGION_LENGTH__+0x45c>
    145a:	b8 c0       	rjmp	.+368    	; 0x15cc <__EEPROM_REGION_LENGTH__+0x5cc>
    145c:	8c 81       	ldd	r24, Y+4	; 0x04
    145e:	48 2f       	mov	r20, r24
                    {
                        //besitzer des feldes aus array auslesen
                        feldBesitzer = spielfeld[aktuellePosition].besitzer;
    1460:	50 e0       	ldi	r21, 0x00	; 0
    1462:	9e 01       	movw	r18, r28
    1464:	28 54       	subi	r18, 0x48	; 72
    1466:	3f 4f       	sbci	r19, 0xFF	; 255
    1468:	60 e5       	ldi	r22, 0x50	; 80
    146a:	64 9f       	mul	r22, r20
    146c:	c0 01       	movw	r24, r0
    146e:	65 9f       	mul	r22, r21
    1470:	90 0d       	add	r25, r0
    1472:	11 24       	eor	r1, r1
    1474:	82 0f       	add	r24, r18
    1476:	93 1f       	adc	r25, r19
    1478:	8d 5b       	subi	r24, 0xBD	; 189
    147a:	9f 4f       	sbci	r25, 0xFF	; 255
    147c:	fc 01       	movw	r30, r24
    147e:	80 81       	ld	r24, Z
    1480:	8e 87       	std	Y+14, r24	; 0x0e
    1482:	8c 81       	ldd	r24, Y+4	; 0x04
    1484:	68 2f       	mov	r22, r24
                        //miete anhand von anzahl häuser aus array auslesen
                        zahlBetrag = spielfeld[aktuellePosition].mieten[spielfeld[aktuellePosition].anzahlHaeuser];
    1486:	70 e0       	ldi	r23, 0x00	; 0
    1488:	8c 81       	ldd	r24, Y+4	; 0x04
    148a:	48 2f       	mov	r20, r24
    148c:	50 e0       	ldi	r21, 0x00	; 0
    148e:	9e 01       	movw	r18, r28
    1490:	28 54       	subi	r18, 0x48	; 72
    1492:	3f 4f       	sbci	r19, 0xFF	; 255
    1494:	e0 e5       	ldi	r30, 0x50	; 80
    1496:	e4 9f       	mul	r30, r20
    1498:	c0 01       	movw	r24, r0
    149a:	e5 9f       	mul	r30, r21
    149c:	90 0d       	add	r25, r0
    149e:	11 24       	eor	r1, r1
    14a0:	82 0f       	add	r24, r18
    14a2:	93 1f       	adc	r25, r19
    14a4:	86 5b       	subi	r24, 0xB6	; 182
    14a6:	9f 4f       	sbci	r25, 0xFF	; 255
    14a8:	fc 01       	movw	r30, r24
    14aa:	80 81       	ld	r24, Z
    14ac:	88 2f       	mov	r24, r24
    14ae:	90 e0       	ldi	r25, 0x00	; 0
    14b0:	9e 01       	movw	r18, r28
    14b2:	28 54       	subi	r18, 0x48	; 72
    14b4:	3f 4f       	sbci	r19, 0xFF	; 255
    14b6:	e8 e2       	ldi	r30, 0x28	; 40
    14b8:	e6 9f       	mul	r30, r22
    14ba:	a0 01       	movw	r20, r0
    14bc:	e7 9f       	mul	r30, r23
    14be:	50 0d       	add	r21, r0
    14c0:	11 24       	eor	r1, r1
    14c2:	84 0f       	add	r24, r20
    14c4:	95 1f       	adc	r25, r21
    14c6:	88 0f       	add	r24, r24
    14c8:	99 1f       	adc	r25, r25
    14ca:	82 0f       	add	r24, r18
    14cc:	93 1f       	adc	r25, r19
    14ce:	c5 96       	adiw	r24, 0x35	; 53
    14d0:	fc 01       	movw	r30, r24
    14d2:	80 81       	ld	r24, Z
    14d4:	91 81       	ldd	r25, Z+1	; 0x01
    14d6:	98 8f       	std	Y+24, r25	; 0x18
    14d8:	8f 8b       	std	Y+23, r24	; 0x17
    14da:	48 ed       	ldi	r20, 0xD8	; 216
    14dc:	52 e0       	ldi	r21, 0x02	; 2
                        writeText(0,0,"   Spieler      ");
    14de:	60 e0       	ldi	r22, 0x00	; 0
    14e0:	80 e0       	ldi	r24, 0x00	; 0
    14e2:	0e 94 23 01 	call	0x246	; 0x246 <writeText>
    14e6:	89 81       	ldd	r24, Y+1	; 0x01
    14e8:	88 2f       	mov	r24, r24
                        sprintf(lcdBuffer,"%u",spielerAmZug);
    14ea:	90 e0       	ldi	r25, 0x00	; 0
    14ec:	29 2f       	mov	r18, r25
    14ee:	2f 93       	push	r18
    14f0:	8f 93       	push	r24
    14f2:	80 e7       	ldi	r24, 0x70	; 112
    14f4:	92 e0       	ldi	r25, 0x02	; 2
    14f6:	89 2f       	mov	r24, r25
    14f8:	8f 93       	push	r24
    14fa:	80 e7       	ldi	r24, 0x70	; 112
    14fc:	92 e0       	ldi	r25, 0x02	; 2
    14fe:	8f 93       	push	r24
    1500:	ce 01       	movw	r24, r28
    1502:	83 58       	subi	r24, 0x83	; 131
    1504:	9f 4f       	sbci	r25, 0xFF	; 255
    1506:	29 2f       	mov	r18, r25
    1508:	2f 93       	push	r18
    150a:	8f 93       	push	r24
    150c:	0e 94 41 42 	call	0x8482	; 0x8482 <sprintf>
    1510:	0f 90       	pop	r0
    1512:	0f 90       	pop	r0
    1514:	0f 90       	pop	r0
    1516:	0f 90       	pop	r0
    1518:	0f 90       	pop	r0
    151a:	0f 90       	pop	r0
    151c:	ce 01       	movw	r24, r28
    151e:	83 58       	subi	r24, 0x83	; 131
                        writeText(0,11,lcdBuffer);
    1520:	9f 4f       	sbci	r25, 0xFF	; 255
    1522:	ac 01       	movw	r20, r24
    1524:	6b e0       	ldi	r22, 0x0B	; 11
    1526:	80 e0       	ldi	r24, 0x00	; 0
    1528:	0e 94 23 01 	call	0x246	; 0x246 <writeText>
    152c:	4a e0       	ldi	r20, 0x0A	; 10
    152e:	53 e0       	ldi	r21, 0x03	; 3
                        writeText(1,0,"  bezahle       ");
    1530:	60 e0       	ldi	r22, 0x00	; 0
    1532:	81 e0       	ldi	r24, 0x01	; 1
    1534:	0e 94 23 01 	call	0x246	; 0x246 <writeText>
    1538:	88 8d       	ldd	r24, Y+24	; 0x18
    153a:	8f 93       	push	r24
                        sprintf(lcdBuffer,"%u",zahlBetrag);
    153c:	8f 89       	ldd	r24, Y+23	; 0x17
    153e:	8f 93       	push	r24
    1540:	80 e7       	ldi	r24, 0x70	; 112
    1542:	92 e0       	ldi	r25, 0x02	; 2
    1544:	89 2f       	mov	r24, r25
    1546:	8f 93       	push	r24
    1548:	80 e7       	ldi	r24, 0x70	; 112
    154a:	92 e0       	ldi	r25, 0x02	; 2
    154c:	8f 93       	push	r24
    154e:	ce 01       	movw	r24, r28
    1550:	83 58       	subi	r24, 0x83	; 131
    1552:	9f 4f       	sbci	r25, 0xFF	; 255
    1554:	29 2f       	mov	r18, r25
    1556:	2f 93       	push	r18
    1558:	8f 93       	push	r24
    155a:	0e 94 41 42 	call	0x8482	; 0x8482 <sprintf>
    155e:	0f 90       	pop	r0
    1560:	0f 90       	pop	r0
    1562:	0f 90       	pop	r0
    1564:	0f 90       	pop	r0
    1566:	0f 90       	pop	r0
    1568:	0f 90       	pop	r0
    156a:	ce 01       	movw	r24, r28
    156c:	83 58       	subi	r24, 0x83	; 131
                        writeText(1,10,lcdBuffer);
    156e:	9f 4f       	sbci	r25, 0xFF	; 255
    1570:	ac 01       	movw	r20, r24
    1572:	6a e0       	ldi	r22, 0x0A	; 10
    1574:	81 e0       	ldi	r24, 0x01	; 1
    1576:	0e 94 23 01 	call	0x246	; 0x246 <writeText>
    157a:	4b e1       	ldi	r20, 0x1B	; 27
    157c:	53 e0       	ldi	r21, 0x03	; 3
                        writeText(2,0,"an Spieler   =>X");
    157e:	60 e0       	ldi	r22, 0x00	; 0
    1580:	82 e0       	ldi	r24, 0x02	; 2
    1582:	0e 94 23 01 	call	0x246	; 0x246 <writeText>
    1586:	8e 85       	ldd	r24, Y+14	; 0x0e
    1588:	88 2f       	mov	r24, r24
                        sprintf(lcdBuffer,"%u",feldBesitzer);
    158a:	90 e0       	ldi	r25, 0x00	; 0
    158c:	29 2f       	mov	r18, r25
    158e:	2f 93       	push	r18
    1590:	8f 93       	push	r24
    1592:	80 e7       	ldi	r24, 0x70	; 112
    1594:	92 e0       	ldi	r25, 0x02	; 2
    1596:	89 2f       	mov	r24, r25
    1598:	8f 93       	push	r24
    159a:	80 e7       	ldi	r24, 0x70	; 112
    159c:	92 e0       	ldi	r25, 0x02	; 2
    159e:	8f 93       	push	r24
    15a0:	ce 01       	movw	r24, r28
    15a2:	83 58       	subi	r24, 0x83	; 131
    15a4:	9f 4f       	sbci	r25, 0xFF	; 255
    15a6:	29 2f       	mov	r18, r25
    15a8:	2f 93       	push	r18
    15aa:	8f 93       	push	r24
    15ac:	0e 94 41 42 	call	0x8482	; 0x8482 <sprintf>
    15b0:	0f 90       	pop	r0
    15b2:	0f 90       	pop	r0
    15b4:	0f 90       	pop	r0
    15b6:	0f 90       	pop	r0
    15b8:	0f 90       	pop	r0
    15ba:	0f 90       	pop	r0
    15bc:	ce 01       	movw	r24, r28
    15be:	83 58       	subi	r24, 0x83	; 131
                        writeText(2,11,lcdBuffer);
    15c0:	9f 4f       	sbci	r25, 0xFF	; 255
    15c2:	ac 01       	movw	r20, r24
    15c4:	6b e0       	ldi	r22, 0x0B	; 11
    15c6:	82 e0       	ldi	r24, 0x02	; 2
    15c8:	0e 94 23 01 	call	0x246	; 0x246 <writeText>
    15cc:	89 81       	ldd	r24, Y+1	; 0x01
    15ce:	88 2f       	mov	r24, r24
                    }
                    
                    //spieler am zug muss Taste X drücken um zu bezahlen
                    if (positiveFlanke & xTasten[spielerAmZug - 1])
    15d0:	90 e0       	ldi	r25, 0x00	; 0
    15d2:	01 97       	sbiw	r24, 0x01	; 1
    15d4:	9e 01       	movw	r18, r28
    15d6:	23 57       	subi	r18, 0x73	; 115
    15d8:	3f 4f       	sbci	r19, 0xFF	; 255
    15da:	82 0f       	add	r24, r18
    15dc:	93 1f       	adc	r25, r19
    15de:	fc 01       	movw	r30, r24
    15e0:	80 81       	ld	r24, Z
    15e2:	28 2f       	mov	r18, r24
    15e4:	30 e0       	ldi	r19, 0x00	; 0
    15e6:	80 91 63 06 	lds	r24, 0x0663	; 0x800663 <positiveFlanke>
    15ea:	90 91 64 06 	lds	r25, 0x0664	; 0x800664 <positiveFlanke+0x1>
    15ee:	82 23       	and	r24, r18
    15f0:	93 23       	and	r25, r19
    15f2:	89 2b       	or	r24, r25
    15f4:	09 f4       	brne	.+2      	; 0x15f8 <__EEPROM_REGION_LENGTH__+0x5f8>
    15f6:	55 c3       	rjmp	.+1706   	; 0x1ca2 <__EEPROM_REGION_LENGTH__+0xca2>
    15f8:	8f 89       	ldd	r24, Y+23	; 0x17
    15fa:	98 8d       	ldd	r25, Y+24	; 0x18
                    {
                        bezahlStatus = geldUeberweisen(spielerAmZug,feldBesitzer,zahlBetrag,1);
    15fc:	21 e0       	ldi	r18, 0x01	; 1
    15fe:	ac 01       	movw	r20, r24
    1600:	6e 85       	ldd	r22, Y+14	; 0x0e
    1602:	89 81       	ldd	r24, Y+1	; 0x01
    1604:	0e 94 1c 3e 	call	0x7c38	; 0x7c38 <geldUeberweisen>
    1608:	8f 87       	std	Y+15, r24	; 0x0f
    160a:	8f 85       	ldd	r24, Y+15	; 0x0f
    160c:	81 30       	cpi	r24, 0x01	; 1
                        if (bezahlStatus == 1)
    160e:	09 f0       	breq	.+2      	; 0x1612 <__EEPROM_REGION_LENGTH__+0x612>
    1610:	48 c3       	rjmp	.+1680   	; 0x1ca2 <__EEPROM_REGION_LENGTH__+0xca2>
    1612:	1d 86       	std	Y+13, r1	; 0x0d
    1614:	81 e0       	ldi	r24, 0x01	; 1
                        {
                            updateLCD = 0;
    1616:	88 8b       	std	Y+16, r24	; 0x10
                            flagZahlungAbgeschlossen = 1;
    1618:	44 c3       	rjmp	.+1672   	; 0x1ca2 <__EEPROM_REGION_LENGTH__+0xca2>
    161a:	8f 85       	ldd	r24, Y+15	; 0x0f
                        }
                    }
                }
                break;
    161c:	81 30       	cpi	r24, 0x01	; 1
                case STEUERFELD://~~~~~~~~~~~~~~~~~~~~~~~~~~~~~~~~~~~~~~~~~~~~~~~~
                if(!(bezahlStatus == 1))
    161e:	09 f4       	brne	.+2      	; 0x1622 <__EEPROM_REGION_LENGTH__+0x622>
    1620:	43 c3       	rjmp	.+1670   	; 0x1ca8 <__EEPROM_REGION_LENGTH__+0xca8>
    1622:	18 8a       	std	Y+16, r1	; 0x10
    1624:	8d 85       	ldd	r24, Y+13	; 0x0d
                {
                    flagZahlungAbgeschlossen = 0;
    1626:	88 23       	and	r24, r24
                    if (!updateLCD)
    1628:	09 f0       	breq	.+2      	; 0x162c <__EEPROM_REGION_LENGTH__+0x62c>
    162a:	6a c0       	rjmp	.+212    	; 0x1700 <__EEPROM_REGION_LENGTH__+0x700>
    162c:	8c 81       	ldd	r24, Y+4	; 0x04
    162e:	48 2f       	mov	r20, r24
                    {
                        //miete aus array auslesen
                        zahlBetrag = spielfeld[aktuellePosition].preis;
    1630:	50 e0       	ldi	r21, 0x00	; 0
    1632:	9e 01       	movw	r18, r28
    1634:	28 54       	subi	r18, 0x48	; 72
    1636:	3f 4f       	sbci	r19, 0xFF	; 255
    1638:	60 e5       	ldi	r22, 0x50	; 80
    163a:	64 9f       	mul	r22, r20
    163c:	c0 01       	movw	r24, r0
    163e:	65 9f       	mul	r22, r21
    1640:	90 0d       	add	r25, r0
    1642:	11 24       	eor	r1, r1
    1644:	82 0f       	add	r24, r18
    1646:	93 1f       	adc	r25, r19
    1648:	c3 96       	adiw	r24, 0x33	; 51
    164a:	fc 01       	movw	r30, r24
    164c:	80 81       	ld	r24, Z
    164e:	91 81       	ldd	r25, Z+1	; 0x01
    1650:	98 8f       	std	Y+24, r25	; 0x18
    1652:	8f 8b       	std	Y+23, r24	; 0x17
    1654:	48 ed       	ldi	r20, 0xD8	; 216
    1656:	52 e0       	ldi	r21, 0x02	; 2
                        writeText(0,0,"   Spieler      ");
    1658:	60 e0       	ldi	r22, 0x00	; 0
    165a:	80 e0       	ldi	r24, 0x00	; 0
    165c:	0e 94 23 01 	call	0x246	; 0x246 <writeText>
    1660:	89 81       	ldd	r24, Y+1	; 0x01
    1662:	88 2f       	mov	r24, r24
                        sprintf(lcdBuffer,"%u",spielerAmZug);
    1664:	90 e0       	ldi	r25, 0x00	; 0
    1666:	29 2f       	mov	r18, r25
    1668:	2f 93       	push	r18
    166a:	8f 93       	push	r24
    166c:	80 e7       	ldi	r24, 0x70	; 112
    166e:	92 e0       	ldi	r25, 0x02	; 2
    1670:	89 2f       	mov	r24, r25
    1672:	8f 93       	push	r24
    1674:	80 e7       	ldi	r24, 0x70	; 112
    1676:	92 e0       	ldi	r25, 0x02	; 2
    1678:	8f 93       	push	r24
    167a:	ce 01       	movw	r24, r28
    167c:	83 58       	subi	r24, 0x83	; 131
    167e:	9f 4f       	sbci	r25, 0xFF	; 255
    1680:	29 2f       	mov	r18, r25
    1682:	2f 93       	push	r18
    1684:	8f 93       	push	r24
    1686:	0e 94 41 42 	call	0x8482	; 0x8482 <sprintf>
    168a:	0f 90       	pop	r0
    168c:	0f 90       	pop	r0
    168e:	0f 90       	pop	r0
    1690:	0f 90       	pop	r0
    1692:	0f 90       	pop	r0
    1694:	0f 90       	pop	r0
    1696:	ce 01       	movw	r24, r28
    1698:	83 58       	subi	r24, 0x83	; 131
                        writeText(0,11,lcdBuffer);
    169a:	9f 4f       	sbci	r25, 0xFF	; 255
    169c:	ac 01       	movw	r20, r24
    169e:	6b e0       	ldi	r22, 0x0B	; 11
    16a0:	80 e0       	ldi	r24, 0x00	; 0
    16a2:	0e 94 23 01 	call	0x246	; 0x246 <writeText>
    16a6:	4a e0       	ldi	r20, 0x0A	; 10
    16a8:	53 e0       	ldi	r21, 0x03	; 3
                        writeText(1,0,"  bezahle       ");
    16aa:	60 e0       	ldi	r22, 0x00	; 0
    16ac:	81 e0       	ldi	r24, 0x01	; 1
    16ae:	0e 94 23 01 	call	0x246	; 0x246 <writeText>
    16b2:	88 8d       	ldd	r24, Y+24	; 0x18
    16b4:	8f 93       	push	r24
                        sprintf(lcdBuffer,"%u",zahlBetrag);
    16b6:	8f 89       	ldd	r24, Y+23	; 0x17
    16b8:	8f 93       	push	r24
    16ba:	80 e7       	ldi	r24, 0x70	; 112
    16bc:	92 e0       	ldi	r25, 0x02	; 2
    16be:	89 2f       	mov	r24, r25
    16c0:	8f 93       	push	r24
    16c2:	80 e7       	ldi	r24, 0x70	; 112
    16c4:	92 e0       	ldi	r25, 0x02	; 2
    16c6:	8f 93       	push	r24
    16c8:	ce 01       	movw	r24, r28
    16ca:	83 58       	subi	r24, 0x83	; 131
    16cc:	9f 4f       	sbci	r25, 0xFF	; 255
    16ce:	29 2f       	mov	r18, r25
    16d0:	2f 93       	push	r18
    16d2:	8f 93       	push	r24
    16d4:	0e 94 41 42 	call	0x8482	; 0x8482 <sprintf>
    16d8:	0f 90       	pop	r0
    16da:	0f 90       	pop	r0
    16dc:	0f 90       	pop	r0
    16de:	0f 90       	pop	r0
    16e0:	0f 90       	pop	r0
    16e2:	0f 90       	pop	r0
    16e4:	ce 01       	movw	r24, r28
    16e6:	83 58       	subi	r24, 0x83	; 131
                        writeText(1,10,lcdBuffer);
    16e8:	9f 4f       	sbci	r25, 0xFF	; 255
    16ea:	ac 01       	movw	r20, r24
    16ec:	6a e0       	ldi	r22, 0x0A	; 10
    16ee:	81 e0       	ldi	r24, 0x01	; 1
    16f0:	0e 94 23 01 	call	0x246	; 0x246 <writeText>
    16f4:	4c e2       	ldi	r20, 0x2C	; 44
    16f6:	53 e0       	ldi	r21, 0x03	; 3
                        writeText(2,0,"an die Bank  =>X");
    16f8:	60 e0       	ldi	r22, 0x00	; 0
    16fa:	82 e0       	ldi	r24, 0x02	; 2
    16fc:	0e 94 23 01 	call	0x246	; 0x246 <writeText>
    1700:	89 81       	ldd	r24, Y+1	; 0x01
    1702:	88 2f       	mov	r24, r24
                    }
                        
                    //spieler am zug muss Taste X drücken um zu bezahlen
                    if (positiveFlanke & xTasten[spielerAmZug - 1])
    1704:	90 e0       	ldi	r25, 0x00	; 0
    1706:	01 97       	sbiw	r24, 0x01	; 1
    1708:	9e 01       	movw	r18, r28
    170a:	23 57       	subi	r18, 0x73	; 115
    170c:	3f 4f       	sbci	r19, 0xFF	; 255
    170e:	82 0f       	add	r24, r18
    1710:	93 1f       	adc	r25, r19
    1712:	fc 01       	movw	r30, r24
    1714:	80 81       	ld	r24, Z
    1716:	28 2f       	mov	r18, r24
    1718:	30 e0       	ldi	r19, 0x00	; 0
    171a:	80 91 63 06 	lds	r24, 0x0663	; 0x800663 <positiveFlanke>
    171e:	90 91 64 06 	lds	r25, 0x0664	; 0x800664 <positiveFlanke+0x1>
    1722:	82 23       	and	r24, r18
    1724:	93 23       	and	r25, r19
    1726:	89 2b       	or	r24, r25
    1728:	09 f4       	brne	.+2      	; 0x172c <__EEPROM_REGION_LENGTH__+0x72c>
    172a:	be c2       	rjmp	.+1404   	; 0x1ca8 <__EEPROM_REGION_LENGTH__+0xca8>
    172c:	8f 89       	ldd	r24, Y+23	; 0x17
    172e:	98 8d       	ldd	r25, Y+24	; 0x18
                    {
                        //geld an die Bank überweisen
                        bezahlStatus = geldUeberweisen(spielerAmZug,0,zahlBetrag,10);
    1730:	2a e0       	ldi	r18, 0x0A	; 10
    1732:	ac 01       	movw	r20, r24
    1734:	60 e0       	ldi	r22, 0x00	; 0
    1736:	89 81       	ldd	r24, Y+1	; 0x01
    1738:	0e 94 1c 3e 	call	0x7c38	; 0x7c38 <geldUeberweisen>
    173c:	8f 87       	std	Y+15, r24	; 0x0f
    173e:	8f 85       	ldd	r24, Y+15	; 0x0f
    1740:	81 30       	cpi	r24, 0x01	; 1
                        if (bezahlStatus == 1)
    1742:	09 f0       	breq	.+2      	; 0x1746 <__EEPROM_REGION_LENGTH__+0x746>
    1744:	b1 c2       	rjmp	.+1378   	; 0x1ca8 <__EEPROM_REGION_LENGTH__+0xca8>
    1746:	1d 86       	std	Y+13, r1	; 0x0d
    1748:	81 e0       	ldi	r24, 0x01	; 1
                        {
                            updateLCD = 0;
    174a:	88 8b       	std	Y+16, r24	; 0x10
                            flagZahlungAbgeschlossen = 1;
    174c:	ad c2       	rjmp	.+1370   	; 0x1ca8 <__EEPROM_REGION_LENGTH__+0xca8>
    174e:	8b 85       	ldd	r24, Y+11	; 0x0b
                        }
                    }
                }
                break;
    1750:	88 23       	and	r24, r24
                case HALTESTELLE://~~~~~~~~~~~~~~~~~~~~~~~~~~~~~~~~~~~~~~~~~~~~~~~
                if (!flagKaufAbgechlossen && (spielfeld[aktuellePosition].besitzer == 0))
    1752:	89 f5       	brne	.+98     	; 0x17b6 <__EEPROM_REGION_LENGTH__+0x7b6>
    1754:	8c 81       	ldd	r24, Y+4	; 0x04
    1756:	48 2f       	mov	r20, r24
    1758:	50 e0       	ldi	r21, 0x00	; 0
    175a:	9e 01       	movw	r18, r28
    175c:	28 54       	subi	r18, 0x48	; 72
    175e:	3f 4f       	sbci	r19, 0xFF	; 255
    1760:	60 e5       	ldi	r22, 0x50	; 80
    1762:	64 9f       	mul	r22, r20
    1764:	c0 01       	movw	r24, r0
    1766:	65 9f       	mul	r22, r21
    1768:	90 0d       	add	r25, r0
    176a:	11 24       	eor	r1, r1
    176c:	82 0f       	add	r24, r18
    176e:	93 1f       	adc	r25, r19
    1770:	8d 5b       	subi	r24, 0xBD	; 189
    1772:	9f 4f       	sbci	r25, 0xFF	; 255
    1774:	fc 01       	movw	r30, r24
    1776:	80 81       	ld	r24, Z
    1778:	88 23       	and	r24, r24
    177a:	e9 f4       	brne	.+58     	; 0x17b6 <__EEPROM_REGION_LENGTH__+0x7b6>
    177c:	ce 01       	movw	r24, r28
    177e:	88 54       	subi	r24, 0x48	; 72
                {
                    verkaufSpielerEingabe = feldKaufen(aktuellePosition,spielfeld,spielerAmZug);
    1780:	9f 4f       	sbci	r25, 0xFF	; 255
    1782:	49 81       	ldd	r20, Y+1	; 0x01
    1784:	bc 01       	movw	r22, r24
    1786:	8c 81       	ldd	r24, Y+4	; 0x04
    1788:	0e 94 ac 19 	call	0x3358	; 0x3358 <feldKaufen>
    178c:	8f a7       	std	Y+47, r24	; 0x2f
    178e:	8f a5       	ldd	r24, Y+47	; 0x2f
    1790:	88 2f       	mov	r24, r24
                    switch (verkaufSpielerEingabe)
    1792:	90 e0       	ldi	r25, 0x00	; 0
    1794:	81 30       	cpi	r24, 0x01	; 1
    1796:	91 05       	cpc	r25, r1
    1798:	19 f0       	breq	.+6      	; 0x17a0 <__EEPROM_REGION_LENGTH__+0x7a0>
    179a:	02 97       	sbiw	r24, 0x02	; 2
    179c:	21 f0       	breq	.+8      	; 0x17a6 <__EEPROM_REGION_LENGTH__+0x7a6>
    179e:	0b c0       	rjmp	.+22     	; 0x17b6 <__EEPROM_REGION_LENGTH__+0x7b6>
    17a0:	81 e0       	ldi	r24, 0x01	; 1
                    {
                        case 0://es wurde noch keine Eingabe getätigt
                        break;
    17a2:	8b 87       	std	Y+11, r24	; 0x0b
                        case 1://Der Spieler hat das Feld gekauft
                        flagKaufAbgechlossen = 1;
    17a4:	08 c0       	rjmp	.+16     	; 0x17b6 <__EEPROM_REGION_LENGTH__+0x7b6>
    17a6:	81 e0       	ldi	r24, 0x01	; 1
                        break;
    17a8:	8b 87       	std	Y+11, r24	; 0x0b
                        case 2://Das Feld wurde nicht gekauft
                        flagKaufAbgechlossen = 1;
    17aa:	81 e0       	ldi	r24, 0x01	; 1
    17ac:	8f 87       	std	Y+15, r24	; 0x0f
                        //bezahlstatus auf 1 setzen, ansonsten müsste spieler auf feld nach auktion miete bezahlen
                        bezahlStatus = 1;
    17ae:	83 e0       	ldi	r24, 0x03	; 3
    17b0:	80 93 65 06 	sts	0x0665, r24	; 0x800665 <zustand>
                        zustand = VERSTEIGERUNG;
    17b4:	00 00       	nop
    17b6:	8c 81       	ldd	r24, Y+4	; 0x04
                        break;
    17b8:	48 2f       	mov	r20, r24
                    }
                }
                
                if((spielfeld[aktuellePosition].besitzer && !(spielfeld[aktuellePosition].besitzer == spielerAmZug)) && !(bezahlStatus == 1))
    17ba:	50 e0       	ldi	r21, 0x00	; 0
    17bc:	9e 01       	movw	r18, r28
    17be:	28 54       	subi	r18, 0x48	; 72
    17c0:	3f 4f       	sbci	r19, 0xFF	; 255
    17c2:	60 e5       	ldi	r22, 0x50	; 80
    17c4:	64 9f       	mul	r22, r20
    17c6:	c0 01       	movw	r24, r0
    17c8:	65 9f       	mul	r22, r21
    17ca:	90 0d       	add	r25, r0
    17cc:	11 24       	eor	r1, r1
    17ce:	82 0f       	add	r24, r18
    17d0:	93 1f       	adc	r25, r19
    17d2:	8d 5b       	subi	r24, 0xBD	; 189
    17d4:	9f 4f       	sbci	r25, 0xFF	; 255
    17d6:	fc 01       	movw	r30, r24
    17d8:	80 81       	ld	r24, Z
    17da:	88 23       	and	r24, r24
    17dc:	09 f4       	brne	.+2      	; 0x17e0 <__EEPROM_REGION_LENGTH__+0x7e0>
    17de:	67 c2       	rjmp	.+1230   	; 0x1cae <__EEPROM_REGION_LENGTH__+0xcae>
    17e0:	8c 81       	ldd	r24, Y+4	; 0x04
    17e2:	48 2f       	mov	r20, r24
    17e4:	50 e0       	ldi	r21, 0x00	; 0
    17e6:	9e 01       	movw	r18, r28
    17e8:	28 54       	subi	r18, 0x48	; 72
    17ea:	3f 4f       	sbci	r19, 0xFF	; 255
    17ec:	60 e5       	ldi	r22, 0x50	; 80
    17ee:	64 9f       	mul	r22, r20
    17f0:	c0 01       	movw	r24, r0
    17f2:	65 9f       	mul	r22, r21
    17f4:	90 0d       	add	r25, r0
    17f6:	11 24       	eor	r1, r1
    17f8:	82 0f       	add	r24, r18
    17fa:	93 1f       	adc	r25, r19
    17fc:	8d 5b       	subi	r24, 0xBD	; 189
    17fe:	9f 4f       	sbci	r25, 0xFF	; 255
    1800:	fc 01       	movw	r30, r24
    1802:	90 81       	ld	r25, Z
    1804:	89 81       	ldd	r24, Y+1	; 0x01
    1806:	98 17       	cp	r25, r24
    1808:	09 f4       	brne	.+2      	; 0x180c <__EEPROM_REGION_LENGTH__+0x80c>
    180a:	51 c2       	rjmp	.+1186   	; 0x1cae <__EEPROM_REGION_LENGTH__+0xcae>
    180c:	8f 85       	ldd	r24, Y+15	; 0x0f
    180e:	81 30       	cpi	r24, 0x01	; 1
    1810:	09 f4       	brne	.+2      	; 0x1814 <__EEPROM_REGION_LENGTH__+0x814>
    1812:	4d c2       	rjmp	.+1178   	; 0x1cae <__EEPROM_REGION_LENGTH__+0xcae>
    1814:	18 8a       	std	Y+16, r1	; 0x10
    1816:	8d 85       	ldd	r24, Y+13	; 0x0d
                {
                    flagZahlungAbgeschlossen = 0;
    1818:	88 23       	and	r24, r24
                    if (!updateLCD)
    181a:	09 f0       	breq	.+2      	; 0x181e <__EEPROM_REGION_LENGTH__+0x81e>
    181c:	a0 c0       	rjmp	.+320    	; 0x195e <__EEPROM_REGION_LENGTH__+0x95e>
    181e:	8c 81       	ldd	r24, Y+4	; 0x04
    1820:	48 2f       	mov	r20, r24
                    {
                        //besitzer des feldes aus array auslesen
                        feldBesitzer = spielfeld[aktuellePosition].besitzer;
    1822:	50 e0       	ldi	r21, 0x00	; 0
    1824:	9e 01       	movw	r18, r28
    1826:	28 54       	subi	r18, 0x48	; 72
    1828:	3f 4f       	sbci	r19, 0xFF	; 255
    182a:	60 e5       	ldi	r22, 0x50	; 80
    182c:	64 9f       	mul	r22, r20
    182e:	c0 01       	movw	r24, r0
    1830:	65 9f       	mul	r22, r21
    1832:	90 0d       	add	r25, r0
    1834:	11 24       	eor	r1, r1
    1836:	82 0f       	add	r24, r18
    1838:	93 1f       	adc	r25, r19
    183a:	8d 5b       	subi	r24, 0xBD	; 189
    183c:	9f 4f       	sbci	r25, 0xFF	; 255
    183e:	fc 01       	movw	r30, r24
    1840:	80 81       	ld	r24, Z
    1842:	8e 87       	std	Y+14, r24	; 0x0e
    1844:	8c 81       	ldd	r24, Y+4	; 0x04
    1846:	48 2f       	mov	r20, r24
                        //miete aus array auslesen
                        zahlBetrag = spielfeld[aktuellePosition].mieten[0];
    1848:	50 e0       	ldi	r21, 0x00	; 0
    184a:	9e 01       	movw	r18, r28
    184c:	28 54       	subi	r18, 0x48	; 72
    184e:	3f 4f       	sbci	r19, 0xFF	; 255
    1850:	60 e5       	ldi	r22, 0x50	; 80
    1852:	64 9f       	mul	r22, r20
    1854:	c0 01       	movw	r24, r0
    1856:	65 9f       	mul	r22, r21
    1858:	90 0d       	add	r25, r0
    185a:	11 24       	eor	r1, r1
    185c:	82 0f       	add	r24, r18
    185e:	93 1f       	adc	r25, r19
    1860:	c5 96       	adiw	r24, 0x35	; 53
    1862:	fc 01       	movw	r30, r24
    1864:	80 81       	ld	r24, Z
    1866:	91 81       	ldd	r25, Z+1	; 0x01
    1868:	98 8f       	std	Y+24, r25	; 0x18
    186a:	8f 8b       	std	Y+23, r24	; 0x17
    186c:	48 ed       	ldi	r20, 0xD8	; 216
    186e:	52 e0       	ldi	r21, 0x02	; 2
                        writeText(0,0,"   Spieler      ");
    1870:	60 e0       	ldi	r22, 0x00	; 0
    1872:	80 e0       	ldi	r24, 0x00	; 0
    1874:	0e 94 23 01 	call	0x246	; 0x246 <writeText>
    1878:	89 81       	ldd	r24, Y+1	; 0x01
    187a:	88 2f       	mov	r24, r24
                        sprintf(lcdBuffer,"%u",spielerAmZug);
    187c:	90 e0       	ldi	r25, 0x00	; 0
    187e:	29 2f       	mov	r18, r25
    1880:	2f 93       	push	r18
    1882:	8f 93       	push	r24
    1884:	80 e7       	ldi	r24, 0x70	; 112
    1886:	92 e0       	ldi	r25, 0x02	; 2
    1888:	89 2f       	mov	r24, r25
    188a:	8f 93       	push	r24
    188c:	80 e7       	ldi	r24, 0x70	; 112
    188e:	92 e0       	ldi	r25, 0x02	; 2
    1890:	8f 93       	push	r24
    1892:	ce 01       	movw	r24, r28
    1894:	83 58       	subi	r24, 0x83	; 131
    1896:	9f 4f       	sbci	r25, 0xFF	; 255
    1898:	29 2f       	mov	r18, r25
    189a:	2f 93       	push	r18
    189c:	8f 93       	push	r24
    189e:	0e 94 41 42 	call	0x8482	; 0x8482 <sprintf>
    18a2:	0f 90       	pop	r0
    18a4:	0f 90       	pop	r0
    18a6:	0f 90       	pop	r0
    18a8:	0f 90       	pop	r0
    18aa:	0f 90       	pop	r0
    18ac:	0f 90       	pop	r0
    18ae:	ce 01       	movw	r24, r28
    18b0:	83 58       	subi	r24, 0x83	; 131
                        writeText(0,11,lcdBuffer);
    18b2:	9f 4f       	sbci	r25, 0xFF	; 255
    18b4:	ac 01       	movw	r20, r24
    18b6:	6b e0       	ldi	r22, 0x0B	; 11
    18b8:	80 e0       	ldi	r24, 0x00	; 0
    18ba:	0e 94 23 01 	call	0x246	; 0x246 <writeText>
    18be:	4a e0       	ldi	r20, 0x0A	; 10
    18c0:	53 e0       	ldi	r21, 0x03	; 3
                        writeText(1,0,"  bezahle       ");
    18c2:	60 e0       	ldi	r22, 0x00	; 0
    18c4:	81 e0       	ldi	r24, 0x01	; 1
    18c6:	0e 94 23 01 	call	0x246	; 0x246 <writeText>
    18ca:	88 8d       	ldd	r24, Y+24	; 0x18
    18cc:	8f 93       	push	r24
                        sprintf(lcdBuffer,"%u",zahlBetrag);
    18ce:	8f 89       	ldd	r24, Y+23	; 0x17
    18d0:	8f 93       	push	r24
    18d2:	80 e7       	ldi	r24, 0x70	; 112
    18d4:	92 e0       	ldi	r25, 0x02	; 2
    18d6:	89 2f       	mov	r24, r25
    18d8:	8f 93       	push	r24
    18da:	80 e7       	ldi	r24, 0x70	; 112
    18dc:	92 e0       	ldi	r25, 0x02	; 2
    18de:	8f 93       	push	r24
    18e0:	ce 01       	movw	r24, r28
    18e2:	83 58       	subi	r24, 0x83	; 131
    18e4:	9f 4f       	sbci	r25, 0xFF	; 255
    18e6:	29 2f       	mov	r18, r25
    18e8:	2f 93       	push	r18
    18ea:	8f 93       	push	r24
    18ec:	0e 94 41 42 	call	0x8482	; 0x8482 <sprintf>
    18f0:	0f 90       	pop	r0
    18f2:	0f 90       	pop	r0
    18f4:	0f 90       	pop	r0
    18f6:	0f 90       	pop	r0
    18f8:	0f 90       	pop	r0
    18fa:	0f 90       	pop	r0
    18fc:	ce 01       	movw	r24, r28
    18fe:	83 58       	subi	r24, 0x83	; 131
                        writeText(1,10,lcdBuffer);
    1900:	9f 4f       	sbci	r25, 0xFF	; 255
    1902:	ac 01       	movw	r20, r24
    1904:	6a e0       	ldi	r22, 0x0A	; 10
    1906:	81 e0       	ldi	r24, 0x01	; 1
    1908:	0e 94 23 01 	call	0x246	; 0x246 <writeText>
    190c:	4b e1       	ldi	r20, 0x1B	; 27
    190e:	53 e0       	ldi	r21, 0x03	; 3
                        writeText(2,0,"an Spieler   =>X");
    1910:	60 e0       	ldi	r22, 0x00	; 0
    1912:	82 e0       	ldi	r24, 0x02	; 2
    1914:	0e 94 23 01 	call	0x246	; 0x246 <writeText>
    1918:	8e 85       	ldd	r24, Y+14	; 0x0e
    191a:	88 2f       	mov	r24, r24
                        sprintf(lcdBuffer,"%u",feldBesitzer);
    191c:	90 e0       	ldi	r25, 0x00	; 0
    191e:	29 2f       	mov	r18, r25
    1920:	2f 93       	push	r18
    1922:	8f 93       	push	r24
    1924:	80 e7       	ldi	r24, 0x70	; 112
    1926:	92 e0       	ldi	r25, 0x02	; 2
    1928:	89 2f       	mov	r24, r25
    192a:	8f 93       	push	r24
    192c:	80 e7       	ldi	r24, 0x70	; 112
    192e:	92 e0       	ldi	r25, 0x02	; 2
    1930:	8f 93       	push	r24
    1932:	ce 01       	movw	r24, r28
    1934:	83 58       	subi	r24, 0x83	; 131
    1936:	9f 4f       	sbci	r25, 0xFF	; 255
    1938:	29 2f       	mov	r18, r25
    193a:	2f 93       	push	r18
    193c:	8f 93       	push	r24
    193e:	0e 94 41 42 	call	0x8482	; 0x8482 <sprintf>
    1942:	0f 90       	pop	r0
    1944:	0f 90       	pop	r0
    1946:	0f 90       	pop	r0
    1948:	0f 90       	pop	r0
    194a:	0f 90       	pop	r0
    194c:	0f 90       	pop	r0
    194e:	ce 01       	movw	r24, r28
    1950:	83 58       	subi	r24, 0x83	; 131
                        writeText(2,11,lcdBuffer);
    1952:	9f 4f       	sbci	r25, 0xFF	; 255
    1954:	ac 01       	movw	r20, r24
    1956:	6b e0       	ldi	r22, 0x0B	; 11
    1958:	82 e0       	ldi	r24, 0x02	; 2
    195a:	0e 94 23 01 	call	0x246	; 0x246 <writeText>
    195e:	89 81       	ldd	r24, Y+1	; 0x01
    1960:	88 2f       	mov	r24, r24
                    }
                    
                    //spieler am zug muss Taste X drücken um zu bezahlen
                    if (positiveFlanke & xTasten[spielerAmZug - 1])
    1962:	90 e0       	ldi	r25, 0x00	; 0
    1964:	01 97       	sbiw	r24, 0x01	; 1
    1966:	9e 01       	movw	r18, r28
    1968:	23 57       	subi	r18, 0x73	; 115
    196a:	3f 4f       	sbci	r19, 0xFF	; 255
    196c:	82 0f       	add	r24, r18
    196e:	93 1f       	adc	r25, r19
    1970:	fc 01       	movw	r30, r24
    1972:	80 81       	ld	r24, Z
    1974:	28 2f       	mov	r18, r24
    1976:	30 e0       	ldi	r19, 0x00	; 0
    1978:	80 91 63 06 	lds	r24, 0x0663	; 0x800663 <positiveFlanke>
    197c:	90 91 64 06 	lds	r25, 0x0664	; 0x800664 <positiveFlanke+0x1>
    1980:	82 23       	and	r24, r18
    1982:	93 23       	and	r25, r19
    1984:	89 2b       	or	r24, r25
    1986:	09 f4       	brne	.+2      	; 0x198a <__EEPROM_REGION_LENGTH__+0x98a>
    1988:	92 c1       	rjmp	.+804    	; 0x1cae <__EEPROM_REGION_LENGTH__+0xcae>
    198a:	8f 89       	ldd	r24, Y+23	; 0x17
    198c:	98 8d       	ldd	r25, Y+24	; 0x18
                    {
                        bezahlStatus = geldUeberweisen(spielerAmZug,feldBesitzer,zahlBetrag,1);
    198e:	21 e0       	ldi	r18, 0x01	; 1
    1990:	ac 01       	movw	r20, r24
    1992:	6e 85       	ldd	r22, Y+14	; 0x0e
    1994:	89 81       	ldd	r24, Y+1	; 0x01
    1996:	0e 94 1c 3e 	call	0x7c38	; 0x7c38 <geldUeberweisen>
    199a:	8f 87       	std	Y+15, r24	; 0x0f
    199c:	8f 85       	ldd	r24, Y+15	; 0x0f
    199e:	81 30       	cpi	r24, 0x01	; 1
                        if (bezahlStatus == 1)
    19a0:	09 f0       	breq	.+2      	; 0x19a4 <__EEPROM_REGION_LENGTH__+0x9a4>
    19a2:	85 c1       	rjmp	.+778    	; 0x1cae <__EEPROM_REGION_LENGTH__+0xcae>
    19a4:	1d 86       	std	Y+13, r1	; 0x0d
    19a6:	81 e0       	ldi	r24, 0x01	; 1
                        {
                            updateLCD = 0;
    19a8:	88 8b       	std	Y+16, r24	; 0x10
                            flagZahlungAbgeschlossen = 1;
    19aa:	81 c1       	rjmp	.+770    	; 0x1cae <__EEPROM_REGION_LENGTH__+0xcae>
    19ac:	89 81       	ldd	r24, Y+1	; 0x01
                        }
                    }
                }
                break;
    19ae:	88 2f       	mov	r24, r24
                case GEFAENGNIS://~~~~~~~~~~~~~~~~~~~~~~~~~~~~~~~~~~~~~~~~~~~~~~~~
                if (spielerImGefaengnis[spielerAmZug] && flagGefaengnis)
    19b0:	90 e0       	ldi	r25, 0x00	; 0
    19b2:	82 5a       	subi	r24, 0xA2	; 162
    19b4:	99 4f       	sbci	r25, 0xF9	; 249
    19b6:	fc 01       	movw	r30, r24
    19b8:	80 81       	ld	r24, Z
    19ba:	88 23       	and	r24, r24
    19bc:	09 f4       	brne	.+2      	; 0x19c0 <__EEPROM_REGION_LENGTH__+0x9c0>
    19be:	7a c1       	rjmp	.+756    	; 0x1cb4 <__EEPROM_REGION_LENGTH__+0xcb4>
    19c0:	8d 8d       	ldd	r24, Y+29	; 0x1d
    19c2:	88 23       	and	r24, r24
    19c4:	09 f4       	brne	.+2      	; 0x19c8 <__EEPROM_REGION_LENGTH__+0x9c8>
    19c6:	76 c1       	rjmp	.+748    	; 0x1cb4 <__EEPROM_REGION_LENGTH__+0xcb4>
    19c8:	48 ed       	ldi	r20, 0xD8	; 216
    19ca:	52 e0       	ldi	r21, 0x02	; 2
                {
                    writeText(0,0,"   Spieler      ");
    19cc:	60 e0       	ldi	r22, 0x00	; 0
    19ce:	80 e0       	ldi	r24, 0x00	; 0
    19d0:	0e 94 23 01 	call	0x246	; 0x246 <writeText>
    19d4:	89 81       	ldd	r24, Y+1	; 0x01
    19d6:	88 2f       	mov	r24, r24
                    sprintf(lcdBuffer,"%u",spielerAmZug);
    19d8:	90 e0       	ldi	r25, 0x00	; 0
    19da:	29 2f       	mov	r18, r25
    19dc:	2f 93       	push	r18
    19de:	8f 93       	push	r24
    19e0:	80 e7       	ldi	r24, 0x70	; 112
    19e2:	92 e0       	ldi	r25, 0x02	; 2
    19e4:	89 2f       	mov	r24, r25
    19e6:	8f 93       	push	r24
    19e8:	80 e7       	ldi	r24, 0x70	; 112
    19ea:	92 e0       	ldi	r25, 0x02	; 2
    19ec:	8f 93       	push	r24
    19ee:	ce 01       	movw	r24, r28
    19f0:	83 58       	subi	r24, 0x83	; 131
    19f2:	9f 4f       	sbci	r25, 0xFF	; 255
    19f4:	29 2f       	mov	r18, r25
    19f6:	2f 93       	push	r18
    19f8:	8f 93       	push	r24
    19fa:	0e 94 41 42 	call	0x8482	; 0x8482 <sprintf>
    19fe:	0f 90       	pop	r0
    1a00:	0f 90       	pop	r0
    1a02:	0f 90       	pop	r0
    1a04:	0f 90       	pop	r0
    1a06:	0f 90       	pop	r0
    1a08:	0f 90       	pop	r0
    1a0a:	ce 01       	movw	r24, r28
    1a0c:	83 58       	subi	r24, 0x83	; 131
                    writeText(0,11,lcdBuffer);
    1a0e:	9f 4f       	sbci	r25, 0xFF	; 255
    1a10:	ac 01       	movw	r20, r24
    1a12:	6b e0       	ldi	r22, 0x0B	; 11
    1a14:	80 e0       	ldi	r24, 0x00	; 0
    1a16:	0e 94 23 01 	call	0x246	; 0x246 <writeText>
    1a1a:	4d e3       	ldi	r20, 0x3D	; 61
    1a1c:	53 e0       	ldi	r21, 0x03	; 3
                    writeText(1,0,"   Du bist im   ");
    1a1e:	60 e0       	ldi	r22, 0x00	; 0
    1a20:	81 e0       	ldi	r24, 0x01	; 1
    1a22:	0e 94 23 01 	call	0x246	; 0x246 <writeText>
    1a26:	4e e4       	ldi	r20, 0x4E	; 78
    1a28:	53 e0       	ldi	r21, 0x03	; 3
                    writeText(2,0,"    Workshop    ");
    1a2a:	60 e0       	ldi	r22, 0x00	; 0
    1a2c:	82 e0       	ldi	r24, 0x02	; 2
    1a2e:	0e 94 23 01 	call	0x246	; 0x246 <writeText>
    1a32:	1d 8e       	std	Y+29, r1	; 0x1d
    1a34:	3f c1       	rjmp	.+638    	; 0x1cb4 <__EEPROM_REGION_LENGTH__+0xcb4>
                    flagGefaengnis = 0;
    1a36:	89 81       	ldd	r24, Y+1	; 0x01
                }
                break;
    1a38:	0e 94 1c 28 	call	0x5038	; 0x5038 <abInsGefaengnis>
                case GEH_INS_GEFAENGNIS://~~~~~~~~~~~~~~~~~~~~~~~~~~~~~~~~~~~~~~~~
                
                abInsGefaengnis(spielerAmZug);
    1a3c:	84 e0       	ldi	r24, 0x04	; 4
    1a3e:	8c 8f       	std	Y+28, r24	; 0x1c
                aktuellesFeld = GEFAENGNIS;
    1a40:	3d c1       	rjmp	.+634    	; 0x1cbc <__EEPROM_REGION_LENGTH__+0xcbc>
    1a42:	8b 85       	ldd	r24, Y+11	; 0x0b
                break;
    1a44:	88 23       	and	r24, r24
                case FREIPARKEN://~~~~~~~~~~~~~~~~~~~~~~~~~~~~~~~~~~~~~~~~~~~~~~~~
                break;
                case WERK://~~~~~~~~~~~~~~~~~~~~~~~~~~~~~~~~~~~~~~~~~~~~~~~~~~~~~~
                if (!flagKaufAbgechlossen && (spielfeld[aktuellePosition].besitzer == 0))
    1a46:	89 f5       	brne	.+98     	; 0x1aaa <__EEPROM_REGION_LENGTH__+0xaaa>
    1a48:	8c 81       	ldd	r24, Y+4	; 0x04
    1a4a:	48 2f       	mov	r20, r24
    1a4c:	50 e0       	ldi	r21, 0x00	; 0
    1a4e:	9e 01       	movw	r18, r28
    1a50:	28 54       	subi	r18, 0x48	; 72
    1a52:	3f 4f       	sbci	r19, 0xFF	; 255
    1a54:	60 e5       	ldi	r22, 0x50	; 80
    1a56:	64 9f       	mul	r22, r20
    1a58:	c0 01       	movw	r24, r0
    1a5a:	65 9f       	mul	r22, r21
    1a5c:	90 0d       	add	r25, r0
    1a5e:	11 24       	eor	r1, r1
    1a60:	82 0f       	add	r24, r18
    1a62:	93 1f       	adc	r25, r19
    1a64:	8d 5b       	subi	r24, 0xBD	; 189
    1a66:	9f 4f       	sbci	r25, 0xFF	; 255
    1a68:	fc 01       	movw	r30, r24
    1a6a:	80 81       	ld	r24, Z
    1a6c:	88 23       	and	r24, r24
    1a6e:	e9 f4       	brne	.+58     	; 0x1aaa <__EEPROM_REGION_LENGTH__+0xaaa>
    1a70:	ce 01       	movw	r24, r28
    1a72:	88 54       	subi	r24, 0x48	; 72
                {
                    verkaufSpielerEingabe = feldKaufen(aktuellePosition,spielfeld,spielerAmZug);
    1a74:	9f 4f       	sbci	r25, 0xFF	; 255
    1a76:	49 81       	ldd	r20, Y+1	; 0x01
    1a78:	bc 01       	movw	r22, r24
    1a7a:	8c 81       	ldd	r24, Y+4	; 0x04
    1a7c:	0e 94 ac 19 	call	0x3358	; 0x3358 <feldKaufen>
    1a80:	8f a7       	std	Y+47, r24	; 0x2f
    1a82:	8f a5       	ldd	r24, Y+47	; 0x2f
    1a84:	88 2f       	mov	r24, r24
                    switch (verkaufSpielerEingabe)
    1a86:	90 e0       	ldi	r25, 0x00	; 0
    1a88:	81 30       	cpi	r24, 0x01	; 1
    1a8a:	91 05       	cpc	r25, r1
    1a8c:	19 f0       	breq	.+6      	; 0x1a94 <__EEPROM_REGION_LENGTH__+0xa94>
    1a8e:	02 97       	sbiw	r24, 0x02	; 2
    1a90:	21 f0       	breq	.+8      	; 0x1a9a <__EEPROM_REGION_LENGTH__+0xa9a>
    1a92:	0b c0       	rjmp	.+22     	; 0x1aaa <__EEPROM_REGION_LENGTH__+0xaaa>
    1a94:	81 e0       	ldi	r24, 0x01	; 1
                    {
                        case 0://es wurde noch keine Eingabe getätigt
                        break;
    1a96:	8b 87       	std	Y+11, r24	; 0x0b
                        case 1://Der Spieler hat das Feld gekauft
                        flagKaufAbgechlossen = 1;
    1a98:	08 c0       	rjmp	.+16     	; 0x1aaa <__EEPROM_REGION_LENGTH__+0xaaa>
    1a9a:	81 e0       	ldi	r24, 0x01	; 1
                        break;
    1a9c:	8b 87       	std	Y+11, r24	; 0x0b
                        case 2://Das Feld wurde nicht gekauft
                        flagKaufAbgechlossen = 1;
    1a9e:	81 e0       	ldi	r24, 0x01	; 1
    1aa0:	8f 87       	std	Y+15, r24	; 0x0f
                        //bezahlstatus auf 1 setzen, ansonsten müsste spieler auf feld nach auktion miete bezahlen
                        bezahlStatus = 1;
    1aa2:	83 e0       	ldi	r24, 0x03	; 3
    1aa4:	80 93 65 06 	sts	0x0665, r24	; 0x800665 <zustand>
                        zustand = VERSTEIGERUNG;
    1aa8:	00 00       	nop
    1aaa:	8c 81       	ldd	r24, Y+4	; 0x04
                        break;
    1aac:	48 2f       	mov	r20, r24
                    }
                }
                
                if((spielfeld[aktuellePosition].besitzer && !(spielfeld[aktuellePosition].besitzer == spielerAmZug)) && !(bezahlStatus == 1))
    1aae:	50 e0       	ldi	r21, 0x00	; 0
    1ab0:	9e 01       	movw	r18, r28
    1ab2:	28 54       	subi	r18, 0x48	; 72
    1ab4:	3f 4f       	sbci	r19, 0xFF	; 255
    1ab6:	60 e5       	ldi	r22, 0x50	; 80
    1ab8:	64 9f       	mul	r22, r20
    1aba:	c0 01       	movw	r24, r0
    1abc:	65 9f       	mul	r22, r21
    1abe:	90 0d       	add	r25, r0
    1ac0:	11 24       	eor	r1, r1
    1ac2:	82 0f       	add	r24, r18
    1ac4:	93 1f       	adc	r25, r19
    1ac6:	8d 5b       	subi	r24, 0xBD	; 189
    1ac8:	9f 4f       	sbci	r25, 0xFF	; 255
    1aca:	fc 01       	movw	r30, r24
    1acc:	80 81       	ld	r24, Z
    1ace:	88 23       	and	r24, r24
    1ad0:	09 f4       	brne	.+2      	; 0x1ad4 <__EEPROM_REGION_LENGTH__+0xad4>
    1ad2:	f3 c0       	rjmp	.+486    	; 0x1cba <__EEPROM_REGION_LENGTH__+0xcba>
    1ad4:	8c 81       	ldd	r24, Y+4	; 0x04
    1ad6:	48 2f       	mov	r20, r24
    1ad8:	50 e0       	ldi	r21, 0x00	; 0
    1ada:	9e 01       	movw	r18, r28
    1adc:	28 54       	subi	r18, 0x48	; 72
    1ade:	3f 4f       	sbci	r19, 0xFF	; 255
    1ae0:	60 e5       	ldi	r22, 0x50	; 80
    1ae2:	64 9f       	mul	r22, r20
    1ae4:	c0 01       	movw	r24, r0
    1ae6:	65 9f       	mul	r22, r21
    1ae8:	90 0d       	add	r25, r0
    1aea:	11 24       	eor	r1, r1
    1aec:	82 0f       	add	r24, r18
    1aee:	93 1f       	adc	r25, r19
    1af0:	8d 5b       	subi	r24, 0xBD	; 189
    1af2:	9f 4f       	sbci	r25, 0xFF	; 255
    1af4:	fc 01       	movw	r30, r24
    1af6:	90 81       	ld	r25, Z
    1af8:	89 81       	ldd	r24, Y+1	; 0x01
    1afa:	98 17       	cp	r25, r24
    1afc:	09 f4       	brne	.+2      	; 0x1b00 <__EEPROM_REGION_LENGTH__+0xb00>
    1afe:	dd c0       	rjmp	.+442    	; 0x1cba <__EEPROM_REGION_LENGTH__+0xcba>
    1b00:	8f 85       	ldd	r24, Y+15	; 0x0f
    1b02:	81 30       	cpi	r24, 0x01	; 1
    1b04:	09 f4       	brne	.+2      	; 0x1b08 <__EEPROM_REGION_LENGTH__+0xb08>
    1b06:	d9 c0       	rjmp	.+434    	; 0x1cba <__EEPROM_REGION_LENGTH__+0xcba>
    1b08:	18 8a       	std	Y+16, r1	; 0x10
    1b0a:	8d 85       	ldd	r24, Y+13	; 0x0d
                {
                    flagZahlungAbgeschlossen = 0;
    1b0c:	88 23       	and	r24, r24
                    if (!updateLCD)
    1b0e:	09 f0       	breq	.+2      	; 0x1b12 <__EEPROM_REGION_LENGTH__+0xb12>
    1b10:	a0 c0       	rjmp	.+320    	; 0x1c52 <__EEPROM_REGION_LENGTH__+0xc52>
    1b12:	8c 81       	ldd	r24, Y+4	; 0x04
    1b14:	48 2f       	mov	r20, r24
                    {
                        //besitzer des feldes aus array auslesen
                        feldBesitzer = spielfeld[aktuellePosition].besitzer;
    1b16:	50 e0       	ldi	r21, 0x00	; 0
    1b18:	9e 01       	movw	r18, r28
    1b1a:	28 54       	subi	r18, 0x48	; 72
    1b1c:	3f 4f       	sbci	r19, 0xFF	; 255
    1b1e:	60 e5       	ldi	r22, 0x50	; 80
    1b20:	64 9f       	mul	r22, r20
    1b22:	c0 01       	movw	r24, r0
    1b24:	65 9f       	mul	r22, r21
    1b26:	90 0d       	add	r25, r0
    1b28:	11 24       	eor	r1, r1
    1b2a:	82 0f       	add	r24, r18
    1b2c:	93 1f       	adc	r25, r19
    1b2e:	8d 5b       	subi	r24, 0xBD	; 189
    1b30:	9f 4f       	sbci	r25, 0xFF	; 255
    1b32:	fc 01       	movw	r30, r24
    1b34:	80 81       	ld	r24, Z
    1b36:	8e 87       	std	Y+14, r24	; 0x0e
    1b38:	8c 81       	ldd	r24, Y+4	; 0x04
    1b3a:	48 2f       	mov	r20, r24
                        //miete aus array auslesen
                        zahlBetrag = spielfeld[aktuellePosition].preis;
    1b3c:	50 e0       	ldi	r21, 0x00	; 0
    1b3e:	9e 01       	movw	r18, r28
    1b40:	28 54       	subi	r18, 0x48	; 72
    1b42:	3f 4f       	sbci	r19, 0xFF	; 255
    1b44:	60 e5       	ldi	r22, 0x50	; 80
    1b46:	64 9f       	mul	r22, r20
    1b48:	c0 01       	movw	r24, r0
    1b4a:	65 9f       	mul	r22, r21
    1b4c:	90 0d       	add	r25, r0
    1b4e:	11 24       	eor	r1, r1
    1b50:	82 0f       	add	r24, r18
    1b52:	93 1f       	adc	r25, r19
    1b54:	c3 96       	adiw	r24, 0x33	; 51
    1b56:	fc 01       	movw	r30, r24
    1b58:	80 81       	ld	r24, Z
    1b5a:	91 81       	ldd	r25, Z+1	; 0x01
    1b5c:	98 8f       	std	Y+24, r25	; 0x18
    1b5e:	8f 8b       	std	Y+23, r24	; 0x17
    1b60:	48 ed       	ldi	r20, 0xD8	; 216
    1b62:	52 e0       	ldi	r21, 0x02	; 2
                        writeText(0,0,"   Spieler      ");
    1b64:	60 e0       	ldi	r22, 0x00	; 0
    1b66:	80 e0       	ldi	r24, 0x00	; 0
    1b68:	0e 94 23 01 	call	0x246	; 0x246 <writeText>
    1b6c:	89 81       	ldd	r24, Y+1	; 0x01
    1b6e:	88 2f       	mov	r24, r24
                        sprintf(lcdBuffer,"%u",spielerAmZug);
    1b70:	90 e0       	ldi	r25, 0x00	; 0
    1b72:	29 2f       	mov	r18, r25
    1b74:	2f 93       	push	r18
    1b76:	8f 93       	push	r24
    1b78:	80 e7       	ldi	r24, 0x70	; 112
    1b7a:	92 e0       	ldi	r25, 0x02	; 2
    1b7c:	89 2f       	mov	r24, r25
    1b7e:	8f 93       	push	r24
    1b80:	80 e7       	ldi	r24, 0x70	; 112
    1b82:	92 e0       	ldi	r25, 0x02	; 2
    1b84:	8f 93       	push	r24
    1b86:	ce 01       	movw	r24, r28
    1b88:	83 58       	subi	r24, 0x83	; 131
    1b8a:	9f 4f       	sbci	r25, 0xFF	; 255
    1b8c:	29 2f       	mov	r18, r25
    1b8e:	2f 93       	push	r18
    1b90:	8f 93       	push	r24
    1b92:	0e 94 41 42 	call	0x8482	; 0x8482 <sprintf>
    1b96:	0f 90       	pop	r0
    1b98:	0f 90       	pop	r0
    1b9a:	0f 90       	pop	r0
    1b9c:	0f 90       	pop	r0
    1b9e:	0f 90       	pop	r0
    1ba0:	0f 90       	pop	r0
    1ba2:	ce 01       	movw	r24, r28
    1ba4:	83 58       	subi	r24, 0x83	; 131
                        writeText(0,11,lcdBuffer);
    1ba6:	9f 4f       	sbci	r25, 0xFF	; 255
    1ba8:	ac 01       	movw	r20, r24
    1baa:	6b e0       	ldi	r22, 0x0B	; 11
    1bac:	80 e0       	ldi	r24, 0x00	; 0
    1bae:	0e 94 23 01 	call	0x246	; 0x246 <writeText>
    1bb2:	4a e0       	ldi	r20, 0x0A	; 10
    1bb4:	53 e0       	ldi	r21, 0x03	; 3
                        writeText(1,0,"  bezahle       ");
    1bb6:	60 e0       	ldi	r22, 0x00	; 0
    1bb8:	81 e0       	ldi	r24, 0x01	; 1
    1bba:	0e 94 23 01 	call	0x246	; 0x246 <writeText>
    1bbe:	88 8d       	ldd	r24, Y+24	; 0x18
    1bc0:	8f 93       	push	r24
                        sprintf(lcdBuffer,"%u",zahlBetrag);
    1bc2:	8f 89       	ldd	r24, Y+23	; 0x17
    1bc4:	8f 93       	push	r24
    1bc6:	80 e7       	ldi	r24, 0x70	; 112
    1bc8:	92 e0       	ldi	r25, 0x02	; 2
    1bca:	89 2f       	mov	r24, r25
    1bcc:	8f 93       	push	r24
    1bce:	80 e7       	ldi	r24, 0x70	; 112
    1bd0:	92 e0       	ldi	r25, 0x02	; 2
    1bd2:	8f 93       	push	r24
    1bd4:	ce 01       	movw	r24, r28
    1bd6:	83 58       	subi	r24, 0x83	; 131
    1bd8:	9f 4f       	sbci	r25, 0xFF	; 255
    1bda:	29 2f       	mov	r18, r25
    1bdc:	2f 93       	push	r18
    1bde:	8f 93       	push	r24
    1be0:	0e 94 41 42 	call	0x8482	; 0x8482 <sprintf>
    1be4:	0f 90       	pop	r0
    1be6:	0f 90       	pop	r0
    1be8:	0f 90       	pop	r0
    1bea:	0f 90       	pop	r0
    1bec:	0f 90       	pop	r0
    1bee:	0f 90       	pop	r0
    1bf0:	ce 01       	movw	r24, r28
    1bf2:	83 58       	subi	r24, 0x83	; 131
                        writeText(1,10,lcdBuffer);
    1bf4:	9f 4f       	sbci	r25, 0xFF	; 255
    1bf6:	ac 01       	movw	r20, r24
    1bf8:	6a e0       	ldi	r22, 0x0A	; 10
    1bfa:	81 e0       	ldi	r24, 0x01	; 1
    1bfc:	0e 94 23 01 	call	0x246	; 0x246 <writeText>
    1c00:	4b e1       	ldi	r20, 0x1B	; 27
    1c02:	53 e0       	ldi	r21, 0x03	; 3
                        writeText(2,0,"an Spieler   =>X");
    1c04:	60 e0       	ldi	r22, 0x00	; 0
    1c06:	82 e0       	ldi	r24, 0x02	; 2
    1c08:	0e 94 23 01 	call	0x246	; 0x246 <writeText>
    1c0c:	8e 85       	ldd	r24, Y+14	; 0x0e
    1c0e:	88 2f       	mov	r24, r24
                        sprintf(lcdBuffer,"%u",feldBesitzer);
    1c10:	90 e0       	ldi	r25, 0x00	; 0
    1c12:	29 2f       	mov	r18, r25
    1c14:	2f 93       	push	r18
    1c16:	8f 93       	push	r24
    1c18:	80 e7       	ldi	r24, 0x70	; 112
    1c1a:	92 e0       	ldi	r25, 0x02	; 2
    1c1c:	89 2f       	mov	r24, r25
    1c1e:	8f 93       	push	r24
    1c20:	80 e7       	ldi	r24, 0x70	; 112
    1c22:	92 e0       	ldi	r25, 0x02	; 2
    1c24:	8f 93       	push	r24
    1c26:	ce 01       	movw	r24, r28
    1c28:	83 58       	subi	r24, 0x83	; 131
    1c2a:	9f 4f       	sbci	r25, 0xFF	; 255
    1c2c:	29 2f       	mov	r18, r25
    1c2e:	2f 93       	push	r18
    1c30:	8f 93       	push	r24
    1c32:	0e 94 41 42 	call	0x8482	; 0x8482 <sprintf>
    1c36:	0f 90       	pop	r0
    1c38:	0f 90       	pop	r0
    1c3a:	0f 90       	pop	r0
    1c3c:	0f 90       	pop	r0
    1c3e:	0f 90       	pop	r0
    1c40:	0f 90       	pop	r0
    1c42:	ce 01       	movw	r24, r28
    1c44:	83 58       	subi	r24, 0x83	; 131
                        writeText(2,11,lcdBuffer);
    1c46:	9f 4f       	sbci	r25, 0xFF	; 255
    1c48:	ac 01       	movw	r20, r24
    1c4a:	6b e0       	ldi	r22, 0x0B	; 11
    1c4c:	82 e0       	ldi	r24, 0x02	; 2
    1c4e:	0e 94 23 01 	call	0x246	; 0x246 <writeText>
    1c52:	89 81       	ldd	r24, Y+1	; 0x01
    1c54:	88 2f       	mov	r24, r24
                    }
                    
                    //spieler am zug muss Taste X drücken um zu bezahlen
                    if (positiveFlanke & xTasten[spielerAmZug - 1])
    1c56:	90 e0       	ldi	r25, 0x00	; 0
    1c58:	01 97       	sbiw	r24, 0x01	; 1
    1c5a:	9e 01       	movw	r18, r28
    1c5c:	23 57       	subi	r18, 0x73	; 115
    1c5e:	3f 4f       	sbci	r19, 0xFF	; 255
    1c60:	82 0f       	add	r24, r18
    1c62:	93 1f       	adc	r25, r19
    1c64:	fc 01       	movw	r30, r24
    1c66:	80 81       	ld	r24, Z
    1c68:	28 2f       	mov	r18, r24
    1c6a:	30 e0       	ldi	r19, 0x00	; 0
    1c6c:	80 91 63 06 	lds	r24, 0x0663	; 0x800663 <positiveFlanke>
    1c70:	90 91 64 06 	lds	r25, 0x0664	; 0x800664 <positiveFlanke+0x1>
    1c74:	82 23       	and	r24, r18
    1c76:	93 23       	and	r25, r19
    1c78:	89 2b       	or	r24, r25
    1c7a:	f9 f0       	breq	.+62     	; 0x1cba <__EEPROM_REGION_LENGTH__+0xcba>
    1c7c:	8f 89       	ldd	r24, Y+23	; 0x17
    1c7e:	98 8d       	ldd	r25, Y+24	; 0x18
                    {
                        bezahlStatus = geldUeberweisen(spielerAmZug,feldBesitzer,zahlBetrag,1);
    1c80:	21 e0       	ldi	r18, 0x01	; 1
    1c82:	ac 01       	movw	r20, r24
    1c84:	6e 85       	ldd	r22, Y+14	; 0x0e
    1c86:	89 81       	ldd	r24, Y+1	; 0x01
    1c88:	0e 94 1c 3e 	call	0x7c38	; 0x7c38 <geldUeberweisen>
    1c8c:	8f 87       	std	Y+15, r24	; 0x0f
    1c8e:	8f 85       	ldd	r24, Y+15	; 0x0f
    1c90:	81 30       	cpi	r24, 0x01	; 1
                        if (bezahlStatus == 1)
    1c92:	99 f4       	brne	.+38     	; 0x1cba <__EEPROM_REGION_LENGTH__+0xcba>
    1c94:	1d 86       	std	Y+13, r1	; 0x0d
    1c96:	81 e0       	ldi	r24, 0x01	; 1
                        {
                            updateLCD = 0;
    1c98:	88 8b       	std	Y+16, r24	; 0x10
                            flagZahlungAbgeschlossen = 1;
    1c9a:	0f c0       	rjmp	.+30     	; 0x1cba <__EEPROM_REGION_LENGTH__+0xcba>
    1c9c:	00 00       	nop
                        }
                    }
                }
                
                break;
    1c9e:	0c 94 a6 19 	jmp	0x334c	; 0x334c <__stack+0x114d>
            
            
            switch (aktuellesFeld) //verarbeitung aktuelles feld ~~~~~~~~~~~~~~~~~
            {
                case EREIGNISFELD://~~~~~~~~~~~~~~~~~~~~~~~~~~~~~~~~~~~~~~~~~~~~~~
                break;
    1ca2:	00 00       	nop
    1ca4:	0c 94 a6 19 	jmp	0x334c	; 0x334c <__stack+0x114d>
                            updateLCD = 0;
                            flagZahlungAbgeschlossen = 1;
                        }
                    }
                }
                break;
    1ca8:	00 00       	nop
    1caa:	0c 94 a6 19 	jmp	0x334c	; 0x334c <__stack+0x114d>
                            updateLCD = 0;
                            flagZahlungAbgeschlossen = 1;
                        }
                    }
                }
                break;
    1cae:	00 00       	nop
    1cb0:	0c 94 a6 19 	jmp	0x334c	; 0x334c <__stack+0x114d>
                            updateLCD = 0;
                            flagZahlungAbgeschlossen = 1;
                        }
                    }
                }
                break;
    1cb4:	00 00       	nop
    1cb6:	0c 94 a6 19 	jmp	0x334c	; 0x334c <__stack+0x114d>
                    writeText(0,11,lcdBuffer);
                    writeText(1,0,"   Du bist im   ");
                    writeText(2,0,"    Workshop    ");
                    flagGefaengnis = 0;
                }
                break;
    1cba:	00 00       	nop
    1cbc:	0c 94 a6 19 	jmp	0x334c	; 0x334c <__stack+0x114d>
                    }
                }
                
                break;
            }
            break;
    1cc0:	8d 85       	ldd	r24, Y+13	; 0x0d
    1cc2:	88 23       	and	r24, r24
            case VERSTEIGERUNG://~~~~~~~~~~~~~~~~~~~~~~~~~~~~~~~~~~~~~~~~~~~~~~~~~
            //LCD aktualisieren
            if (!updateLCD)
    1cc4:	09 f0       	breq	.+2      	; 0x1cc8 <__EEPROM_REGION_LENGTH__+0xcc8>
    1cc6:	53 c0       	rjmp	.+166    	; 0x1d6e <__EEPROM_REGION_LENGTH__+0xd6e>
    1cc8:	0e 94 05 01 	call	0x20a	; 0x20a <clear>
            {
                clear();
    1ccc:	4f e5       	ldi	r20, 0x5F	; 95
    1cce:	53 e0       	ldi	r21, 0x03	; 3
                writeText(0,0," VERSTEIGERUNG  ");
    1cd0:	60 e0       	ldi	r22, 0x00	; 0
    1cd2:	80 e0       	ldi	r24, 0x00	; 0
    1cd4:	0e 94 23 01 	call	0x246	; 0x246 <writeText>
    1cd8:	8c 81       	ldd	r24, Y+4	; 0x04
    1cda:	48 2f       	mov	r20, r24
                writeText(1,0,spielfeld[aktuellePosition].name);
    1cdc:	50 e0       	ldi	r21, 0x00	; 0
    1cde:	9e 01       	movw	r18, r28
    1ce0:	28 54       	subi	r18, 0x48	; 72
    1ce2:	3f 4f       	sbci	r19, 0xFF	; 255
    1ce4:	60 e5       	ldi	r22, 0x50	; 80
    1ce6:	64 9f       	mul	r22, r20
    1ce8:	c0 01       	movw	r24, r0
    1cea:	65 9f       	mul	r22, r21
    1cec:	90 0d       	add	r25, r0
    1cee:	11 24       	eor	r1, r1
    1cf0:	82 0f       	add	r24, r18
    1cf2:	93 1f       	adc	r25, r19
    1cf4:	ac 01       	movw	r20, r24
    1cf6:	60 e0       	ldi	r22, 0x00	; 0
    1cf8:	81 e0       	ldi	r24, 0x01	; 1
    1cfa:	0e 94 23 01 	call	0x246	; 0x246 <writeText>
    1cfe:	40 e7       	ldi	r20, 0x70	; 112
    1d00:	53 e0       	ldi	r21, 0x03	; 3
                writeText(2,0,"bieten X sonst Y");
    1d02:	60 e0       	ldi	r22, 0x00	; 0
    1d04:	82 e0       	ldi	r24, 0x02	; 2
    1d06:	0e 94 23 01 	call	0x246	; 0x246 <writeText>
    1d0a:	89 e0       	ldi	r24, 0x09	; 9
    1d0c:	90 e0       	ldi	r25, 0x00	; 0
                aktuellesGebot = 9; //startgebot
    1d0e:	9b 8f       	std	Y+27, r25	; 0x1b
    1d10:	8a 8f       	std	Y+26, r24	; 0x1a
    1d12:	81 e0       	ldi	r24, 0x01	; 1
    1d14:	8d 87       	std	Y+13, r24	; 0x0d
                updateLCD = 1; //LCD nicht mehr aktualisiern
    1d16:	81 e0       	ldi	r24, 0x01	; 1
    1d18:	8b a3       	std	Y+35, r24	; 0x23
                for (uint8_t i = 1; i <= anzahlSpieler; i = i + 1)
    1d1a:	24 c0       	rjmp	.+72     	; 0x1d64 <__EEPROM_REGION_LENGTH__+0xd64>
    1d1c:	8b a1       	ldd	r24, Y+35	; 0x23
    1d1e:	88 2f       	mov	r24, r24
                {
                    //Speichert den aktuellen kontostand der Spieler
                    geldZwischenspeicher[i] = spielerInfo[i].geld;
    1d20:	90 e0       	ldi	r25, 0x00	; 0
    1d22:	2b a1       	ldd	r18, Y+35	; 0x23
    1d24:	42 2f       	mov	r20, r18
    1d26:	50 e0       	ldi	r21, 0x00	; 0
    1d28:	65 e3       	ldi	r22, 0x35	; 53
    1d2a:	64 9f       	mul	r22, r20
    1d2c:	90 01       	movw	r18, r0
    1d2e:	65 9f       	mul	r22, r21
    1d30:	30 0d       	add	r19, r0
    1d32:	11 24       	eor	r1, r1
    1d34:	27 56       	subi	r18, 0x67	; 103
    1d36:	39 4f       	sbci	r19, 0xF9	; 249
    1d38:	f9 01       	movw	r30, r18
    1d3a:	20 81       	ld	r18, Z
    1d3c:	31 81       	ldd	r19, Z+1	; 0x01
    1d3e:	ae 01       	movw	r20, r28
    1d40:	42 55       	subi	r20, 0x52	; 82
    1d42:	5f 4f       	sbci	r21, 0xFF	; 255
    1d44:	88 0f       	add	r24, r24
    1d46:	99 1f       	adc	r25, r25
    1d48:	84 0f       	add	r24, r20
    1d4a:	95 1f       	adc	r25, r21
    1d4c:	fc 01       	movw	r30, r24
    1d4e:	31 83       	std	Z+1, r19	; 0x01
    1d50:	20 83       	st	Z, r18
    1d52:	40 e0       	ldi	r20, 0x00	; 0
    1d54:	6b a1       	ldd	r22, Y+35	; 0x23
                    //Geld Siebensegmente ausschalten
                    setGeld(0,i,0);
    1d56:	80 e0       	ldi	r24, 0x00	; 0
    1d58:	90 e0       	ldi	r25, 0x00	; 0
    1d5a:	0e 94 8e 20 	call	0x411c	; 0x411c <setGeld>
    1d5e:	8b a1       	ldd	r24, Y+35	; 0x23
    1d60:	8f 5f       	subi	r24, 0xFF	; 255
                writeText(0,0," VERSTEIGERUNG  ");
                writeText(1,0,spielfeld[aktuellePosition].name);
                writeText(2,0,"bieten X sonst Y");
                aktuellesGebot = 9; //startgebot
                updateLCD = 1; //LCD nicht mehr aktualisiern
                for (uint8_t i = 1; i <= anzahlSpieler; i = i + 1)
    1d62:	8b a3       	std	Y+35, r24	; 0x23
    1d64:	80 91 04 02 	lds	r24, 0x0204	; 0x800204 <anzahlSpieler>
    1d68:	9b a1       	ldd	r25, Y+35	; 0x23
    1d6a:	89 17       	cp	r24, r25
    1d6c:	b8 f6       	brcc	.-82     	; 0x1d1c <__EEPROM_REGION_LENGTH__+0xd1c>
    1d6e:	1c a2       	std	Y+36, r1	; 0x24
    1d70:	9a c0       	rjmp	.+308    	; 0x1ea6 <__EEPROM_REGION_LENGTH__+0xea6>
                    //Geld Siebensegmente ausschalten
                    setGeld(0,i,0);
                }
            }
            //verarbeitet tasten eingaben der spieler
            for (uint8_t i = 0; i < anzahlSpieler; i = i + 1)
    1d72:	8c a1       	ldd	r24, Y+36	; 0x24
    1d74:	88 2f       	mov	r24, r24
            {
                //Gebot wird abgegeben, wenn der spieler noch dabei ist und er genug geld hat
                if (((positiveFlanke & xTasten[i]) && !bieter[i]) && (spielerInfo[i+1].geld > (aktuellesGebot + 1))) 
    1d76:	90 e0       	ldi	r25, 0x00	; 0
    1d78:	9e 01       	movw	r18, r28
    1d7a:	23 57       	subi	r18, 0x73	; 115
    1d7c:	3f 4f       	sbci	r19, 0xFF	; 255
    1d7e:	82 0f       	add	r24, r18
    1d80:	93 1f       	adc	r25, r19
    1d82:	fc 01       	movw	r30, r24
    1d84:	80 81       	ld	r24, Z
    1d86:	28 2f       	mov	r18, r24
    1d88:	30 e0       	ldi	r19, 0x00	; 0
    1d8a:	80 91 63 06 	lds	r24, 0x0663	; 0x800663 <positiveFlanke>
    1d8e:	90 91 64 06 	lds	r25, 0x0664	; 0x800664 <positiveFlanke+0x1>
    1d92:	82 23       	and	r24, r18
    1d94:	93 23       	and	r25, r19
    1d96:	89 2b       	or	r24, r25
    1d98:	09 f4       	brne	.+2      	; 0x1d9c <__EEPROM_REGION_LENGTH__+0xd9c>
    1d9a:	4b c0       	rjmp	.+150    	; 0x1e32 <__EEPROM_REGION_LENGTH__+0xe32>
    1d9c:	8c a1       	ldd	r24, Y+36	; 0x24
    1d9e:	88 2f       	mov	r24, r24
    1da0:	90 e0       	ldi	r25, 0x00	; 0
    1da2:	9e 01       	movw	r18, r28
    1da4:	2b 56       	subi	r18, 0x6B	; 107
    1da6:	3f 4f       	sbci	r19, 0xFF	; 255
    1da8:	82 0f       	add	r24, r18
    1daa:	93 1f       	adc	r25, r19
    1dac:	fc 01       	movw	r30, r24
    1dae:	80 81       	ld	r24, Z
    1db0:	88 23       	and	r24, r24
    1db2:	09 f0       	breq	.+2      	; 0x1db6 <__EEPROM_REGION_LENGTH__+0xdb6>
    1db4:	3e c0       	rjmp	.+124    	; 0x1e32 <__EEPROM_REGION_LENGTH__+0xe32>
    1db6:	8c a1       	ldd	r24, Y+36	; 0x24
    1db8:	88 2f       	mov	r24, r24
    1dba:	90 e0       	ldi	r25, 0x00	; 0
    1dbc:	9c 01       	movw	r18, r24
    1dbe:	2f 5f       	subi	r18, 0xFF	; 255
    1dc0:	3f 4f       	sbci	r19, 0xFF	; 255
    1dc2:	45 e3       	ldi	r20, 0x35	; 53
    1dc4:	42 9f       	mul	r20, r18
    1dc6:	c0 01       	movw	r24, r0
    1dc8:	43 9f       	mul	r20, r19
    1dca:	90 0d       	add	r25, r0
    1dcc:	11 24       	eor	r1, r1
    1dce:	87 56       	subi	r24, 0x67	; 103
    1dd0:	99 4f       	sbci	r25, 0xF9	; 249
    1dd2:	fc 01       	movw	r30, r24
    1dd4:	20 81       	ld	r18, Z
    1dd6:	31 81       	ldd	r19, Z+1	; 0x01
    1dd8:	8a 8d       	ldd	r24, Y+26	; 0x1a
    1dda:	9b 8d       	ldd	r25, Y+27	; 0x1b
    1ddc:	01 96       	adiw	r24, 0x01	; 1
    1dde:	82 17       	cp	r24, r18
    1de0:	93 07       	cpc	r25, r19
    1de2:	38 f5       	brcc	.+78     	; 0x1e32 <__EEPROM_REGION_LENGTH__+0xe32>
    1de4:	8a 8d       	ldd	r24, Y+26	; 0x1a
    1de6:	9b 8d       	ldd	r25, Y+27	; 0x1b
                {
                    aktuellesGebot = aktuellesGebot + 1; //aktuelles Gebot erhöhen
    1de8:	01 96       	adiw	r24, 0x01	; 1
    1dea:	9b 8f       	std	Y+27, r25	; 0x1b
    1dec:	8a 8f       	std	Y+26, r24	; 0x1a
    1dee:	81 e0       	ldi	r24, 0x01	; 1
    1df0:	8d a3       	std	Y+37, r24	; 0x25
                    for (uint8_t j = 1; j <= anzahlSpieler; j = j + 1)
    1df2:	09 c0       	rjmp	.+18     	; 0x1e06 <__EEPROM_REGION_LENGTH__+0xe06>
    1df4:	40 e0       	ldi	r20, 0x00	; 0
    1df6:	6d a1       	ldd	r22, Y+37	; 0x25
                    {
                        setGeld(0,j,0); //Geld Siebensegmente ausschalten
    1df8:	80 e0       	ldi	r24, 0x00	; 0
    1dfa:	90 e0       	ldi	r25, 0x00	; 0
    1dfc:	0e 94 8e 20 	call	0x411c	; 0x411c <setGeld>
    1e00:	8d a1       	ldd	r24, Y+37	; 0x25
    1e02:	8f 5f       	subi	r24, 0xFF	; 255
            {
                //Gebot wird abgegeben, wenn der spieler noch dabei ist und er genug geld hat
                if (((positiveFlanke & xTasten[i]) && !bieter[i]) && (spielerInfo[i+1].geld > (aktuellesGebot + 1))) 
                {
                    aktuellesGebot = aktuellesGebot + 1; //aktuelles Gebot erhöhen
                    for (uint8_t j = 1; j <= anzahlSpieler; j = j + 1)
    1e04:	8d a3       	std	Y+37, r24	; 0x25
    1e06:	80 91 04 02 	lds	r24, 0x0204	; 0x800204 <anzahlSpieler>
    1e0a:	9d a1       	ldd	r25, Y+37	; 0x25
    1e0c:	89 17       	cp	r24, r25
    1e0e:	90 f7       	brcc	.-28     	; 0x1df4 <__EEPROM_REGION_LENGTH__+0xdf4>
    1e10:	8c a1       	ldd	r24, Y+36	; 0x24
    1e12:	21 e0       	ldi	r18, 0x01	; 1
                    {
                        setGeld(0,j,0); //Geld Siebensegmente ausschalten
                    }
                    //Geld Siebensegmente vom höchstbieter einschalten
                    setGeld(aktuellesGebot,i + 1,1); 
    1e14:	28 0f       	add	r18, r24
    1e16:	8a 8d       	ldd	r24, Y+26	; 0x1a
    1e18:	9b 8d       	ldd	r25, Y+27	; 0x1b
    1e1a:	41 e0       	ldi	r20, 0x01	; 1
    1e1c:	62 2f       	mov	r22, r18
    1e1e:	0e 94 8e 20 	call	0x411c	; 0x411c <setGeld>
    1e22:	8c a1       	ldd	r24, Y+36	; 0x24
    1e24:	21 e0       	ldi	r18, 0x01	; 1
                    bieter[5] = i + 1; //Speichert Spieler Nummer vom Höchstbieter
    1e26:	28 0f       	add	r18, r24
    1e28:	ce 01       	movw	r24, r28
    1e2a:	8b 56       	subi	r24, 0x6B	; 107
    1e2c:	9f 4f       	sbci	r25, 0xFF	; 255
    1e2e:	fc 01       	movw	r30, r24
    1e30:	25 83       	std	Z+5, r18	; 0x05
    1e32:	8c a1       	ldd	r24, Y+36	; 0x24
    1e34:	88 2f       	mov	r24, r24
                }
                //wenn ein spieler die Taste Y betätigt bietet er nicht mehr mit
                if ((positiveFlanke & yTasten[i]) && !bieter[i])
    1e36:	90 e0       	ldi	r25, 0x00	; 0
    1e38:	9e 01       	movw	r18, r28
    1e3a:	2f 56       	subi	r18, 0x6F	; 111
    1e3c:	3f 4f       	sbci	r19, 0xFF	; 255
    1e3e:	82 0f       	add	r24, r18
    1e40:	93 1f       	adc	r25, r19
    1e42:	fc 01       	movw	r30, r24
    1e44:	80 81       	ld	r24, Z
    1e46:	28 2f       	mov	r18, r24
    1e48:	30 e0       	ldi	r19, 0x00	; 0
    1e4a:	80 91 63 06 	lds	r24, 0x0663	; 0x800663 <positiveFlanke>
    1e4e:	90 91 64 06 	lds	r25, 0x0664	; 0x800664 <positiveFlanke+0x1>
    1e52:	82 23       	and	r24, r18
    1e54:	93 23       	and	r25, r19
    1e56:	89 2b       	or	r24, r25
    1e58:	19 f1       	breq	.+70     	; 0x1ea0 <__EEPROM_REGION_LENGTH__+0xea0>
    1e5a:	8c a1       	ldd	r24, Y+36	; 0x24
    1e5c:	88 2f       	mov	r24, r24
    1e5e:	90 e0       	ldi	r25, 0x00	; 0
    1e60:	9e 01       	movw	r18, r28
    1e62:	2b 56       	subi	r18, 0x6B	; 107
    1e64:	3f 4f       	sbci	r19, 0xFF	; 255
    1e66:	82 0f       	add	r24, r18
    1e68:	93 1f       	adc	r25, r19
    1e6a:	fc 01       	movw	r30, r24
    1e6c:	80 81       	ld	r24, Z
    1e6e:	88 23       	and	r24, r24
    1e70:	b9 f4       	brne	.+46     	; 0x1ea0 <__EEPROM_REGION_LENGTH__+0xea0>
    1e72:	8c a1       	ldd	r24, Y+36	; 0x24
    1e74:	88 2f       	mov	r24, r24
                {
                    bieter[i] = 1; //schliesst spieler aus auktion aus
    1e76:	90 e0       	ldi	r25, 0x00	; 0
    1e78:	9e 01       	movw	r18, r28
    1e7a:	2b 56       	subi	r18, 0x6B	; 107
    1e7c:	3f 4f       	sbci	r19, 0xFF	; 255
    1e7e:	82 0f       	add	r24, r18
    1e80:	93 1f       	adc	r25, r19
    1e82:	21 e0       	ldi	r18, 0x01	; 1
    1e84:	fc 01       	movw	r30, r24
    1e86:	20 83       	st	Z, r18
    1e88:	ce 01       	movw	r24, r28
    1e8a:	8b 56       	subi	r24, 0x6B	; 107
                    bieter[4] = bieter[4] + 1; //erhöht anzahl zurückgezogene spieler
    1e8c:	9f 4f       	sbci	r25, 0xFF	; 255
    1e8e:	fc 01       	movw	r30, r24
    1e90:	84 81       	ldd	r24, Z+4	; 0x04
    1e92:	21 e0       	ldi	r18, 0x01	; 1
    1e94:	28 0f       	add	r18, r24
    1e96:	ce 01       	movw	r24, r28
    1e98:	8b 56       	subi	r24, 0x6B	; 107
    1e9a:	9f 4f       	sbci	r25, 0xFF	; 255
    1e9c:	fc 01       	movw	r30, r24
    1e9e:	24 83       	std	Z+4, r18	; 0x04
    1ea0:	8c a1       	ldd	r24, Y+36	; 0x24
    1ea2:	8f 5f       	subi	r24, 0xFF	; 255
                    //Geld Siebensegmente ausschalten
                    setGeld(0,i,0);
                }
            }
            //verarbeitet tasten eingaben der spieler
            for (uint8_t i = 0; i < anzahlSpieler; i = i + 1)
    1ea4:	8c a3       	std	Y+36, r24	; 0x24
    1ea6:	80 91 04 02 	lds	r24, 0x0204	; 0x800204 <anzahlSpieler>
    1eaa:	9c a1       	ldd	r25, Y+36	; 0x24
    1eac:	98 17       	cp	r25, r24
    1eae:	08 f4       	brcc	.+2      	; 0x1eb2 <__EEPROM_REGION_LENGTH__+0xeb2>
    1eb0:	60 cf       	rjmp	.-320    	; 0x1d72 <__EEPROM_REGION_LENGTH__+0xd72>
    1eb2:	ce 01       	movw	r24, r28
    1eb4:	8b 56       	subi	r24, 0x6B	; 107
                {
                    bieter[i] = 1; //schliesst spieler aus auktion aus
                    bieter[4] = bieter[4] + 1; //erhöht anzahl zurückgezogene spieler
                }
            }
            if (bieter[4] == anzahlSpieler) //wenn alle Spieler aus der Auktion zurückgetretn sind
    1eb6:	9f 4f       	sbci	r25, 0xFF	; 255
    1eb8:	fc 01       	movw	r30, r24
    1eba:	94 81       	ldd	r25, Z+4	; 0x04
    1ebc:	80 91 04 02 	lds	r24, 0x0204	; 0x800204 <anzahlSpieler>
    1ec0:	98 17       	cp	r25, r24
    1ec2:	11 f0       	breq	.+4      	; 0x1ec8 <__EEPROM_REGION_LENGTH__+0xec8>
    1ec4:	0c 94 a9 19 	jmp	0x3352	; 0x3352 <__stack+0x1153>
    1ec8:	ce 01       	movw	r24, r28
    1eca:	8b 56       	subi	r24, 0x6B	; 107
            {
                if (!(bieter[5] == 0)) //wenn jemand die Auktion gewonnen hat
    1ecc:	9f 4f       	sbci	r25, 0xFF	; 255
    1ece:	fc 01       	movw	r30, r24
    1ed0:	85 81       	ldd	r24, Z+5	; 0x05
    1ed2:	88 23       	and	r24, r24
    1ed4:	09 f4       	brne	.+2      	; 0x1ed8 <__EEPROM_REGION_LENGTH__+0xed8>
    1ed6:	4f c2       	rjmp	.+1182   	; 0x2376 <__stack+0x177>
    1ed8:	0e 94 05 01 	call	0x20a	; 0x20a <clear>
                {
                    //LCD Leeren und neu beschreiben
                    clear();
    1edc:	9e 01       	movw	r18, r28
    1ede:	2d 5b       	subi	r18, 0xBD	; 189
    1ee0:	3f 4f       	sbci	r19, 0xFF	; 255
    1ee2:	80 e0       	ldi	r24, 0x00	; 0
    1ee4:	90 e0       	ldi	r25, 0x00	; 0
    1ee6:	a0 e2       	ldi	r26, 0x20	; 32
    1ee8:	b1 e4       	ldi	r27, 0x41	; 65
    1eea:	f9 01       	movw	r30, r18
    1eec:	80 83       	st	Z, r24
    1eee:	91 83       	std	Z+1, r25	; 0x01
    1ef0:	a2 83       	std	Z+2, r26	; 0x02
    1ef2:	b3 83       	std	Z+3, r27	; 0x03
    1ef4:	8e 01       	movw	r16, r28
    1ef6:	07 59       	subi	r16, 0x97	; 151

	__builtin_avr_delay_cycles(__ticks_dc);

#else
	uint16_t __ticks;
	__tmp = ((F_CPU) / 4e3) * __ms;
    1ef8:	1f 4f       	sbci	r17, 0xFF	; 255
    1efa:	ce 01       	movw	r24, r28
    1efc:	8d 5b       	subi	r24, 0xBD	; 189
    1efe:	9f 4f       	sbci	r25, 0xFF	; 255
    1f00:	20 e0       	ldi	r18, 0x00	; 0
    1f02:	30 e0       	ldi	r19, 0x00	; 0
    1f04:	4a e7       	ldi	r20, 0x7A	; 122
    1f06:	55 e4       	ldi	r21, 0x45	; 69
    1f08:	fc 01       	movw	r30, r24
    1f0a:	60 81       	ld	r22, Z
    1f0c:	71 81       	ldd	r23, Z+1	; 0x01
    1f0e:	82 81       	ldd	r24, Z+2	; 0x02
    1f10:	93 81       	ldd	r25, Z+3	; 0x03
    1f12:	0e 94 3f 41 	call	0x827e	; 0x827e <__mulsf3>
    1f16:	dc 01       	movw	r26, r24
    1f18:	cb 01       	movw	r24, r22
    1f1a:	f8 01       	movw	r30, r16
    1f1c:	80 83       	st	Z, r24
    1f1e:	91 83       	std	Z+1, r25	; 0x01
    1f20:	a2 83       	std	Z+2, r26	; 0x02
    1f22:	b3 83       	std	Z+3, r27	; 0x03
    1f24:	ce 01       	movw	r24, r28
    1f26:	87 59       	subi	r24, 0x97	; 151
	if (__tmp < 1.0)
    1f28:	9f 4f       	sbci	r25, 0xFF	; 255
    1f2a:	20 e0       	ldi	r18, 0x00	; 0
    1f2c:	30 e0       	ldi	r19, 0x00	; 0
    1f2e:	40 e8       	ldi	r20, 0x80	; 128
    1f30:	5f e3       	ldi	r21, 0x3F	; 63
    1f32:	fc 01       	movw	r30, r24
    1f34:	60 81       	ld	r22, Z
    1f36:	71 81       	ldd	r23, Z+1	; 0x01
    1f38:	82 81       	ldd	r24, Z+2	; 0x02
    1f3a:	93 81       	ldd	r25, Z+3	; 0x03
    1f3c:	0e 94 f1 3f 	call	0x7fe2	; 0x7fe2 <__cmpsf2>
    1f40:	88 23       	and	r24, r24
    1f42:	4c f4       	brge	.+18     	; 0x1f56 <__EEPROM_REGION_LENGTH__+0xf56>
    1f44:	ce 01       	movw	r24, r28
    1f46:	83 59       	subi	r24, 0x93	; 147
		__ticks = 1;
    1f48:	9f 4f       	sbci	r25, 0xFF	; 255
    1f4a:	21 e0       	ldi	r18, 0x01	; 1
    1f4c:	30 e0       	ldi	r19, 0x00	; 0
    1f4e:	fc 01       	movw	r30, r24
    1f50:	31 83       	std	Z+1, r19	; 0x01
    1f52:	20 83       	st	Z, r18
    1f54:	6d c0       	rjmp	.+218    	; 0x2030 <__DATA_REGION_LENGTH__+0x30>
    1f56:	ce 01       	movw	r24, r28
    1f58:	87 59       	subi	r24, 0x97	; 151
	else if (__tmp > 65535)
    1f5a:	9f 4f       	sbci	r25, 0xFF	; 255
    1f5c:	20 e0       	ldi	r18, 0x00	; 0
    1f5e:	3f ef       	ldi	r19, 0xFF	; 255
    1f60:	4f e7       	ldi	r20, 0x7F	; 127
    1f62:	57 e4       	ldi	r21, 0x47	; 71
    1f64:	fc 01       	movw	r30, r24
    1f66:	60 81       	ld	r22, Z
    1f68:	71 81       	ldd	r23, Z+1	; 0x01
    1f6a:	82 81       	ldd	r24, Z+2	; 0x02
    1f6c:	93 81       	ldd	r25, Z+3	; 0x03
    1f6e:	0e 94 3b 41 	call	0x8276	; 0x8276 <__gesf2>
    1f72:	18 16       	cp	r1, r24
    1f74:	0c f0       	brlt	.+2      	; 0x1f78 <__EEPROM_REGION_LENGTH__+0xf78>
    1f76:	4a c0       	rjmp	.+148    	; 0x200c <__DATA_REGION_LENGTH__+0xc>
    1f78:	ce 01       	movw	r24, r28
    1f7a:	8d 5b       	subi	r24, 0xBD	; 189
	{
		//	__ticks = requested delay in 1/10 ms
		__ticks = (uint16_t) (__ms * 10.0);
    1f7c:	9f 4f       	sbci	r25, 0xFF	; 255
    1f7e:	20 e0       	ldi	r18, 0x00	; 0
    1f80:	30 e0       	ldi	r19, 0x00	; 0
    1f82:	40 e2       	ldi	r20, 0x20	; 32
    1f84:	51 e4       	ldi	r21, 0x41	; 65
    1f86:	fc 01       	movw	r30, r24
    1f88:	60 81       	ld	r22, Z
    1f8a:	71 81       	ldd	r23, Z+1	; 0x01
    1f8c:	82 81       	ldd	r24, Z+2	; 0x02
    1f8e:	93 81       	ldd	r25, Z+3	; 0x03
    1f90:	0e 94 3f 41 	call	0x827e	; 0x827e <__mulsf3>
    1f94:	dc 01       	movw	r26, r24
    1f96:	cb 01       	movw	r24, r22
    1f98:	8e 01       	movw	r16, r28
    1f9a:	03 59       	subi	r16, 0x93	; 147
    1f9c:	1f 4f       	sbci	r17, 0xFF	; 255
    1f9e:	bc 01       	movw	r22, r24
    1fa0:	cd 01       	movw	r24, r26
    1fa2:	0e 94 5d 40 	call	0x80ba	; 0x80ba <__fixunssfsi>
    1fa6:	dc 01       	movw	r26, r24
    1fa8:	cb 01       	movw	r24, r22
    1faa:	f8 01       	movw	r30, r16
    1fac:	91 83       	std	Z+1, r25	; 0x01
    1fae:	80 83       	st	Z, r24
    1fb0:	24 c0       	rjmp	.+72     	; 0x1ffa <__EEPROM_REGION_LENGTH__+0xffa>
    1fb2:	ce 01       	movw	r24, r28
    1fb4:	81 59       	subi	r24, 0x91	; 145
    1fb6:	9f 4f       	sbci	r25, 0xFF	; 255
    1fb8:	20 e9       	ldi	r18, 0x90	; 144
    1fba:	31 e0       	ldi	r19, 0x01	; 1
    1fbc:	fc 01       	movw	r30, r24
    1fbe:	31 83       	std	Z+1, r19	; 0x01
    1fc0:	20 83       	st	Z, r18
    1fc2:	ce 01       	movw	r24, r28
    1fc4:	81 59       	subi	r24, 0x91	; 145
    1fc6:	9f 4f       	sbci	r25, 0xFF	; 255
    1fc8:	fc 01       	movw	r30, r24
    1fca:	80 81       	ld	r24, Z
    1fcc:	91 81       	ldd	r25, Z+1	; 0x01
    1fce:	01 97       	sbiw	r24, 0x01	; 1
    1fd0:	f1 f7       	brne	.-4      	; 0x1fce <__EEPROM_REGION_LENGTH__+0xfce>
    1fd2:	9e 01       	movw	r18, r28
    1fd4:	21 59       	subi	r18, 0x91	; 145
    1fd6:	3f 4f       	sbci	r19, 0xFF	; 255
    1fd8:	f9 01       	movw	r30, r18
    1fda:	91 83       	std	Z+1, r25	; 0x01
    1fdc:	80 83       	st	Z, r24
    1fde:	ce 01       	movw	r24, r28
    1fe0:	83 59       	subi	r24, 0x93	; 147
		while(__ticks)
		{
			// wait 1/10 ms
			_delay_loop_2(((F_CPU) / 4e3) / 10);
			__ticks --;
    1fe2:	9f 4f       	sbci	r25, 0xFF	; 255
    1fe4:	9e 01       	movw	r18, r28
    1fe6:	23 59       	subi	r18, 0x93	; 147
    1fe8:	3f 4f       	sbci	r19, 0xFF	; 255
    1fea:	f9 01       	movw	r30, r18
    1fec:	20 81       	ld	r18, Z
    1fee:	31 81       	ldd	r19, Z+1	; 0x01
    1ff0:	21 50       	subi	r18, 0x01	; 1
    1ff2:	31 09       	sbc	r19, r1
    1ff4:	fc 01       	movw	r30, r24
    1ff6:	31 83       	std	Z+1, r19	; 0x01
    1ff8:	20 83       	st	Z, r18
    1ffa:	ce 01       	movw	r24, r28
    1ffc:	83 59       	subi	r24, 0x93	; 147
		__ticks = 1;
	else if (__tmp > 65535)
	{
		//	__ticks = requested delay in 1/10 ms
		__ticks = (uint16_t) (__ms * 10.0);
		while(__ticks)
    1ffe:	9f 4f       	sbci	r25, 0xFF	; 255
    2000:	fc 01       	movw	r30, r24
    2002:	80 81       	ld	r24, Z
    2004:	91 81       	ldd	r25, Z+1	; 0x01
    2006:	89 2b       	or	r24, r25
    2008:	a1 f6       	brne	.-88     	; 0x1fb2 <__EEPROM_REGION_LENGTH__+0xfb2>
    200a:	2c c0       	rjmp	.+88     	; 0x2064 <__DATA_REGION_LENGTH__+0x64>
    200c:	8e 01       	movw	r16, r28
    200e:	03 59       	subi	r16, 0x93	; 147
			__ticks --;
		}
		return;
	}
	else
		__ticks = (uint16_t)__tmp;
    2010:	1f 4f       	sbci	r17, 0xFF	; 255
    2012:	ce 01       	movw	r24, r28
    2014:	87 59       	subi	r24, 0x97	; 151
    2016:	9f 4f       	sbci	r25, 0xFF	; 255
    2018:	fc 01       	movw	r30, r24
    201a:	60 81       	ld	r22, Z
    201c:	71 81       	ldd	r23, Z+1	; 0x01
    201e:	82 81       	ldd	r24, Z+2	; 0x02
    2020:	93 81       	ldd	r25, Z+3	; 0x03
    2022:	0e 94 5d 40 	call	0x80ba	; 0x80ba <__fixunssfsi>
    2026:	dc 01       	movw	r26, r24
    2028:	cb 01       	movw	r24, r22
    202a:	f8 01       	movw	r30, r16
    202c:	91 83       	std	Z+1, r25	; 0x01
    202e:	80 83       	st	Z, r24
    2030:	ce 01       	movw	r24, r28
    2032:	8f 58       	subi	r24, 0x8F	; 143
    2034:	9f 4f       	sbci	r25, 0xFF	; 255
    2036:	9e 01       	movw	r18, r28
    2038:	23 59       	subi	r18, 0x93	; 147
    203a:	3f 4f       	sbci	r19, 0xFF	; 255
    203c:	f9 01       	movw	r30, r18
    203e:	20 81       	ld	r18, Z
    2040:	31 81       	ldd	r19, Z+1	; 0x01
    2042:	fc 01       	movw	r30, r24
    2044:	31 83       	std	Z+1, r19	; 0x01
    2046:	20 83       	st	Z, r18
    2048:	ce 01       	movw	r24, r28
    204a:	8f 58       	subi	r24, 0x8F	; 143
    204c:	9f 4f       	sbci	r25, 0xFF	; 255
    204e:	fc 01       	movw	r30, r24
    2050:	80 81       	ld	r24, Z
    2052:	91 81       	ldd	r25, Z+1	; 0x01
    2054:	01 97       	sbiw	r24, 0x01	; 1
    2056:	f1 f7       	brne	.-4      	; 0x2054 <__DATA_REGION_LENGTH__+0x54>
    2058:	9e 01       	movw	r18, r28
    205a:	2f 58       	subi	r18, 0x8F	; 143
    205c:	3f 4f       	sbci	r19, 0xFF	; 255
    205e:	f9 01       	movw	r30, r18
    2060:	91 83       	std	Z+1, r25	; 0x01
    2062:	80 83       	st	Z, r24
    2064:	41 e8       	ldi	r20, 0x81	; 129
    2066:	53 e0       	ldi	r21, 0x03	; 3
                    _delay_ms(10);
                    writeText(0,0," VERSTEIGERT an ");
    2068:	60 e0       	ldi	r22, 0x00	; 0
    206a:	80 e0       	ldi	r24, 0x00	; 0
    206c:	0e 94 23 01 	call	0x246	; 0x246 <writeText>
    2070:	48 ed       	ldi	r20, 0xD8	; 216
    2072:	52 e0       	ldi	r21, 0x02	; 2
                    writeText(1,0,"   Spieler      ");
    2074:	60 e0       	ldi	r22, 0x00	; 0
    2076:	81 e0       	ldi	r24, 0x01	; 1
    2078:	0e 94 23 01 	call	0x246	; 0x246 <writeText>
    207c:	ce 01       	movw	r24, r28
    207e:	8b 56       	subi	r24, 0x6B	; 107
                    sprintf(lcdBuffer,"%u",bieter[5]);
    2080:	9f 4f       	sbci	r25, 0xFF	; 255
    2082:	fc 01       	movw	r30, r24
    2084:	85 81       	ldd	r24, Z+5	; 0x05
    2086:	88 2f       	mov	r24, r24
    2088:	90 e0       	ldi	r25, 0x00	; 0
    208a:	29 2f       	mov	r18, r25
    208c:	2f 93       	push	r18
    208e:	8f 93       	push	r24
    2090:	80 e7       	ldi	r24, 0x70	; 112
    2092:	92 e0       	ldi	r25, 0x02	; 2
    2094:	89 2f       	mov	r24, r25
    2096:	8f 93       	push	r24
    2098:	80 e7       	ldi	r24, 0x70	; 112
    209a:	92 e0       	ldi	r25, 0x02	; 2
    209c:	8f 93       	push	r24
    209e:	ce 01       	movw	r24, r28
    20a0:	83 58       	subi	r24, 0x83	; 131
    20a2:	9f 4f       	sbci	r25, 0xFF	; 255
    20a4:	29 2f       	mov	r18, r25
    20a6:	2f 93       	push	r18
    20a8:	8f 93       	push	r24
    20aa:	0e 94 41 42 	call	0x8482	; 0x8482 <sprintf>
    20ae:	0f 90       	pop	r0
    20b0:	0f 90       	pop	r0
    20b2:	0f 90       	pop	r0
    20b4:	0f 90       	pop	r0
    20b6:	0f 90       	pop	r0
    20b8:	0f 90       	pop	r0
    20ba:	ce 01       	movw	r24, r28
    20bc:	83 58       	subi	r24, 0x83	; 131
                    writeText(1,11,lcdBuffer);
    20be:	9f 4f       	sbci	r25, 0xFF	; 255
    20c0:	ac 01       	movw	r20, r24
    20c2:	6b e0       	ldi	r22, 0x0B	; 11
    20c4:	81 e0       	ldi	r24, 0x01	; 1
    20c6:	0e 94 23 01 	call	0x246	; 0x246 <writeText>
    20ca:	80 e0       	ldi	r24, 0x00	; 0
    20cc:	90 e0       	ldi	r25, 0x00	; 0
    20ce:	aa e7       	ldi	r26, 0x7A	; 122
    20d0:	b5 e4       	ldi	r27, 0x45	; 69
    20d2:	8b af       	std	Y+59, r24	; 0x3b
    20d4:	9c af       	std	Y+60, r25	; 0x3c
    20d6:	ad af       	std	Y+61, r26	; 0x3d
    20d8:	be af       	std	Y+62, r27	; 0x3e
    20da:	8e 01       	movw	r16, r28
    20dc:	01 5a       	subi	r16, 0xA1	; 161

	__builtin_avr_delay_cycles(__ticks_dc);

#else
	uint16_t __ticks;
	__tmp = ((F_CPU) / 4e3) * __ms;
    20de:	1f 4f       	sbci	r17, 0xFF	; 255
    20e0:	20 e0       	ldi	r18, 0x00	; 0
    20e2:	30 e0       	ldi	r19, 0x00	; 0
    20e4:	4a e7       	ldi	r20, 0x7A	; 122
    20e6:	55 e4       	ldi	r21, 0x45	; 69
    20e8:	6b ad       	ldd	r22, Y+59	; 0x3b
    20ea:	7c ad       	ldd	r23, Y+60	; 0x3c
    20ec:	8d ad       	ldd	r24, Y+61	; 0x3d
    20ee:	9e ad       	ldd	r25, Y+62	; 0x3e
    20f0:	0e 94 3f 41 	call	0x827e	; 0x827e <__mulsf3>
    20f4:	dc 01       	movw	r26, r24
    20f6:	cb 01       	movw	r24, r22
    20f8:	f8 01       	movw	r30, r16
    20fa:	80 83       	st	Z, r24
    20fc:	91 83       	std	Z+1, r25	; 0x01
    20fe:	a2 83       	std	Z+2, r26	; 0x02
    2100:	b3 83       	std	Z+3, r27	; 0x03
    2102:	ce 01       	movw	r24, r28
    2104:	81 5a       	subi	r24, 0xA1	; 161
	if (__tmp < 1.0)
    2106:	9f 4f       	sbci	r25, 0xFF	; 255
    2108:	20 e0       	ldi	r18, 0x00	; 0
    210a:	30 e0       	ldi	r19, 0x00	; 0
    210c:	40 e8       	ldi	r20, 0x80	; 128
    210e:	5f e3       	ldi	r21, 0x3F	; 63
    2110:	fc 01       	movw	r30, r24
    2112:	60 81       	ld	r22, Z
    2114:	71 81       	ldd	r23, Z+1	; 0x01
    2116:	82 81       	ldd	r24, Z+2	; 0x02
    2118:	93 81       	ldd	r25, Z+3	; 0x03
    211a:	0e 94 f1 3f 	call	0x7fe2	; 0x7fe2 <__cmpsf2>
    211e:	88 23       	and	r24, r24
    2120:	4c f4       	brge	.+18     	; 0x2134 <__DATA_REGION_LENGTH__+0x134>
    2122:	ce 01       	movw	r24, r28
    2124:	8d 59       	subi	r24, 0x9D	; 157
		__ticks = 1;
    2126:	9f 4f       	sbci	r25, 0xFF	; 255
    2128:	21 e0       	ldi	r18, 0x01	; 1
    212a:	30 e0       	ldi	r19, 0x00	; 0
    212c:	fc 01       	movw	r30, r24
    212e:	31 83       	std	Z+1, r19	; 0x01
    2130:	20 83       	st	Z, r18
    2132:	69 c0       	rjmp	.+210    	; 0x2206 <__stack+0x7>
    2134:	ce 01       	movw	r24, r28
    2136:	81 5a       	subi	r24, 0xA1	; 161
	else if (__tmp > 65535)
    2138:	9f 4f       	sbci	r25, 0xFF	; 255
    213a:	20 e0       	ldi	r18, 0x00	; 0
    213c:	3f ef       	ldi	r19, 0xFF	; 255
    213e:	4f e7       	ldi	r20, 0x7F	; 127
    2140:	57 e4       	ldi	r21, 0x47	; 71
    2142:	fc 01       	movw	r30, r24
    2144:	60 81       	ld	r22, Z
    2146:	71 81       	ldd	r23, Z+1	; 0x01
    2148:	82 81       	ldd	r24, Z+2	; 0x02
    214a:	93 81       	ldd	r25, Z+3	; 0x03
    214c:	0e 94 3b 41 	call	0x8276	; 0x8276 <__gesf2>
    2150:	18 16       	cp	r1, r24
    2152:	0c f0       	brlt	.+2      	; 0x2156 <__DATA_REGION_LENGTH__+0x156>
    2154:	46 c0       	rjmp	.+140    	; 0x21e2 <__DATA_REGION_LENGTH__+0x1e2>
    2156:	20 e0       	ldi	r18, 0x00	; 0
    2158:	30 e0       	ldi	r19, 0x00	; 0
	{
		//	__ticks = requested delay in 1/10 ms
		__ticks = (uint16_t) (__ms * 10.0);
    215a:	40 e2       	ldi	r20, 0x20	; 32
    215c:	51 e4       	ldi	r21, 0x41	; 65
    215e:	6b ad       	ldd	r22, Y+59	; 0x3b
    2160:	7c ad       	ldd	r23, Y+60	; 0x3c
    2162:	8d ad       	ldd	r24, Y+61	; 0x3d
    2164:	9e ad       	ldd	r25, Y+62	; 0x3e
    2166:	0e 94 3f 41 	call	0x827e	; 0x827e <__mulsf3>
    216a:	dc 01       	movw	r26, r24
    216c:	cb 01       	movw	r24, r22
    216e:	8e 01       	movw	r16, r28
    2170:	0d 59       	subi	r16, 0x9D	; 157
    2172:	1f 4f       	sbci	r17, 0xFF	; 255
    2174:	bc 01       	movw	r22, r24
    2176:	cd 01       	movw	r24, r26
    2178:	0e 94 5d 40 	call	0x80ba	; 0x80ba <__fixunssfsi>
    217c:	dc 01       	movw	r26, r24
    217e:	cb 01       	movw	r24, r22
    2180:	f8 01       	movw	r30, r16
    2182:	91 83       	std	Z+1, r25	; 0x01
    2184:	80 83       	st	Z, r24
    2186:	24 c0       	rjmp	.+72     	; 0x21d0 <__DATA_REGION_LENGTH__+0x1d0>
    2188:	ce 01       	movw	r24, r28
    218a:	8b 59       	subi	r24, 0x9B	; 155
    218c:	9f 4f       	sbci	r25, 0xFF	; 255
    218e:	20 e9       	ldi	r18, 0x90	; 144
    2190:	31 e0       	ldi	r19, 0x01	; 1
    2192:	fc 01       	movw	r30, r24
    2194:	31 83       	std	Z+1, r19	; 0x01
    2196:	20 83       	st	Z, r18
    2198:	ce 01       	movw	r24, r28
    219a:	8b 59       	subi	r24, 0x9B	; 155
    219c:	9f 4f       	sbci	r25, 0xFF	; 255
    219e:	fc 01       	movw	r30, r24
    21a0:	80 81       	ld	r24, Z
    21a2:	91 81       	ldd	r25, Z+1	; 0x01
    21a4:	01 97       	sbiw	r24, 0x01	; 1
    21a6:	f1 f7       	brne	.-4      	; 0x21a4 <__DATA_REGION_LENGTH__+0x1a4>
    21a8:	9e 01       	movw	r18, r28
    21aa:	2b 59       	subi	r18, 0x9B	; 155
    21ac:	3f 4f       	sbci	r19, 0xFF	; 255
    21ae:	f9 01       	movw	r30, r18
    21b0:	91 83       	std	Z+1, r25	; 0x01
    21b2:	80 83       	st	Z, r24
    21b4:	ce 01       	movw	r24, r28
    21b6:	8d 59       	subi	r24, 0x9D	; 157
		while(__ticks)
		{
			// wait 1/10 ms
			_delay_loop_2(((F_CPU) / 4e3) / 10);
			__ticks --;
    21b8:	9f 4f       	sbci	r25, 0xFF	; 255
    21ba:	9e 01       	movw	r18, r28
    21bc:	2d 59       	subi	r18, 0x9D	; 157
    21be:	3f 4f       	sbci	r19, 0xFF	; 255
    21c0:	f9 01       	movw	r30, r18
    21c2:	20 81       	ld	r18, Z
    21c4:	31 81       	ldd	r19, Z+1	; 0x01
    21c6:	21 50       	subi	r18, 0x01	; 1
    21c8:	31 09       	sbc	r19, r1
    21ca:	fc 01       	movw	r30, r24
    21cc:	31 83       	std	Z+1, r19	; 0x01
    21ce:	20 83       	st	Z, r18
    21d0:	ce 01       	movw	r24, r28
    21d2:	8d 59       	subi	r24, 0x9D	; 157
		__ticks = 1;
	else if (__tmp > 65535)
	{
		//	__ticks = requested delay in 1/10 ms
		__ticks = (uint16_t) (__ms * 10.0);
		while(__ticks)
    21d4:	9f 4f       	sbci	r25, 0xFF	; 255
    21d6:	fc 01       	movw	r30, r24
    21d8:	80 81       	ld	r24, Z
    21da:	91 81       	ldd	r25, Z+1	; 0x01
    21dc:	89 2b       	or	r24, r25
    21de:	a1 f6       	brne	.-88     	; 0x2188 <__DATA_REGION_LENGTH__+0x188>
    21e0:	2c c0       	rjmp	.+88     	; 0x223a <__stack+0x3b>
    21e2:	8e 01       	movw	r16, r28
    21e4:	0d 59       	subi	r16, 0x9D	; 157
			__ticks --;
		}
		return;
	}
	else
		__ticks = (uint16_t)__tmp;
    21e6:	1f 4f       	sbci	r17, 0xFF	; 255
    21e8:	ce 01       	movw	r24, r28
    21ea:	81 5a       	subi	r24, 0xA1	; 161
    21ec:	9f 4f       	sbci	r25, 0xFF	; 255
    21ee:	fc 01       	movw	r30, r24
    21f0:	60 81       	ld	r22, Z
    21f2:	71 81       	ldd	r23, Z+1	; 0x01
    21f4:	82 81       	ldd	r24, Z+2	; 0x02
    21f6:	93 81       	ldd	r25, Z+3	; 0x03
    21f8:	0e 94 5d 40 	call	0x80ba	; 0x80ba <__fixunssfsi>
    21fc:	dc 01       	movw	r26, r24
    21fe:	cb 01       	movw	r24, r22
    2200:	f8 01       	movw	r30, r16
    2202:	91 83       	std	Z+1, r25	; 0x01
    2204:	80 83       	st	Z, r24
    2206:	ce 01       	movw	r24, r28
    2208:	89 59       	subi	r24, 0x99	; 153
    220a:	9f 4f       	sbci	r25, 0xFF	; 255
    220c:	9e 01       	movw	r18, r28
    220e:	2d 59       	subi	r18, 0x9D	; 157
    2210:	3f 4f       	sbci	r19, 0xFF	; 255
    2212:	f9 01       	movw	r30, r18
    2214:	20 81       	ld	r18, Z
    2216:	31 81       	ldd	r19, Z+1	; 0x01
    2218:	fc 01       	movw	r30, r24
    221a:	31 83       	std	Z+1, r19	; 0x01
    221c:	20 83       	st	Z, r18
    221e:	ce 01       	movw	r24, r28
    2220:	89 59       	subi	r24, 0x99	; 153
    2222:	9f 4f       	sbci	r25, 0xFF	; 255
    2224:	fc 01       	movw	r30, r24
    2226:	80 81       	ld	r24, Z
    2228:	91 81       	ldd	r25, Z+1	; 0x01
    222a:	01 97       	sbiw	r24, 0x01	; 1
    222c:	f1 f7       	brne	.-4      	; 0x222a <__stack+0x2b>
    222e:	9e 01       	movw	r18, r28
    2230:	29 59       	subi	r18, 0x99	; 153
    2232:	3f 4f       	sbci	r19, 0xFF	; 255
    2234:	f9 01       	movw	r30, r18
    2236:	91 83       	std	Z+1, r25	; 0x01
    2238:	80 83       	st	Z, r24
    223a:	81 e0       	ldi	r24, 0x01	; 1
    223c:	8e a3       	std	Y+38, r24	; 0x26
                    _delay_ms(4000); //delay um Spieler zeit zu lassen LCD zu lesen
                    //Geld aus Zwischenspeicher zurück auf Spielerkonto
                    for (uint8_t i = 1; i <= anzahlSpieler; i = i + 1)
    223e:	1e c0       	rjmp	.+60     	; 0x227c <__stack+0x7d>
    2240:	8e a1       	ldd	r24, Y+38	; 0x26
    2242:	48 2f       	mov	r20, r24
                    {
                        spielerInfo[i].geld = geldZwischenspeicher[i];
    2244:	50 e0       	ldi	r21, 0x00	; 0
    2246:	8e a1       	ldd	r24, Y+38	; 0x26
    2248:	88 2f       	mov	r24, r24
    224a:	90 e0       	ldi	r25, 0x00	; 0
    224c:	9e 01       	movw	r18, r28
    224e:	22 55       	subi	r18, 0x52	; 82
    2250:	3f 4f       	sbci	r19, 0xFF	; 255
    2252:	88 0f       	add	r24, r24
    2254:	99 1f       	adc	r25, r25
    2256:	82 0f       	add	r24, r18
    2258:	93 1f       	adc	r25, r19
    225a:	fc 01       	movw	r30, r24
    225c:	20 81       	ld	r18, Z
    225e:	31 81       	ldd	r19, Z+1	; 0x01
    2260:	65 e3       	ldi	r22, 0x35	; 53
    2262:	64 9f       	mul	r22, r20
    2264:	c0 01       	movw	r24, r0
    2266:	65 9f       	mul	r22, r21
    2268:	90 0d       	add	r25, r0
    226a:	11 24       	eor	r1, r1
    226c:	87 56       	subi	r24, 0x67	; 103
    226e:	99 4f       	sbci	r25, 0xF9	; 249
    2270:	fc 01       	movw	r30, r24
    2272:	31 83       	std	Z+1, r19	; 0x01
    2274:	20 83       	st	Z, r18
    2276:	8e a1       	ldd	r24, Y+38	; 0x26
    2278:	8f 5f       	subi	r24, 0xFF	; 255
                    writeText(1,0,"   Spieler      ");
                    sprintf(lcdBuffer,"%u",bieter[5]);
                    writeText(1,11,lcdBuffer);
                    _delay_ms(4000); //delay um Spieler zeit zu lassen LCD zu lesen
                    //Geld aus Zwischenspeicher zurück auf Spielerkonto
                    for (uint8_t i = 1; i <= anzahlSpieler; i = i + 1)
    227a:	8e a3       	std	Y+38, r24	; 0x26
    227c:	80 91 04 02 	lds	r24, 0x0204	; 0x800204 <anzahlSpieler>
    2280:	9e a1       	ldd	r25, Y+38	; 0x26
    2282:	89 17       	cp	r24, r25
    2284:	e8 f6       	brcc	.-70     	; 0x2240 <__stack+0x41>
    2286:	80 91 04 02 	lds	r24, 0x0204	; 0x800204 <anzahlSpieler>
                    {
                        spielerInfo[i].geld = geldZwischenspeicher[i];
                    }
                    //kontostand aktualisieren
                    updateKontostand(anzahlSpieler,spielerInfo);
    228a:	67 e6       	ldi	r22, 0x67	; 103
    228c:	76 e0       	ldi	r23, 0x06	; 6
    228e:	0e 94 dc 22 	call	0x45b8	; 0x45b8 <updateKontostand>
    2292:	ce 01       	movw	r24, r28
    2294:	8b 56       	subi	r24, 0x6B	; 107
                    //kontostand von Höchstbieter um gebot verkleinern
                    spielerInfo[bieter[5]].geld = (spielerInfo[bieter[5]].geld - aktuellesGebot);
    2296:	9f 4f       	sbci	r25, 0xFF	; 255
    2298:	fc 01       	movw	r30, r24
    229a:	85 81       	ldd	r24, Z+5	; 0x05
    229c:	48 2f       	mov	r20, r24
    229e:	50 e0       	ldi	r21, 0x00	; 0
    22a0:	ce 01       	movw	r24, r28
    22a2:	8b 56       	subi	r24, 0x6B	; 107
    22a4:	9f 4f       	sbci	r25, 0xFF	; 255
    22a6:	fc 01       	movw	r30, r24
    22a8:	85 81       	ldd	r24, Z+5	; 0x05
    22aa:	28 2f       	mov	r18, r24
    22ac:	30 e0       	ldi	r19, 0x00	; 0
    22ae:	65 e3       	ldi	r22, 0x35	; 53
    22b0:	62 9f       	mul	r22, r18
    22b2:	c0 01       	movw	r24, r0
    22b4:	63 9f       	mul	r22, r19
    22b6:	90 0d       	add	r25, r0
    22b8:	11 24       	eor	r1, r1
    22ba:	87 56       	subi	r24, 0x67	; 103
    22bc:	99 4f       	sbci	r25, 0xF9	; 249
    22be:	fc 01       	movw	r30, r24
    22c0:	20 81       	ld	r18, Z
    22c2:	31 81       	ldd	r19, Z+1	; 0x01
    22c4:	8a 8d       	ldd	r24, Y+26	; 0x1a
    22c6:	9b 8d       	ldd	r25, Y+27	; 0x1b
    22c8:	28 1b       	sub	r18, r24
    22ca:	39 0b       	sbc	r19, r25
    22cc:	65 e3       	ldi	r22, 0x35	; 53
    22ce:	64 9f       	mul	r22, r20
    22d0:	c0 01       	movw	r24, r0
    22d2:	65 9f       	mul	r22, r21
    22d4:	90 0d       	add	r25, r0
    22d6:	11 24       	eor	r1, r1
    22d8:	87 56       	subi	r24, 0x67	; 103
    22da:	99 4f       	sbci	r25, 0xF9	; 249
    22dc:	fc 01       	movw	r30, r24
    22de:	31 83       	std	Z+1, r19	; 0x01
    22e0:	20 83       	st	Z, r18
    22e2:	8c 81       	ldd	r24, Y+4	; 0x04
    22e4:	48 2f       	mov	r20, r24
                    //besitz überschreiben
                    spielfeld[aktuellePosition].besitzer = bieter[5];
    22e6:	50 e0       	ldi	r21, 0x00	; 0
    22e8:	ce 01       	movw	r24, r28
    22ea:	8b 56       	subi	r24, 0x6B	; 107
    22ec:	9f 4f       	sbci	r25, 0xFF	; 255
    22ee:	fc 01       	movw	r30, r24
    22f0:	65 81       	ldd	r22, Z+5	; 0x05
    22f2:	9e 01       	movw	r18, r28
    22f4:	28 54       	subi	r18, 0x48	; 72
    22f6:	3f 4f       	sbci	r19, 0xFF	; 255
    22f8:	70 e5       	ldi	r23, 0x50	; 80
    22fa:	74 9f       	mul	r23, r20
    22fc:	c0 01       	movw	r24, r0
    22fe:	75 9f       	mul	r23, r21
    2300:	90 0d       	add	r25, r0
    2302:	11 24       	eor	r1, r1
    2304:	82 0f       	add	r24, r18
    2306:	93 1f       	adc	r25, r19
    2308:	8d 5b       	subi	r24, 0xBD	; 189
    230a:	9f 4f       	sbci	r25, 0xFF	; 255
    230c:	fc 01       	movw	r30, r24
    230e:	60 83       	st	Z, r22
    2310:	ce 01       	movw	r24, r28
    2312:	8b 56       	subi	r24, 0x6B	; 107
                    //beitz RGB einschalten
                    setPropertyRgb(spielfeld[aktuellePosition].rgbNummer,bieter[5]);
    2314:	9f 4f       	sbci	r25, 0xFF	; 255
    2316:	fc 01       	movw	r30, r24
    2318:	75 81       	ldd	r23, Z+5	; 0x05
    231a:	8c 81       	ldd	r24, Y+4	; 0x04
    231c:	48 2f       	mov	r20, r24
    231e:	50 e0       	ldi	r21, 0x00	; 0
    2320:	9e 01       	movw	r18, r28
    2322:	28 54       	subi	r18, 0x48	; 72
    2324:	3f 4f       	sbci	r19, 0xFF	; 255
    2326:	60 e5       	ldi	r22, 0x50	; 80
    2328:	64 9f       	mul	r22, r20
    232a:	c0 01       	movw	r24, r0
    232c:	65 9f       	mul	r22, r21
    232e:	90 0d       	add	r25, r0
    2330:	11 24       	eor	r1, r1
    2332:	82 0f       	add	r24, r18
    2334:	93 1f       	adc	r25, r19
    2336:	85 5b       	subi	r24, 0xB5	; 181
    2338:	9f 4f       	sbci	r25, 0xFF	; 255
    233a:	fc 01       	movw	r30, r24
    233c:	80 81       	ld	r24, Z
    233e:	67 2f       	mov	r22, r23
    2340:	0e 94 a0 1d 	call	0x3b40	; 0x3b40 <setPropertyRgb>
    2344:	1f a2       	std	Y+39, r1	; 0x27
                    //bieter array zurücksetzen
                    for (uint8_t i = 0; i < 6; i = i + 1)
    2346:	0d c0       	rjmp	.+26     	; 0x2362 <__stack+0x163>
    2348:	8f a1       	ldd	r24, Y+39	; 0x27
                    {
                        bieter[i] = 0;
    234a:	88 2f       	mov	r24, r24
    234c:	90 e0       	ldi	r25, 0x00	; 0
    234e:	9e 01       	movw	r18, r28
    2350:	2b 56       	subi	r18, 0x6B	; 107
    2352:	3f 4f       	sbci	r19, 0xFF	; 255
    2354:	82 0f       	add	r24, r18
    2356:	93 1f       	adc	r25, r19
    2358:	fc 01       	movw	r30, r24
    235a:	10 82       	st	Z, r1
    235c:	8f a1       	ldd	r24, Y+39	; 0x27
                    //besitz überschreiben
                    spielfeld[aktuellePosition].besitzer = bieter[5];
                    //beitz RGB einschalten
                    setPropertyRgb(spielfeld[aktuellePosition].rgbNummer,bieter[5]);
                    //bieter array zurücksetzen
                    for (uint8_t i = 0; i < 6; i = i + 1)
    235e:	8f 5f       	subi	r24, 0xFF	; 255
    2360:	8f a3       	std	Y+39, r24	; 0x27
    2362:	8f a1       	ldd	r24, Y+39	; 0x27
    2364:	86 30       	cpi	r24, 0x06	; 6
    2366:	80 f3       	brcs	.-32     	; 0x2348 <__stack+0x149>
    2368:	1d 86       	std	Y+13, r1	; 0x0d
                    {
                        bieter[i] = 0;
                    }
                    //flags setzen
                    updateLCD = 0;
    236a:	81 e0       	ldi	r24, 0x01	; 1
                    flagVersteigert = 1;
    236c:	8c 87       	std	Y+12, r24	; 0x0c
    236e:	82 e0       	ldi	r24, 0x02	; 2
                    //zum spiel zurückkehren
                    zustand = SPIEL;
    2370:	80 93 65 06 	sts	0x0665, r24	; 0x800665 <zustand>
    2374:	ee c7       	rjmp	.+4060   	; 0x3352 <__stack+0x1153>
                    flagVersteigert = 1;
                    //zum spiel zurückkehren
                    zustand = SPIEL;
                }
            }
            break;
    2376:	0e 94 05 01 	call	0x20a	; 0x20a <clear>
                    zustand = SPIEL;
                }
                else
                {
                    //LCD Leeren und neu beschreiben
                    clear();
    237a:	42 e9       	ldi	r20, 0x92	; 146
    237c:	53 e0       	ldi	r21, 0x03	; 3
                    writeText(0,0,"     nicht     ");
    237e:	60 e0       	ldi	r22, 0x00	; 0
    2380:	80 e0       	ldi	r24, 0x00	; 0
    2382:	0e 94 23 01 	call	0x246	; 0x246 <writeText>
    2386:	42 ea       	ldi	r20, 0xA2	; 162
    2388:	53 e0       	ldi	r21, 0x03	; 3
                    writeText(1,0,"   VERSTEIGERT  ");
    238a:	60 e0       	ldi	r22, 0x00	; 0
    238c:	81 e0       	ldi	r24, 0x01	; 1
    238e:	0e 94 23 01 	call	0x246	; 0x246 <writeText>
    2392:	9e 01       	movw	r18, r28
    2394:	21 5c       	subi	r18, 0xC1	; 193
    2396:	3f 4f       	sbci	r19, 0xFF	; 255
    2398:	80 e0       	ldi	r24, 0x00	; 0
    239a:	90 e0       	ldi	r25, 0x00	; 0
    239c:	aa e7       	ldi	r26, 0x7A	; 122
    239e:	b5 e4       	ldi	r27, 0x45	; 69
    23a0:	f9 01       	movw	r30, r18
    23a2:	80 83       	st	Z, r24
    23a4:	91 83       	std	Z+1, r25	; 0x01
    23a6:	a2 83       	std	Z+2, r26	; 0x02
    23a8:	b3 83       	std	Z+3, r27	; 0x03
    23aa:	8e 01       	movw	r16, r28
    23ac:	0d 58       	subi	r16, 0x8D	; 141

	__builtin_avr_delay_cycles(__ticks_dc);

#else
	uint16_t __ticks;
	__tmp = ((F_CPU) / 4e3) * __ms;
    23ae:	1f 4f       	sbci	r17, 0xFF	; 255
    23b0:	ce 01       	movw	r24, r28
    23b2:	cf 96       	adiw	r24, 0x3f	; 63
    23b4:	20 e0       	ldi	r18, 0x00	; 0
    23b6:	30 e0       	ldi	r19, 0x00	; 0
    23b8:	4a e7       	ldi	r20, 0x7A	; 122
    23ba:	55 e4       	ldi	r21, 0x45	; 69
    23bc:	fc 01       	movw	r30, r24
    23be:	60 81       	ld	r22, Z
    23c0:	71 81       	ldd	r23, Z+1	; 0x01
    23c2:	82 81       	ldd	r24, Z+2	; 0x02
    23c4:	93 81       	ldd	r25, Z+3	; 0x03
    23c6:	0e 94 3f 41 	call	0x827e	; 0x827e <__mulsf3>
    23ca:	dc 01       	movw	r26, r24
    23cc:	cb 01       	movw	r24, r22
    23ce:	f8 01       	movw	r30, r16
    23d0:	80 83       	st	Z, r24
    23d2:	91 83       	std	Z+1, r25	; 0x01
    23d4:	a2 83       	std	Z+2, r26	; 0x02
    23d6:	b3 83       	std	Z+3, r27	; 0x03
    23d8:	ce 01       	movw	r24, r28
    23da:	8d 58       	subi	r24, 0x8D	; 141
	if (__tmp < 1.0)
    23dc:	9f 4f       	sbci	r25, 0xFF	; 255
    23de:	20 e0       	ldi	r18, 0x00	; 0
    23e0:	30 e0       	ldi	r19, 0x00	; 0
    23e2:	40 e8       	ldi	r20, 0x80	; 128
    23e4:	5f e3       	ldi	r21, 0x3F	; 63
    23e6:	fc 01       	movw	r30, r24
    23e8:	60 81       	ld	r22, Z
    23ea:	71 81       	ldd	r23, Z+1	; 0x01
    23ec:	82 81       	ldd	r24, Z+2	; 0x02
    23ee:	93 81       	ldd	r25, Z+3	; 0x03
    23f0:	0e 94 f1 3f 	call	0x7fe2	; 0x7fe2 <__cmpsf2>
    23f4:	88 23       	and	r24, r24
    23f6:	4c f4       	brge	.+18     	; 0x240a <__stack+0x20b>
    23f8:	ce 01       	movw	r24, r28
    23fa:	89 58       	subi	r24, 0x89	; 137
		__ticks = 1;
    23fc:	9f 4f       	sbci	r25, 0xFF	; 255
    23fe:	21 e0       	ldi	r18, 0x01	; 1
    2400:	30 e0       	ldi	r19, 0x00	; 0
    2402:	fc 01       	movw	r30, r24
    2404:	31 83       	std	Z+1, r19	; 0x01
    2406:	20 83       	st	Z, r18
    2408:	6c c0       	rjmp	.+216    	; 0x24e2 <__stack+0x2e3>
    240a:	ce 01       	movw	r24, r28
    240c:	8d 58       	subi	r24, 0x8D	; 141
	else if (__tmp > 65535)
    240e:	9f 4f       	sbci	r25, 0xFF	; 255
    2410:	20 e0       	ldi	r18, 0x00	; 0
    2412:	3f ef       	ldi	r19, 0xFF	; 255
    2414:	4f e7       	ldi	r20, 0x7F	; 127
    2416:	57 e4       	ldi	r21, 0x47	; 71
    2418:	fc 01       	movw	r30, r24
    241a:	60 81       	ld	r22, Z
    241c:	71 81       	ldd	r23, Z+1	; 0x01
    241e:	82 81       	ldd	r24, Z+2	; 0x02
    2420:	93 81       	ldd	r25, Z+3	; 0x03
    2422:	0e 94 3b 41 	call	0x8276	; 0x8276 <__gesf2>
    2426:	18 16       	cp	r1, r24
    2428:	0c f0       	brlt	.+2      	; 0x242c <__stack+0x22d>
    242a:	49 c0       	rjmp	.+146    	; 0x24be <__stack+0x2bf>
    242c:	ce 01       	movw	r24, r28
    242e:	cf 96       	adiw	r24, 0x3f	; 63
	{
		//	__ticks = requested delay in 1/10 ms
		__ticks = (uint16_t) (__ms * 10.0);
    2430:	20 e0       	ldi	r18, 0x00	; 0
    2432:	30 e0       	ldi	r19, 0x00	; 0
    2434:	40 e2       	ldi	r20, 0x20	; 32
    2436:	51 e4       	ldi	r21, 0x41	; 65
    2438:	fc 01       	movw	r30, r24
    243a:	60 81       	ld	r22, Z
    243c:	71 81       	ldd	r23, Z+1	; 0x01
    243e:	82 81       	ldd	r24, Z+2	; 0x02
    2440:	93 81       	ldd	r25, Z+3	; 0x03
    2442:	0e 94 3f 41 	call	0x827e	; 0x827e <__mulsf3>
    2446:	dc 01       	movw	r26, r24
    2448:	cb 01       	movw	r24, r22
    244a:	8e 01       	movw	r16, r28
    244c:	09 58       	subi	r16, 0x89	; 137
    244e:	1f 4f       	sbci	r17, 0xFF	; 255
    2450:	bc 01       	movw	r22, r24
    2452:	cd 01       	movw	r24, r26
    2454:	0e 94 5d 40 	call	0x80ba	; 0x80ba <__fixunssfsi>
    2458:	dc 01       	movw	r26, r24
    245a:	cb 01       	movw	r24, r22
    245c:	f8 01       	movw	r30, r16
    245e:	91 83       	std	Z+1, r25	; 0x01
    2460:	80 83       	st	Z, r24
    2462:	24 c0       	rjmp	.+72     	; 0x24ac <__stack+0x2ad>
    2464:	ce 01       	movw	r24, r28
    2466:	87 58       	subi	r24, 0x87	; 135
    2468:	9f 4f       	sbci	r25, 0xFF	; 255
    246a:	20 e9       	ldi	r18, 0x90	; 144
    246c:	31 e0       	ldi	r19, 0x01	; 1
    246e:	fc 01       	movw	r30, r24
    2470:	31 83       	std	Z+1, r19	; 0x01
    2472:	20 83       	st	Z, r18
    2474:	ce 01       	movw	r24, r28
    2476:	87 58       	subi	r24, 0x87	; 135
    2478:	9f 4f       	sbci	r25, 0xFF	; 255
    247a:	fc 01       	movw	r30, r24
    247c:	80 81       	ld	r24, Z
    247e:	91 81       	ldd	r25, Z+1	; 0x01
    2480:	01 97       	sbiw	r24, 0x01	; 1
    2482:	f1 f7       	brne	.-4      	; 0x2480 <__stack+0x281>
    2484:	9e 01       	movw	r18, r28
    2486:	27 58       	subi	r18, 0x87	; 135
    2488:	3f 4f       	sbci	r19, 0xFF	; 255
    248a:	f9 01       	movw	r30, r18
    248c:	91 83       	std	Z+1, r25	; 0x01
    248e:	80 83       	st	Z, r24
    2490:	ce 01       	movw	r24, r28
    2492:	89 58       	subi	r24, 0x89	; 137
		while(__ticks)
		{
			// wait 1/10 ms
			_delay_loop_2(((F_CPU) / 4e3) / 10);
			__ticks --;
    2494:	9f 4f       	sbci	r25, 0xFF	; 255
    2496:	9e 01       	movw	r18, r28
    2498:	29 58       	subi	r18, 0x89	; 137
    249a:	3f 4f       	sbci	r19, 0xFF	; 255
    249c:	f9 01       	movw	r30, r18
    249e:	20 81       	ld	r18, Z
    24a0:	31 81       	ldd	r19, Z+1	; 0x01
    24a2:	21 50       	subi	r18, 0x01	; 1
    24a4:	31 09       	sbc	r19, r1
    24a6:	fc 01       	movw	r30, r24
    24a8:	31 83       	std	Z+1, r19	; 0x01
    24aa:	20 83       	st	Z, r18
    24ac:	ce 01       	movw	r24, r28
    24ae:	89 58       	subi	r24, 0x89	; 137
		__ticks = 1;
	else if (__tmp > 65535)
	{
		//	__ticks = requested delay in 1/10 ms
		__ticks = (uint16_t) (__ms * 10.0);
		while(__ticks)
    24b0:	9f 4f       	sbci	r25, 0xFF	; 255
    24b2:	fc 01       	movw	r30, r24
    24b4:	80 81       	ld	r24, Z
    24b6:	91 81       	ldd	r25, Z+1	; 0x01
    24b8:	89 2b       	or	r24, r25
    24ba:	a1 f6       	brne	.-88     	; 0x2464 <__stack+0x265>
    24bc:	2c c0       	rjmp	.+88     	; 0x2516 <__stack+0x317>
    24be:	8e 01       	movw	r16, r28
    24c0:	09 58       	subi	r16, 0x89	; 137
			__ticks --;
		}
		return;
	}
	else
		__ticks = (uint16_t)__tmp;
    24c2:	1f 4f       	sbci	r17, 0xFF	; 255
    24c4:	ce 01       	movw	r24, r28
    24c6:	8d 58       	subi	r24, 0x8D	; 141
    24c8:	9f 4f       	sbci	r25, 0xFF	; 255
    24ca:	fc 01       	movw	r30, r24
    24cc:	60 81       	ld	r22, Z
    24ce:	71 81       	ldd	r23, Z+1	; 0x01
    24d0:	82 81       	ldd	r24, Z+2	; 0x02
    24d2:	93 81       	ldd	r25, Z+3	; 0x03
    24d4:	0e 94 5d 40 	call	0x80ba	; 0x80ba <__fixunssfsi>
    24d8:	dc 01       	movw	r26, r24
    24da:	cb 01       	movw	r24, r22
    24dc:	f8 01       	movw	r30, r16
    24de:	91 83       	std	Z+1, r25	; 0x01
    24e0:	80 83       	st	Z, r24
    24e2:	ce 01       	movw	r24, r28
    24e4:	85 58       	subi	r24, 0x85	; 133
    24e6:	9f 4f       	sbci	r25, 0xFF	; 255
    24e8:	9e 01       	movw	r18, r28
    24ea:	29 58       	subi	r18, 0x89	; 137
    24ec:	3f 4f       	sbci	r19, 0xFF	; 255
    24ee:	f9 01       	movw	r30, r18
    24f0:	20 81       	ld	r18, Z
    24f2:	31 81       	ldd	r19, Z+1	; 0x01
    24f4:	fc 01       	movw	r30, r24
    24f6:	31 83       	std	Z+1, r19	; 0x01
    24f8:	20 83       	st	Z, r18
    24fa:	ce 01       	movw	r24, r28
    24fc:	85 58       	subi	r24, 0x85	; 133
    24fe:	9f 4f       	sbci	r25, 0xFF	; 255
    2500:	fc 01       	movw	r30, r24
    2502:	80 81       	ld	r24, Z
    2504:	91 81       	ldd	r25, Z+1	; 0x01
    2506:	01 97       	sbiw	r24, 0x01	; 1
    2508:	f1 f7       	brne	.-4      	; 0x2506 <__stack+0x307>
    250a:	9e 01       	movw	r18, r28
    250c:	25 58       	subi	r18, 0x85	; 133
    250e:	3f 4f       	sbci	r19, 0xFF	; 255
    2510:	f9 01       	movw	r30, r18
    2512:	91 83       	std	Z+1, r25	; 0x01
    2514:	80 83       	st	Z, r24
    2516:	81 e0       	ldi	r24, 0x01	; 1
    2518:	88 a7       	std	Y+40, r24	; 0x28
                    _delay_ms(4000);
                    //Geld aus Zwischenspeicher zurück auf Spielerkonto
                    for (uint8_t i = 1; i <= anzahlSpieler; i = i + 1)
    251a:	1e c0       	rjmp	.+60     	; 0x2558 <__stack+0x359>
    251c:	88 a5       	ldd	r24, Y+40	; 0x28
    251e:	48 2f       	mov	r20, r24
                    {
                        spielerInfo[i].geld = geldZwischenspeicher[i];
    2520:	50 e0       	ldi	r21, 0x00	; 0
    2522:	88 a5       	ldd	r24, Y+40	; 0x28
    2524:	88 2f       	mov	r24, r24
    2526:	90 e0       	ldi	r25, 0x00	; 0
    2528:	9e 01       	movw	r18, r28
    252a:	22 55       	subi	r18, 0x52	; 82
    252c:	3f 4f       	sbci	r19, 0xFF	; 255
    252e:	88 0f       	add	r24, r24
    2530:	99 1f       	adc	r25, r25
    2532:	82 0f       	add	r24, r18
    2534:	93 1f       	adc	r25, r19
    2536:	fc 01       	movw	r30, r24
    2538:	20 81       	ld	r18, Z
    253a:	31 81       	ldd	r19, Z+1	; 0x01
    253c:	65 e3       	ldi	r22, 0x35	; 53
    253e:	64 9f       	mul	r22, r20
    2540:	c0 01       	movw	r24, r0
    2542:	65 9f       	mul	r22, r21
    2544:	90 0d       	add	r25, r0
    2546:	11 24       	eor	r1, r1
    2548:	87 56       	subi	r24, 0x67	; 103
    254a:	99 4f       	sbci	r25, 0xF9	; 249
    254c:	fc 01       	movw	r30, r24
    254e:	31 83       	std	Z+1, r19	; 0x01
    2550:	20 83       	st	Z, r18
    2552:	88 a5       	ldd	r24, Y+40	; 0x28
    2554:	8f 5f       	subi	r24, 0xFF	; 255
                    clear();
                    writeText(0,0,"     nicht     ");
                    writeText(1,0,"   VERSTEIGERT  ");
                    _delay_ms(4000);
                    //Geld aus Zwischenspeicher zurück auf Spielerkonto
                    for (uint8_t i = 1; i <= anzahlSpieler; i = i + 1)
    2556:	88 a7       	std	Y+40, r24	; 0x28
    2558:	80 91 04 02 	lds	r24, 0x0204	; 0x800204 <anzahlSpieler>
    255c:	98 a5       	ldd	r25, Y+40	; 0x28
    255e:	89 17       	cp	r24, r25
    2560:	e8 f6       	brcc	.-70     	; 0x251c <__stack+0x31d>
    2562:	80 91 04 02 	lds	r24, 0x0204	; 0x800204 <anzahlSpieler>
                    {
                        spielerInfo[i].geld = geldZwischenspeicher[i];
                    }
                    //kontostand aktualisieren
                    updateKontostand(anzahlSpieler,spielerInfo);
    2566:	67 e6       	ldi	r22, 0x67	; 103
    2568:	76 e0       	ldi	r23, 0x06	; 6
    256a:	0e 94 dc 22 	call	0x45b8	; 0x45b8 <updateKontostand>
    256e:	19 a6       	std	Y+41, r1	; 0x29
    2570:	0d c0       	rjmp	.+26     	; 0x258c <__stack+0x38d>
                    //bieter array zurücksetzen
                    for (uint8_t i = 0; i < 6; i = i + 1)
    2572:	89 a5       	ldd	r24, Y+41	; 0x29
    2574:	88 2f       	mov	r24, r24
                    {
                        bieter[i] = 0;
    2576:	90 e0       	ldi	r25, 0x00	; 0
    2578:	9e 01       	movw	r18, r28
    257a:	2b 56       	subi	r18, 0x6B	; 107
    257c:	3f 4f       	sbci	r19, 0xFF	; 255
    257e:	82 0f       	add	r24, r18
    2580:	93 1f       	adc	r25, r19
    2582:	fc 01       	movw	r30, r24
    2584:	10 82       	st	Z, r1
    2586:	89 a5       	ldd	r24, Y+41	; 0x29
    2588:	8f 5f       	subi	r24, 0xFF	; 255
                        spielerInfo[i].geld = geldZwischenspeicher[i];
                    }
                    //kontostand aktualisieren
                    updateKontostand(anzahlSpieler,spielerInfo);
                    //bieter array zurücksetzen
                    for (uint8_t i = 0; i < 6; i = i + 1)
    258a:	89 a7       	std	Y+41, r24	; 0x29
    258c:	89 a5       	ldd	r24, Y+41	; 0x29
    258e:	86 30       	cpi	r24, 0x06	; 6
    2590:	80 f3       	brcs	.-32     	; 0x2572 <__stack+0x373>
    2592:	1d 86       	std	Y+13, r1	; 0x0d
    2594:	81 e0       	ldi	r24, 0x01	; 1
                    {
                        bieter[i] = 0;
                    }
                    //flags setzen
                    updateLCD = 0;
    2596:	8c 87       	std	Y+12, r24	; 0x0c
                    flagVersteigert = 1;
    2598:	82 e0       	ldi	r24, 0x02	; 2
    259a:	80 93 65 06 	sts	0x0665, r24	; 0x800665 <zustand>
                    //zum spiel zurückkehren
                    zustand = SPIEL;
    259e:	d9 c6       	rjmp	.+3506   	; 0x3352 <__stack+0x1153>
    25a0:	1a a6       	std	Y+42, r1	; 0x2a
                }
            }
            break;
    25a2:	0e c0       	rjmp	.+28     	; 0x25c0 <__stack+0x3c1>
            case BAUEN:
            //Felder nach vollen Farbgruppen absuchen~~~~~~~~~~~~~~~~~~~~~~~~~
            for (uint8_t i = 0; i < 8; i = i + 1)//Alle Farbgruppen werden als voll markiert
    25a4:	8a a5       	ldd	r24, Y+42	; 0x2a
    25a6:	88 2f       	mov	r24, r24
            {
                volleFarbgruppen[i] = 1;
    25a8:	90 e0       	ldi	r25, 0x00	; 0
    25aa:	9e 01       	movw	r18, r28
    25ac:	2d 55       	subi	r18, 0x5D	; 93
    25ae:	3f 4f       	sbci	r19, 0xFF	; 255
    25b0:	82 0f       	add	r24, r18
    25b2:	93 1f       	adc	r25, r19
    25b4:	21 e0       	ldi	r18, 0x01	; 1
    25b6:	fc 01       	movw	r30, r24
    25b8:	20 83       	st	Z, r18
    25ba:	8a a5       	ldd	r24, Y+42	; 0x2a
    25bc:	8f 5f       	subi	r24, 0xFF	; 255
                }
            }
            break;
            case BAUEN:
            //Felder nach vollen Farbgruppen absuchen~~~~~~~~~~~~~~~~~~~~~~~~~
            for (uint8_t i = 0; i < 8; i = i + 1)//Alle Farbgruppen werden als voll markiert
    25be:	8a a7       	std	Y+42, r24	; 0x2a
    25c0:	8a a5       	ldd	r24, Y+42	; 0x2a
    25c2:	88 30       	cpi	r24, 0x08	; 8
    25c4:	78 f3       	brcs	.-34     	; 0x25a4 <__stack+0x3a5>
    25c6:	1b a6       	std	Y+43, r1	; 0x2b
    25c8:	7c c6       	rjmp	.+3320   	; 0x32c2 <__stack+0x10c3>
            {
                volleFarbgruppen[i] = 1;
            }
            for (uint8_t i = 0;  i < 8; i = i + 1)
    25ca:	81 e0       	ldi	r24, 0x01	; 1
    25cc:	89 8b       	std	Y+17, r24	; 0x11
            {
                flagFarbgruppeKomplett = 1;
    25ce:	8b a5       	ldd	r24, Y+43	; 0x2b
    25d0:	88 2f       	mov	r24, r24
                if (spielfeld[farbgruppenErstesFeld[i]].besitzer == spielerAmZug) //überprüft ob erstes feld einer Farbgrup0pe dem Spieler gehört
    25d2:	90 e0       	ldi	r25, 0x00	; 0
    25d4:	9e 01       	movw	r18, r28
    25d6:	25 56       	subi	r18, 0x65	; 101
    25d8:	3f 4f       	sbci	r19, 0xFF	; 255
    25da:	82 0f       	add	r24, r18
    25dc:	93 1f       	adc	r25, r19
    25de:	fc 01       	movw	r30, r24
    25e0:	80 81       	ld	r24, Z
    25e2:	48 2f       	mov	r20, r24
    25e4:	50 e0       	ldi	r21, 0x00	; 0
    25e6:	9e 01       	movw	r18, r28
    25e8:	28 54       	subi	r18, 0x48	; 72
    25ea:	3f 4f       	sbci	r19, 0xFF	; 255
    25ec:	60 e5       	ldi	r22, 0x50	; 80
    25ee:	64 9f       	mul	r22, r20
    25f0:	c0 01       	movw	r24, r0
    25f2:	65 9f       	mul	r22, r21
    25f4:	90 0d       	add	r25, r0
    25f6:	11 24       	eor	r1, r1
    25f8:	82 0f       	add	r24, r18
    25fa:	93 1f       	adc	r25, r19
    25fc:	8d 5b       	subi	r24, 0xBD	; 189
    25fe:	9f 4f       	sbci	r25, 0xFF	; 255
    2600:	fc 01       	movw	r30, r24
    2602:	90 81       	ld	r25, Z
    2604:	89 81       	ldd	r24, Y+1	; 0x01
    2606:	98 17       	cp	r25, r24
    2608:	09 f0       	breq	.+2      	; 0x260c <__stack+0x40d>
    260a:	58 c6       	rjmp	.+3248   	; 0x32bc <__stack+0x10bd>
    260c:	1c a6       	std	Y+44, r1	; 0x2c
    260e:	64 c0       	rjmp	.+200    	; 0x26d8 <__stack+0x4d9>
                {
                    for (uint8_t j = 0; j < 3; j = j + 1)//Prüft ob Farbgruppen tatsächlich voll sind
    2610:	8b a5       	ldd	r24, Y+43	; 0x2b
    2612:	88 2f       	mov	r24, r24
                    {
                        if ((!(spielfeld[spielfeld[farbgruppenErstesFeld[i]].farbgruppenFelder[j]].besitzer == spielerAmZug)) && (spielfeld[farbgruppenErstesFeld[i]].farbgruppenFelder[j]))//prüft alle Felder der Farbgruppe
    2614:	90 e0       	ldi	r25, 0x00	; 0
    2616:	9e 01       	movw	r18, r28
    2618:	25 56       	subi	r18, 0x65	; 101
    261a:	3f 4f       	sbci	r19, 0xFF	; 255
    261c:	82 0f       	add	r24, r18
    261e:	93 1f       	adc	r25, r19
    2620:	fc 01       	movw	r30, r24
    2622:	80 81       	ld	r24, Z
    2624:	68 2f       	mov	r22, r24
    2626:	70 e0       	ldi	r23, 0x00	; 0
    2628:	8c a5       	ldd	r24, Y+44	; 0x2c
    262a:	88 2f       	mov	r24, r24
    262c:	90 e0       	ldi	r25, 0x00	; 0
    262e:	ae 01       	movw	r20, r28
    2630:	48 54       	subi	r20, 0x48	; 72
    2632:	5f 4f       	sbci	r21, 0xFF	; 255
    2634:	e0 e5       	ldi	r30, 0x50	; 80
    2636:	e6 9f       	mul	r30, r22
    2638:	90 01       	movw	r18, r0
    263a:	e7 9f       	mul	r30, r23
    263c:	30 0d       	add	r19, r0
    263e:	11 24       	eor	r1, r1
    2640:	24 0f       	add	r18, r20
    2642:	35 1f       	adc	r19, r21
    2644:	82 0f       	add	r24, r18
    2646:	93 1f       	adc	r25, r19
    2648:	8b 5b       	subi	r24, 0xBB	; 187
    264a:	9f 4f       	sbci	r25, 0xFF	; 255
    264c:	fc 01       	movw	r30, r24
    264e:	80 81       	ld	r24, Z
    2650:	48 2f       	mov	r20, r24
    2652:	50 e0       	ldi	r21, 0x00	; 0
    2654:	9e 01       	movw	r18, r28
    2656:	28 54       	subi	r18, 0x48	; 72
    2658:	3f 4f       	sbci	r19, 0xFF	; 255
    265a:	60 e5       	ldi	r22, 0x50	; 80
    265c:	64 9f       	mul	r22, r20
    265e:	c0 01       	movw	r24, r0
    2660:	65 9f       	mul	r22, r21
    2662:	90 0d       	add	r25, r0
    2664:	11 24       	eor	r1, r1
    2666:	82 0f       	add	r24, r18
    2668:	93 1f       	adc	r25, r19
    266a:	8d 5b       	subi	r24, 0xBD	; 189
    266c:	9f 4f       	sbci	r25, 0xFF	; 255
    266e:	fc 01       	movw	r30, r24
    2670:	90 81       	ld	r25, Z
    2672:	89 81       	ldd	r24, Y+1	; 0x01
    2674:	98 17       	cp	r25, r24
    2676:	69 f1       	breq	.+90     	; 0x26d2 <__stack+0x4d3>
    2678:	8b a5       	ldd	r24, Y+43	; 0x2b
    267a:	88 2f       	mov	r24, r24
    267c:	90 e0       	ldi	r25, 0x00	; 0
    267e:	9e 01       	movw	r18, r28
    2680:	25 56       	subi	r18, 0x65	; 101
    2682:	3f 4f       	sbci	r19, 0xFF	; 255
    2684:	82 0f       	add	r24, r18
    2686:	93 1f       	adc	r25, r19
    2688:	fc 01       	movw	r30, r24
    268a:	80 81       	ld	r24, Z
    268c:	68 2f       	mov	r22, r24
    268e:	70 e0       	ldi	r23, 0x00	; 0
    2690:	8c a5       	ldd	r24, Y+44	; 0x2c
    2692:	88 2f       	mov	r24, r24
    2694:	90 e0       	ldi	r25, 0x00	; 0
    2696:	ae 01       	movw	r20, r28
    2698:	48 54       	subi	r20, 0x48	; 72
    269a:	5f 4f       	sbci	r21, 0xFF	; 255
    269c:	e0 e5       	ldi	r30, 0x50	; 80
    269e:	e6 9f       	mul	r30, r22
    26a0:	90 01       	movw	r18, r0
    26a2:	e7 9f       	mul	r30, r23
    26a4:	30 0d       	add	r19, r0
    26a6:	11 24       	eor	r1, r1
    26a8:	24 0f       	add	r18, r20
    26aa:	35 1f       	adc	r19, r21
    26ac:	82 0f       	add	r24, r18
    26ae:	93 1f       	adc	r25, r19
    26b0:	8b 5b       	subi	r24, 0xBB	; 187
    26b2:	9f 4f       	sbci	r25, 0xFF	; 255
    26b4:	fc 01       	movw	r30, r24
    26b6:	80 81       	ld	r24, Z
    26b8:	88 23       	and	r24, r24
    26ba:	59 f0       	breq	.+22     	; 0x26d2 <__stack+0x4d3>
    26bc:	19 8a       	std	Y+17, r1	; 0x11
    26be:	8b a5       	ldd	r24, Y+43	; 0x2b
                        {
                            flagFarbgruppeKomplett = 0; //setzt flag auf 0 wenn ein Feld nicht dem Spieler gehört
    26c0:	88 2f       	mov	r24, r24
                            volleFarbgruppen[i] = 0; //Markiert Farbgruppe als unvollständig
    26c2:	90 e0       	ldi	r25, 0x00	; 0
    26c4:	9e 01       	movw	r18, r28
    26c6:	2d 55       	subi	r18, 0x5D	; 93
    26c8:	3f 4f       	sbci	r19, 0xFF	; 255
    26ca:	82 0f       	add	r24, r18
    26cc:	93 1f       	adc	r25, r19
    26ce:	fc 01       	movw	r30, r24
    26d0:	10 82       	st	Z, r1
    26d2:	8c a5       	ldd	r24, Y+44	; 0x2c
    26d4:	8f 5f       	subi	r24, 0xFF	; 255
            for (uint8_t i = 0;  i < 8; i = i + 1)
            {
                flagFarbgruppeKomplett = 1;
                if (spielfeld[farbgruppenErstesFeld[i]].besitzer == spielerAmZug) //überprüft ob erstes feld einer Farbgrup0pe dem Spieler gehört
                {
                    for (uint8_t j = 0; j < 3; j = j + 1)//Prüft ob Farbgruppen tatsächlich voll sind
    26d6:	8c a7       	std	Y+44, r24	; 0x2c
    26d8:	8c a5       	ldd	r24, Y+44	; 0x2c
    26da:	83 30       	cpi	r24, 0x03	; 3
    26dc:	08 f4       	brcc	.+2      	; 0x26e0 <__stack+0x4e1>
    26de:	98 cf       	rjmp	.-208    	; 0x2610 <__stack+0x411>
    26e0:	89 89       	ldd	r24, Y+17	; 0x11
    26e2:	88 23       	and	r24, r24
                        {
                            flagFarbgruppeKomplett = 0; //setzt flag auf 0 wenn ein Feld nicht dem Spieler gehört
                            volleFarbgruppen[i] = 0; //Markiert Farbgruppe als unvollständig
                        }
                    }
                    if (flagFarbgruppeKomplett)//Wenn farbgruppe komplett
    26e4:	09 f4       	brne	.+2      	; 0x26e8 <__stack+0x4e9>
    26e6:	ea c5       	rjmp	.+3028   	; 0x32bc <__stack+0x10bd>
    26e8:	1d 86       	std	Y+13, r1	; 0x0d
    26ea:	8b a5       	ldd	r24, Y+43	; 0x2b
                    {
                        updateLCD = 0;
    26ec:	88 2f       	mov	r24, r24
                        //nächstes Feld
                        feldNummer = farbgruppenErstesFeld[i];
    26ee:	90 e0       	ldi	r25, 0x00	; 0
    26f0:	9e 01       	movw	r18, r28
    26f2:	25 56       	subi	r18, 0x65	; 101
    26f4:	3f 4f       	sbci	r19, 0xFF	; 255
    26f6:	82 0f       	add	r24, r18
    26f8:	93 1f       	adc	r25, r19
    26fa:	fc 01       	movw	r30, r24
    26fc:	80 81       	ld	r24, Z
    26fe:	8b 8b       	std	Y+19, r24	; 0x13
    2700:	d6 c5       	rjmp	.+2988   	; 0x32ae <__stack+0x10af>
    2702:	80 91 72 07 	lds	r24, 0x0772	; 0x800772 <tasteNeu>
                        while (!(positiveFlanke & TASTE_D))
                        {
                            //Flankenerkennung
                            tasteAlt = tasteNeu;
    2706:	90 91 73 07 	lds	r25, 0x0773	; 0x800773 <tasteNeu+0x1>
    270a:	90 93 71 07 	sts	0x0771, r25	; 0x800771 <tasteAlt+0x1>
    270e:	80 93 70 07 	sts	0x0770, r24	; 0x800770 <tasteAlt>
    2712:	10 92 73 07 	sts	0x0773, r1	; 0x800773 <tasteNeu+0x1>
                            tasteNeu = 0;
    2716:	10 92 72 07 	sts	0x0772, r1	; 0x800772 <tasteNeu>
    271a:	89 e0       	ldi	r24, 0x09	; 9
    271c:	91 e0       	ldi	r25, 0x01	; 1
                            tasteNeu = (PINL << 8) | PINK;
    271e:	fc 01       	movw	r30, r24
    2720:	80 81       	ld	r24, Z
    2722:	88 2f       	mov	r24, r24
    2724:	90 e0       	ldi	r25, 0x00	; 0
    2726:	38 2f       	mov	r19, r24
    2728:	22 27       	eor	r18, r18
    272a:	86 e0       	ldi	r24, 0x06	; 6
    272c:	91 e0       	ldi	r25, 0x01	; 1
    272e:	fc 01       	movw	r30, r24
    2730:	80 81       	ld	r24, Z
    2732:	88 2f       	mov	r24, r24
    2734:	90 e0       	ldi	r25, 0x00	; 0
    2736:	82 2b       	or	r24, r18
    2738:	93 2b       	or	r25, r19
    273a:	90 93 73 07 	sts	0x0773, r25	; 0x800773 <tasteNeu+0x1>
    273e:	80 93 72 07 	sts	0x0772, r24	; 0x800772 <tasteNeu>
    2742:	80 91 70 07 	lds	r24, 0x0770	; 0x800770 <tasteAlt>
                            positiveFlanke = (tasteAlt ^ tasteNeu) & tasteNeu;
    2746:	90 91 71 07 	lds	r25, 0x0771	; 0x800771 <tasteAlt+0x1>
    274a:	9c 01       	movw	r18, r24
    274c:	20 95       	com	r18
    274e:	30 95       	com	r19
    2750:	80 91 72 07 	lds	r24, 0x0772	; 0x800772 <tasteNeu>
    2754:	90 91 73 07 	lds	r25, 0x0773	; 0x800773 <tasteNeu+0x1>
    2758:	82 23       	and	r24, r18
    275a:	93 23       	and	r25, r19
    275c:	90 93 64 06 	sts	0x0664, r25	; 0x800664 <positiveFlanke+0x1>
    2760:	80 93 63 06 	sts	0x0663, r24	; 0x800663 <positiveFlanke>
    2764:	8f ef       	ldi	r24, 0xFF	; 255
    2766:	8c 8b       	std	Y+20, r24	; 0x14
                            minHaeuser = 255;
    2768:	1d 8a       	std	Y+21, r1	; 0x15
    276a:	1d a6       	std	Y+45, r1	; 0x2d
                            maxHaeuser = 0;
    276c:	64 c0       	rjmp	.+200    	; 0x2836 <__stack+0x637>
                            for (uint8_t j = 0; j < 3; j = j + 1)
    276e:	8b a5       	ldd	r24, Y+43	; 0x2b
    2770:	88 2f       	mov	r24, r24
                            {
                                if (spielfeld[farbgruppenErstesFeld[i]].farbgruppenFelder[j] > 0)
    2772:	90 e0       	ldi	r25, 0x00	; 0
    2774:	9e 01       	movw	r18, r28
    2776:	25 56       	subi	r18, 0x65	; 101
    2778:	3f 4f       	sbci	r19, 0xFF	; 255
    277a:	82 0f       	add	r24, r18
    277c:	93 1f       	adc	r25, r19
    277e:	fc 01       	movw	r30, r24
    2780:	80 81       	ld	r24, Z
    2782:	68 2f       	mov	r22, r24
    2784:	70 e0       	ldi	r23, 0x00	; 0
    2786:	8d a5       	ldd	r24, Y+45	; 0x2d
    2788:	88 2f       	mov	r24, r24
    278a:	90 e0       	ldi	r25, 0x00	; 0
    278c:	ae 01       	movw	r20, r28
    278e:	48 54       	subi	r20, 0x48	; 72
    2790:	5f 4f       	sbci	r21, 0xFF	; 255
    2792:	e0 e5       	ldi	r30, 0x50	; 80
    2794:	e6 9f       	mul	r30, r22
    2796:	90 01       	movw	r18, r0
    2798:	e7 9f       	mul	r30, r23
    279a:	30 0d       	add	r19, r0
    279c:	11 24       	eor	r1, r1
    279e:	24 0f       	add	r18, r20
    27a0:	35 1f       	adc	r19, r21
    27a2:	82 0f       	add	r24, r18
    27a4:	93 1f       	adc	r25, r19
    27a6:	8b 5b       	subi	r24, 0xBB	; 187
    27a8:	9f 4f       	sbci	r25, 0xFF	; 255
    27aa:	fc 01       	movw	r30, r24
    27ac:	80 81       	ld	r24, Z
    27ae:	88 23       	and	r24, r24
    27b0:	09 f4       	brne	.+2      	; 0x27b4 <__stack+0x5b5>
    27b2:	3e c0       	rjmp	.+124    	; 0x2830 <__stack+0x631>
    27b4:	8b a5       	ldd	r24, Y+43	; 0x2b
    27b6:	88 2f       	mov	r24, r24
                                {
                                    haeuser = spielfeld[spielfeld[farbgruppenErstesFeld[i]].farbgruppenFelder[j]].anzahlHaeuser;
    27b8:	90 e0       	ldi	r25, 0x00	; 0
    27ba:	9e 01       	movw	r18, r28
    27bc:	25 56       	subi	r18, 0x65	; 101
    27be:	3f 4f       	sbci	r19, 0xFF	; 255
    27c0:	82 0f       	add	r24, r18
    27c2:	93 1f       	adc	r25, r19
    27c4:	fc 01       	movw	r30, r24
    27c6:	80 81       	ld	r24, Z
    27c8:	68 2f       	mov	r22, r24
    27ca:	70 e0       	ldi	r23, 0x00	; 0
    27cc:	8d a5       	ldd	r24, Y+45	; 0x2d
    27ce:	88 2f       	mov	r24, r24
    27d0:	90 e0       	ldi	r25, 0x00	; 0
    27d2:	ae 01       	movw	r20, r28
    27d4:	48 54       	subi	r20, 0x48	; 72
    27d6:	5f 4f       	sbci	r21, 0xFF	; 255
    27d8:	e0 e5       	ldi	r30, 0x50	; 80
    27da:	e6 9f       	mul	r30, r22
    27dc:	90 01       	movw	r18, r0
    27de:	e7 9f       	mul	r30, r23
    27e0:	30 0d       	add	r19, r0
    27e2:	11 24       	eor	r1, r1
    27e4:	24 0f       	add	r18, r20
    27e6:	35 1f       	adc	r19, r21
    27e8:	82 0f       	add	r24, r18
    27ea:	93 1f       	adc	r25, r19
    27ec:	8b 5b       	subi	r24, 0xBB	; 187
    27ee:	9f 4f       	sbci	r25, 0xFF	; 255
    27f0:	fc 01       	movw	r30, r24
    27f2:	80 81       	ld	r24, Z
    27f4:	48 2f       	mov	r20, r24
    27f6:	50 e0       	ldi	r21, 0x00	; 0
    27f8:	9e 01       	movw	r18, r28
    27fa:	28 54       	subi	r18, 0x48	; 72
    27fc:	3f 4f       	sbci	r19, 0xFF	; 255
    27fe:	60 e5       	ldi	r22, 0x50	; 80
    2800:	64 9f       	mul	r22, r20
    2802:	c0 01       	movw	r24, r0
    2804:	65 9f       	mul	r22, r21
    2806:	90 0d       	add	r25, r0
    2808:	11 24       	eor	r1, r1
    280a:	82 0f       	add	r24, r18
    280c:	93 1f       	adc	r25, r19
    280e:	86 5b       	subi	r24, 0xB6	; 182
    2810:	9f 4f       	sbci	r25, 0xFF	; 255
    2812:	fc 01       	movw	r30, r24
    2814:	80 81       	ld	r24, Z
    2816:	8c ab       	std	Y+52, r24	; 0x34
    2818:	9c a9       	ldd	r25, Y+52	; 0x34
    281a:	8c 89       	ldd	r24, Y+20	; 0x14
                                    if ((haeuser < minHaeuser))
    281c:	98 17       	cp	r25, r24
    281e:	10 f4       	brcc	.+4      	; 0x2824 <__stack+0x625>
    2820:	8c a9       	ldd	r24, Y+52	; 0x34
    2822:	8c 8b       	std	Y+20, r24	; 0x14
                                    {
                                        minHaeuser = haeuser;
    2824:	9c a9       	ldd	r25, Y+52	; 0x34
    2826:	8d 89       	ldd	r24, Y+21	; 0x15
                                    }
                                    if (haeuser > maxHaeuser)
    2828:	89 17       	cp	r24, r25
    282a:	10 f4       	brcc	.+4      	; 0x2830 <__stack+0x631>
    282c:	8c a9       	ldd	r24, Y+52	; 0x34
    282e:	8d 8b       	std	Y+21, r24	; 0x15
                                    {
                                        maxHaeuser = haeuser;
    2830:	8d a5       	ldd	r24, Y+45	; 0x2d
    2832:	8f 5f       	subi	r24, 0xFF	; 255
                            tasteNeu = 0;
                            tasteNeu = (PINL << 8) | PINK;
                            positiveFlanke = (tasteAlt ^ tasteNeu) & tasteNeu;
                            minHaeuser = 255;
                            maxHaeuser = 0;
                            for (uint8_t j = 0; j < 3; j = j + 1)
    2834:	8d a7       	std	Y+45, r24	; 0x2d
    2836:	8d a5       	ldd	r24, Y+45	; 0x2d
    2838:	83 30       	cpi	r24, 0x03	; 3
    283a:	08 f4       	brcc	.+2      	; 0x283e <__stack+0x63f>
    283c:	98 cf       	rjmp	.-208    	; 0x276e <__stack+0x56f>
    283e:	1e a6       	std	Y+46, r1	; 0x2e
    2840:	7d c0       	rjmp	.+250    	; 0x293c <__stack+0x73d>
                                    {
                                        maxHaeuser = haeuser;
                                    }
                                }
                            }
                            for (uint8_t j = 0; j < 3; j = j + 1)
    2842:	8b a5       	ldd	r24, Y+43	; 0x2b
    2844:	88 2f       	mov	r24, r24
                            {
                                haeuser = spielfeld[spielfeld[farbgruppenErstesFeld[i]].farbgruppenFelder[j]].anzahlHaeuser;
    2846:	90 e0       	ldi	r25, 0x00	; 0
    2848:	9e 01       	movw	r18, r28
    284a:	25 56       	subi	r18, 0x65	; 101
    284c:	3f 4f       	sbci	r19, 0xFF	; 255
    284e:	82 0f       	add	r24, r18
    2850:	93 1f       	adc	r25, r19
    2852:	fc 01       	movw	r30, r24
    2854:	80 81       	ld	r24, Z
    2856:	68 2f       	mov	r22, r24
    2858:	70 e0       	ldi	r23, 0x00	; 0
    285a:	8e a5       	ldd	r24, Y+46	; 0x2e
    285c:	88 2f       	mov	r24, r24
    285e:	90 e0       	ldi	r25, 0x00	; 0
    2860:	ae 01       	movw	r20, r28
    2862:	48 54       	subi	r20, 0x48	; 72
    2864:	5f 4f       	sbci	r21, 0xFF	; 255
    2866:	e0 e5       	ldi	r30, 0x50	; 80
    2868:	e6 9f       	mul	r30, r22
    286a:	90 01       	movw	r18, r0
    286c:	e7 9f       	mul	r30, r23
    286e:	30 0d       	add	r19, r0
    2870:	11 24       	eor	r1, r1
    2872:	24 0f       	add	r18, r20
    2874:	35 1f       	adc	r19, r21
    2876:	82 0f       	add	r24, r18
    2878:	93 1f       	adc	r25, r19
    287a:	8b 5b       	subi	r24, 0xBB	; 187
    287c:	9f 4f       	sbci	r25, 0xFF	; 255
    287e:	fc 01       	movw	r30, r24
    2880:	80 81       	ld	r24, Z
    2882:	48 2f       	mov	r20, r24
    2884:	50 e0       	ldi	r21, 0x00	; 0
    2886:	9e 01       	movw	r18, r28
    2888:	28 54       	subi	r18, 0x48	; 72
    288a:	3f 4f       	sbci	r19, 0xFF	; 255
    288c:	60 e5       	ldi	r22, 0x50	; 80
    288e:	64 9f       	mul	r22, r20
    2890:	c0 01       	movw	r24, r0
    2892:	65 9f       	mul	r22, r21
    2894:	90 0d       	add	r25, r0
    2896:	11 24       	eor	r1, r1
    2898:	82 0f       	add	r24, r18
    289a:	93 1f       	adc	r25, r19
    289c:	86 5b       	subi	r24, 0xB6	; 182
    289e:	9f 4f       	sbci	r25, 0xFF	; 255
    28a0:	fc 01       	movw	r30, r24
    28a2:	80 81       	ld	r24, Z
    28a4:	8c ab       	std	Y+52, r24	; 0x34
    28a6:	9c a9       	ldd	r25, Y+52	; 0x34
    28a8:	8d 89       	ldd	r24, Y+21	; 0x15
                                if (haeuser == maxHaeuser)
    28aa:	98 17       	cp	r25, r24
    28ac:	61 f4       	brne	.+24     	; 0x28c6 <__stack+0x6c7>
    28ae:	8e a5       	ldd	r24, Y+46	; 0x2e
    28b0:	88 2f       	mov	r24, r24
                                {
                                    anzahlHauser[j] = 1;
    28b2:	90 e0       	ldi	r25, 0x00	; 0
    28b4:	9e 01       	movw	r18, r28
    28b6:	25 55       	subi	r18, 0x55	; 85
    28b8:	3f 4f       	sbci	r19, 0xFF	; 255
    28ba:	82 0f       	add	r24, r18
    28bc:	93 1f       	adc	r25, r19
    28be:	21 e0       	ldi	r18, 0x01	; 1
    28c0:	fc 01       	movw	r30, r24
    28c2:	20 83       	st	Z, r18
    28c4:	38 c0       	rjmp	.+112    	; 0x2936 <__stack+0x737>
    28c6:	8b a5       	ldd	r24, Y+43	; 0x2b
    28c8:	88 2f       	mov	r24, r24
                                }
                                else if (spielfeld[farbgruppenErstesFeld[i]].farbgruppenFelder[j])
    28ca:	90 e0       	ldi	r25, 0x00	; 0
    28cc:	9e 01       	movw	r18, r28
    28ce:	25 56       	subi	r18, 0x65	; 101
    28d0:	3f 4f       	sbci	r19, 0xFF	; 255
    28d2:	82 0f       	add	r24, r18
    28d4:	93 1f       	adc	r25, r19
    28d6:	fc 01       	movw	r30, r24
    28d8:	80 81       	ld	r24, Z
    28da:	68 2f       	mov	r22, r24
    28dc:	70 e0       	ldi	r23, 0x00	; 0
    28de:	8e a5       	ldd	r24, Y+46	; 0x2e
    28e0:	88 2f       	mov	r24, r24
    28e2:	90 e0       	ldi	r25, 0x00	; 0
    28e4:	ae 01       	movw	r20, r28
    28e6:	48 54       	subi	r20, 0x48	; 72
    28e8:	5f 4f       	sbci	r21, 0xFF	; 255
    28ea:	e0 e5       	ldi	r30, 0x50	; 80
    28ec:	e6 9f       	mul	r30, r22
    28ee:	90 01       	movw	r18, r0
    28f0:	e7 9f       	mul	r30, r23
    28f2:	30 0d       	add	r19, r0
    28f4:	11 24       	eor	r1, r1
    28f6:	24 0f       	add	r18, r20
    28f8:	35 1f       	adc	r19, r21
    28fa:	82 0f       	add	r24, r18
    28fc:	93 1f       	adc	r25, r19
    28fe:	8b 5b       	subi	r24, 0xBB	; 187
    2900:	9f 4f       	sbci	r25, 0xFF	; 255
    2902:	fc 01       	movw	r30, r24
    2904:	80 81       	ld	r24, Z
    2906:	88 23       	and	r24, r24
    2908:	59 f0       	breq	.+22     	; 0x2920 <__stack+0x721>
    290a:	8e a5       	ldd	r24, Y+46	; 0x2e
    290c:	88 2f       	mov	r24, r24
                                {
                                    anzahlHauser[j] = 0;
    290e:	90 e0       	ldi	r25, 0x00	; 0
    2910:	9e 01       	movw	r18, r28
    2912:	25 55       	subi	r18, 0x55	; 85
    2914:	3f 4f       	sbci	r19, 0xFF	; 255
    2916:	82 0f       	add	r24, r18
    2918:	93 1f       	adc	r25, r19
    291a:	fc 01       	movw	r30, r24
    291c:	10 82       	st	Z, r1
    291e:	0b c0       	rjmp	.+22     	; 0x2936 <__stack+0x737>
    2920:	8e a5       	ldd	r24, Y+46	; 0x2e
    2922:	88 2f       	mov	r24, r24
                                }
                                else
                                {
                                    anzahlHauser[j] = 1;
    2924:	90 e0       	ldi	r25, 0x00	; 0
    2926:	9e 01       	movw	r18, r28
    2928:	25 55       	subi	r18, 0x55	; 85
    292a:	3f 4f       	sbci	r19, 0xFF	; 255
    292c:	82 0f       	add	r24, r18
    292e:	93 1f       	adc	r25, r19
    2930:	21 e0       	ldi	r18, 0x01	; 1
    2932:	fc 01       	movw	r30, r24
    2934:	20 83       	st	Z, r18
    2936:	8e a5       	ldd	r24, Y+46	; 0x2e
    2938:	8f 5f       	subi	r24, 0xFF	; 255
                                    {
                                        maxHaeuser = haeuser;
                                    }
                                }
                            }
                            for (uint8_t j = 0; j < 3; j = j + 1)
    293a:	8e a7       	std	Y+46, r24	; 0x2e
    293c:	8e a5       	ldd	r24, Y+46	; 0x2e
    293e:	83 30       	cpi	r24, 0x03	; 3
    2940:	08 f4       	brcc	.+2      	; 0x2944 <__stack+0x745>
    2942:	7f cf       	rjmp	.-258    	; 0x2842 <__stack+0x643>
    2944:	8d 85       	ldd	r24, Y+13	; 0x0d
    2946:	88 23       	and	r24, r24
                                    anzahlHauser[j] = 1;
                                }
                            }
                            
                            
                            if (!updateLCD)
    2948:	09 f0       	breq	.+2      	; 0x294c <__stack+0x74d>
    294a:	3f c0       	rjmp	.+126    	; 0x29ca <__stack+0x7cb>
    294c:	0e 94 05 01 	call	0x20a	; 0x20a <clear>
                            {
                                clear();//lcd leeren
    2950:	43 eb       	ldi	r20, 0xB3	; 179
    2952:	53 e0       	ldi	r21, 0x03	; 3
                                //spieler am zug anzeigen
                                writeText(0,0," Haus Bauen = S ");
    2954:	60 e0       	ldi	r22, 0x00	; 0
    2956:	80 e0       	ldi	r24, 0x00	; 0
    2958:	0e 94 23 01 	call	0x246	; 0x246 <writeText>
    295c:	8b 89       	ldd	r24, Y+19	; 0x13
    295e:	48 2f       	mov	r20, r24
                                writeText(1,0,spielfeld[feldNummer].name);
    2960:	50 e0       	ldi	r21, 0x00	; 0
    2962:	9e 01       	movw	r18, r28
    2964:	28 54       	subi	r18, 0x48	; 72
    2966:	3f 4f       	sbci	r19, 0xFF	; 255
    2968:	60 e5       	ldi	r22, 0x50	; 80
    296a:	64 9f       	mul	r22, r20
    296c:	c0 01       	movw	r24, r0
    296e:	65 9f       	mul	r22, r21
    2970:	90 0d       	add	r25, r0
    2972:	11 24       	eor	r1, r1
    2974:	82 0f       	add	r24, r18
    2976:	93 1f       	adc	r25, r19
    2978:	ac 01       	movw	r20, r24
    297a:	60 e0       	ldi	r22, 0x00	; 0
    297c:	81 e0       	ldi	r24, 0x01	; 1
    297e:	0e 94 23 01 	call	0x246	; 0x246 <writeText>
    2982:	44 ec       	ldi	r20, 0xC4	; 196
    2984:	53 e0       	ldi	r21, 0x03	; 3
                                writeText(2,0,"  Verkaufen = < ");
    2986:	60 e0       	ldi	r22, 0x00	; 0
    2988:	82 e0       	ldi	r24, 0x02	; 2
    298a:	0e 94 23 01 	call	0x246	; 0x246 <writeText>
    298e:	8b a5       	ldd	r24, Y+43	; 0x2b
    2990:	88 2f       	mov	r24, r24
                                /*writeText(1,0," w"UE"rfeln A / B ");
                                writeText(2,0,"    weiter C    ");*/
                                gruppeAnzahlHaeuser = spielfeld[farbgruppenErstesFeld[i]].anzahlHaeuser; //holt die Anzahl Häuser
    2992:	90 e0       	ldi	r25, 0x00	; 0
    2994:	9e 01       	movw	r18, r28
    2996:	25 56       	subi	r18, 0x65	; 101
    2998:	3f 4f       	sbci	r19, 0xFF	; 255
    299a:	82 0f       	add	r24, r18
    299c:	93 1f       	adc	r25, r19
    299e:	fc 01       	movw	r30, r24
    29a0:	80 81       	ld	r24, Z
    29a2:	48 2f       	mov	r20, r24
    29a4:	50 e0       	ldi	r21, 0x00	; 0
    29a6:	9e 01       	movw	r18, r28
    29a8:	28 54       	subi	r18, 0x48	; 72
    29aa:	3f 4f       	sbci	r19, 0xFF	; 255
    29ac:	60 e5       	ldi	r22, 0x50	; 80
    29ae:	64 9f       	mul	r22, r20
    29b0:	c0 01       	movw	r24, r0
    29b2:	65 9f       	mul	r22, r21
    29b4:	90 0d       	add	r25, r0
    29b6:	11 24       	eor	r1, r1
    29b8:	82 0f       	add	r24, r18
    29ba:	93 1f       	adc	r25, r19
    29bc:	86 5b       	subi	r24, 0xB6	; 182
    29be:	9f 4f       	sbci	r25, 0xFF	; 255
    29c0:	fc 01       	movw	r30, r24
    29c2:	80 81       	ld	r24, Z
    29c4:	88 ab       	std	Y+48, r24	; 0x30
    29c6:	81 e0       	ldi	r24, 0x01	; 1
    29c8:	8d 87       	std	Y+13, r24	; 0x0d
                                updateLCD = 1;
    29ca:	80 91 63 06 	lds	r24, 0x0663	; 0x800663 <positiveFlanke>
                            }
                            if ((positiveFlanke & TASTE_S))//Haus Bauen~~~~~~~~~~~~~~~~~~~~~~~~
    29ce:	90 91 64 06 	lds	r25, 0x0664	; 0x800664 <positiveFlanke+0x1>
    29d2:	88 27       	eor	r24, r24
    29d4:	90 71       	andi	r25, 0x10	; 16
    29d6:	89 2b       	or	r24, r25
    29d8:	09 f4       	brne	.+2      	; 0x29dc <__stack+0x7dd>
    29da:	f0 c1       	rjmp	.+992    	; 0x2dbc <__stack+0xbbd>
    29dc:	ce 01       	movw	r24, r28
    29de:	85 55       	subi	r24, 0x55	; 85
                            {
                                //Wenn auf allen felder gebaut wurde, flags zurücksetzten
                                if (anzahlHauser[0] && anzahlHauser[1] && anzahlHauser[2])
    29e0:	9f 4f       	sbci	r25, 0xFF	; 255
    29e2:	fc 01       	movw	r30, r24
    29e4:	80 81       	ld	r24, Z
    29e6:	88 23       	and	r24, r24
    29e8:	e9 f0       	breq	.+58     	; 0x2a24 <__stack+0x825>
    29ea:	ce 01       	movw	r24, r28
    29ec:	85 55       	subi	r24, 0x55	; 85
    29ee:	9f 4f       	sbci	r25, 0xFF	; 255
    29f0:	fc 01       	movw	r30, r24
    29f2:	81 81       	ldd	r24, Z+1	; 0x01
    29f4:	88 23       	and	r24, r24
    29f6:	b1 f0       	breq	.+44     	; 0x2a24 <__stack+0x825>
    29f8:	ce 01       	movw	r24, r28
    29fa:	85 55       	subi	r24, 0x55	; 85
    29fc:	9f 4f       	sbci	r25, 0xFF	; 255
    29fe:	fc 01       	movw	r30, r24
    2a00:	82 81       	ldd	r24, Z+2	; 0x02
    2a02:	88 23       	and	r24, r24
    2a04:	79 f0       	breq	.+30     	; 0x2a24 <__stack+0x825>
    2a06:	ce 01       	movw	r24, r28
    2a08:	85 55       	subi	r24, 0x55	; 85
                                {
                                    anzahlHauser[0] = 0;
    2a0a:	9f 4f       	sbci	r25, 0xFF	; 255
    2a0c:	fc 01       	movw	r30, r24
    2a0e:	10 82       	st	Z, r1
    2a10:	ce 01       	movw	r24, r28
    2a12:	85 55       	subi	r24, 0x55	; 85
                                    anzahlHauser[1] = 0;
    2a14:	9f 4f       	sbci	r25, 0xFF	; 255
    2a16:	fc 01       	movw	r30, r24
    2a18:	11 82       	std	Z+1, r1	; 0x01
    2a1a:	ce 01       	movw	r24, r28
    2a1c:	85 55       	subi	r24, 0x55	; 85
                                    anzahlHauser[2] = 0;
    2a1e:	9f 4f       	sbci	r25, 0xFF	; 255
    2a20:	fc 01       	movw	r30, r24
    2a22:	12 82       	std	Z+2, r1	; 0x02
    2a24:	8a 89       	ldd	r24, Y+18	; 0x12
    2a26:	88 2f       	mov	r24, r24
                                }
                                switch (farbgruppenCounter)
    2a28:	90 e0       	ldi	r25, 0x00	; 0
    2a2a:	81 30       	cpi	r24, 0x01	; 1
    2a2c:	91 05       	cpc	r25, r1
    2a2e:	09 f4       	brne	.+2      	; 0x2a32 <__stack+0x833>
    2a30:	9a c0       	rjmp	.+308    	; 0x2b66 <__stack+0x967>
    2a32:	82 30       	cpi	r24, 0x02	; 2
    2a34:	91 05       	cpc	r25, r1
    2a36:	09 f4       	brne	.+2      	; 0x2a3a <__stack+0x83b>
    2a38:	29 c1       	rjmp	.+594    	; 0x2c8c <__stack+0xa8d>
    2a3a:	89 2b       	or	r24, r25
    2a3c:	09 f0       	breq	.+2      	; 0x2a40 <__stack+0x841>
    2a3e:	be c1       	rjmp	.+892    	; 0x2dbc <__stack+0xbbd>
    2a40:	ce 01       	movw	r24, r28
    2a42:	85 55       	subi	r24, 0x55	; 85
                                {
                                    case 0:
                                    if (!anzahlHauser[0])
    2a44:	9f 4f       	sbci	r25, 0xFF	; 255
    2a46:	fc 01       	movw	r30, r24
    2a48:	80 81       	ld	r24, Z
    2a4a:	88 23       	and	r24, r24
    2a4c:	09 f0       	breq	.+2      	; 0x2a50 <__stack+0x851>
    2a4e:	b1 c1       	rjmp	.+866    	; 0x2db2 <__stack+0xbb3>
    2a50:	8b 89       	ldd	r24, Y+19	; 0x13
    2a52:	48 2f       	mov	r20, r24
                                    {
                                        kaufStatus = geldUeberweisen(spielerAmZug,0,spielfeld[feldNummer].kostenHaus,10);
    2a54:	50 e0       	ldi	r21, 0x00	; 0
    2a56:	9e 01       	movw	r18, r28
    2a58:	28 54       	subi	r18, 0x48	; 72
    2a5a:	3f 4f       	sbci	r19, 0xFF	; 255
    2a5c:	60 e5       	ldi	r22, 0x50	; 80
    2a5e:	64 9f       	mul	r22, r20
    2a60:	c0 01       	movw	r24, r0
    2a62:	65 9f       	mul	r22, r21
    2a64:	90 0d       	add	r25, r0
    2a66:	11 24       	eor	r1, r1
    2a68:	82 0f       	add	r24, r18
    2a6a:	93 1f       	adc	r25, r19
    2a6c:	84 5b       	subi	r24, 0xB4	; 180
    2a6e:	9f 4f       	sbci	r25, 0xFF	; 255
    2a70:	fc 01       	movw	r30, r24
    2a72:	80 81       	ld	r24, Z
    2a74:	88 2f       	mov	r24, r24
    2a76:	90 e0       	ldi	r25, 0x00	; 0
    2a78:	2a e0       	ldi	r18, 0x0A	; 10
    2a7a:	ac 01       	movw	r20, r24
    2a7c:	60 e0       	ldi	r22, 0x00	; 0
    2a7e:	89 81       	ldd	r24, Y+1	; 0x01
    2a80:	0e 94 1c 3e 	call	0x7c38	; 0x7c38 <geldUeberweisen>
    2a84:	8e ab       	std	Y+54, r24	; 0x36
    2a86:	8b 89       	ldd	r24, Y+19	; 0x13
    2a88:	48 2f       	mov	r20, r24
                                        setHaus(spielfeld[feldNummer].hausnummer,spielfeld[feldNummer].anzahlHaeuser + 1); //Anzahl Häuser um 1 erhöhen
    2a8a:	50 e0       	ldi	r21, 0x00	; 0
    2a8c:	9e 01       	movw	r18, r28
    2a8e:	28 54       	subi	r18, 0x48	; 72
    2a90:	3f 4f       	sbci	r19, 0xFF	; 255
    2a92:	60 e5       	ldi	r22, 0x50	; 80
    2a94:	64 9f       	mul	r22, r20
    2a96:	c0 01       	movw	r24, r0
    2a98:	65 9f       	mul	r22, r21
    2a9a:	90 0d       	add	r25, r0
    2a9c:	11 24       	eor	r1, r1
    2a9e:	82 0f       	add	r24, r18
    2aa0:	93 1f       	adc	r25, r19
    2aa2:	86 5b       	subi	r24, 0xB6	; 182
    2aa4:	9f 4f       	sbci	r25, 0xFF	; 255
    2aa6:	fc 01       	movw	r30, r24
    2aa8:	80 81       	ld	r24, Z
    2aaa:	71 e0       	ldi	r23, 0x01	; 1
    2aac:	78 0f       	add	r23, r24
    2aae:	8b 89       	ldd	r24, Y+19	; 0x13
    2ab0:	48 2f       	mov	r20, r24
    2ab2:	50 e0       	ldi	r21, 0x00	; 0
    2ab4:	9e 01       	movw	r18, r28
    2ab6:	28 54       	subi	r18, 0x48	; 72
    2ab8:	3f 4f       	sbci	r19, 0xFF	; 255
    2aba:	60 e5       	ldi	r22, 0x50	; 80
    2abc:	64 9f       	mul	r22, r20
    2abe:	c0 01       	movw	r24, r0
    2ac0:	65 9f       	mul	r22, r21
    2ac2:	90 0d       	add	r25, r0
    2ac4:	11 24       	eor	r1, r1
    2ac6:	82 0f       	add	r24, r18
    2ac8:	93 1f       	adc	r25, r19
    2aca:	87 5b       	subi	r24, 0xB7	; 183
    2acc:	9f 4f       	sbci	r25, 0xFF	; 255
    2ace:	fc 01       	movw	r30, r24
    2ad0:	80 81       	ld	r24, Z
    2ad2:	67 2f       	mov	r22, r23
    2ad4:	1a d6       	rcall	.+3124   	; 0x370a <setHaus>
    2ad6:	8b 89       	ldd	r24, Y+19	; 0x13
    2ad8:	48 2f       	mov	r20, r24
                                        spielfeld[feldNummer].anzahlHaeuser = spielfeld[feldNummer].anzahlHaeuser + 1;//Neue anzahl Häuser speichern
    2ada:	50 e0       	ldi	r21, 0x00	; 0
    2adc:	8b 89       	ldd	r24, Y+19	; 0x13
    2ade:	68 2f       	mov	r22, r24
    2ae0:	70 e0       	ldi	r23, 0x00	; 0
    2ae2:	9e 01       	movw	r18, r28
    2ae4:	28 54       	subi	r18, 0x48	; 72
    2ae6:	3f 4f       	sbci	r19, 0xFF	; 255
    2ae8:	e0 e5       	ldi	r30, 0x50	; 80
    2aea:	e6 9f       	mul	r30, r22
    2aec:	c0 01       	movw	r24, r0
    2aee:	e7 9f       	mul	r30, r23
    2af0:	90 0d       	add	r25, r0
    2af2:	11 24       	eor	r1, r1
    2af4:	82 0f       	add	r24, r18
    2af6:	93 1f       	adc	r25, r19
    2af8:	86 5b       	subi	r24, 0xB6	; 182
    2afa:	9f 4f       	sbci	r25, 0xFF	; 255
    2afc:	fc 01       	movw	r30, r24
    2afe:	80 81       	ld	r24, Z
    2b00:	61 e0       	ldi	r22, 0x01	; 1
    2b02:	68 0f       	add	r22, r24
    2b04:	9e 01       	movw	r18, r28
    2b06:	28 54       	subi	r18, 0x48	; 72
    2b08:	3f 4f       	sbci	r19, 0xFF	; 255
    2b0a:	70 e5       	ldi	r23, 0x50	; 80
    2b0c:	74 9f       	mul	r23, r20
    2b0e:	c0 01       	movw	r24, r0
    2b10:	75 9f       	mul	r23, r21
    2b12:	90 0d       	add	r25, r0
    2b14:	11 24       	eor	r1, r1
    2b16:	82 0f       	add	r24, r18
    2b18:	93 1f       	adc	r25, r19
    2b1a:	86 5b       	subi	r24, 0xB6	; 182
    2b1c:	9f 4f       	sbci	r25, 0xFF	; 255
    2b1e:	fc 01       	movw	r30, r24
    2b20:	60 83       	st	Z, r22
    2b22:	ce 01       	movw	r24, r28
    2b24:	85 55       	subi	r24, 0x55	; 85
                                        anzahlHauser[0] = 1;
    2b26:	9f 4f       	sbci	r25, 0xFF	; 255
    2b28:	21 e0       	ldi	r18, 0x01	; 1
    2b2a:	fc 01       	movw	r30, r24
    2b2c:	20 83       	st	Z, r18
    2b2e:	8b 89       	ldd	r24, Y+19	; 0x13
    2b30:	48 2f       	mov	r20, r24
                                        if (spielfeld[feldNummer].anzahlHaeuser == 5)
    2b32:	50 e0       	ldi	r21, 0x00	; 0
    2b34:	9e 01       	movw	r18, r28
    2b36:	28 54       	subi	r18, 0x48	; 72
    2b38:	3f 4f       	sbci	r19, 0xFF	; 255
    2b3a:	60 e5       	ldi	r22, 0x50	; 80
    2b3c:	64 9f       	mul	r22, r20
    2b3e:	c0 01       	movw	r24, r0
    2b40:	65 9f       	mul	r22, r21
    2b42:	90 0d       	add	r25, r0
    2b44:	11 24       	eor	r1, r1
    2b46:	82 0f       	add	r24, r18
    2b48:	93 1f       	adc	r25, r19
    2b4a:	86 5b       	subi	r24, 0xB6	; 182
    2b4c:	9f 4f       	sbci	r25, 0xFF	; 255
    2b4e:	fc 01       	movw	r30, r24
    2b50:	80 81       	ld	r24, Z
    2b52:	85 30       	cpi	r24, 0x05	; 5
    2b54:	21 f4       	brne	.+8      	; 0x2b5e <__stack+0x95f>
    2b56:	8e 89       	ldd	r24, Y+22	; 0x16
    2b58:	84 50       	subi	r24, 0x04	; 4
                                        {
                                            haeuserImSpiel -= 4;
    2b5a:	8e 8b       	std	Y+22, r24	; 0x16
    2b5c:	2a c1       	rjmp	.+596    	; 0x2db2 <__stack+0xbb3>
    2b5e:	8e 89       	ldd	r24, Y+22	; 0x16
                                        else
                                        {
                                            haeuserImSpiel += 1;
                                        }
                                    }
                                	break;
    2b60:	8f 5f       	subi	r24, 0xFF	; 255
                                        {
                                            haeuserImSpiel -= 4;
                                        }
                                        else
                                        {
                                            haeuserImSpiel += 1;
    2b62:	8e 8b       	std	Y+22, r24	; 0x16
    2b64:	26 c1       	rjmp	.+588    	; 0x2db2 <__stack+0xbb3>
    2b66:	ce 01       	movw	r24, r28
                                        }
                                    }
                                	break;
    2b68:	85 55       	subi	r24, 0x55	; 85
                                    case 1:
                                    if (!anzahlHauser[1])
    2b6a:	9f 4f       	sbci	r25, 0xFF	; 255
    2b6c:	fc 01       	movw	r30, r24
    2b6e:	81 81       	ldd	r24, Z+1	; 0x01
    2b70:	88 23       	and	r24, r24
    2b72:	09 f0       	breq	.+2      	; 0x2b76 <__stack+0x977>
    2b74:	20 c1       	rjmp	.+576    	; 0x2db6 <__stack+0xbb7>
    2b76:	8b 89       	ldd	r24, Y+19	; 0x13
    2b78:	48 2f       	mov	r20, r24
                                    {
                                        kaufStatus = geldUeberweisen(spielerAmZug,0,spielfeld[feldNummer].kostenHaus,10);
    2b7a:	50 e0       	ldi	r21, 0x00	; 0
    2b7c:	9e 01       	movw	r18, r28
    2b7e:	28 54       	subi	r18, 0x48	; 72
    2b80:	3f 4f       	sbci	r19, 0xFF	; 255
    2b82:	60 e5       	ldi	r22, 0x50	; 80
    2b84:	64 9f       	mul	r22, r20
    2b86:	c0 01       	movw	r24, r0
    2b88:	65 9f       	mul	r22, r21
    2b8a:	90 0d       	add	r25, r0
    2b8c:	11 24       	eor	r1, r1
    2b8e:	82 0f       	add	r24, r18
    2b90:	93 1f       	adc	r25, r19
    2b92:	84 5b       	subi	r24, 0xB4	; 180
    2b94:	9f 4f       	sbci	r25, 0xFF	; 255
    2b96:	fc 01       	movw	r30, r24
    2b98:	80 81       	ld	r24, Z
    2b9a:	88 2f       	mov	r24, r24
    2b9c:	90 e0       	ldi	r25, 0x00	; 0
    2b9e:	2a e0       	ldi	r18, 0x0A	; 10
    2ba0:	ac 01       	movw	r20, r24
    2ba2:	60 e0       	ldi	r22, 0x00	; 0
    2ba4:	89 81       	ldd	r24, Y+1	; 0x01
    2ba6:	0e 94 1c 3e 	call	0x7c38	; 0x7c38 <geldUeberweisen>
    2baa:	8e ab       	std	Y+54, r24	; 0x36
    2bac:	8b 89       	ldd	r24, Y+19	; 0x13
    2bae:	48 2f       	mov	r20, r24
                                        setHaus(spielfeld[feldNummer].hausnummer,spielfeld[feldNummer].anzahlHaeuser + 1); //Anzahl Häuser um 1 erhöhen
    2bb0:	50 e0       	ldi	r21, 0x00	; 0
    2bb2:	9e 01       	movw	r18, r28
    2bb4:	28 54       	subi	r18, 0x48	; 72
    2bb6:	3f 4f       	sbci	r19, 0xFF	; 255
    2bb8:	60 e5       	ldi	r22, 0x50	; 80
    2bba:	64 9f       	mul	r22, r20
    2bbc:	c0 01       	movw	r24, r0
    2bbe:	65 9f       	mul	r22, r21
    2bc0:	90 0d       	add	r25, r0
    2bc2:	11 24       	eor	r1, r1
    2bc4:	82 0f       	add	r24, r18
    2bc6:	93 1f       	adc	r25, r19
    2bc8:	86 5b       	subi	r24, 0xB6	; 182
    2bca:	9f 4f       	sbci	r25, 0xFF	; 255
    2bcc:	fc 01       	movw	r30, r24
    2bce:	80 81       	ld	r24, Z
    2bd0:	71 e0       	ldi	r23, 0x01	; 1
    2bd2:	78 0f       	add	r23, r24
    2bd4:	8b 89       	ldd	r24, Y+19	; 0x13
    2bd6:	48 2f       	mov	r20, r24
    2bd8:	50 e0       	ldi	r21, 0x00	; 0
    2bda:	9e 01       	movw	r18, r28
    2bdc:	28 54       	subi	r18, 0x48	; 72
    2bde:	3f 4f       	sbci	r19, 0xFF	; 255
    2be0:	60 e5       	ldi	r22, 0x50	; 80
    2be2:	64 9f       	mul	r22, r20
    2be4:	c0 01       	movw	r24, r0
    2be6:	65 9f       	mul	r22, r21
    2be8:	90 0d       	add	r25, r0
    2bea:	11 24       	eor	r1, r1
    2bec:	82 0f       	add	r24, r18
    2bee:	93 1f       	adc	r25, r19
    2bf0:	87 5b       	subi	r24, 0xB7	; 183
    2bf2:	9f 4f       	sbci	r25, 0xFF	; 255
    2bf4:	fc 01       	movw	r30, r24
    2bf6:	80 81       	ld	r24, Z
    2bf8:	67 2f       	mov	r22, r23
    2bfa:	87 d5       	rcall	.+2830   	; 0x370a <setHaus>
    2bfc:	8b 89       	ldd	r24, Y+19	; 0x13
    2bfe:	48 2f       	mov	r20, r24
                                        spielfeld[feldNummer].anzahlHaeuser = spielfeld[feldNummer].anzahlHaeuser + 1;//Neue anzahl Häuser speichern
    2c00:	50 e0       	ldi	r21, 0x00	; 0
    2c02:	8b 89       	ldd	r24, Y+19	; 0x13
    2c04:	68 2f       	mov	r22, r24
    2c06:	70 e0       	ldi	r23, 0x00	; 0
    2c08:	9e 01       	movw	r18, r28
    2c0a:	28 54       	subi	r18, 0x48	; 72
    2c0c:	3f 4f       	sbci	r19, 0xFF	; 255
    2c0e:	e0 e5       	ldi	r30, 0x50	; 80
    2c10:	e6 9f       	mul	r30, r22
    2c12:	c0 01       	movw	r24, r0
    2c14:	e7 9f       	mul	r30, r23
    2c16:	90 0d       	add	r25, r0
    2c18:	11 24       	eor	r1, r1
    2c1a:	82 0f       	add	r24, r18
    2c1c:	93 1f       	adc	r25, r19
    2c1e:	86 5b       	subi	r24, 0xB6	; 182
    2c20:	9f 4f       	sbci	r25, 0xFF	; 255
    2c22:	fc 01       	movw	r30, r24
    2c24:	80 81       	ld	r24, Z
    2c26:	61 e0       	ldi	r22, 0x01	; 1
    2c28:	68 0f       	add	r22, r24
    2c2a:	9e 01       	movw	r18, r28
    2c2c:	28 54       	subi	r18, 0x48	; 72
    2c2e:	3f 4f       	sbci	r19, 0xFF	; 255
    2c30:	70 e5       	ldi	r23, 0x50	; 80
    2c32:	74 9f       	mul	r23, r20
    2c34:	c0 01       	movw	r24, r0
    2c36:	75 9f       	mul	r23, r21
    2c38:	90 0d       	add	r25, r0
    2c3a:	11 24       	eor	r1, r1
    2c3c:	82 0f       	add	r24, r18
    2c3e:	93 1f       	adc	r25, r19
    2c40:	86 5b       	subi	r24, 0xB6	; 182
    2c42:	9f 4f       	sbci	r25, 0xFF	; 255
    2c44:	fc 01       	movw	r30, r24
    2c46:	60 83       	st	Z, r22
    2c48:	ce 01       	movw	r24, r28
    2c4a:	85 55       	subi	r24, 0x55	; 85
                                        anzahlHauser[1] = 1;
    2c4c:	9f 4f       	sbci	r25, 0xFF	; 255
    2c4e:	21 e0       	ldi	r18, 0x01	; 1
    2c50:	fc 01       	movw	r30, r24
    2c52:	21 83       	std	Z+1, r18	; 0x01
    2c54:	8b 89       	ldd	r24, Y+19	; 0x13
    2c56:	48 2f       	mov	r20, r24
                                        if (spielfeld[feldNummer].anzahlHaeuser == 5)
    2c58:	50 e0       	ldi	r21, 0x00	; 0
    2c5a:	9e 01       	movw	r18, r28
    2c5c:	28 54       	subi	r18, 0x48	; 72
    2c5e:	3f 4f       	sbci	r19, 0xFF	; 255
    2c60:	60 e5       	ldi	r22, 0x50	; 80
    2c62:	64 9f       	mul	r22, r20
    2c64:	c0 01       	movw	r24, r0
    2c66:	65 9f       	mul	r22, r21
    2c68:	90 0d       	add	r25, r0
    2c6a:	11 24       	eor	r1, r1
    2c6c:	82 0f       	add	r24, r18
    2c6e:	93 1f       	adc	r25, r19
    2c70:	86 5b       	subi	r24, 0xB6	; 182
    2c72:	9f 4f       	sbci	r25, 0xFF	; 255
    2c74:	fc 01       	movw	r30, r24
    2c76:	80 81       	ld	r24, Z
    2c78:	85 30       	cpi	r24, 0x05	; 5
    2c7a:	21 f4       	brne	.+8      	; 0x2c84 <__stack+0xa85>
    2c7c:	8e 89       	ldd	r24, Y+22	; 0x16
    2c7e:	84 50       	subi	r24, 0x04	; 4
                                        {
                                            haeuserImSpiel -= 4;
    2c80:	8e 8b       	std	Y+22, r24	; 0x16
    2c82:	99 c0       	rjmp	.+306    	; 0x2db6 <__stack+0xbb7>
    2c84:	8e 89       	ldd	r24, Y+22	; 0x16
                                        else
                                        {
                                            haeuserImSpiel += 1;
                                        }
                                    }
                                    break;
    2c86:	8f 5f       	subi	r24, 0xFF	; 255
                                        {
                                            haeuserImSpiel -= 4;
                                        }
                                        else
                                        {
                                            haeuserImSpiel += 1;
    2c88:	8e 8b       	std	Y+22, r24	; 0x16
    2c8a:	95 c0       	rjmp	.+298    	; 0x2db6 <__stack+0xbb7>
    2c8c:	ce 01       	movw	r24, r28
                                        }
                                    }
                                    break;
    2c8e:	85 55       	subi	r24, 0x55	; 85
                                    case 2:
                                    if (!anzahlHauser[2])
    2c90:	9f 4f       	sbci	r25, 0xFF	; 255
    2c92:	fc 01       	movw	r30, r24
    2c94:	82 81       	ldd	r24, Z+2	; 0x02
    2c96:	88 23       	and	r24, r24
    2c98:	09 f0       	breq	.+2      	; 0x2c9c <__stack+0xa9d>
    2c9a:	8f c0       	rjmp	.+286    	; 0x2dba <__stack+0xbbb>
    2c9c:	8b 89       	ldd	r24, Y+19	; 0x13
    2c9e:	48 2f       	mov	r20, r24
                                    {
                                        kaufStatus = geldUeberweisen(spielerAmZug,0,spielfeld[feldNummer].kostenHaus,10);
    2ca0:	50 e0       	ldi	r21, 0x00	; 0
    2ca2:	9e 01       	movw	r18, r28
    2ca4:	28 54       	subi	r18, 0x48	; 72
    2ca6:	3f 4f       	sbci	r19, 0xFF	; 255
    2ca8:	60 e5       	ldi	r22, 0x50	; 80
    2caa:	64 9f       	mul	r22, r20
    2cac:	c0 01       	movw	r24, r0
    2cae:	65 9f       	mul	r22, r21
    2cb0:	90 0d       	add	r25, r0
    2cb2:	11 24       	eor	r1, r1
    2cb4:	82 0f       	add	r24, r18
    2cb6:	93 1f       	adc	r25, r19
    2cb8:	84 5b       	subi	r24, 0xB4	; 180
    2cba:	9f 4f       	sbci	r25, 0xFF	; 255
    2cbc:	fc 01       	movw	r30, r24
    2cbe:	80 81       	ld	r24, Z
    2cc0:	88 2f       	mov	r24, r24
    2cc2:	90 e0       	ldi	r25, 0x00	; 0
    2cc4:	2a e0       	ldi	r18, 0x0A	; 10
    2cc6:	ac 01       	movw	r20, r24
    2cc8:	60 e0       	ldi	r22, 0x00	; 0
    2cca:	89 81       	ldd	r24, Y+1	; 0x01
    2ccc:	0e 94 1c 3e 	call	0x7c38	; 0x7c38 <geldUeberweisen>
    2cd0:	8e ab       	std	Y+54, r24	; 0x36
    2cd2:	8b 89       	ldd	r24, Y+19	; 0x13
    2cd4:	48 2f       	mov	r20, r24
                                        setHaus(spielfeld[feldNummer].hausnummer,spielfeld[feldNummer].anzahlHaeuser + 1); //Anzahl Häuser um 1 erhöhen
    2cd6:	50 e0       	ldi	r21, 0x00	; 0
    2cd8:	9e 01       	movw	r18, r28
    2cda:	28 54       	subi	r18, 0x48	; 72
    2cdc:	3f 4f       	sbci	r19, 0xFF	; 255
    2cde:	60 e5       	ldi	r22, 0x50	; 80
    2ce0:	64 9f       	mul	r22, r20
    2ce2:	c0 01       	movw	r24, r0
    2ce4:	65 9f       	mul	r22, r21
    2ce6:	90 0d       	add	r25, r0
    2ce8:	11 24       	eor	r1, r1
    2cea:	82 0f       	add	r24, r18
    2cec:	93 1f       	adc	r25, r19
    2cee:	86 5b       	subi	r24, 0xB6	; 182
    2cf0:	9f 4f       	sbci	r25, 0xFF	; 255
    2cf2:	fc 01       	movw	r30, r24
    2cf4:	80 81       	ld	r24, Z
    2cf6:	71 e0       	ldi	r23, 0x01	; 1
    2cf8:	78 0f       	add	r23, r24
    2cfa:	8b 89       	ldd	r24, Y+19	; 0x13
    2cfc:	48 2f       	mov	r20, r24
    2cfe:	50 e0       	ldi	r21, 0x00	; 0
    2d00:	9e 01       	movw	r18, r28
    2d02:	28 54       	subi	r18, 0x48	; 72
    2d04:	3f 4f       	sbci	r19, 0xFF	; 255
    2d06:	60 e5       	ldi	r22, 0x50	; 80
    2d08:	64 9f       	mul	r22, r20
    2d0a:	c0 01       	movw	r24, r0
    2d0c:	65 9f       	mul	r22, r21
    2d0e:	90 0d       	add	r25, r0
    2d10:	11 24       	eor	r1, r1
    2d12:	82 0f       	add	r24, r18
    2d14:	93 1f       	adc	r25, r19
    2d16:	87 5b       	subi	r24, 0xB7	; 183
    2d18:	9f 4f       	sbci	r25, 0xFF	; 255
    2d1a:	fc 01       	movw	r30, r24
    2d1c:	80 81       	ld	r24, Z
    2d1e:	67 2f       	mov	r22, r23
    2d20:	f4 d4       	rcall	.+2536   	; 0x370a <setHaus>
    2d22:	8b 89       	ldd	r24, Y+19	; 0x13
    2d24:	48 2f       	mov	r20, r24
                                        spielfeld[feldNummer].anzahlHaeuser = spielfeld[feldNummer].anzahlHaeuser + 1;//Neue anzahl Häuser speichern
    2d26:	50 e0       	ldi	r21, 0x00	; 0
    2d28:	8b 89       	ldd	r24, Y+19	; 0x13
    2d2a:	68 2f       	mov	r22, r24
    2d2c:	70 e0       	ldi	r23, 0x00	; 0
    2d2e:	9e 01       	movw	r18, r28
    2d30:	28 54       	subi	r18, 0x48	; 72
    2d32:	3f 4f       	sbci	r19, 0xFF	; 255
    2d34:	e0 e5       	ldi	r30, 0x50	; 80
    2d36:	e6 9f       	mul	r30, r22
    2d38:	c0 01       	movw	r24, r0
    2d3a:	e7 9f       	mul	r30, r23
    2d3c:	90 0d       	add	r25, r0
    2d3e:	11 24       	eor	r1, r1
    2d40:	82 0f       	add	r24, r18
    2d42:	93 1f       	adc	r25, r19
    2d44:	86 5b       	subi	r24, 0xB6	; 182
    2d46:	9f 4f       	sbci	r25, 0xFF	; 255
    2d48:	fc 01       	movw	r30, r24
    2d4a:	80 81       	ld	r24, Z
    2d4c:	61 e0       	ldi	r22, 0x01	; 1
    2d4e:	68 0f       	add	r22, r24
    2d50:	9e 01       	movw	r18, r28
    2d52:	28 54       	subi	r18, 0x48	; 72
    2d54:	3f 4f       	sbci	r19, 0xFF	; 255
    2d56:	70 e5       	ldi	r23, 0x50	; 80
    2d58:	74 9f       	mul	r23, r20
    2d5a:	c0 01       	movw	r24, r0
    2d5c:	75 9f       	mul	r23, r21
    2d5e:	90 0d       	add	r25, r0
    2d60:	11 24       	eor	r1, r1
    2d62:	82 0f       	add	r24, r18
    2d64:	93 1f       	adc	r25, r19
    2d66:	86 5b       	subi	r24, 0xB6	; 182
    2d68:	9f 4f       	sbci	r25, 0xFF	; 255
    2d6a:	fc 01       	movw	r30, r24
    2d6c:	60 83       	st	Z, r22
    2d6e:	ce 01       	movw	r24, r28
    2d70:	85 55       	subi	r24, 0x55	; 85
                                        anzahlHauser[2] = 1;
    2d72:	9f 4f       	sbci	r25, 0xFF	; 255
    2d74:	21 e0       	ldi	r18, 0x01	; 1
    2d76:	fc 01       	movw	r30, r24
    2d78:	22 83       	std	Z+2, r18	; 0x02
    2d7a:	8b 89       	ldd	r24, Y+19	; 0x13
    2d7c:	48 2f       	mov	r20, r24
                                        if (spielfeld[feldNummer].anzahlHaeuser == 5)
    2d7e:	50 e0       	ldi	r21, 0x00	; 0
    2d80:	9e 01       	movw	r18, r28
    2d82:	28 54       	subi	r18, 0x48	; 72
    2d84:	3f 4f       	sbci	r19, 0xFF	; 255
    2d86:	60 e5       	ldi	r22, 0x50	; 80
    2d88:	64 9f       	mul	r22, r20
    2d8a:	c0 01       	movw	r24, r0
    2d8c:	65 9f       	mul	r22, r21
    2d8e:	90 0d       	add	r25, r0
    2d90:	11 24       	eor	r1, r1
    2d92:	82 0f       	add	r24, r18
    2d94:	93 1f       	adc	r25, r19
    2d96:	86 5b       	subi	r24, 0xB6	; 182
    2d98:	9f 4f       	sbci	r25, 0xFF	; 255
    2d9a:	fc 01       	movw	r30, r24
    2d9c:	80 81       	ld	r24, Z
    2d9e:	85 30       	cpi	r24, 0x05	; 5
    2da0:	21 f4       	brne	.+8      	; 0x2daa <__stack+0xbab>
    2da2:	8e 89       	ldd	r24, Y+22	; 0x16
    2da4:	84 50       	subi	r24, 0x04	; 4
                                        {
                                            haeuserImSpiel -= 4;
    2da6:	8e 8b       	std	Y+22, r24	; 0x16
    2da8:	08 c0       	rjmp	.+16     	; 0x2dba <__stack+0xbbb>
    2daa:	8e 89       	ldd	r24, Y+22	; 0x16
                                        else
                                        {
                                            haeuserImSpiel += 1;
                                        }
                                    }
                                    break;
    2dac:	8f 5f       	subi	r24, 0xFF	; 255
                                        {
                                            haeuserImSpiel -= 4;
                                        }
                                        else
                                        {
                                            haeuserImSpiel += 1;
    2dae:	8e 8b       	std	Y+22, r24	; 0x16
    2db0:	04 c0       	rjmp	.+8      	; 0x2dba <__stack+0xbbb>
    2db2:	00 00       	nop
                                        }
                                    }
                                    break;
    2db4:	03 c0       	rjmp	.+6      	; 0x2dbc <__stack+0xbbd>
                                        else
                                        {
                                            haeuserImSpiel += 1;
                                        }
                                    }
                                	break;
    2db6:	00 00       	nop
    2db8:	01 c0       	rjmp	.+2      	; 0x2dbc <__stack+0xbbd>
                                        else
                                        {
                                            haeuserImSpiel += 1;
                                        }
                                    }
                                    break;
    2dba:	00 00       	nop
    2dbc:	80 91 63 06 	lds	r24, 0x0663	; 0x800663 <positiveFlanke>
                                    }
                                    break;
                                }
                                
                            }
                            if ((positiveFlanke & TASTE_L))//Haus Verkaufen~~~~~~~~~~~~~~~~~~~~~~~~~~~~
    2dc0:	90 91 64 06 	lds	r25, 0x0664	; 0x800664 <positiveFlanke+0x1>
    2dc4:	88 27       	eor	r24, r24
    2dc6:	90 72       	andi	r25, 0x20	; 32
    2dc8:	89 2b       	or	r24, r25
    2dca:	09 f4       	brne	.+2      	; 0x2dce <__stack+0xbcf>
    2dcc:	0c c2       	rjmp	.+1048   	; 0x31e6 <__stack+0xfe7>
    2dce:	8b 89       	ldd	r24, Y+19	; 0x13
    2dd0:	48 2f       	mov	r20, r24
                            {
                                if ((spielfeld[feldNummer].kostenHaus / 2) > 25)
    2dd2:	50 e0       	ldi	r21, 0x00	; 0
    2dd4:	9e 01       	movw	r18, r28
    2dd6:	28 54       	subi	r18, 0x48	; 72
    2dd8:	3f 4f       	sbci	r19, 0xFF	; 255
    2dda:	60 e5       	ldi	r22, 0x50	; 80
    2ddc:	64 9f       	mul	r22, r20
    2dde:	c0 01       	movw	r24, r0
    2de0:	65 9f       	mul	r22, r21
    2de2:	90 0d       	add	r25, r0
    2de4:	11 24       	eor	r1, r1
    2de6:	82 0f       	add	r24, r18
    2de8:	93 1f       	adc	r25, r19
    2dea:	84 5b       	subi	r24, 0xB4	; 180
    2dec:	9f 4f       	sbci	r25, 0xFF	; 255
    2dee:	fc 01       	movw	r30, r24
    2df0:	80 81       	ld	r24, Z
    2df2:	84 33       	cpi	r24, 0x34	; 52
    2df4:	18 f0       	brcs	.+6      	; 0x2dfc <__stack+0xbfd>
    2df6:	8a e0       	ldi	r24, 0x0A	; 10
    2df8:	89 8f       	std	Y+25, r24	; 0x19
                                {
                                    zahlSchritt = 10;
    2dfa:	02 c0       	rjmp	.+4      	; 0x2e00 <__stack+0xc01>
    2dfc:	85 e0       	ldi	r24, 0x05	; 5
    2dfe:	89 8f       	std	Y+25, r24	; 0x19
                                }
                                else
                                {
                                    zahlSchritt = 5;
    2e00:	ce 01       	movw	r24, r28
    2e02:	85 55       	subi	r24, 0x55	; 85
                                }
                                //Wenn auf allen felder gebaut wurde, flags zurücksetzten
                                if (!(anzahlHauser[0] || anzahlHauser[1] || anzahlHauser[2]))
    2e04:	9f 4f       	sbci	r25, 0xFF	; 255
    2e06:	fc 01       	movw	r30, r24
    2e08:	80 81       	ld	r24, Z
    2e0a:	88 23       	and	r24, r24
    2e0c:	01 f5       	brne	.+64     	; 0x2e4e <__stack+0xc4f>
    2e0e:	ce 01       	movw	r24, r28
    2e10:	85 55       	subi	r24, 0x55	; 85
    2e12:	9f 4f       	sbci	r25, 0xFF	; 255
    2e14:	fc 01       	movw	r30, r24
    2e16:	81 81       	ldd	r24, Z+1	; 0x01
    2e18:	88 23       	and	r24, r24
    2e1a:	c9 f4       	brne	.+50     	; 0x2e4e <__stack+0xc4f>
    2e1c:	ce 01       	movw	r24, r28
    2e1e:	85 55       	subi	r24, 0x55	; 85
    2e20:	9f 4f       	sbci	r25, 0xFF	; 255
    2e22:	fc 01       	movw	r30, r24
    2e24:	82 81       	ldd	r24, Z+2	; 0x02
    2e26:	88 23       	and	r24, r24
    2e28:	91 f4       	brne	.+36     	; 0x2e4e <__stack+0xc4f>
    2e2a:	ce 01       	movw	r24, r28
    2e2c:	85 55       	subi	r24, 0x55	; 85
                                {
                                    anzahlHauser[0] = 1;
    2e2e:	9f 4f       	sbci	r25, 0xFF	; 255
    2e30:	21 e0       	ldi	r18, 0x01	; 1
    2e32:	fc 01       	movw	r30, r24
    2e34:	20 83       	st	Z, r18
    2e36:	ce 01       	movw	r24, r28
    2e38:	85 55       	subi	r24, 0x55	; 85
                                    anzahlHauser[1] = 1;
    2e3a:	9f 4f       	sbci	r25, 0xFF	; 255
    2e3c:	21 e0       	ldi	r18, 0x01	; 1
    2e3e:	fc 01       	movw	r30, r24
    2e40:	21 83       	std	Z+1, r18	; 0x01
    2e42:	ce 01       	movw	r24, r28
    2e44:	85 55       	subi	r24, 0x55	; 85
                                    anzahlHauser[2] = 1;
    2e46:	9f 4f       	sbci	r25, 0xFF	; 255
    2e48:	21 e0       	ldi	r18, 0x01	; 1
    2e4a:	fc 01       	movw	r30, r24
    2e4c:	22 83       	std	Z+2, r18	; 0x02
    2e4e:	8a 89       	ldd	r24, Y+18	; 0x12
    2e50:	88 2f       	mov	r24, r24
                                }
                                switch (farbgruppenCounter)
    2e52:	90 e0       	ldi	r25, 0x00	; 0
    2e54:	81 30       	cpi	r24, 0x01	; 1
    2e56:	91 05       	cpc	r25, r1
    2e58:	09 f4       	brne	.+2      	; 0x2e5c <__stack+0xc5d>
    2e5a:	9a c0       	rjmp	.+308    	; 0x2f90 <__stack+0xd91>
    2e5c:	82 30       	cpi	r24, 0x02	; 2
    2e5e:	91 05       	cpc	r25, r1
    2e60:	09 f4       	brne	.+2      	; 0x2e64 <__stack+0xc65>
    2e62:	29 c1       	rjmp	.+594    	; 0x30b6 <__stack+0xeb7>
    2e64:	89 2b       	or	r24, r25
    2e66:	09 f0       	breq	.+2      	; 0x2e6a <__stack+0xc6b>
    2e68:	be c1       	rjmp	.+892    	; 0x31e6 <__stack+0xfe7>
    2e6a:	ce 01       	movw	r24, r28
    2e6c:	85 55       	subi	r24, 0x55	; 85
                                {
                                    case 0:
                                    if (anzahlHauser[0])
    2e6e:	9f 4f       	sbci	r25, 0xFF	; 255
    2e70:	fc 01       	movw	r30, r24
    2e72:	80 81       	ld	r24, Z
    2e74:	88 23       	and	r24, r24
    2e76:	09 f4       	brne	.+2      	; 0x2e7a <__stack+0xc7b>
    2e78:	b1 c1       	rjmp	.+866    	; 0x31dc <__stack+0xfdd>
    2e7a:	8b 89       	ldd	r24, Y+19	; 0x13
    2e7c:	48 2f       	mov	r20, r24
                                    {
                                        if (spielfeld[feldNummer].anzahlHaeuser == 5)
    2e7e:	50 e0       	ldi	r21, 0x00	; 0
    2e80:	9e 01       	movw	r18, r28
    2e82:	28 54       	subi	r18, 0x48	; 72
    2e84:	3f 4f       	sbci	r19, 0xFF	; 255
    2e86:	60 e5       	ldi	r22, 0x50	; 80
    2e88:	64 9f       	mul	r22, r20
    2e8a:	c0 01       	movw	r24, r0
    2e8c:	65 9f       	mul	r22, r21
    2e8e:	90 0d       	add	r25, r0
    2e90:	11 24       	eor	r1, r1
    2e92:	82 0f       	add	r24, r18
    2e94:	93 1f       	adc	r25, r19
    2e96:	86 5b       	subi	r24, 0xB6	; 182
    2e98:	9f 4f       	sbci	r25, 0xFF	; 255
    2e9a:	fc 01       	movw	r30, r24
    2e9c:	80 81       	ld	r24, Z
    2e9e:	85 30       	cpi	r24, 0x05	; 5
    2ea0:	21 f4       	brne	.+8      	; 0x2eaa <__stack+0xcab>
    2ea2:	8e 89       	ldd	r24, Y+22	; 0x16
    2ea4:	8c 5f       	subi	r24, 0xFC	; 252
                                        {
                                            haeuserImSpiel += 4;
    2ea6:	8e 8b       	std	Y+22, r24	; 0x16
    2ea8:	03 c0       	rjmp	.+6      	; 0x2eb0 <__stack+0xcb1>
    2eaa:	8e 89       	ldd	r24, Y+22	; 0x16
    2eac:	81 50       	subi	r24, 0x01	; 1
                                        }
                                        else
                                        {
                                            haeuserImSpiel -= 1;
    2eae:	8e 8b       	std	Y+22, r24	; 0x16
    2eb0:	8b 89       	ldd	r24, Y+19	; 0x13
    2eb2:	48 2f       	mov	r20, r24
                                        }
                                        setHaus(spielfeld[feldNummer].hausnummer,spielfeld[feldNummer].anzahlHaeuser - 1); //Anzahl Häuser um 1 erhöhen
    2eb4:	50 e0       	ldi	r21, 0x00	; 0
    2eb6:	9e 01       	movw	r18, r28
    2eb8:	28 54       	subi	r18, 0x48	; 72
    2eba:	3f 4f       	sbci	r19, 0xFF	; 255
    2ebc:	60 e5       	ldi	r22, 0x50	; 80
    2ebe:	64 9f       	mul	r22, r20
    2ec0:	c0 01       	movw	r24, r0
    2ec2:	65 9f       	mul	r22, r21
    2ec4:	90 0d       	add	r25, r0
    2ec6:	11 24       	eor	r1, r1
    2ec8:	82 0f       	add	r24, r18
    2eca:	93 1f       	adc	r25, r19
    2ecc:	86 5b       	subi	r24, 0xB6	; 182
    2ece:	9f 4f       	sbci	r25, 0xFF	; 255
    2ed0:	fc 01       	movw	r30, r24
    2ed2:	80 81       	ld	r24, Z
    2ed4:	7f ef       	ldi	r23, 0xFF	; 255
    2ed6:	78 0f       	add	r23, r24
    2ed8:	8b 89       	ldd	r24, Y+19	; 0x13
    2eda:	48 2f       	mov	r20, r24
    2edc:	50 e0       	ldi	r21, 0x00	; 0
    2ede:	9e 01       	movw	r18, r28
    2ee0:	28 54       	subi	r18, 0x48	; 72
    2ee2:	3f 4f       	sbci	r19, 0xFF	; 255
    2ee4:	60 e5       	ldi	r22, 0x50	; 80
    2ee6:	64 9f       	mul	r22, r20
    2ee8:	c0 01       	movw	r24, r0
    2eea:	65 9f       	mul	r22, r21
    2eec:	90 0d       	add	r25, r0
    2eee:	11 24       	eor	r1, r1
    2ef0:	82 0f       	add	r24, r18
    2ef2:	93 1f       	adc	r25, r19
    2ef4:	87 5b       	subi	r24, 0xB7	; 183
    2ef6:	9f 4f       	sbci	r25, 0xFF	; 255
    2ef8:	fc 01       	movw	r30, r24
    2efa:	80 81       	ld	r24, Z
    2efc:	67 2f       	mov	r22, r23
    2efe:	05 d4       	rcall	.+2058   	; 0x370a <setHaus>
    2f00:	8b 89       	ldd	r24, Y+19	; 0x13
    2f02:	48 2f       	mov	r20, r24
                                        spielfeld[feldNummer].anzahlHaeuser = spielfeld[feldNummer].anzahlHaeuser - 1;//Neue anzahl Häuser speichern
    2f04:	50 e0       	ldi	r21, 0x00	; 0
    2f06:	8b 89       	ldd	r24, Y+19	; 0x13
    2f08:	68 2f       	mov	r22, r24
    2f0a:	70 e0       	ldi	r23, 0x00	; 0
    2f0c:	9e 01       	movw	r18, r28
    2f0e:	28 54       	subi	r18, 0x48	; 72
    2f10:	3f 4f       	sbci	r19, 0xFF	; 255
    2f12:	e0 e5       	ldi	r30, 0x50	; 80
    2f14:	e6 9f       	mul	r30, r22
    2f16:	c0 01       	movw	r24, r0
    2f18:	e7 9f       	mul	r30, r23
    2f1a:	90 0d       	add	r25, r0
    2f1c:	11 24       	eor	r1, r1
    2f1e:	82 0f       	add	r24, r18
    2f20:	93 1f       	adc	r25, r19
    2f22:	86 5b       	subi	r24, 0xB6	; 182
    2f24:	9f 4f       	sbci	r25, 0xFF	; 255
    2f26:	fc 01       	movw	r30, r24
    2f28:	80 81       	ld	r24, Z
    2f2a:	6f ef       	ldi	r22, 0xFF	; 255
    2f2c:	68 0f       	add	r22, r24
    2f2e:	9e 01       	movw	r18, r28
    2f30:	28 54       	subi	r18, 0x48	; 72
    2f32:	3f 4f       	sbci	r19, 0xFF	; 255
    2f34:	70 e5       	ldi	r23, 0x50	; 80
    2f36:	74 9f       	mul	r23, r20
    2f38:	c0 01       	movw	r24, r0
    2f3a:	75 9f       	mul	r23, r21
    2f3c:	90 0d       	add	r25, r0
    2f3e:	11 24       	eor	r1, r1
    2f40:	82 0f       	add	r24, r18
    2f42:	93 1f       	adc	r25, r19
    2f44:	86 5b       	subi	r24, 0xB6	; 182
    2f46:	9f 4f       	sbci	r25, 0xFF	; 255
    2f48:	fc 01       	movw	r30, r24
    2f4a:	60 83       	st	Z, r22
    2f4c:	ce 01       	movw	r24, r28
    2f4e:	85 55       	subi	r24, 0x55	; 85
                                        anzahlHauser[0] = 0;
    2f50:	9f 4f       	sbci	r25, 0xFF	; 255
    2f52:	fc 01       	movw	r30, r24
    2f54:	10 82       	st	Z, r1
    2f56:	8b 89       	ldd	r24, Y+19	; 0x13
    2f58:	48 2f       	mov	r20, r24
                                        kaufStatus = geldUeberweisen(0,spielerAmZug,spielfeld[feldNummer].kostenHaus / 2, zahlSchritt);
    2f5a:	50 e0       	ldi	r21, 0x00	; 0
    2f5c:	9e 01       	movw	r18, r28
    2f5e:	28 54       	subi	r18, 0x48	; 72
    2f60:	3f 4f       	sbci	r19, 0xFF	; 255
    2f62:	60 e5       	ldi	r22, 0x50	; 80
    2f64:	64 9f       	mul	r22, r20
    2f66:	c0 01       	movw	r24, r0
    2f68:	65 9f       	mul	r22, r21
    2f6a:	90 0d       	add	r25, r0
    2f6c:	11 24       	eor	r1, r1
    2f6e:	82 0f       	add	r24, r18
    2f70:	93 1f       	adc	r25, r19
    2f72:	84 5b       	subi	r24, 0xB4	; 180
    2f74:	9f 4f       	sbci	r25, 0xFF	; 255
    2f76:	fc 01       	movw	r30, r24
    2f78:	80 81       	ld	r24, Z
    2f7a:	86 95       	lsr	r24
    2f7c:	88 2f       	mov	r24, r24
    2f7e:	90 e0       	ldi	r25, 0x00	; 0
    2f80:	29 8d       	ldd	r18, Y+25	; 0x19
    2f82:	ac 01       	movw	r20, r24
    2f84:	69 81       	ldd	r22, Y+1	; 0x01
    2f86:	80 e0       	ldi	r24, 0x00	; 0
    2f88:	0e 94 1c 3e 	call	0x7c38	; 0x7c38 <geldUeberweisen>
    2f8c:	8e ab       	std	Y+54, r24	; 0x36
    2f8e:	26 c1       	rjmp	.+588    	; 0x31dc <__stack+0xfdd>
    2f90:	ce 01       	movw	r24, r28
                                    }
                                    break;
    2f92:	85 55       	subi	r24, 0x55	; 85
                                    case 1:
                                    if (anzahlHauser[1])
    2f94:	9f 4f       	sbci	r25, 0xFF	; 255
    2f96:	fc 01       	movw	r30, r24
    2f98:	81 81       	ldd	r24, Z+1	; 0x01
    2f9a:	88 23       	and	r24, r24
    2f9c:	09 f4       	brne	.+2      	; 0x2fa0 <__stack+0xda1>
    2f9e:	20 c1       	rjmp	.+576    	; 0x31e0 <__stack+0xfe1>
    2fa0:	8b 89       	ldd	r24, Y+19	; 0x13
    2fa2:	48 2f       	mov	r20, r24
                                    {
                                        if (spielfeld[feldNummer].anzahlHaeuser == 5)
    2fa4:	50 e0       	ldi	r21, 0x00	; 0
    2fa6:	9e 01       	movw	r18, r28
    2fa8:	28 54       	subi	r18, 0x48	; 72
    2faa:	3f 4f       	sbci	r19, 0xFF	; 255
    2fac:	60 e5       	ldi	r22, 0x50	; 80
    2fae:	64 9f       	mul	r22, r20
    2fb0:	c0 01       	movw	r24, r0
    2fb2:	65 9f       	mul	r22, r21
    2fb4:	90 0d       	add	r25, r0
    2fb6:	11 24       	eor	r1, r1
    2fb8:	82 0f       	add	r24, r18
    2fba:	93 1f       	adc	r25, r19
    2fbc:	86 5b       	subi	r24, 0xB6	; 182
    2fbe:	9f 4f       	sbci	r25, 0xFF	; 255
    2fc0:	fc 01       	movw	r30, r24
    2fc2:	80 81       	ld	r24, Z
    2fc4:	85 30       	cpi	r24, 0x05	; 5
    2fc6:	21 f4       	brne	.+8      	; 0x2fd0 <__stack+0xdd1>
    2fc8:	8e 89       	ldd	r24, Y+22	; 0x16
    2fca:	8c 5f       	subi	r24, 0xFC	; 252
                                        {
                                            haeuserImSpiel += 4;
    2fcc:	8e 8b       	std	Y+22, r24	; 0x16
    2fce:	03 c0       	rjmp	.+6      	; 0x2fd6 <__stack+0xdd7>
    2fd0:	8e 89       	ldd	r24, Y+22	; 0x16
    2fd2:	81 50       	subi	r24, 0x01	; 1
                                        }
                                        else
                                        {
                                            haeuserImSpiel -= 1;
    2fd4:	8e 8b       	std	Y+22, r24	; 0x16
    2fd6:	8b 89       	ldd	r24, Y+19	; 0x13
    2fd8:	48 2f       	mov	r20, r24
                                        }
                                        setHaus(spielfeld[feldNummer].hausnummer,spielfeld[feldNummer].anzahlHaeuser - 1); //Anzahl Häuser um 1 erhöhen
    2fda:	50 e0       	ldi	r21, 0x00	; 0
    2fdc:	9e 01       	movw	r18, r28
    2fde:	28 54       	subi	r18, 0x48	; 72
    2fe0:	3f 4f       	sbci	r19, 0xFF	; 255
    2fe2:	60 e5       	ldi	r22, 0x50	; 80
    2fe4:	64 9f       	mul	r22, r20
    2fe6:	c0 01       	movw	r24, r0
    2fe8:	65 9f       	mul	r22, r21
    2fea:	90 0d       	add	r25, r0
    2fec:	11 24       	eor	r1, r1
    2fee:	82 0f       	add	r24, r18
    2ff0:	93 1f       	adc	r25, r19
    2ff2:	86 5b       	subi	r24, 0xB6	; 182
    2ff4:	9f 4f       	sbci	r25, 0xFF	; 255
    2ff6:	fc 01       	movw	r30, r24
    2ff8:	80 81       	ld	r24, Z
    2ffa:	7f ef       	ldi	r23, 0xFF	; 255
    2ffc:	78 0f       	add	r23, r24
    2ffe:	8b 89       	ldd	r24, Y+19	; 0x13
    3000:	48 2f       	mov	r20, r24
    3002:	50 e0       	ldi	r21, 0x00	; 0
    3004:	9e 01       	movw	r18, r28
    3006:	28 54       	subi	r18, 0x48	; 72
    3008:	3f 4f       	sbci	r19, 0xFF	; 255
    300a:	60 e5       	ldi	r22, 0x50	; 80
    300c:	64 9f       	mul	r22, r20
    300e:	c0 01       	movw	r24, r0
    3010:	65 9f       	mul	r22, r21
    3012:	90 0d       	add	r25, r0
    3014:	11 24       	eor	r1, r1
    3016:	82 0f       	add	r24, r18
    3018:	93 1f       	adc	r25, r19
    301a:	87 5b       	subi	r24, 0xB7	; 183
    301c:	9f 4f       	sbci	r25, 0xFF	; 255
    301e:	fc 01       	movw	r30, r24
    3020:	80 81       	ld	r24, Z
    3022:	67 2f       	mov	r22, r23
    3024:	72 d3       	rcall	.+1764   	; 0x370a <setHaus>
    3026:	8b 89       	ldd	r24, Y+19	; 0x13
    3028:	48 2f       	mov	r20, r24
                                        spielfeld[feldNummer].anzahlHaeuser = spielfeld[feldNummer].anzahlHaeuser - 1;//Neue anzahl Häuser speichern
    302a:	50 e0       	ldi	r21, 0x00	; 0
    302c:	8b 89       	ldd	r24, Y+19	; 0x13
    302e:	68 2f       	mov	r22, r24
    3030:	70 e0       	ldi	r23, 0x00	; 0
    3032:	9e 01       	movw	r18, r28
    3034:	28 54       	subi	r18, 0x48	; 72
    3036:	3f 4f       	sbci	r19, 0xFF	; 255
    3038:	e0 e5       	ldi	r30, 0x50	; 80
    303a:	e6 9f       	mul	r30, r22
    303c:	c0 01       	movw	r24, r0
    303e:	e7 9f       	mul	r30, r23
    3040:	90 0d       	add	r25, r0
    3042:	11 24       	eor	r1, r1
    3044:	82 0f       	add	r24, r18
    3046:	93 1f       	adc	r25, r19
    3048:	86 5b       	subi	r24, 0xB6	; 182
    304a:	9f 4f       	sbci	r25, 0xFF	; 255
    304c:	fc 01       	movw	r30, r24
    304e:	80 81       	ld	r24, Z
    3050:	6f ef       	ldi	r22, 0xFF	; 255
    3052:	68 0f       	add	r22, r24
    3054:	9e 01       	movw	r18, r28
    3056:	28 54       	subi	r18, 0x48	; 72
    3058:	3f 4f       	sbci	r19, 0xFF	; 255
    305a:	70 e5       	ldi	r23, 0x50	; 80
    305c:	74 9f       	mul	r23, r20
    305e:	c0 01       	movw	r24, r0
    3060:	75 9f       	mul	r23, r21
    3062:	90 0d       	add	r25, r0
    3064:	11 24       	eor	r1, r1
    3066:	82 0f       	add	r24, r18
    3068:	93 1f       	adc	r25, r19
    306a:	86 5b       	subi	r24, 0xB6	; 182
    306c:	9f 4f       	sbci	r25, 0xFF	; 255
    306e:	fc 01       	movw	r30, r24
    3070:	60 83       	st	Z, r22
    3072:	ce 01       	movw	r24, r28
    3074:	85 55       	subi	r24, 0x55	; 85
                                        anzahlHauser[1] = 0;
    3076:	9f 4f       	sbci	r25, 0xFF	; 255
    3078:	fc 01       	movw	r30, r24
    307a:	11 82       	std	Z+1, r1	; 0x01
    307c:	8b 89       	ldd	r24, Y+19	; 0x13
    307e:	48 2f       	mov	r20, r24
                                        kaufStatus = geldUeberweisen(0,spielerAmZug,spielfeld[feldNummer].kostenHaus / 2, zahlSchritt);
    3080:	50 e0       	ldi	r21, 0x00	; 0
    3082:	9e 01       	movw	r18, r28
    3084:	28 54       	subi	r18, 0x48	; 72
    3086:	3f 4f       	sbci	r19, 0xFF	; 255
    3088:	60 e5       	ldi	r22, 0x50	; 80
    308a:	64 9f       	mul	r22, r20
    308c:	c0 01       	movw	r24, r0
    308e:	65 9f       	mul	r22, r21
    3090:	90 0d       	add	r25, r0
    3092:	11 24       	eor	r1, r1
    3094:	82 0f       	add	r24, r18
    3096:	93 1f       	adc	r25, r19
    3098:	84 5b       	subi	r24, 0xB4	; 180
    309a:	9f 4f       	sbci	r25, 0xFF	; 255
    309c:	fc 01       	movw	r30, r24
    309e:	80 81       	ld	r24, Z
    30a0:	86 95       	lsr	r24
    30a2:	88 2f       	mov	r24, r24
    30a4:	90 e0       	ldi	r25, 0x00	; 0
    30a6:	29 8d       	ldd	r18, Y+25	; 0x19
    30a8:	ac 01       	movw	r20, r24
    30aa:	69 81       	ldd	r22, Y+1	; 0x01
    30ac:	80 e0       	ldi	r24, 0x00	; 0
    30ae:	0e 94 1c 3e 	call	0x7c38	; 0x7c38 <geldUeberweisen>
    30b2:	8e ab       	std	Y+54, r24	; 0x36
    30b4:	95 c0       	rjmp	.+298    	; 0x31e0 <__stack+0xfe1>
    30b6:	ce 01       	movw	r24, r28
                                    }
                                    break;
    30b8:	85 55       	subi	r24, 0x55	; 85
                                    case 2:
                                    if (anzahlHauser[2])
    30ba:	9f 4f       	sbci	r25, 0xFF	; 255
    30bc:	fc 01       	movw	r30, r24
    30be:	82 81       	ldd	r24, Z+2	; 0x02
    30c0:	88 23       	and	r24, r24
    30c2:	09 f4       	brne	.+2      	; 0x30c6 <__stack+0xec7>
    30c4:	8f c0       	rjmp	.+286    	; 0x31e4 <__stack+0xfe5>
    30c6:	8b 89       	ldd	r24, Y+19	; 0x13
    30c8:	48 2f       	mov	r20, r24
                                    {
                                        if (spielfeld[feldNummer].anzahlHaeuser == 5)
    30ca:	50 e0       	ldi	r21, 0x00	; 0
    30cc:	9e 01       	movw	r18, r28
    30ce:	28 54       	subi	r18, 0x48	; 72
    30d0:	3f 4f       	sbci	r19, 0xFF	; 255
    30d2:	60 e5       	ldi	r22, 0x50	; 80
    30d4:	64 9f       	mul	r22, r20
    30d6:	c0 01       	movw	r24, r0
    30d8:	65 9f       	mul	r22, r21
    30da:	90 0d       	add	r25, r0
    30dc:	11 24       	eor	r1, r1
    30de:	82 0f       	add	r24, r18
    30e0:	93 1f       	adc	r25, r19
    30e2:	86 5b       	subi	r24, 0xB6	; 182
    30e4:	9f 4f       	sbci	r25, 0xFF	; 255
    30e6:	fc 01       	movw	r30, r24
    30e8:	80 81       	ld	r24, Z
    30ea:	85 30       	cpi	r24, 0x05	; 5
    30ec:	21 f4       	brne	.+8      	; 0x30f6 <__stack+0xef7>
    30ee:	8e 89       	ldd	r24, Y+22	; 0x16
    30f0:	8c 5f       	subi	r24, 0xFC	; 252
                                        {
                                            haeuserImSpiel += 4;
    30f2:	8e 8b       	std	Y+22, r24	; 0x16
    30f4:	03 c0       	rjmp	.+6      	; 0x30fc <__stack+0xefd>
    30f6:	8e 89       	ldd	r24, Y+22	; 0x16
    30f8:	81 50       	subi	r24, 0x01	; 1
                                        }
                                        else
                                        {
                                            haeuserImSpiel -= 1;
    30fa:	8e 8b       	std	Y+22, r24	; 0x16
    30fc:	8b 89       	ldd	r24, Y+19	; 0x13
    30fe:	48 2f       	mov	r20, r24
                                        }
                                        setHaus(spielfeld[feldNummer].hausnummer,spielfeld[feldNummer].anzahlHaeuser - 1); //Anzahl Häuser um 1 erhöhen
    3100:	50 e0       	ldi	r21, 0x00	; 0
    3102:	9e 01       	movw	r18, r28
    3104:	28 54       	subi	r18, 0x48	; 72
    3106:	3f 4f       	sbci	r19, 0xFF	; 255
    3108:	60 e5       	ldi	r22, 0x50	; 80
    310a:	64 9f       	mul	r22, r20
    310c:	c0 01       	movw	r24, r0
    310e:	65 9f       	mul	r22, r21
    3110:	90 0d       	add	r25, r0
    3112:	11 24       	eor	r1, r1
    3114:	82 0f       	add	r24, r18
    3116:	93 1f       	adc	r25, r19
    3118:	86 5b       	subi	r24, 0xB6	; 182
    311a:	9f 4f       	sbci	r25, 0xFF	; 255
    311c:	fc 01       	movw	r30, r24
    311e:	80 81       	ld	r24, Z
    3120:	7f ef       	ldi	r23, 0xFF	; 255
    3122:	78 0f       	add	r23, r24
    3124:	8b 89       	ldd	r24, Y+19	; 0x13
    3126:	48 2f       	mov	r20, r24
    3128:	50 e0       	ldi	r21, 0x00	; 0
    312a:	9e 01       	movw	r18, r28
    312c:	28 54       	subi	r18, 0x48	; 72
    312e:	3f 4f       	sbci	r19, 0xFF	; 255
    3130:	60 e5       	ldi	r22, 0x50	; 80
    3132:	64 9f       	mul	r22, r20
    3134:	c0 01       	movw	r24, r0
    3136:	65 9f       	mul	r22, r21
    3138:	90 0d       	add	r25, r0
    313a:	11 24       	eor	r1, r1
    313c:	82 0f       	add	r24, r18
    313e:	93 1f       	adc	r25, r19
    3140:	87 5b       	subi	r24, 0xB7	; 183
    3142:	9f 4f       	sbci	r25, 0xFF	; 255
    3144:	fc 01       	movw	r30, r24
    3146:	80 81       	ld	r24, Z
    3148:	67 2f       	mov	r22, r23
    314a:	df d2       	rcall	.+1470   	; 0x370a <setHaus>
    314c:	8b 89       	ldd	r24, Y+19	; 0x13
    314e:	48 2f       	mov	r20, r24
                                        spielfeld[feldNummer].anzahlHaeuser = spielfeld[feldNummer].anzahlHaeuser - 1;//Neue anzahl Häuser speichern
    3150:	50 e0       	ldi	r21, 0x00	; 0
    3152:	8b 89       	ldd	r24, Y+19	; 0x13
    3154:	68 2f       	mov	r22, r24
    3156:	70 e0       	ldi	r23, 0x00	; 0
    3158:	9e 01       	movw	r18, r28
    315a:	28 54       	subi	r18, 0x48	; 72
    315c:	3f 4f       	sbci	r19, 0xFF	; 255
    315e:	e0 e5       	ldi	r30, 0x50	; 80
    3160:	e6 9f       	mul	r30, r22
    3162:	c0 01       	movw	r24, r0
    3164:	e7 9f       	mul	r30, r23
    3166:	90 0d       	add	r25, r0
    3168:	11 24       	eor	r1, r1
    316a:	82 0f       	add	r24, r18
    316c:	93 1f       	adc	r25, r19
    316e:	86 5b       	subi	r24, 0xB6	; 182
    3170:	9f 4f       	sbci	r25, 0xFF	; 255
    3172:	fc 01       	movw	r30, r24
    3174:	80 81       	ld	r24, Z
    3176:	6f ef       	ldi	r22, 0xFF	; 255
    3178:	68 0f       	add	r22, r24
    317a:	9e 01       	movw	r18, r28
    317c:	28 54       	subi	r18, 0x48	; 72
    317e:	3f 4f       	sbci	r19, 0xFF	; 255
    3180:	70 e5       	ldi	r23, 0x50	; 80
    3182:	74 9f       	mul	r23, r20
    3184:	c0 01       	movw	r24, r0
    3186:	75 9f       	mul	r23, r21
    3188:	90 0d       	add	r25, r0
    318a:	11 24       	eor	r1, r1
    318c:	82 0f       	add	r24, r18
    318e:	93 1f       	adc	r25, r19
    3190:	86 5b       	subi	r24, 0xB6	; 182
    3192:	9f 4f       	sbci	r25, 0xFF	; 255
    3194:	fc 01       	movw	r30, r24
    3196:	60 83       	st	Z, r22
    3198:	ce 01       	movw	r24, r28
    319a:	85 55       	subi	r24, 0x55	; 85
                                        anzahlHauser[2] = 0;
    319c:	9f 4f       	sbci	r25, 0xFF	; 255
    319e:	fc 01       	movw	r30, r24
    31a0:	12 82       	std	Z+2, r1	; 0x02
    31a2:	8b 89       	ldd	r24, Y+19	; 0x13
    31a4:	48 2f       	mov	r20, r24
                                        kaufStatus = geldUeberweisen(0,spielerAmZug,spielfeld[feldNummer].kostenHaus / 2, zahlSchritt);
    31a6:	50 e0       	ldi	r21, 0x00	; 0
    31a8:	9e 01       	movw	r18, r28
    31aa:	28 54       	subi	r18, 0x48	; 72
    31ac:	3f 4f       	sbci	r19, 0xFF	; 255
    31ae:	60 e5       	ldi	r22, 0x50	; 80
    31b0:	64 9f       	mul	r22, r20
    31b2:	c0 01       	movw	r24, r0
    31b4:	65 9f       	mul	r22, r21
    31b6:	90 0d       	add	r25, r0
    31b8:	11 24       	eor	r1, r1
    31ba:	82 0f       	add	r24, r18
    31bc:	93 1f       	adc	r25, r19
    31be:	84 5b       	subi	r24, 0xB4	; 180
    31c0:	9f 4f       	sbci	r25, 0xFF	; 255
    31c2:	fc 01       	movw	r30, r24
    31c4:	80 81       	ld	r24, Z
    31c6:	86 95       	lsr	r24
    31c8:	88 2f       	mov	r24, r24
    31ca:	90 e0       	ldi	r25, 0x00	; 0
    31cc:	29 8d       	ldd	r18, Y+25	; 0x19
    31ce:	ac 01       	movw	r20, r24
    31d0:	69 81       	ldd	r22, Y+1	; 0x01
    31d2:	80 e0       	ldi	r24, 0x00	; 0
    31d4:	0e 94 1c 3e 	call	0x7c38	; 0x7c38 <geldUeberweisen>
    31d8:	8e ab       	std	Y+54, r24	; 0x36
    31da:	04 c0       	rjmp	.+8      	; 0x31e4 <__stack+0xfe5>
    31dc:	00 00       	nop
                                    }
                                    break;
    31de:	03 c0       	rjmp	.+6      	; 0x31e6 <__stack+0xfe7>
                                        setHaus(spielfeld[feldNummer].hausnummer,spielfeld[feldNummer].anzahlHaeuser - 1); //Anzahl Häuser um 1 erhöhen
                                        spielfeld[feldNummer].anzahlHaeuser = spielfeld[feldNummer].anzahlHaeuser - 1;//Neue anzahl Häuser speichern
                                        anzahlHauser[0] = 0;
                                        kaufStatus = geldUeberweisen(0,spielerAmZug,spielfeld[feldNummer].kostenHaus / 2, zahlSchritt);
                                    }
                                    break;
    31e0:	00 00       	nop
    31e2:	01 c0       	rjmp	.+2      	; 0x31e6 <__stack+0xfe7>
                                        setHaus(spielfeld[feldNummer].hausnummer,spielfeld[feldNummer].anzahlHaeuser - 1); //Anzahl Häuser um 1 erhöhen
                                        spielfeld[feldNummer].anzahlHaeuser = spielfeld[feldNummer].anzahlHaeuser - 1;//Neue anzahl Häuser speichern
                                        anzahlHauser[1] = 0;
                                        kaufStatus = geldUeberweisen(0,spielerAmZug,spielfeld[feldNummer].kostenHaus / 2, zahlSchritt);
                                    }
                                    break;
    31e4:	00 00       	nop
    31e6:	80 91 63 06 	lds	r24, 0x0663	; 0x800663 <positiveFlanke>
                                    }
                                    break;
                                }
                                
                            }
                            if (positiveFlanke & TASTE_R)//nächstes Feld
    31ea:	90 91 64 06 	lds	r25, 0x0664	; 0x800664 <positiveFlanke+0x1>
    31ee:	88 27       	eor	r24, r24
    31f0:	90 74       	andi	r25, 0x40	; 64
    31f2:	89 2b       	or	r24, r25
    31f4:	09 f4       	brne	.+2      	; 0x31f8 <__stack+0xff9>
    31f6:	5b c0       	rjmp	.+182    	; 0x32ae <__stack+0x10af>
    31f8:	8a 89       	ldd	r24, Y+18	; 0x12
    31fa:	88 2f       	mov	r24, r24
                            {
                                farbgruppenCounter = (farbgruppenCounter + 1) % 3;
    31fc:	90 e0       	ldi	r25, 0x00	; 0
    31fe:	01 96       	adiw	r24, 0x01	; 1
    3200:	23 e0       	ldi	r18, 0x03	; 3
    3202:	30 e0       	ldi	r19, 0x00	; 0
    3204:	b9 01       	movw	r22, r18
    3206:	0e 94 ae 41 	call	0x835c	; 0x835c <__divmodhi4>
    320a:	8a 8b       	std	Y+18, r24	; 0x12
    320c:	8b a5       	ldd	r24, Y+43	; 0x2b
    320e:	88 2f       	mov	r24, r24
                                feldNummer = spielfeld[farbgruppenErstesFeld[i]].farbgruppenFelder[farbgruppenCounter];
    3210:	90 e0       	ldi	r25, 0x00	; 0
    3212:	9e 01       	movw	r18, r28
    3214:	25 56       	subi	r18, 0x65	; 101
    3216:	3f 4f       	sbci	r19, 0xFF	; 255
    3218:	82 0f       	add	r24, r18
    321a:	93 1f       	adc	r25, r19
    321c:	fc 01       	movw	r30, r24
    321e:	80 81       	ld	r24, Z
    3220:	68 2f       	mov	r22, r24
    3222:	70 e0       	ldi	r23, 0x00	; 0
    3224:	8a 89       	ldd	r24, Y+18	; 0x12
    3226:	88 2f       	mov	r24, r24
    3228:	90 e0       	ldi	r25, 0x00	; 0
    322a:	ae 01       	movw	r20, r28
    322c:	48 54       	subi	r20, 0x48	; 72
    322e:	5f 4f       	sbci	r21, 0xFF	; 255
    3230:	e0 e5       	ldi	r30, 0x50	; 80
    3232:	e6 9f       	mul	r30, r22
    3234:	90 01       	movw	r18, r0
    3236:	e7 9f       	mul	r30, r23
    3238:	30 0d       	add	r19, r0
    323a:	11 24       	eor	r1, r1
    323c:	24 0f       	add	r18, r20
    323e:	35 1f       	adc	r19, r21
    3240:	82 0f       	add	r24, r18
    3242:	93 1f       	adc	r25, r19
    3244:	8b 5b       	subi	r24, 0xBB	; 187
    3246:	9f 4f       	sbci	r25, 0xFF	; 255
    3248:	fc 01       	movw	r30, r24
    324a:	80 81       	ld	r24, Z
    324c:	8b 8b       	std	Y+19, r24	; 0x13
    324e:	8b 89       	ldd	r24, Y+19	; 0x13
    3250:	88 23       	and	r24, r24
                                if (!feldNummer)//Sonderfall bei Farbgruppen mit nur 2 Feldern
    3252:	61 f5       	brne	.+88     	; 0x32ac <__stack+0x10ad>
    3254:	1a 8a       	std	Y+18, r1	; 0x12
    3256:	8b a5       	ldd	r24, Y+43	; 0x2b
                                {
                                    farbgruppenCounter = 0;
    3258:	88 2f       	mov	r24, r24
                                    feldNummer = spielfeld[farbgruppenErstesFeld[i]].farbgruppenFelder[farbgruppenCounter];
    325a:	90 e0       	ldi	r25, 0x00	; 0
    325c:	9e 01       	movw	r18, r28
    325e:	25 56       	subi	r18, 0x65	; 101
    3260:	3f 4f       	sbci	r19, 0xFF	; 255
    3262:	82 0f       	add	r24, r18
    3264:	93 1f       	adc	r25, r19
    3266:	fc 01       	movw	r30, r24
    3268:	80 81       	ld	r24, Z
    326a:	68 2f       	mov	r22, r24
    326c:	70 e0       	ldi	r23, 0x00	; 0
    326e:	8a 89       	ldd	r24, Y+18	; 0x12
    3270:	88 2f       	mov	r24, r24
    3272:	90 e0       	ldi	r25, 0x00	; 0
    3274:	ae 01       	movw	r20, r28
    3276:	48 54       	subi	r20, 0x48	; 72
    3278:	5f 4f       	sbci	r21, 0xFF	; 255
    327a:	e0 e5       	ldi	r30, 0x50	; 80
    327c:	e6 9f       	mul	r30, r22
    327e:	90 01       	movw	r18, r0
    3280:	e7 9f       	mul	r30, r23
    3282:	30 0d       	add	r19, r0
    3284:	11 24       	eor	r1, r1
    3286:	24 0f       	add	r18, r20
    3288:	35 1f       	adc	r19, r21
    328a:	82 0f       	add	r24, r18
    328c:	93 1f       	adc	r25, r19
    328e:	8b 5b       	subi	r24, 0xBB	; 187
    3290:	9f 4f       	sbci	r25, 0xFF	; 255
    3292:	fc 01       	movw	r30, r24
    3294:	80 81       	ld	r24, Z
    3296:	8b 8b       	std	Y+19, r24	; 0x13
    3298:	ce 01       	movw	r24, r28
    329a:	85 55       	subi	r24, 0x55	; 85
                                    anzahlHauser[2] = anzahlHauser[1];
    329c:	9f 4f       	sbci	r25, 0xFF	; 255
    329e:	fc 01       	movw	r30, r24
    32a0:	21 81       	ldd	r18, Z+1	; 0x01
    32a2:	ce 01       	movw	r24, r28
    32a4:	85 55       	subi	r24, 0x55	; 85
    32a6:	9f 4f       	sbci	r25, 0xFF	; 255
    32a8:	fc 01       	movw	r30, r24
    32aa:	22 83       	std	Z+2, r18	; 0x02
    32ac:	1d 86       	std	Y+13, r1	; 0x0d
    32ae:	80 91 63 06 	lds	r24, 0x0663	; 0x800663 <positiveFlanke>
                    if (flagFarbgruppeKomplett)//Wenn farbgruppe komplett
                    {
                        updateLCD = 0;
                        //nächstes Feld
                        feldNummer = farbgruppenErstesFeld[i];
                        while (!(positiveFlanke & TASTE_D))
    32b2:	90 91 64 06 	lds	r25, 0x0664	; 0x800664 <positiveFlanke+0x1>
    32b6:	99 23       	and	r25, r25
    32b8:	0c f0       	brlt	.+2      	; 0x32bc <__stack+0x10bd>
    32ba:	23 ca       	rjmp	.-3002   	; 0x2702 <__stack+0x503>
    32bc:	8b a5       	ldd	r24, Y+43	; 0x2b
    32be:	8f 5f       	subi	r24, 0xFF	; 255
            //Felder nach vollen Farbgruppen absuchen~~~~~~~~~~~~~~~~~~~~~~~~~
            for (uint8_t i = 0; i < 8; i = i + 1)//Alle Farbgruppen werden als voll markiert
            {
                volleFarbgruppen[i] = 1;
            }
            for (uint8_t i = 0;  i < 8; i = i + 1)
    32c0:	8b a7       	std	Y+43, r24	; 0x2b
    32c2:	8b a5       	ldd	r24, Y+43	; 0x2b
    32c4:	88 30       	cpi	r24, 0x08	; 8
    32c6:	08 f4       	brcc	.+2      	; 0x32ca <__stack+0x10cb>
    32c8:	80 c9       	rjmp	.-3328   	; 0x25ca <__stack+0x3cb>
    32ca:	0e 94 05 01 	call	0x20a	; 0x20a <clear>
                    }
                    
                }
            }
            //Felder nach vollen Farbgruppen absuchen~~~~~~~~~~~~~~~~~~~~~~~~~
            clear();//lcd leeren
    32ce:	48 ed       	ldi	r20, 0xD8	; 216
    32d0:	52 e0       	ldi	r21, 0x02	; 2
            //spieler am zug anzeigen
            writeText(0,0,"   Spieler      ");
    32d2:	60 e0       	ldi	r22, 0x00	; 0
    32d4:	80 e0       	ldi	r24, 0x00	; 0
    32d6:	0e 94 23 01 	call	0x246	; 0x246 <writeText>
    32da:	89 81       	ldd	r24, Y+1	; 0x01
    32dc:	88 2f       	mov	r24, r24
            sprintf(lcdBuffer,"%u",spielerAmZug);
    32de:	90 e0       	ldi	r25, 0x00	; 0
    32e0:	29 2f       	mov	r18, r25
    32e2:	2f 93       	push	r18
    32e4:	8f 93       	push	r24
    32e6:	80 e7       	ldi	r24, 0x70	; 112
    32e8:	92 e0       	ldi	r25, 0x02	; 2
    32ea:	89 2f       	mov	r24, r25
    32ec:	8f 93       	push	r24
    32ee:	80 e7       	ldi	r24, 0x70	; 112
    32f0:	92 e0       	ldi	r25, 0x02	; 2
    32f2:	8f 93       	push	r24
    32f4:	ce 01       	movw	r24, r28
    32f6:	83 58       	subi	r24, 0x83	; 131
    32f8:	9f 4f       	sbci	r25, 0xFF	; 255
    32fa:	29 2f       	mov	r18, r25
    32fc:	2f 93       	push	r18
    32fe:	8f 93       	push	r24
    3300:	0e 94 41 42 	call	0x8482	; 0x8482 <sprintf>
    3304:	0f 90       	pop	r0
    3306:	0f 90       	pop	r0
    3308:	0f 90       	pop	r0
    330a:	0f 90       	pop	r0
    330c:	0f 90       	pop	r0
    330e:	0f 90       	pop	r0
    3310:	ce 01       	movw	r24, r28
    3312:	83 58       	subi	r24, 0x83	; 131
            writeText(0,11,lcdBuffer);
    3314:	9f 4f       	sbci	r25, 0xFF	; 255
    3316:	ac 01       	movw	r20, r24
    3318:	6b e0       	ldi	r22, 0x0B	; 11
    331a:	80 e0       	ldi	r24, 0x00	; 0
    331c:	0e 94 23 01 	call	0x246	; 0x246 <writeText>
    3320:	49 ee       	ldi	r20, 0xE9	; 233
    3322:	52 e0       	ldi	r21, 0x02	; 2
            writeText(1,0," w"UE"rfeln A / B ");
    3324:	60 e0       	ldi	r22, 0x00	; 0
    3326:	81 e0       	ldi	r24, 0x01	; 1
    3328:	0e 94 23 01 	call	0x246	; 0x246 <writeText>
    332c:	49 ef       	ldi	r20, 0xF9	; 249
    332e:	52 e0       	ldi	r21, 0x02	; 2
            writeText(2,0,"    weiter C    ");
    3330:	60 e0       	ldi	r22, 0x00	; 0
    3332:	82 e0       	ldi	r24, 0x02	; 2
    3334:	0e 94 23 01 	call	0x246	; 0x246 <writeText>
    3338:	85 e0       	ldi	r24, 0x05	; 5
    333a:	8c 8b       	std	Y+20, r24	; 0x14
            minHaeuser = 5;
    333c:	1d 8a       	std	Y+21, r1	; 0x15
    333e:	82 e0       	ldi	r24, 0x02	; 2
            maxHaeuser = 0;
    3340:	80 93 65 06 	sts	0x0665, r24	; 0x800665 <zustand>
            zustand = SPIEL;
    3344:	07 c0       	rjmp	.+14     	; 0x3354 <__stack+0x1155>
    3346:	00 00       	nop
            break;
    3348:	0c 94 7c 02 	jmp	0x4f8	; 0x4f8 <__LOCK_REGION_LENGTH__+0xf8>
                writeText(1,0,"   Startgeld    ");
                writeText(2,0," wird verteilt  ");
                startGeldAnimation(anzahlSpieler); //Startgeld wird ausgeteilt
                zustand = WUERFELSTART; //wechselt den Zustand
            }
        	break;
    334c:	00 00       	nop
    334e:	0c 94 7c 02 	jmp	0x4f8	; 0x4f8 <__LOCK_REGION_LENGTH__+0xf8>
                    }
                }
                
                break;
            }
            break;
    3352:	00 00       	nop
    3354:	0c 94 7c 02 	jmp	0x4f8	; 0x4f8 <__LOCK_REGION_LENGTH__+0xf8>

00003358 <feldKaufen>:
            zustand = SPIEL;
            break;
            default:
            break;
        }
    }
    3358:	cf 93       	push	r28
    335a:	df 93       	push	r29
}

uint8_t feldKaufen(uint8_t feldNummer, Feld spielfeld[40], uint8_t spielerAmZug)
{
    335c:	cd b7       	in	r28, 0x3d	; 61
    335e:	de b7       	in	r29, 0x3e	; 62
    3360:	a3 97       	sbiw	r28, 0x23	; 35
    3362:	0f b6       	in	r0, 0x3f	; 63
    3364:	f8 94       	cli
    3366:	de bf       	out	0x3e, r29	; 62
    3368:	0f be       	out	0x3f, r0	; 63
    336a:	cd bf       	out	0x3d, r28	; 61
    336c:	88 a3       	std	Y+32, r24	; 0x20
    336e:	7a a3       	std	Y+34, r23	; 0x22
    3370:	69 a3       	std	Y+33, r22	; 0x21
    3372:	4b a3       	std	Y+35, r20	; 0x23
    char lcdBuffer[16];
    uint8_t spielerEingabe = 0;
    3374:	19 82       	std	Y+1, r1	; 0x01
        if (!globalUpdateLCD) //LCD 1 mal aktualisieren
    3376:	80 91 66 06 	lds	r24, 0x0666	; 0x800666 <globalUpdateLCD>
    337a:	88 23       	and	r24, r24
    337c:	09 f0       	breq	.+2      	; 0x3380 <feldKaufen+0x28>
    337e:	b6 c0       	rjmp	.+364    	; 0x34ec <feldKaufen+0x194>
        {
            clear();
    3380:	0e 94 05 01 	call	0x20a	; 0x20a <clear>
    3384:	80 e0       	ldi	r24, 0x00	; 0
    3386:	90 e0       	ldi	r25, 0x00	; 0
    3388:	a8 ec       	ldi	r26, 0xC8	; 200
    338a:	b2 e4       	ldi	r27, 0x42	; 66
    338c:	8a 83       	std	Y+2, r24	; 0x02
    338e:	9b 83       	std	Y+3, r25	; 0x03
    3390:	ac 83       	std	Y+4, r26	; 0x04
    3392:	bd 83       	std	Y+5, r27	; 0x05

	__builtin_avr_delay_cycles(__ticks_dc);

#else
	uint16_t __ticks;
	__tmp = ((F_CPU) / 4e3) * __ms;
    3394:	20 e0       	ldi	r18, 0x00	; 0
    3396:	30 e0       	ldi	r19, 0x00	; 0
    3398:	4a e7       	ldi	r20, 0x7A	; 122
    339a:	55 e4       	ldi	r21, 0x45	; 69
    339c:	6a 81       	ldd	r22, Y+2	; 0x02
    339e:	7b 81       	ldd	r23, Y+3	; 0x03
    33a0:	8c 81       	ldd	r24, Y+4	; 0x04
    33a2:	9d 81       	ldd	r25, Y+5	; 0x05
    33a4:	0e 94 3f 41 	call	0x827e	; 0x827e <__mulsf3>
    33a8:	dc 01       	movw	r26, r24
    33aa:	cb 01       	movw	r24, r22
    33ac:	8e 83       	std	Y+6, r24	; 0x06
    33ae:	9f 83       	std	Y+7, r25	; 0x07
    33b0:	a8 87       	std	Y+8, r26	; 0x08
    33b2:	b9 87       	std	Y+9, r27	; 0x09
	if (__tmp < 1.0)
    33b4:	20 e0       	ldi	r18, 0x00	; 0
    33b6:	30 e0       	ldi	r19, 0x00	; 0
    33b8:	40 e8       	ldi	r20, 0x80	; 128
    33ba:	5f e3       	ldi	r21, 0x3F	; 63
    33bc:	6e 81       	ldd	r22, Y+6	; 0x06
    33be:	7f 81       	ldd	r23, Y+7	; 0x07
    33c0:	88 85       	ldd	r24, Y+8	; 0x08
    33c2:	99 85       	ldd	r25, Y+9	; 0x09
    33c4:	0e 94 f1 3f 	call	0x7fe2	; 0x7fe2 <__cmpsf2>
    33c8:	88 23       	and	r24, r24
    33ca:	2c f4       	brge	.+10     	; 0x33d6 <feldKaufen+0x7e>
		__ticks = 1;
    33cc:	81 e0       	ldi	r24, 0x01	; 1
    33ce:	90 e0       	ldi	r25, 0x00	; 0
    33d0:	9b 87       	std	Y+11, r25	; 0x0b
    33d2:	8a 87       	std	Y+10, r24	; 0x0a
    33d4:	3f c0       	rjmp	.+126    	; 0x3454 <feldKaufen+0xfc>
	else if (__tmp > 65535)
    33d6:	20 e0       	ldi	r18, 0x00	; 0
    33d8:	3f ef       	ldi	r19, 0xFF	; 255
    33da:	4f e7       	ldi	r20, 0x7F	; 127
    33dc:	57 e4       	ldi	r21, 0x47	; 71
    33de:	6e 81       	ldd	r22, Y+6	; 0x06
    33e0:	7f 81       	ldd	r23, Y+7	; 0x07
    33e2:	88 85       	ldd	r24, Y+8	; 0x08
    33e4:	99 85       	ldd	r25, Y+9	; 0x09
    33e6:	0e 94 3b 41 	call	0x8276	; 0x8276 <__gesf2>
    33ea:	18 16       	cp	r1, r24
    33ec:	4c f5       	brge	.+82     	; 0x3440 <feldKaufen+0xe8>
	{
		//	__ticks = requested delay in 1/10 ms
		__ticks = (uint16_t) (__ms * 10.0);
    33ee:	20 e0       	ldi	r18, 0x00	; 0
    33f0:	30 e0       	ldi	r19, 0x00	; 0
    33f2:	40 e2       	ldi	r20, 0x20	; 32
    33f4:	51 e4       	ldi	r21, 0x41	; 65
    33f6:	6a 81       	ldd	r22, Y+2	; 0x02
    33f8:	7b 81       	ldd	r23, Y+3	; 0x03
    33fa:	8c 81       	ldd	r24, Y+4	; 0x04
    33fc:	9d 81       	ldd	r25, Y+5	; 0x05
    33fe:	0e 94 3f 41 	call	0x827e	; 0x827e <__mulsf3>
    3402:	dc 01       	movw	r26, r24
    3404:	cb 01       	movw	r24, r22
    3406:	bc 01       	movw	r22, r24
    3408:	cd 01       	movw	r24, r26
    340a:	0e 94 5d 40 	call	0x80ba	; 0x80ba <__fixunssfsi>
    340e:	dc 01       	movw	r26, r24
    3410:	cb 01       	movw	r24, r22
    3412:	9b 87       	std	Y+11, r25	; 0x0b
    3414:	8a 87       	std	Y+10, r24	; 0x0a
    3416:	0f c0       	rjmp	.+30     	; 0x3436 <feldKaufen+0xde>
    3418:	80 e9       	ldi	r24, 0x90	; 144
    341a:	91 e0       	ldi	r25, 0x01	; 1
    341c:	9d 87       	std	Y+13, r25	; 0x0d
    341e:	8c 87       	std	Y+12, r24	; 0x0c
    3420:	8c 85       	ldd	r24, Y+12	; 0x0c
    3422:	9d 85       	ldd	r25, Y+13	; 0x0d
    3424:	01 97       	sbiw	r24, 0x01	; 1
    3426:	f1 f7       	brne	.-4      	; 0x3424 <feldKaufen+0xcc>
    3428:	9d 87       	std	Y+13, r25	; 0x0d
    342a:	8c 87       	std	Y+12, r24	; 0x0c
		while(__ticks)
		{
			// wait 1/10 ms
			_delay_loop_2(((F_CPU) / 4e3) / 10);
			__ticks --;
    342c:	8a 85       	ldd	r24, Y+10	; 0x0a
    342e:	9b 85       	ldd	r25, Y+11	; 0x0b
    3430:	01 97       	sbiw	r24, 0x01	; 1
    3432:	9b 87       	std	Y+11, r25	; 0x0b
    3434:	8a 87       	std	Y+10, r24	; 0x0a
		__ticks = 1;
	else if (__tmp > 65535)
	{
		//	__ticks = requested delay in 1/10 ms
		__ticks = (uint16_t) (__ms * 10.0);
		while(__ticks)
    3436:	8a 85       	ldd	r24, Y+10	; 0x0a
    3438:	9b 85       	ldd	r25, Y+11	; 0x0b
    343a:	89 2b       	or	r24, r25
    343c:	69 f7       	brne	.-38     	; 0x3418 <feldKaufen+0xc0>
    343e:	14 c0       	rjmp	.+40     	; 0x3468 <feldKaufen+0x110>
			__ticks --;
		}
		return;
	}
	else
		__ticks = (uint16_t)__tmp;
    3440:	6e 81       	ldd	r22, Y+6	; 0x06
    3442:	7f 81       	ldd	r23, Y+7	; 0x07
    3444:	88 85       	ldd	r24, Y+8	; 0x08
    3446:	99 85       	ldd	r25, Y+9	; 0x09
    3448:	0e 94 5d 40 	call	0x80ba	; 0x80ba <__fixunssfsi>
    344c:	dc 01       	movw	r26, r24
    344e:	cb 01       	movw	r24, r22
    3450:	9b 87       	std	Y+11, r25	; 0x0b
    3452:	8a 87       	std	Y+10, r24	; 0x0a
    3454:	8a 85       	ldd	r24, Y+10	; 0x0a
    3456:	9b 85       	ldd	r25, Y+11	; 0x0b
    3458:	9f 87       	std	Y+15, r25	; 0x0f
    345a:	8e 87       	std	Y+14, r24	; 0x0e
    345c:	8e 85       	ldd	r24, Y+14	; 0x0e
    345e:	9f 85       	ldd	r25, Y+15	; 0x0f
    3460:	01 97       	sbiw	r24, 0x01	; 1
    3462:	f1 f7       	brne	.-4      	; 0x3460 <feldKaufen+0x108>
    3464:	9f 87       	std	Y+15, r25	; 0x0f
    3466:	8e 87       	std	Y+14, r24	; 0x0e
            _delay_ms(100);
            writeText(0,0,"   Spieler      ");
    3468:	48 ed       	ldi	r20, 0xD8	; 216
    346a:	52 e0       	ldi	r21, 0x02	; 2
    346c:	60 e0       	ldi	r22, 0x00	; 0
    346e:	80 e0       	ldi	r24, 0x00	; 0
    3470:	0e 94 23 01 	call	0x246	; 0x246 <writeText>
            sprintf(lcdBuffer,"%u",spielerAmZug);
    3474:	8b a1       	ldd	r24, Y+35	; 0x23
    3476:	88 2f       	mov	r24, r24
    3478:	90 e0       	ldi	r25, 0x00	; 0
    347a:	29 2f       	mov	r18, r25
    347c:	2f 93       	push	r18
    347e:	8f 93       	push	r24
    3480:	80 e7       	ldi	r24, 0x70	; 112
    3482:	92 e0       	ldi	r25, 0x02	; 2
    3484:	89 2f       	mov	r24, r25
    3486:	8f 93       	push	r24
    3488:	80 e7       	ldi	r24, 0x70	; 112
    348a:	92 e0       	ldi	r25, 0x02	; 2
    348c:	8f 93       	push	r24
    348e:	ce 01       	movw	r24, r28
    3490:	40 96       	adiw	r24, 0x10	; 16
    3492:	29 2f       	mov	r18, r25
    3494:	2f 93       	push	r18
    3496:	8f 93       	push	r24
    3498:	0e 94 41 42 	call	0x8482	; 0x8482 <sprintf>
    349c:	0f 90       	pop	r0
    349e:	0f 90       	pop	r0
    34a0:	0f 90       	pop	r0
    34a2:	0f 90       	pop	r0
    34a4:	0f 90       	pop	r0
    34a6:	0f 90       	pop	r0
            writeText(0,11,lcdBuffer);
    34a8:	ce 01       	movw	r24, r28
    34aa:	40 96       	adiw	r24, 0x10	; 16
    34ac:	ac 01       	movw	r20, r24
    34ae:	6b e0       	ldi	r22, 0x0B	; 11
    34b0:	80 e0       	ldi	r24, 0x00	; 0
    34b2:	0e 94 23 01 	call	0x246	; 0x246 <writeText>
            writeText(1,0,spielfeld[feldNummer].name);
    34b6:	88 a1       	ldd	r24, Y+32	; 0x20
    34b8:	28 2f       	mov	r18, r24
    34ba:	30 e0       	ldi	r19, 0x00	; 0
    34bc:	40 e5       	ldi	r20, 0x50	; 80
    34be:	42 9f       	mul	r20, r18
    34c0:	c0 01       	movw	r24, r0
    34c2:	43 9f       	mul	r20, r19
    34c4:	90 0d       	add	r25, r0
    34c6:	11 24       	eor	r1, r1
    34c8:	29 a1       	ldd	r18, Y+33	; 0x21
    34ca:	3a a1       	ldd	r19, Y+34	; 0x22
    34cc:	82 0f       	add	r24, r18
    34ce:	93 1f       	adc	r25, r19
    34d0:	ac 01       	movw	r20, r24
    34d2:	60 e0       	ldi	r22, 0x00	; 0
    34d4:	81 e0       	ldi	r24, 0x01	; 1
    34d6:	0e 94 23 01 	call	0x246	; 0x246 <writeText>
            writeText(2,0,"kaufen? <=N >=J");
    34da:	4d ed       	ldi	r20, 0xDD	; 221
    34dc:	53 e0       	ldi	r21, 0x03	; 3
    34de:	60 e0       	ldi	r22, 0x00	; 0
    34e0:	82 e0       	ldi	r24, 0x02	; 2
    34e2:	0e 94 23 01 	call	0x246	; 0x246 <writeText>
            globalUpdateLCD = 1;
    34e6:	81 e0       	ldi	r24, 0x01	; 1
    34e8:	80 93 66 06 	sts	0x0666, r24	; 0x800666 <globalUpdateLCD>
        }
        if (positiveFlanke & TASTE_R)//kaufen
    34ec:	80 91 63 06 	lds	r24, 0x0663	; 0x800663 <positiveFlanke>
    34f0:	90 91 64 06 	lds	r25, 0x0664	; 0x800664 <positiveFlanke+0x1>
    34f4:	88 27       	eor	r24, r24
    34f6:	90 74       	andi	r25, 0x40	; 64
    34f8:	89 2b       	or	r24, r25
    34fa:	09 f4       	brne	.+2      	; 0x34fe <feldKaufen+0x1a6>
    34fc:	b4 c0       	rjmp	.+360    	; 0x3666 <feldKaufen+0x30e>
        {
            //wenn der Spieler genug geld hat, kann er es kaufen
            if(spielerInfo[spielerAmZug].geld >= spielfeld[feldNummer].preis)
    34fe:	8b a1       	ldd	r24, Y+35	; 0x23
    3500:	28 2f       	mov	r18, r24
    3502:	30 e0       	ldi	r19, 0x00	; 0
    3504:	45 e3       	ldi	r20, 0x35	; 53
    3506:	42 9f       	mul	r20, r18
    3508:	c0 01       	movw	r24, r0
    350a:	43 9f       	mul	r20, r19
    350c:	90 0d       	add	r25, r0
    350e:	11 24       	eor	r1, r1
    3510:	87 56       	subi	r24, 0x67	; 103
    3512:	99 4f       	sbci	r25, 0xF9	; 249
    3514:	fc 01       	movw	r30, r24
    3516:	20 81       	ld	r18, Z
    3518:	31 81       	ldd	r19, Z+1	; 0x01
    351a:	88 a1       	ldd	r24, Y+32	; 0x20
    351c:	48 2f       	mov	r20, r24
    351e:	50 e0       	ldi	r21, 0x00	; 0
    3520:	60 e5       	ldi	r22, 0x50	; 80
    3522:	64 9f       	mul	r22, r20
    3524:	c0 01       	movw	r24, r0
    3526:	65 9f       	mul	r22, r21
    3528:	90 0d       	add	r25, r0
    352a:	11 24       	eor	r1, r1
    352c:	49 a1       	ldd	r20, Y+33	; 0x21
    352e:	5a a1       	ldd	r21, Y+34	; 0x22
    3530:	84 0f       	add	r24, r20
    3532:	95 1f       	adc	r25, r21
    3534:	fc 01       	movw	r30, r24
    3536:	83 a9       	ldd	r24, Z+51	; 0x33
    3538:	94 a9       	ldd	r25, Z+52	; 0x34
    353a:	28 17       	cp	r18, r24
    353c:	39 07       	cpc	r19, r25
    353e:	08 f4       	brcc	.+2      	; 0x3542 <feldKaufen+0x1ea>
    3540:	a2 c0       	rjmp	.+324    	; 0x3686 <feldKaufen+0x32e>
            {
                //zieht den betrag vom Konto des spielers ab
                spielerInfo[spielerAmZug].geld = spielerInfo[spielerAmZug].geld - spielfeld[feldNummer].preis;
    3542:	8b a1       	ldd	r24, Y+35	; 0x23
    3544:	48 2f       	mov	r20, r24
    3546:	50 e0       	ldi	r21, 0x00	; 0
    3548:	8b a1       	ldd	r24, Y+35	; 0x23
    354a:	28 2f       	mov	r18, r24
    354c:	30 e0       	ldi	r19, 0x00	; 0
    354e:	65 e3       	ldi	r22, 0x35	; 53
    3550:	62 9f       	mul	r22, r18
    3552:	c0 01       	movw	r24, r0
    3554:	63 9f       	mul	r22, r19
    3556:	90 0d       	add	r25, r0
    3558:	11 24       	eor	r1, r1
    355a:	87 56       	subi	r24, 0x67	; 103
    355c:	99 4f       	sbci	r25, 0xF9	; 249
    355e:	fc 01       	movw	r30, r24
    3560:	20 81       	ld	r18, Z
    3562:	31 81       	ldd	r19, Z+1	; 0x01
    3564:	88 a1       	ldd	r24, Y+32	; 0x20
    3566:	68 2f       	mov	r22, r24
    3568:	70 e0       	ldi	r23, 0x00	; 0
    356a:	e0 e5       	ldi	r30, 0x50	; 80
    356c:	e6 9f       	mul	r30, r22
    356e:	c0 01       	movw	r24, r0
    3570:	e7 9f       	mul	r30, r23
    3572:	90 0d       	add	r25, r0
    3574:	11 24       	eor	r1, r1
    3576:	69 a1       	ldd	r22, Y+33	; 0x21
    3578:	7a a1       	ldd	r23, Y+34	; 0x22
    357a:	86 0f       	add	r24, r22
    357c:	97 1f       	adc	r25, r23
    357e:	fc 01       	movw	r30, r24
    3580:	83 a9       	ldd	r24, Z+51	; 0x33
    3582:	94 a9       	ldd	r25, Z+52	; 0x34
    3584:	28 1b       	sub	r18, r24
    3586:	39 0b       	sbc	r19, r25
    3588:	65 e3       	ldi	r22, 0x35	; 53
    358a:	64 9f       	mul	r22, r20
    358c:	c0 01       	movw	r24, r0
    358e:	65 9f       	mul	r22, r21
    3590:	90 0d       	add	r25, r0
    3592:	11 24       	eor	r1, r1
    3594:	87 56       	subi	r24, 0x67	; 103
    3596:	99 4f       	sbci	r25, 0xF9	; 249
    3598:	fc 01       	movw	r30, r24
    359a:	31 83       	std	Z+1, r19	; 0x01
    359c:	20 83       	st	Z, r18
                //besitz wird umgeschrieben
                spielfeld[feldNummer].besitzer = spielerAmZug;
    359e:	88 a1       	ldd	r24, Y+32	; 0x20
    35a0:	28 2f       	mov	r18, r24
    35a2:	30 e0       	ldi	r19, 0x00	; 0
    35a4:	40 e5       	ldi	r20, 0x50	; 80
    35a6:	42 9f       	mul	r20, r18
    35a8:	c0 01       	movw	r24, r0
    35aa:	43 9f       	mul	r20, r19
    35ac:	90 0d       	add	r25, r0
    35ae:	11 24       	eor	r1, r1
    35b0:	29 a1       	ldd	r18, Y+33	; 0x21
    35b2:	3a a1       	ldd	r19, Y+34	; 0x22
    35b4:	82 0f       	add	r24, r18
    35b6:	93 1f       	adc	r25, r19
    35b8:	8d 5b       	subi	r24, 0xBD	; 189
    35ba:	9f 4f       	sbci	r25, 0xFF	; 255
    35bc:	2b a1       	ldd	r18, Y+35	; 0x23
    35be:	fc 01       	movw	r30, r24
    35c0:	20 83       	st	Z, r18
                //Besitz RGB setzen
                setPropertyRgb(spielfeld[feldNummer].rgbNummer,spielerAmZug);
    35c2:	88 a1       	ldd	r24, Y+32	; 0x20
    35c4:	28 2f       	mov	r18, r24
    35c6:	30 e0       	ldi	r19, 0x00	; 0
    35c8:	40 e5       	ldi	r20, 0x50	; 80
    35ca:	42 9f       	mul	r20, r18
    35cc:	c0 01       	movw	r24, r0
    35ce:	43 9f       	mul	r20, r19
    35d0:	90 0d       	add	r25, r0
    35d2:	11 24       	eor	r1, r1
    35d4:	29 a1       	ldd	r18, Y+33	; 0x21
    35d6:	3a a1       	ldd	r19, Y+34	; 0x22
    35d8:	82 0f       	add	r24, r18
    35da:	93 1f       	adc	r25, r19
    35dc:	85 5b       	subi	r24, 0xB5	; 181
    35de:	9f 4f       	sbci	r25, 0xFF	; 255
    35e0:	fc 01       	movw	r30, r24
    35e2:	80 81       	ld	r24, Z
    35e4:	6b a1       	ldd	r22, Y+35	; 0x23
    35e6:	ac d2       	rcall	.+1368   	; 0x3b40 <setPropertyRgb>
                //konto aktualisieren
                updateKontostand(anzahlSpieler,spielerInfo);
    35e8:	80 91 04 02 	lds	r24, 0x0204	; 0x800204 <anzahlSpieler>
    35ec:	67 e6       	ldi	r22, 0x67	; 103
    35ee:	76 e0       	ldi	r23, 0x06	; 6
    35f0:	e3 d7       	rcall	.+4038   	; 0x45b8 <updateKontostand>
                //LCD leeren und neu beschreiben
                clear();
    35f2:	0e 94 05 01 	call	0x20a	; 0x20a <clear>
                writeText(0,0,"   Spieler      ");
    35f6:	48 ed       	ldi	r20, 0xD8	; 216
    35f8:	52 e0       	ldi	r21, 0x02	; 2
    35fa:	60 e0       	ldi	r22, 0x00	; 0
    35fc:	80 e0       	ldi	r24, 0x00	; 0
    35fe:	0e 94 23 01 	call	0x246	; 0x246 <writeText>
                sprintf(lcdBuffer,"%u",spielerAmZug);
    3602:	8b a1       	ldd	r24, Y+35	; 0x23
    3604:	88 2f       	mov	r24, r24
    3606:	90 e0       	ldi	r25, 0x00	; 0
    3608:	29 2f       	mov	r18, r25
    360a:	2f 93       	push	r18
    360c:	8f 93       	push	r24
    360e:	80 e7       	ldi	r24, 0x70	; 112
    3610:	92 e0       	ldi	r25, 0x02	; 2
    3612:	89 2f       	mov	r24, r25
    3614:	8f 93       	push	r24
    3616:	80 e7       	ldi	r24, 0x70	; 112
    3618:	92 e0       	ldi	r25, 0x02	; 2
    361a:	8f 93       	push	r24
    361c:	ce 01       	movw	r24, r28
    361e:	40 96       	adiw	r24, 0x10	; 16
    3620:	29 2f       	mov	r18, r25
    3622:	2f 93       	push	r18
    3624:	8f 93       	push	r24
    3626:	0e 94 41 42 	call	0x8482	; 0x8482 <sprintf>
    362a:	0f 90       	pop	r0
    362c:	0f 90       	pop	r0
    362e:	0f 90       	pop	r0
    3630:	0f 90       	pop	r0
    3632:	0f 90       	pop	r0
    3634:	0f 90       	pop	r0
                writeText(0,11,lcdBuffer);
    3636:	ce 01       	movw	r24, r28
    3638:	40 96       	adiw	r24, 0x10	; 16
    363a:	ac 01       	movw	r20, r24
    363c:	6b e0       	ldi	r22, 0x0B	; 11
    363e:	80 e0       	ldi	r24, 0x00	; 0
    3640:	0e 94 23 01 	call	0x246	; 0x246 <writeText>
                writeText(1,0," w"UE"rfeln A / B ");
    3644:	49 ee       	ldi	r20, 0xE9	; 233
    3646:	52 e0       	ldi	r21, 0x02	; 2
    3648:	60 e0       	ldi	r22, 0x00	; 0
    364a:	81 e0       	ldi	r24, 0x01	; 1
    364c:	0e 94 23 01 	call	0x246	; 0x246 <writeText>
                writeText(2,0,"    weiter C    ");
    3650:	49 ef       	ldi	r20, 0xF9	; 249
    3652:	52 e0       	ldi	r21, 0x02	; 2
    3654:	60 e0       	ldi	r22, 0x00	; 0
    3656:	82 e0       	ldi	r24, 0x02	; 2
    3658:	0e 94 23 01 	call	0x246	; 0x246 <writeText>
                spielerEingabe = 1; //Rückgabewert 2 = Feld wurde gekauft
    365c:	81 e0       	ldi	r24, 0x01	; 1
    365e:	89 83       	std	Y+1, r24	; 0x01
                globalUpdateLCD = 0;
    3660:	10 92 66 06 	sts	0x0666, r1	; 0x800666 <globalUpdateLCD>
    3664:	10 c0       	rjmp	.+32     	; 0x3686 <feldKaufen+0x32e>
            }
        }
        else if (positiveFlanke & TASTE_L)//nicht Kaufen
    3666:	80 91 63 06 	lds	r24, 0x0663	; 0x800663 <positiveFlanke>
    366a:	90 91 64 06 	lds	r25, 0x0664	; 0x800664 <positiveFlanke+0x1>
    366e:	88 27       	eor	r24, r24
    3670:	90 72       	andi	r25, 0x20	; 32
    3672:	89 2b       	or	r24, r25
    3674:	41 f0       	breq	.+16     	; 0x3686 <feldKaufen+0x32e>
        {
            blaulicht(50,10); //Blaulicht um aufmeksamkeit zu erwecken
    3676:	6a e0       	ldi	r22, 0x0A	; 10
    3678:	82 e3       	ldi	r24, 0x32	; 50
    367a:	0e 94 44 28 	call	0x5088	; 0x5088 <blaulicht>
            //zustand = VERSTEIGERUNG; //bei nicht kauf wird versteigert
            //flags setzen
            spielerEingabe = 2; //Rückgabewert 1 = Feld wurde nicht gekauft -> versteigerung
    367e:	82 e0       	ldi	r24, 0x02	; 2
    3680:	89 83       	std	Y+1, r24	; 0x01
            globalUpdateLCD = 0;
    3682:	10 92 66 06 	sts	0x0666, r1	; 0x800666 <globalUpdateLCD>
        }
    return spielerEingabe;
    3686:	89 81       	ldd	r24, Y+1	; 0x01
    3688:	a3 96       	adiw	r28, 0x23	; 35
    368a:	0f b6       	in	r0, 0x3f	; 63
    368c:	f8 94       	cli
    368e:	de bf       	out	0x3e, r29	; 62
    3690:	0f be       	out	0x3f, r0	; 63
    3692:	cd bf       	out	0x3d, r28	; 61
    3694:	df 91       	pop	r29
    3696:	cf 91       	pop	r28
    3698:	08 95       	ret

0000369a <resetMonopoly>:
    wuerfelTransmit(zufallszahl1, zufallszahl2);
    
    //Speichert die finalen Zufallszahlen im Array
    wuerfelArray[0] = zufallszahl1;
    wuerfelArray[1] = zufallszahl2;
}
    369a:	cf 93       	push	r28
    369c:	df 93       	push	r29
    369e:	1f 92       	push	r1
    36a0:	1f 92       	push	r1
    36a2:	cd b7       	in	r28, 0x3d	; 61
    36a4:	de b7       	in	r29, 0x3e	; 62
    36a6:	8a e9       	ldi	r24, 0x9A	; 154
    36a8:	95 e0       	ldi	r25, 0x05	; 5
    36aa:	1f d1       	rcall	.+574    	; 0x38ea <writeHaus>
    36ac:	61 e0       	ldi	r22, 0x01	; 1
    36ae:	88 e2       	ldi	r24, 0x28	; 40
    36b0:	b7 d2       	rcall	.+1390   	; 0x3c20 <setPlayerPosition>
    36b2:	62 e0       	ldi	r22, 0x02	; 2
    36b4:	88 e2       	ldi	r24, 0x28	; 40
    36b6:	b4 d2       	rcall	.+1384   	; 0x3c20 <setPlayerPosition>
    36b8:	63 e0       	ldi	r22, 0x03	; 3
    36ba:	88 e2       	ldi	r24, 0x28	; 40
    36bc:	b1 d2       	rcall	.+1378   	; 0x3c20 <setPlayerPosition>
    36be:	64 e0       	ldi	r22, 0x04	; 4
    36c0:	88 e2       	ldi	r24, 0x28	; 40
    36c2:	ae d2       	rcall	.+1372   	; 0x3c20 <setPlayerPosition>
    36c4:	19 82       	std	Y+1, r1	; 0x01
    36c6:	06 c0       	rjmp	.+12     	; 0x36d4 <resetMonopoly+0x3a>
    36c8:	60 e0       	ldi	r22, 0x00	; 0
    36ca:	89 81       	ldd	r24, Y+1	; 0x01
    36cc:	39 d2       	rcall	.+1138   	; 0x3b40 <setPropertyRgb>
    36ce:	89 81       	ldd	r24, Y+1	; 0x01
    36d0:	8f 5f       	subi	r24, 0xFF	; 255
    36d2:	89 83       	std	Y+1, r24	; 0x01
    36d4:	89 81       	ldd	r24, Y+1	; 0x01
    36d6:	8c 31       	cpi	r24, 0x1C	; 28
    36d8:	b8 f3       	brcs	.-18     	; 0x36c8 <resetMonopoly+0x2e>
    36da:	81 e0       	ldi	r24, 0x01	; 1
    36dc:	8a 83       	std	Y+2, r24	; 0x02
    36de:	08 c0       	rjmp	.+16     	; 0x36f0 <resetMonopoly+0x56>
    36e0:	4a e0       	ldi	r20, 0x0A	; 10
    36e2:	6a 81       	ldd	r22, Y+2	; 0x02
    36e4:	80 e0       	ldi	r24, 0x00	; 0
    36e6:	90 e0       	ldi	r25, 0x00	; 0
    36e8:	19 d5       	rcall	.+2610   	; 0x411c <setGeld>
    36ea:	8a 81       	ldd	r24, Y+2	; 0x02
    36ec:	8f 5f       	subi	r24, 0xFF	; 255
    36ee:	8a 83       	std	Y+2, r24	; 0x02
    36f0:	8a 81       	ldd	r24, Y+2	; 0x02
    36f2:	85 30       	cpi	r24, 0x05	; 5
    36f4:	a8 f3       	brcs	.-22     	; 0x36e0 <resetMonopoly+0x46>
    36f6:	6a e0       	ldi	r22, 0x0A	; 10
    36f8:	8a e0       	ldi	r24, 0x0A	; 10
    36fa:	0e 94 ba 25 	call	0x4b74	; 0x4b74 <wuerfelTransmit>
    36fe:	00 00       	nop
    3700:	0f 90       	pop	r0
    3702:	0f 90       	pop	r0
    3704:	df 91       	pop	r29
    3706:	cf 91       	pop	r28
    3708:	08 95       	ret

0000370a <setHaus>:
    370a:	cf 93       	push	r28
    370c:	df 93       	push	r29
    370e:	00 d0       	rcall	.+0      	; 0x3710 <setHaus+0x6>
    3710:	00 d0       	rcall	.+0      	; 0x3712 <setHaus+0x8>
    3712:	cd b7       	in	r28, 0x3d	; 61
    3714:	de b7       	in	r29, 0x3e	; 62
    3716:	8d 83       	std	Y+5, r24	; 0x05
    3718:	6e 83       	std	Y+6, r22	; 0x06
    371a:	19 82       	std	Y+1, r1	; 0x01
    371c:	9d 81       	ldd	r25, Y+5	; 0x05
    371e:	89 2f       	mov	r24, r25
    3720:	88 0f       	add	r24, r24
    3722:	88 0f       	add	r24, r24
    3724:	89 0f       	add	r24, r25
    3726:	8a 83       	std	Y+2, r24	; 0x02
    3728:	8a 81       	ldd	r24, Y+2	; 0x02
    372a:	86 95       	lsr	r24
    372c:	86 95       	lsr	r24
    372e:	86 95       	lsr	r24
    3730:	8b 83       	std	Y+3, r24	; 0x03
    3732:	8a 81       	ldd	r24, Y+2	; 0x02
    3734:	87 70       	andi	r24, 0x07	; 7
    3736:	8c 83       	std	Y+4, r24	; 0x04
    3738:	8e 81       	ldd	r24, Y+6	; 0x06
    373a:	85 30       	cpi	r24, 0x05	; 5
    373c:	19 f4       	brne	.+6      	; 0x3744 <setHaus+0x3a>
    373e:	80 e1       	ldi	r24, 0x10	; 16
    3740:	89 83       	std	Y+1, r24	; 0x01
    3742:	10 c0       	rjmp	.+32     	; 0x3764 <setHaus+0x5a>
    3744:	8e 81       	ldd	r24, Y+6	; 0x06
    3746:	88 2f       	mov	r24, r24
    3748:	90 e0       	ldi	r25, 0x00	; 0
    374a:	25 e0       	ldi	r18, 0x05	; 5
    374c:	30 e0       	ldi	r19, 0x00	; 0
    374e:	28 1b       	sub	r18, r24
    3750:	39 0b       	sbc	r19, r25
    3752:	80 ee       	ldi	r24, 0xE0	; 224
    3754:	9f ef       	ldi	r25, 0xFF	; 255
    3756:	02 c0       	rjmp	.+4      	; 0x375c <setHaus+0x52>
    3758:	96 95       	lsr	r25
    375a:	87 95       	ror	r24
    375c:	2a 95       	dec	r18
    375e:	e2 f7       	brpl	.-8      	; 0x3758 <setHaus+0x4e>
    3760:	80 95       	com	r24
    3762:	89 83       	std	Y+1, r24	; 0x01
    3764:	8c 81       	ldd	r24, Y+4	; 0x04
    3766:	84 30       	cpi	r24, 0x04	; 4
    3768:	08 f4       	brcc	.+2      	; 0x376c <setHaus+0x62>
    376a:	7c c0       	rjmp	.+248    	; 0x3864 <setHaus+0x15a>
    376c:	8b 81       	ldd	r24, Y+3	; 0x03
    376e:	88 2f       	mov	r24, r24
    3770:	90 e0       	ldi	r25, 0x00	; 0
    3772:	2b 81       	ldd	r18, Y+3	; 0x03
    3774:	22 2f       	mov	r18, r18
    3776:	30 e0       	ldi	r19, 0x00	; 0
    3778:	26 56       	subi	r18, 0x66	; 102
    377a:	3a 4f       	sbci	r19, 0xFA	; 250
    377c:	d9 01       	movw	r26, r18
    377e:	2c 91       	ld	r18, X
    3780:	62 2f       	mov	r22, r18
    3782:	2c 81       	ldd	r18, Y+4	; 0x04
    3784:	42 2f       	mov	r20, r18
    3786:	50 e0       	ldi	r21, 0x00	; 0
    3788:	2f e1       	ldi	r18, 0x1F	; 31
    378a:	30 e0       	ldi	r19, 0x00	; 0
    378c:	02 c0       	rjmp	.+4      	; 0x3792 <setHaus+0x88>
    378e:	22 0f       	add	r18, r18
    3790:	33 1f       	adc	r19, r19
    3792:	4a 95       	dec	r20
    3794:	e2 f7       	brpl	.-8      	; 0x378e <setHaus+0x84>
    3796:	20 95       	com	r18
    3798:	26 23       	and	r18, r22
    379a:	86 56       	subi	r24, 0x66	; 102
    379c:	9a 4f       	sbci	r25, 0xFA	; 250
    379e:	fc 01       	movw	r30, r24
    37a0:	20 83       	st	Z, r18
    37a2:	8b 81       	ldd	r24, Y+3	; 0x03
    37a4:	88 2f       	mov	r24, r24
    37a6:	90 e0       	ldi	r25, 0x00	; 0
    37a8:	01 96       	adiw	r24, 0x01	; 1
    37aa:	2b 81       	ldd	r18, Y+3	; 0x03
    37ac:	22 2f       	mov	r18, r18
    37ae:	30 e0       	ldi	r19, 0x00	; 0
    37b0:	2f 5f       	subi	r18, 0xFF	; 255
    37b2:	3f 4f       	sbci	r19, 0xFF	; 255
    37b4:	26 56       	subi	r18, 0x66	; 102
    37b6:	3a 4f       	sbci	r19, 0xFA	; 250
    37b8:	d9 01       	movw	r26, r18
    37ba:	2c 91       	ld	r18, X
    37bc:	62 2f       	mov	r22, r18
    37be:	2c 81       	ldd	r18, Y+4	; 0x04
    37c0:	22 2f       	mov	r18, r18
    37c2:	30 e0       	ldi	r19, 0x00	; 0
    37c4:	48 e0       	ldi	r20, 0x08	; 8
    37c6:	50 e0       	ldi	r21, 0x00	; 0
    37c8:	42 1b       	sub	r20, r18
    37ca:	53 0b       	sbc	r21, r19
    37cc:	20 ee       	ldi	r18, 0xE0	; 224
    37ce:	3f ef       	ldi	r19, 0xFF	; 255
    37d0:	02 c0       	rjmp	.+4      	; 0x37d6 <setHaus+0xcc>
    37d2:	35 95       	asr	r19
    37d4:	27 95       	ror	r18
    37d6:	4a 95       	dec	r20
    37d8:	e2 f7       	brpl	.-8      	; 0x37d2 <setHaus+0xc8>
    37da:	26 23       	and	r18, r22
    37dc:	86 56       	subi	r24, 0x66	; 102
    37de:	9a 4f       	sbci	r25, 0xFA	; 250
    37e0:	fc 01       	movw	r30, r24
    37e2:	20 83       	st	Z, r18
    37e4:	8b 81       	ldd	r24, Y+3	; 0x03
    37e6:	88 2f       	mov	r24, r24
    37e8:	90 e0       	ldi	r25, 0x00	; 0
    37ea:	2b 81       	ldd	r18, Y+3	; 0x03
    37ec:	22 2f       	mov	r18, r18
    37ee:	30 e0       	ldi	r19, 0x00	; 0
    37f0:	26 56       	subi	r18, 0x66	; 102
    37f2:	3a 4f       	sbci	r19, 0xFA	; 250
    37f4:	d9 01       	movw	r26, r18
    37f6:	2c 91       	ld	r18, X
    37f8:	62 2f       	mov	r22, r18
    37fa:	29 81       	ldd	r18, Y+1	; 0x01
    37fc:	22 2f       	mov	r18, r18
    37fe:	30 e0       	ldi	r19, 0x00	; 0
    3800:	4c 81       	ldd	r20, Y+4	; 0x04
    3802:	44 2f       	mov	r20, r20
    3804:	50 e0       	ldi	r21, 0x00	; 0
    3806:	02 c0       	rjmp	.+4      	; 0x380c <setHaus+0x102>
    3808:	22 0f       	add	r18, r18
    380a:	33 1f       	adc	r19, r19
    380c:	4a 95       	dec	r20
    380e:	e2 f7       	brpl	.-8      	; 0x3808 <setHaus+0xfe>
    3810:	26 2b       	or	r18, r22
    3812:	86 56       	subi	r24, 0x66	; 102
    3814:	9a 4f       	sbci	r25, 0xFA	; 250
    3816:	fc 01       	movw	r30, r24
    3818:	20 83       	st	Z, r18
    381a:	8b 81       	ldd	r24, Y+3	; 0x03
    381c:	88 2f       	mov	r24, r24
    381e:	90 e0       	ldi	r25, 0x00	; 0
    3820:	01 96       	adiw	r24, 0x01	; 1
    3822:	2b 81       	ldd	r18, Y+3	; 0x03
    3824:	22 2f       	mov	r18, r18
    3826:	30 e0       	ldi	r19, 0x00	; 0
    3828:	2f 5f       	subi	r18, 0xFF	; 255
    382a:	3f 4f       	sbci	r19, 0xFF	; 255
    382c:	26 56       	subi	r18, 0x66	; 102
    382e:	3a 4f       	sbci	r19, 0xFA	; 250
    3830:	d9 01       	movw	r26, r18
    3832:	2c 91       	ld	r18, X
    3834:	e2 2f       	mov	r30, r18
    3836:	29 81       	ldd	r18, Y+1	; 0x01
    3838:	22 2f       	mov	r18, r18
    383a:	30 e0       	ldi	r19, 0x00	; 0
    383c:	4c 81       	ldd	r20, Y+4	; 0x04
    383e:	44 2f       	mov	r20, r20
    3840:	50 e0       	ldi	r21, 0x00	; 0
    3842:	68 e0       	ldi	r22, 0x08	; 8
    3844:	70 e0       	ldi	r23, 0x00	; 0
    3846:	db 01       	movw	r26, r22
    3848:	a4 1b       	sub	r26, r20
    384a:	b5 0b       	sbc	r27, r21
    384c:	ad 01       	movw	r20, r26
    384e:	02 c0       	rjmp	.+4      	; 0x3854 <setHaus+0x14a>
    3850:	35 95       	asr	r19
    3852:	27 95       	ror	r18
    3854:	4a 95       	dec	r20
    3856:	e2 f7       	brpl	.-8      	; 0x3850 <setHaus+0x146>
    3858:	2e 2b       	or	r18, r30
    385a:	86 56       	subi	r24, 0x66	; 102
    385c:	9a 4f       	sbci	r25, 0xFA	; 250
    385e:	fc 01       	movw	r30, r24
    3860:	20 83       	st	Z, r18
    3862:	36 c0       	rjmp	.+108    	; 0x38d0 <setHaus+0x1c6>
    3864:	8b 81       	ldd	r24, Y+3	; 0x03
    3866:	88 2f       	mov	r24, r24
    3868:	90 e0       	ldi	r25, 0x00	; 0
    386a:	2b 81       	ldd	r18, Y+3	; 0x03
    386c:	22 2f       	mov	r18, r18
    386e:	30 e0       	ldi	r19, 0x00	; 0
    3870:	26 56       	subi	r18, 0x66	; 102
    3872:	3a 4f       	sbci	r19, 0xFA	; 250
    3874:	d9 01       	movw	r26, r18
    3876:	2c 91       	ld	r18, X
    3878:	62 2f       	mov	r22, r18
    387a:	2c 81       	ldd	r18, Y+4	; 0x04
    387c:	42 2f       	mov	r20, r18
    387e:	50 e0       	ldi	r21, 0x00	; 0
    3880:	2f e1       	ldi	r18, 0x1F	; 31
    3882:	30 e0       	ldi	r19, 0x00	; 0
    3884:	02 c0       	rjmp	.+4      	; 0x388a <setHaus+0x180>
    3886:	22 0f       	add	r18, r18
    3888:	33 1f       	adc	r19, r19
    388a:	4a 95       	dec	r20
    388c:	e2 f7       	brpl	.-8      	; 0x3886 <setHaus+0x17c>
    388e:	20 95       	com	r18
    3890:	26 23       	and	r18, r22
    3892:	86 56       	subi	r24, 0x66	; 102
    3894:	9a 4f       	sbci	r25, 0xFA	; 250
    3896:	fc 01       	movw	r30, r24
    3898:	20 83       	st	Z, r18
    389a:	8b 81       	ldd	r24, Y+3	; 0x03
    389c:	88 2f       	mov	r24, r24
    389e:	90 e0       	ldi	r25, 0x00	; 0
    38a0:	2b 81       	ldd	r18, Y+3	; 0x03
    38a2:	22 2f       	mov	r18, r18
    38a4:	30 e0       	ldi	r19, 0x00	; 0
    38a6:	26 56       	subi	r18, 0x66	; 102
    38a8:	3a 4f       	sbci	r19, 0xFA	; 250
    38aa:	d9 01       	movw	r26, r18
    38ac:	2c 91       	ld	r18, X
    38ae:	62 2f       	mov	r22, r18
    38b0:	29 81       	ldd	r18, Y+1	; 0x01
    38b2:	22 2f       	mov	r18, r18
    38b4:	30 e0       	ldi	r19, 0x00	; 0
    38b6:	4c 81       	ldd	r20, Y+4	; 0x04
    38b8:	44 2f       	mov	r20, r20
    38ba:	50 e0       	ldi	r21, 0x00	; 0
    38bc:	02 c0       	rjmp	.+4      	; 0x38c2 <setHaus+0x1b8>
    38be:	22 0f       	add	r18, r18
    38c0:	33 1f       	adc	r19, r19
    38c2:	4a 95       	dec	r20
    38c4:	e2 f7       	brpl	.-8      	; 0x38be <setHaus+0x1b4>
    38c6:	26 2b       	or	r18, r22
    38c8:	86 56       	subi	r24, 0x66	; 102
    38ca:	9a 4f       	sbci	r25, 0xFA	; 250
    38cc:	fc 01       	movw	r30, r24
    38ce:	20 83       	st	Z, r18
    38d0:	8a e9       	ldi	r24, 0x9A	; 154
    38d2:	95 e0       	ldi	r25, 0x05	; 5
    38d4:	0a d0       	rcall	.+20     	; 0x38ea <writeHaus>
    38d6:	00 00       	nop
    38d8:	26 96       	adiw	r28, 0x06	; 6
    38da:	0f b6       	in	r0, 0x3f	; 63
    38dc:	f8 94       	cli
    38de:	de bf       	out	0x3e, r29	; 62
    38e0:	0f be       	out	0x3f, r0	; 63
    38e2:	cd bf       	out	0x3d, r28	; 61
    38e4:	df 91       	pop	r29
    38e6:	cf 91       	pop	r28
    38e8:	08 95       	ret

000038ea <writeHaus>:
    38ea:	cf 92       	push	r12
    38ec:	df 92       	push	r13
    38ee:	ef 92       	push	r14
    38f0:	ff 92       	push	r15
    38f2:	cf 93       	push	r28
    38f4:	df 93       	push	r29
    38f6:	cd b7       	in	r28, 0x3d	; 61
    38f8:	de b7       	in	r29, 0x3e	; 62
    38fa:	a0 97       	sbiw	r28, 0x20	; 32
    38fc:	0f b6       	in	r0, 0x3f	; 63
    38fe:	f8 94       	cli
    3900:	de bf       	out	0x3e, r29	; 62
    3902:	0f be       	out	0x3f, r0	; 63
    3904:	cd bf       	out	0x3d, r28	; 61
    3906:	98 a3       	std	Y+32, r25	; 0x20
    3908:	8f 8f       	std	Y+31, r24	; 0x1f
    390a:	1a 82       	std	Y+2, r1	; 0x02
    390c:	19 82       	std	Y+1, r1	; 0x01
    390e:	f4 c0       	rjmp	.+488    	; 0x3af8 <writeHaus+0x20e>
    3910:	89 81       	ldd	r24, Y+1	; 0x01
    3912:	88 2f       	mov	r24, r24
    3914:	90 e0       	ldi	r25, 0x00	; 0
    3916:	2e e0       	ldi	r18, 0x0E	; 14
    3918:	30 e0       	ldi	r19, 0x00	; 0
    391a:	a9 01       	movw	r20, r18
    391c:	48 1b       	sub	r20, r24
    391e:	59 0b       	sbc	r21, r25
    3920:	ca 01       	movw	r24, r20
    3922:	9c 01       	movw	r18, r24
    3924:	8f 8d       	ldd	r24, Y+31	; 0x1f
    3926:	98 a1       	ldd	r25, Y+32	; 0x20
    3928:	82 0f       	add	r24, r18
    392a:	93 1f       	adc	r25, r19
    392c:	fc 01       	movw	r30, r24
    392e:	80 81       	ld	r24, Z
    3930:	8a 83       	std	Y+2, r24	; 0x02
    3932:	6a 81       	ldd	r22, Y+2	; 0x02
    3934:	80 e0       	ldi	r24, 0x00	; 0
    3936:	0e 94 a5 3f 	call	0x7f4a	; 0x7f4a <USART_Transmit>
    393a:	80 e0       	ldi	r24, 0x00	; 0
    393c:	90 e0       	ldi	r25, 0x00	; 0
    393e:	aa ef       	ldi	r26, 0xFA	; 250
    3940:	b3 e4       	ldi	r27, 0x43	; 67
    3942:	8b 83       	std	Y+3, r24	; 0x03
    3944:	9c 83       	std	Y+4, r25	; 0x04
    3946:	ad 83       	std	Y+5, r26	; 0x05
    3948:	be 83       	std	Y+6, r27	; 0x06
    394a:	2b ea       	ldi	r18, 0xAB	; 171
    394c:	3a ea       	ldi	r19, 0xAA	; 170
    394e:	4a ea       	ldi	r20, 0xAA	; 170
    3950:	50 e4       	ldi	r21, 0x40	; 64
    3952:	6b 81       	ldd	r22, Y+3	; 0x03
    3954:	7c 81       	ldd	r23, Y+4	; 0x04
    3956:	8d 81       	ldd	r24, Y+5	; 0x05
    3958:	9e 81       	ldd	r25, Y+6	; 0x06
    395a:	0e 94 3f 41 	call	0x827e	; 0x827e <__mulsf3>
    395e:	dc 01       	movw	r26, r24
    3960:	cb 01       	movw	r24, r22
    3962:	8f 83       	std	Y+7, r24	; 0x07
    3964:	98 87       	std	Y+8, r25	; 0x08
    3966:	a9 87       	std	Y+9, r26	; 0x09
    3968:	ba 87       	std	Y+10, r27	; 0x0a
    396a:	20 e0       	ldi	r18, 0x00	; 0
    396c:	30 e0       	ldi	r19, 0x00	; 0
    396e:	40 e8       	ldi	r20, 0x80	; 128
    3970:	50 e4       	ldi	r21, 0x40	; 64
    3972:	6b 81       	ldd	r22, Y+3	; 0x03
    3974:	7c 81       	ldd	r23, Y+4	; 0x04
    3976:	8d 81       	ldd	r24, Y+5	; 0x05
    3978:	9e 81       	ldd	r25, Y+6	; 0x06
    397a:	0e 94 3f 41 	call	0x827e	; 0x827e <__mulsf3>
    397e:	dc 01       	movw	r26, r24
    3980:	cb 01       	movw	r24, r22
    3982:	8b 87       	std	Y+11, r24	; 0x0b
    3984:	9c 87       	std	Y+12, r25	; 0x0c
    3986:	ad 87       	std	Y+13, r26	; 0x0d
    3988:	be 87       	std	Y+14, r27	; 0x0e
    398a:	20 e0       	ldi	r18, 0x00	; 0
    398c:	30 e0       	ldi	r19, 0x00	; 0
    398e:	40 e8       	ldi	r20, 0x80	; 128
    3990:	5f e3       	ldi	r21, 0x3F	; 63
    3992:	6f 81       	ldd	r22, Y+7	; 0x07
    3994:	78 85       	ldd	r23, Y+8	; 0x08
    3996:	89 85       	ldd	r24, Y+9	; 0x09
    3998:	9a 85       	ldd	r25, Y+10	; 0x0a
    399a:	0e 94 f1 3f 	call	0x7fe2	; 0x7fe2 <__cmpsf2>
    399e:	88 23       	and	r24, r24
    39a0:	0c f4       	brge	.+2      	; 0x39a4 <writeHaus+0xba>
    39a2:	a1 c0       	rjmp	.+322    	; 0x3ae6 <writeHaus+0x1fc>
    39a4:	20 e0       	ldi	r18, 0x00	; 0
    39a6:	3f ef       	ldi	r19, 0xFF	; 255
    39a8:	4f e7       	ldi	r20, 0x7F	; 127
    39aa:	57 e4       	ldi	r21, 0x47	; 71
    39ac:	6b 85       	ldd	r22, Y+11	; 0x0b
    39ae:	7c 85       	ldd	r23, Y+12	; 0x0c
    39b0:	8d 85       	ldd	r24, Y+13	; 0x0d
    39b2:	9e 85       	ldd	r25, Y+14	; 0x0e
    39b4:	0e 94 3b 41 	call	0x8276	; 0x8276 <__gesf2>
    39b8:	18 16       	cp	r1, r24
    39ba:	0c f0       	brlt	.+2      	; 0x39be <writeHaus+0xd4>
    39bc:	6d c0       	rjmp	.+218    	; 0x3a98 <writeHaus+0x1ae>
    39be:	20 e0       	ldi	r18, 0x00	; 0
    39c0:	30 e0       	ldi	r19, 0x00	; 0
    39c2:	4a e7       	ldi	r20, 0x7A	; 122
    39c4:	54 e4       	ldi	r21, 0x44	; 68
    39c6:	6b 81       	ldd	r22, Y+3	; 0x03
    39c8:	7c 81       	ldd	r23, Y+4	; 0x04
    39ca:	8d 81       	ldd	r24, Y+5	; 0x05
    39cc:	9e 81       	ldd	r25, Y+6	; 0x06
    39ce:	0e 94 f5 3f 	call	0x7fea	; 0x7fea <__divsf3>
    39d2:	dc 01       	movw	r26, r24
    39d4:	cb 01       	movw	r24, r22
    39d6:	6c 01       	movw	r12, r24
    39d8:	7d 01       	movw	r14, r26
    39da:	20 e0       	ldi	r18, 0x00	; 0
    39dc:	30 e0       	ldi	r19, 0x00	; 0
    39de:	4a e7       	ldi	r20, 0x7A	; 122
    39e0:	55 e4       	ldi	r21, 0x45	; 69
    39e2:	c7 01       	movw	r24, r14
    39e4:	b6 01       	movw	r22, r12
    39e6:	0e 94 3f 41 	call	0x827e	; 0x827e <__mulsf3>
    39ea:	dc 01       	movw	r26, r24
    39ec:	cb 01       	movw	r24, r22
    39ee:	8f 87       	std	Y+15, r24	; 0x0f
    39f0:	98 8b       	std	Y+16, r25	; 0x10
    39f2:	a9 8b       	std	Y+17, r26	; 0x11
    39f4:	ba 8b       	std	Y+18, r27	; 0x12
    39f6:	20 e0       	ldi	r18, 0x00	; 0
    39f8:	30 e0       	ldi	r19, 0x00	; 0
    39fa:	40 e8       	ldi	r20, 0x80	; 128
    39fc:	5f e3       	ldi	r21, 0x3F	; 63
    39fe:	6f 85       	ldd	r22, Y+15	; 0x0f
    3a00:	78 89       	ldd	r23, Y+16	; 0x10
    3a02:	89 89       	ldd	r24, Y+17	; 0x11
    3a04:	9a 89       	ldd	r25, Y+18	; 0x12
    3a06:	0e 94 f1 3f 	call	0x7fe2	; 0x7fe2 <__cmpsf2>
    3a0a:	88 23       	and	r24, r24
    3a0c:	d4 f1       	brlt	.+116    	; 0x3a82 <writeHaus+0x198>
    3a0e:	20 e0       	ldi	r18, 0x00	; 0
    3a10:	3f ef       	ldi	r19, 0xFF	; 255
    3a12:	4f e7       	ldi	r20, 0x7F	; 127
    3a14:	57 e4       	ldi	r21, 0x47	; 71
    3a16:	6f 85       	ldd	r22, Y+15	; 0x0f
    3a18:	78 89       	ldd	r23, Y+16	; 0x10
    3a1a:	89 89       	ldd	r24, Y+17	; 0x11
    3a1c:	9a 89       	ldd	r25, Y+18	; 0x12
    3a1e:	0e 94 3b 41 	call	0x8276	; 0x8276 <__gesf2>
    3a22:	18 16       	cp	r1, r24
    3a24:	1c f5       	brge	.+70     	; 0x3a6c <writeHaus+0x182>
    3a26:	20 e0       	ldi	r18, 0x00	; 0
    3a28:	30 e0       	ldi	r19, 0x00	; 0
    3a2a:	40 e2       	ldi	r20, 0x20	; 32
    3a2c:	51 e4       	ldi	r21, 0x41	; 65
    3a2e:	c7 01       	movw	r24, r14
    3a30:	b6 01       	movw	r22, r12
    3a32:	0e 94 3f 41 	call	0x827e	; 0x827e <__mulsf3>
    3a36:	dc 01       	movw	r26, r24
    3a38:	cb 01       	movw	r24, r22
    3a3a:	bc 01       	movw	r22, r24
    3a3c:	cd 01       	movw	r24, r26
    3a3e:	0e 94 5d 40 	call	0x80ba	; 0x80ba <__fixunssfsi>
    3a42:	dc 01       	movw	r26, r24
    3a44:	cb 01       	movw	r24, r22
    3a46:	9c 8b       	std	Y+20, r25	; 0x14
    3a48:	8b 8b       	std	Y+19, r24	; 0x13
    3a4a:	0b c0       	rjmp	.+22     	; 0x3a62 <writeHaus+0x178>
    3a4c:	80 e9       	ldi	r24, 0x90	; 144
    3a4e:	91 e0       	ldi	r25, 0x01	; 1
    3a50:	01 97       	sbiw	r24, 0x01	; 1
    3a52:	f1 f7       	brne	.-4      	; 0x3a50 <writeHaus+0x166>
    3a54:	9e 8b       	std	Y+22, r25	; 0x16
    3a56:	8d 8b       	std	Y+21, r24	; 0x15
    3a58:	8b 89       	ldd	r24, Y+19	; 0x13
    3a5a:	9c 89       	ldd	r25, Y+20	; 0x14
    3a5c:	01 97       	sbiw	r24, 0x01	; 1
    3a5e:	9c 8b       	std	Y+20, r25	; 0x14
    3a60:	8b 8b       	std	Y+19, r24	; 0x13
    3a62:	8b 89       	ldd	r24, Y+19	; 0x13
    3a64:	9c 89       	ldd	r25, Y+20	; 0x14
    3a66:	89 2b       	or	r24, r25
    3a68:	89 f7       	brne	.-30     	; 0x3a4c <writeHaus+0x162>
    3a6a:	3f c0       	rjmp	.+126    	; 0x3aea <writeHaus+0x200>
    3a6c:	6f 85       	ldd	r22, Y+15	; 0x0f
    3a6e:	78 89       	ldd	r23, Y+16	; 0x10
    3a70:	89 89       	ldd	r24, Y+17	; 0x11
    3a72:	9a 89       	ldd	r25, Y+18	; 0x12
    3a74:	0e 94 5d 40 	call	0x80ba	; 0x80ba <__fixunssfsi>
    3a78:	dc 01       	movw	r26, r24
    3a7a:	cb 01       	movw	r24, r22
    3a7c:	9c 8b       	std	Y+20, r25	; 0x14
    3a7e:	8b 8b       	std	Y+19, r24	; 0x13
    3a80:	04 c0       	rjmp	.+8      	; 0x3a8a <writeHaus+0x1a0>
    3a82:	81 e0       	ldi	r24, 0x01	; 1
    3a84:	90 e0       	ldi	r25, 0x00	; 0
    3a86:	9c 8b       	std	Y+20, r25	; 0x14
    3a88:	8b 8b       	std	Y+19, r24	; 0x13
    3a8a:	8b 89       	ldd	r24, Y+19	; 0x13
    3a8c:	9c 89       	ldd	r25, Y+20	; 0x14
    3a8e:	01 97       	sbiw	r24, 0x01	; 1
    3a90:	f1 f7       	brne	.-4      	; 0x3a8e <writeHaus+0x1a4>
    3a92:	98 8f       	std	Y+24, r25	; 0x18
    3a94:	8f 8b       	std	Y+23, r24	; 0x17
    3a96:	29 c0       	rjmp	.+82     	; 0x3aea <writeHaus+0x200>
    3a98:	20 e0       	ldi	r18, 0x00	; 0
    3a9a:	30 e0       	ldi	r19, 0x00	; 0
    3a9c:	4f e7       	ldi	r20, 0x7F	; 127
    3a9e:	53 e4       	ldi	r21, 0x43	; 67
    3aa0:	6f 81       	ldd	r22, Y+7	; 0x07
    3aa2:	78 85       	ldd	r23, Y+8	; 0x08
    3aa4:	89 85       	ldd	r24, Y+9	; 0x09
    3aa6:	9a 85       	ldd	r25, Y+10	; 0x0a
    3aa8:	0e 94 3b 41 	call	0x8276	; 0x8276 <__gesf2>
    3aac:	18 16       	cp	r1, r24
    3aae:	8c f4       	brge	.+34     	; 0x3ad2 <writeHaus+0x1e8>
    3ab0:	6b 85       	ldd	r22, Y+11	; 0x0b
    3ab2:	7c 85       	ldd	r23, Y+12	; 0x0c
    3ab4:	8d 85       	ldd	r24, Y+13	; 0x0d
    3ab6:	9e 85       	ldd	r25, Y+14	; 0x0e
    3ab8:	0e 94 5d 40 	call	0x80ba	; 0x80ba <__fixunssfsi>
    3abc:	dc 01       	movw	r26, r24
    3abe:	cb 01       	movw	r24, r22
    3ac0:	9a 8f       	std	Y+26, r25	; 0x1a
    3ac2:	89 8f       	std	Y+25, r24	; 0x19
    3ac4:	89 8d       	ldd	r24, Y+25	; 0x19
    3ac6:	9a 8d       	ldd	r25, Y+26	; 0x1a
    3ac8:	01 97       	sbiw	r24, 0x01	; 1
    3aca:	f1 f7       	brne	.-4      	; 0x3ac8 <writeHaus+0x1de>
    3acc:	9c 8f       	std	Y+28, r25	; 0x1c
    3ace:	8b 8f       	std	Y+27, r24	; 0x1b
    3ad0:	10 c0       	rjmp	.+32     	; 0x3af2 <writeHaus+0x208>
    3ad2:	6f 81       	ldd	r22, Y+7	; 0x07
    3ad4:	78 85       	ldd	r23, Y+8	; 0x08
    3ad6:	89 85       	ldd	r24, Y+9	; 0x09
    3ad8:	9a 85       	ldd	r25, Y+10	; 0x0a
    3ada:	0e 94 5d 40 	call	0x80ba	; 0x80ba <__fixunssfsi>
    3ade:	dc 01       	movw	r26, r24
    3ae0:	cb 01       	movw	r24, r22
    3ae2:	8d 8f       	std	Y+29, r24	; 0x1d
    3ae4:	02 c0       	rjmp	.+4      	; 0x3aea <writeHaus+0x200>
    3ae6:	81 e0       	ldi	r24, 0x01	; 1
    3ae8:	8d 8f       	std	Y+29, r24	; 0x1d
    3aea:	8d 8d       	ldd	r24, Y+29	; 0x1d
    3aec:	8a 95       	dec	r24
    3aee:	f1 f7       	brne	.-4      	; 0x3aec <writeHaus+0x202>
    3af0:	8e 8f       	std	Y+30, r24	; 0x1e
    3af2:	89 81       	ldd	r24, Y+1	; 0x01
    3af4:	8f 5f       	subi	r24, 0xFF	; 255
    3af6:	89 83       	std	Y+1, r24	; 0x01
    3af8:	89 81       	ldd	r24, Y+1	; 0x01
    3afa:	8f 30       	cpi	r24, 0x0F	; 15
    3afc:	08 f4       	brcc	.+2      	; 0x3b00 <writeHaus+0x216>
    3afe:	08 cf       	rjmp	.-496    	; 0x3910 <writeHaus+0x26>
    3b00:	8e e2       	ldi	r24, 0x2E	; 46
    3b02:	90 e0       	ldi	r25, 0x00	; 0
    3b04:	2e e2       	ldi	r18, 0x2E	; 46
    3b06:	30 e0       	ldi	r19, 0x00	; 0
    3b08:	f9 01       	movw	r30, r18
    3b0a:	20 81       	ld	r18, Z
    3b0c:	28 60       	ori	r18, 0x08	; 8
    3b0e:	fc 01       	movw	r30, r24
    3b10:	20 83       	st	Z, r18
    3b12:	8e e2       	ldi	r24, 0x2E	; 46
    3b14:	90 e0       	ldi	r25, 0x00	; 0
    3b16:	2e e2       	ldi	r18, 0x2E	; 46
    3b18:	30 e0       	ldi	r19, 0x00	; 0
    3b1a:	f9 01       	movw	r30, r18
    3b1c:	20 81       	ld	r18, Z
    3b1e:	27 7f       	andi	r18, 0xF7	; 247
    3b20:	fc 01       	movw	r30, r24
    3b22:	20 83       	st	Z, r18
    3b24:	00 00       	nop
    3b26:	a0 96       	adiw	r28, 0x20	; 32
    3b28:	0f b6       	in	r0, 0x3f	; 63
    3b2a:	f8 94       	cli
    3b2c:	de bf       	out	0x3e, r29	; 62
    3b2e:	0f be       	out	0x3f, r0	; 63
    3b30:	cd bf       	out	0x3d, r28	; 61
    3b32:	df 91       	pop	r29
    3b34:	cf 91       	pop	r28
    3b36:	ff 90       	pop	r15
    3b38:	ef 90       	pop	r14
    3b3a:	df 90       	pop	r13
    3b3c:	cf 90       	pop	r12
    3b3e:	08 95       	ret

00003b40 <setPropertyRgb>:
    3b40:	cf 93       	push	r28
    3b42:	df 93       	push	r29
    3b44:	00 d0       	rcall	.+0      	; 0x3b46 <setPropertyRgb+0x6>
    3b46:	00 d0       	rcall	.+0      	; 0x3b48 <setPropertyRgb+0x8>
    3b48:	cd b7       	in	r28, 0x3d	; 61
    3b4a:	de b7       	in	r29, 0x3e	; 62
    3b4c:	8d 83       	std	Y+5, r24	; 0x05
    3b4e:	6e 83       	std	Y+6, r22	; 0x06
    3b50:	1b 82       	std	Y+3, r1	; 0x03
    3b52:	8e 81       	ldd	r24, Y+6	; 0x06
    3b54:	88 2f       	mov	r24, r24
    3b56:	90 e0       	ldi	r25, 0x00	; 0
    3b58:	82 30       	cpi	r24, 0x02	; 2
    3b5a:	91 05       	cpc	r25, r1
    3b5c:	b9 f0       	breq	.+46     	; 0x3b8c <setPropertyRgb+0x4c>
    3b5e:	83 30       	cpi	r24, 0x03	; 3
    3b60:	91 05       	cpc	r25, r1
    3b62:	2c f4       	brge	.+10     	; 0x3b6e <setPropertyRgb+0x2e>
    3b64:	00 97       	sbiw	r24, 0x00	; 0
    3b66:	49 f0       	breq	.+18     	; 0x3b7a <setPropertyRgb+0x3a>
    3b68:	01 97       	sbiw	r24, 0x01	; 1
    3b6a:	59 f0       	breq	.+22     	; 0x3b82 <setPropertyRgb+0x42>
    3b6c:	21 c0       	rjmp	.+66     	; 0x3bb0 <setPropertyRgb+0x70>
    3b6e:	83 30       	cpi	r24, 0x03	; 3
    3b70:	91 05       	cpc	r25, r1
    3b72:	99 f0       	breq	.+38     	; 0x3b9a <setPropertyRgb+0x5a>
    3b74:	04 97       	sbiw	r24, 0x04	; 4
    3b76:	b9 f0       	breq	.+46     	; 0x3ba6 <setPropertyRgb+0x66>
    3b78:	1b c0       	rjmp	.+54     	; 0x3bb0 <setPropertyRgb+0x70>
    3b7a:	19 82       	std	Y+1, r1	; 0x01
    3b7c:	1a 82       	std	Y+2, r1	; 0x02
    3b7e:	1b 82       	std	Y+3, r1	; 0x03
    3b80:	17 c0       	rjmp	.+46     	; 0x3bb0 <setPropertyRgb+0x70>
    3b82:	82 e3       	ldi	r24, 0x32	; 50
    3b84:	89 83       	std	Y+1, r24	; 0x01
    3b86:	1a 82       	std	Y+2, r1	; 0x02
    3b88:	1b 82       	std	Y+3, r1	; 0x03
    3b8a:	12 c0       	rjmp	.+36     	; 0x3bb0 <setPropertyRgb+0x70>
    3b8c:	8e e1       	ldi	r24, 0x1E	; 30
    3b8e:	89 83       	std	Y+1, r24	; 0x01
    3b90:	82 e3       	ldi	r24, 0x32	; 50
    3b92:	8a 83       	std	Y+2, r24	; 0x02
    3b94:	83 e0       	ldi	r24, 0x03	; 3
    3b96:	8b 83       	std	Y+3, r24	; 0x03
    3b98:	0b c0       	rjmp	.+22     	; 0x3bb0 <setPropertyRgb+0x70>
    3b9a:	82 e3       	ldi	r24, 0x32	; 50
    3b9c:	89 83       	std	Y+1, r24	; 0x01
    3b9e:	84 e1       	ldi	r24, 0x14	; 20
    3ba0:	8a 83       	std	Y+2, r24	; 0x02
    3ba2:	1b 82       	std	Y+3, r1	; 0x03
    3ba4:	05 c0       	rjmp	.+10     	; 0x3bb0 <setPropertyRgb+0x70>
    3ba6:	19 82       	std	Y+1, r1	; 0x01
    3ba8:	1a 82       	std	Y+2, r1	; 0x02
    3baa:	82 e3       	ldi	r24, 0x32	; 50
    3bac:	8b 83       	std	Y+3, r24	; 0x03
    3bae:	00 00       	nop
    3bb0:	8d 81       	ldd	r24, Y+5	; 0x05
    3bb2:	88 2f       	mov	r24, r24
    3bb4:	90 e0       	ldi	r25, 0x00	; 0
    3bb6:	9c 01       	movw	r18, r24
    3bb8:	22 0f       	add	r18, r18
    3bba:	33 1f       	adc	r19, r19
    3bbc:	28 0f       	add	r18, r24
    3bbe:	39 1f       	adc	r19, r25
    3bc0:	2c 58       	subi	r18, 0x8C	; 140
    3bc2:	38 4f       	sbci	r19, 0xF8	; 248
    3bc4:	49 81       	ldd	r20, Y+1	; 0x01
    3bc6:	f9 01       	movw	r30, r18
    3bc8:	40 83       	st	Z, r20
    3bca:	9c 01       	movw	r18, r24
    3bcc:	22 0f       	add	r18, r18
    3bce:	33 1f       	adc	r19, r19
    3bd0:	28 0f       	add	r18, r24
    3bd2:	39 1f       	adc	r19, r25
    3bd4:	2b 58       	subi	r18, 0x8B	; 139
    3bd6:	38 4f       	sbci	r19, 0xF8	; 248
    3bd8:	4a 81       	ldd	r20, Y+2	; 0x02
    3bda:	f9 01       	movw	r30, r18
    3bdc:	40 83       	st	Z, r20
    3bde:	9c 01       	movw	r18, r24
    3be0:	22 0f       	add	r18, r18
    3be2:	33 1f       	adc	r19, r19
    3be4:	28 0f       	add	r18, r24
    3be6:	39 1f       	adc	r19, r25
    3be8:	c9 01       	movw	r24, r18
    3bea:	8a 58       	subi	r24, 0x8A	; 138
    3bec:	98 4f       	sbci	r25, 0xF8	; 248
    3bee:	2b 81       	ldd	r18, Y+3	; 0x03
    3bf0:	fc 01       	movw	r30, r24
    3bf2:	20 83       	st	Z, r18
    3bf4:	1c 82       	std	Y+4, r1	; 0x04
    3bf6:	07 c0       	rjmp	.+14     	; 0x3c06 <setPropertyRgb+0xc6>
    3bf8:	84 e7       	ldi	r24, 0x74	; 116
    3bfa:	97 e0       	ldi	r25, 0x07	; 7
    3bfc:	0e 94 b9 3f 	call	0x7f72	; 0x7f72 <led_strip_write>
    3c00:	8c 81       	ldd	r24, Y+4	; 0x04
    3c02:	8f 5f       	subi	r24, 0xFF	; 255
    3c04:	8c 83       	std	Y+4, r24	; 0x04
    3c06:	8c 81       	ldd	r24, Y+4	; 0x04
    3c08:	8c 31       	cpi	r24, 0x1C	; 28
    3c0a:	b0 f3       	brcs	.-20     	; 0x3bf8 <setPropertyRgb+0xb8>
    3c0c:	00 00       	nop
    3c0e:	26 96       	adiw	r28, 0x06	; 6
    3c10:	0f b6       	in	r0, 0x3f	; 63
    3c12:	f8 94       	cli
    3c14:	de bf       	out	0x3e, r29	; 62
    3c16:	0f be       	out	0x3f, r0	; 63
    3c18:	cd bf       	out	0x3d, r28	; 61
    3c1a:	df 91       	pop	r29
    3c1c:	cf 91       	pop	r28
    3c1e:	08 95       	ret

00003c20 <setPlayerPosition>:
    3c20:	cf 92       	push	r12
    3c22:	df 92       	push	r13
    3c24:	ef 92       	push	r14
    3c26:	ff 92       	push	r15
    3c28:	cf 93       	push	r28
    3c2a:	df 93       	push	r29
    3c2c:	cd b7       	in	r28, 0x3d	; 61
    3c2e:	de b7       	in	r29, 0x3e	; 62
    3c30:	a5 97       	sbiw	r28, 0x25	; 37
    3c32:	0f b6       	in	r0, 0x3f	; 63
    3c34:	f8 94       	cli
    3c36:	de bf       	out	0x3e, r29	; 62
    3c38:	0f be       	out	0x3f, r0	; 63
    3c3a:	cd bf       	out	0x3d, r28	; 61
    3c3c:	8c a3       	std	Y+36, r24	; 0x24
    3c3e:	6d a3       	std	Y+37, r22	; 0x25
    3c40:	1c 82       	std	Y+4, r1	; 0x04
    3c42:	1d 82       	std	Y+5, r1	; 0x05
    3c44:	8d a1       	ldd	r24, Y+37	; 0x25
    3c46:	88 2f       	mov	r24, r24
    3c48:	90 e0       	ldi	r25, 0x00	; 0
    3c4a:	01 97       	sbiw	r24, 0x01	; 1
    3c4c:	88 5b       	subi	r24, 0xB8	; 184
    3c4e:	99 4f       	sbci	r25, 0xF9	; 249
    3c50:	fc 01       	movw	r30, r24
    3c52:	80 81       	ld	r24, Z
    3c54:	88 2f       	mov	r24, r24
    3c56:	90 e0       	ldi	r25, 0x00	; 0
    3c58:	88 0f       	add	r24, r24
    3c5a:	99 1f       	adc	r25, r25
    3c5c:	88 0f       	add	r24, r24
    3c5e:	99 1f       	adc	r25, r25
    3c60:	99 23       	and	r25, r25
    3c62:	0c f4       	brge	.+2      	; 0x3c66 <setPlayerPosition+0x46>
    3c64:	07 96       	adiw	r24, 0x07	; 7
    3c66:	95 95       	asr	r25
    3c68:	87 95       	ror	r24
    3c6a:	95 95       	asr	r25
    3c6c:	87 95       	ror	r24
    3c6e:	95 95       	asr	r25
    3c70:	87 95       	ror	r24
    3c72:	8e 83       	std	Y+6, r24	; 0x06
    3c74:	8d a1       	ldd	r24, Y+37	; 0x25
    3c76:	88 2f       	mov	r24, r24
    3c78:	90 e0       	ldi	r25, 0x00	; 0
    3c7a:	01 97       	sbiw	r24, 0x01	; 1
    3c7c:	88 5b       	subi	r24, 0xB8	; 184
    3c7e:	99 4f       	sbci	r25, 0xF9	; 249
    3c80:	fc 01       	movw	r30, r24
    3c82:	80 81       	ld	r24, Z
    3c84:	88 0f       	add	r24, r24
    3c86:	88 0f       	add	r24, r24
    3c88:	84 70       	andi	r24, 0x04	; 4
    3c8a:	8f 83       	std	Y+7, r24	; 0x07
    3c8c:	8d a1       	ldd	r24, Y+37	; 0x25
    3c8e:	94 d1       	rcall	.+808    	; 0x3fb8 <spielerPosFehlerAusgleich>
    3c90:	8d 83       	std	Y+5, r24	; 0x05
    3c92:	8e 81       	ldd	r24, Y+6	; 0x06
    3c94:	28 2f       	mov	r18, r24
    3c96:	30 e0       	ldi	r19, 0x00	; 0
    3c98:	8f 81       	ldd	r24, Y+7	; 0x07
    3c9a:	48 2f       	mov	r20, r24
    3c9c:	50 e0       	ldi	r21, 0x00	; 0
    3c9e:	8d a1       	ldd	r24, Y+37	; 0x25
    3ca0:	88 2f       	mov	r24, r24
    3ca2:	90 e0       	ldi	r25, 0x00	; 0
    3ca4:	01 97       	sbiw	r24, 0x01	; 1
    3ca6:	48 0f       	add	r20, r24
    3ca8:	59 1f       	adc	r21, r25
    3caa:	8d 81       	ldd	r24, Y+5	; 0x05
    3cac:	08 2e       	mov	r0, r24
    3cae:	00 0c       	add	r0, r0
    3cb0:	99 0b       	sbc	r25, r25
    3cb2:	84 0f       	add	r24, r20
    3cb4:	95 1f       	adc	r25, r21
    3cb6:	22 0f       	add	r18, r18
    3cb8:	33 1f       	adc	r19, r19
    3cba:	22 0f       	add	r18, r18
    3cbc:	33 1f       	adc	r19, r19
    3cbe:	22 0f       	add	r18, r18
    3cc0:	33 1f       	adc	r19, r19
    3cc2:	82 0f       	add	r24, r18
    3cc4:	93 1f       	adc	r25, r19
    3cc6:	88 55       	subi	r24, 0x58	; 88
    3cc8:	9a 4f       	sbci	r25, 0xFA	; 250
    3cca:	fc 01       	movw	r30, r24
    3ccc:	10 82       	st	Z, r1
    3cce:	8d a1       	ldd	r24, Y+37	; 0x25
    3cd0:	88 2f       	mov	r24, r24
    3cd2:	90 e0       	ldi	r25, 0x00	; 0
    3cd4:	01 97       	sbiw	r24, 0x01	; 1
    3cd6:	88 5b       	subi	r24, 0xB8	; 184
    3cd8:	99 4f       	sbci	r25, 0xF9	; 249
    3cda:	2c a1       	ldd	r18, Y+36	; 0x24
    3cdc:	fc 01       	movw	r30, r24
    3cde:	20 83       	st	Z, r18
    3ce0:	8c a1       	ldd	r24, Y+36	; 0x24
    3ce2:	88 2f       	mov	r24, r24
    3ce4:	90 e0       	ldi	r25, 0x00	; 0
    3ce6:	88 0f       	add	r24, r24
    3ce8:	99 1f       	adc	r25, r25
    3cea:	88 0f       	add	r24, r24
    3cec:	99 1f       	adc	r25, r25
    3cee:	99 23       	and	r25, r25
    3cf0:	0c f4       	brge	.+2      	; 0x3cf4 <setPlayerPosition+0xd4>
    3cf2:	07 96       	adiw	r24, 0x07	; 7
    3cf4:	95 95       	asr	r25
    3cf6:	87 95       	ror	r24
    3cf8:	95 95       	asr	r25
    3cfa:	87 95       	ror	r24
    3cfc:	95 95       	asr	r25
    3cfe:	87 95       	ror	r24
    3d00:	8e 83       	std	Y+6, r24	; 0x06
    3d02:	8c a1       	ldd	r24, Y+36	; 0x24
    3d04:	88 0f       	add	r24, r24
    3d06:	88 0f       	add	r24, r24
    3d08:	84 70       	andi	r24, 0x04	; 4
    3d0a:	8f 83       	std	Y+7, r24	; 0x07
    3d0c:	8d a1       	ldd	r24, Y+37	; 0x25
    3d0e:	54 d1       	rcall	.+680    	; 0x3fb8 <spielerPosFehlerAusgleich>
    3d10:	8d 83       	std	Y+5, r24	; 0x05
    3d12:	8e 81       	ldd	r24, Y+6	; 0x06
    3d14:	28 2f       	mov	r18, r24
    3d16:	30 e0       	ldi	r19, 0x00	; 0
    3d18:	8f 81       	ldd	r24, Y+7	; 0x07
    3d1a:	48 2f       	mov	r20, r24
    3d1c:	50 e0       	ldi	r21, 0x00	; 0
    3d1e:	8d a1       	ldd	r24, Y+37	; 0x25
    3d20:	88 2f       	mov	r24, r24
    3d22:	90 e0       	ldi	r25, 0x00	; 0
    3d24:	01 97       	sbiw	r24, 0x01	; 1
    3d26:	48 0f       	add	r20, r24
    3d28:	59 1f       	adc	r21, r25
    3d2a:	8d 81       	ldd	r24, Y+5	; 0x05
    3d2c:	08 2e       	mov	r0, r24
    3d2e:	00 0c       	add	r0, r0
    3d30:	99 0b       	sbc	r25, r25
    3d32:	84 0f       	add	r24, r20
    3d34:	95 1f       	adc	r25, r21
    3d36:	22 0f       	add	r18, r18
    3d38:	33 1f       	adc	r19, r19
    3d3a:	22 0f       	add	r18, r18
    3d3c:	33 1f       	adc	r19, r19
    3d3e:	22 0f       	add	r18, r18
    3d40:	33 1f       	adc	r19, r19
    3d42:	82 0f       	add	r24, r18
    3d44:	93 1f       	adc	r25, r19
    3d46:	88 55       	subi	r24, 0x58	; 88
    3d48:	9a 4f       	sbci	r25, 0xFA	; 250
    3d4a:	21 e0       	ldi	r18, 0x01	; 1
    3d4c:	fc 01       	movw	r30, r24
    3d4e:	20 83       	st	Z, r18
    3d50:	19 82       	std	Y+1, r1	; 0x01
    3d52:	1a 82       	std	Y+2, r1	; 0x02
    3d54:	0d c1       	rjmp	.+538    	; 0x3f70 <setPlayerPosition+0x350>
    3d56:	19 82       	std	Y+1, r1	; 0x01
    3d58:	1b 82       	std	Y+3, r1	; 0x03
    3d5a:	25 c0       	rjmp	.+74     	; 0x3da6 <setPlayerPosition+0x186>
    3d5c:	89 81       	ldd	r24, Y+1	; 0x01
    3d5e:	88 0f       	add	r24, r24
    3d60:	89 83       	std	Y+1, r24	; 0x01
    3d62:	8a 81       	ldd	r24, Y+2	; 0x02
    3d64:	88 2f       	mov	r24, r24
    3d66:	90 e0       	ldi	r25, 0x00	; 0
    3d68:	24 e1       	ldi	r18, 0x14	; 20
    3d6a:	30 e0       	ldi	r19, 0x00	; 0
    3d6c:	28 1b       	sub	r18, r24
    3d6e:	39 0b       	sbc	r19, r25
    3d70:	8b 81       	ldd	r24, Y+3	; 0x03
    3d72:	88 2f       	mov	r24, r24
    3d74:	90 e0       	ldi	r25, 0x00	; 0
    3d76:	47 e0       	ldi	r20, 0x07	; 7
    3d78:	50 e0       	ldi	r21, 0x00	; 0
    3d7a:	ba 01       	movw	r22, r20
    3d7c:	68 1b       	sub	r22, r24
    3d7e:	79 0b       	sbc	r23, r25
    3d80:	cb 01       	movw	r24, r22
    3d82:	22 0f       	add	r18, r18
    3d84:	33 1f       	adc	r19, r19
    3d86:	22 0f       	add	r18, r18
    3d88:	33 1f       	adc	r19, r19
    3d8a:	22 0f       	add	r18, r18
    3d8c:	33 1f       	adc	r19, r19
    3d8e:	82 0f       	add	r24, r18
    3d90:	93 1f       	adc	r25, r19
    3d92:	88 55       	subi	r24, 0x58	; 88
    3d94:	9a 4f       	sbci	r25, 0xFA	; 250
    3d96:	fc 01       	movw	r30, r24
    3d98:	80 81       	ld	r24, Z
    3d9a:	99 81       	ldd	r25, Y+1	; 0x01
    3d9c:	89 2b       	or	r24, r25
    3d9e:	89 83       	std	Y+1, r24	; 0x01
    3da0:	8b 81       	ldd	r24, Y+3	; 0x03
    3da2:	8f 5f       	subi	r24, 0xFF	; 255
    3da4:	8b 83       	std	Y+3, r24	; 0x03
    3da6:	8b 81       	ldd	r24, Y+3	; 0x03
    3da8:	88 30       	cpi	r24, 0x08	; 8
    3daa:	c0 f2       	brcs	.-80     	; 0x3d5c <setPlayerPosition+0x13c>
    3dac:	89 81       	ldd	r24, Y+1	; 0x01
    3dae:	0e 94 74 3f 	call	0x7ee8	; 0x7ee8 <Send2SPI>
    3db2:	80 e0       	ldi	r24, 0x00	; 0
    3db4:	90 e0       	ldi	r25, 0x00	; 0
    3db6:	aa ef       	ldi	r26, 0xFA	; 250
    3db8:	b3 e4       	ldi	r27, 0x43	; 67
    3dba:	88 87       	std	Y+8, r24	; 0x08
    3dbc:	99 87       	std	Y+9, r25	; 0x09
    3dbe:	aa 87       	std	Y+10, r26	; 0x0a
    3dc0:	bb 87       	std	Y+11, r27	; 0x0b
    3dc2:	2b ea       	ldi	r18, 0xAB	; 171
    3dc4:	3a ea       	ldi	r19, 0xAA	; 170
    3dc6:	4a ea       	ldi	r20, 0xAA	; 170
    3dc8:	50 e4       	ldi	r21, 0x40	; 64
    3dca:	68 85       	ldd	r22, Y+8	; 0x08
    3dcc:	79 85       	ldd	r23, Y+9	; 0x09
    3dce:	8a 85       	ldd	r24, Y+10	; 0x0a
    3dd0:	9b 85       	ldd	r25, Y+11	; 0x0b
    3dd2:	0e 94 3f 41 	call	0x827e	; 0x827e <__mulsf3>
    3dd6:	dc 01       	movw	r26, r24
    3dd8:	cb 01       	movw	r24, r22
    3dda:	8c 87       	std	Y+12, r24	; 0x0c
    3ddc:	9d 87       	std	Y+13, r25	; 0x0d
    3dde:	ae 87       	std	Y+14, r26	; 0x0e
    3de0:	bf 87       	std	Y+15, r27	; 0x0f
    3de2:	20 e0       	ldi	r18, 0x00	; 0
    3de4:	30 e0       	ldi	r19, 0x00	; 0
    3de6:	40 e8       	ldi	r20, 0x80	; 128
    3de8:	50 e4       	ldi	r21, 0x40	; 64
    3dea:	68 85       	ldd	r22, Y+8	; 0x08
    3dec:	79 85       	ldd	r23, Y+9	; 0x09
    3dee:	8a 85       	ldd	r24, Y+10	; 0x0a
    3df0:	9b 85       	ldd	r25, Y+11	; 0x0b
    3df2:	0e 94 3f 41 	call	0x827e	; 0x827e <__mulsf3>
    3df6:	dc 01       	movw	r26, r24
    3df8:	cb 01       	movw	r24, r22
    3dfa:	88 8b       	std	Y+16, r24	; 0x10
    3dfc:	99 8b       	std	Y+17, r25	; 0x11
    3dfe:	aa 8b       	std	Y+18, r26	; 0x12
    3e00:	bb 8b       	std	Y+19, r27	; 0x13
    3e02:	20 e0       	ldi	r18, 0x00	; 0
    3e04:	30 e0       	ldi	r19, 0x00	; 0
    3e06:	40 e8       	ldi	r20, 0x80	; 128
    3e08:	5f e3       	ldi	r21, 0x3F	; 63
    3e0a:	6c 85       	ldd	r22, Y+12	; 0x0c
    3e0c:	7d 85       	ldd	r23, Y+13	; 0x0d
    3e0e:	8e 85       	ldd	r24, Y+14	; 0x0e
    3e10:	9f 85       	ldd	r25, Y+15	; 0x0f
    3e12:	0e 94 f1 3f 	call	0x7fe2	; 0x7fe2 <__cmpsf2>
    3e16:	88 23       	and	r24, r24
    3e18:	0c f4       	brge	.+2      	; 0x3e1c <setPlayerPosition+0x1fc>
    3e1a:	a1 c0       	rjmp	.+322    	; 0x3f5e <setPlayerPosition+0x33e>
    3e1c:	20 e0       	ldi	r18, 0x00	; 0
    3e1e:	3f ef       	ldi	r19, 0xFF	; 255
    3e20:	4f e7       	ldi	r20, 0x7F	; 127
    3e22:	57 e4       	ldi	r21, 0x47	; 71
    3e24:	68 89       	ldd	r22, Y+16	; 0x10
    3e26:	79 89       	ldd	r23, Y+17	; 0x11
    3e28:	8a 89       	ldd	r24, Y+18	; 0x12
    3e2a:	9b 89       	ldd	r25, Y+19	; 0x13
    3e2c:	0e 94 3b 41 	call	0x8276	; 0x8276 <__gesf2>
    3e30:	18 16       	cp	r1, r24
    3e32:	0c f0       	brlt	.+2      	; 0x3e36 <setPlayerPosition+0x216>
    3e34:	6d c0       	rjmp	.+218    	; 0x3f10 <setPlayerPosition+0x2f0>
    3e36:	20 e0       	ldi	r18, 0x00	; 0
    3e38:	30 e0       	ldi	r19, 0x00	; 0
    3e3a:	4a e7       	ldi	r20, 0x7A	; 122
    3e3c:	54 e4       	ldi	r21, 0x44	; 68
    3e3e:	68 85       	ldd	r22, Y+8	; 0x08
    3e40:	79 85       	ldd	r23, Y+9	; 0x09
    3e42:	8a 85       	ldd	r24, Y+10	; 0x0a
    3e44:	9b 85       	ldd	r25, Y+11	; 0x0b
    3e46:	0e 94 f5 3f 	call	0x7fea	; 0x7fea <__divsf3>
    3e4a:	dc 01       	movw	r26, r24
    3e4c:	cb 01       	movw	r24, r22
    3e4e:	6c 01       	movw	r12, r24
    3e50:	7d 01       	movw	r14, r26
    3e52:	20 e0       	ldi	r18, 0x00	; 0
    3e54:	30 e0       	ldi	r19, 0x00	; 0
    3e56:	4a e7       	ldi	r20, 0x7A	; 122
    3e58:	55 e4       	ldi	r21, 0x45	; 69
    3e5a:	c7 01       	movw	r24, r14
    3e5c:	b6 01       	movw	r22, r12
    3e5e:	0e 94 3f 41 	call	0x827e	; 0x827e <__mulsf3>
    3e62:	dc 01       	movw	r26, r24
    3e64:	cb 01       	movw	r24, r22
    3e66:	8c 8b       	std	Y+20, r24	; 0x14
    3e68:	9d 8b       	std	Y+21, r25	; 0x15
    3e6a:	ae 8b       	std	Y+22, r26	; 0x16
    3e6c:	bf 8b       	std	Y+23, r27	; 0x17
    3e6e:	20 e0       	ldi	r18, 0x00	; 0
    3e70:	30 e0       	ldi	r19, 0x00	; 0
    3e72:	40 e8       	ldi	r20, 0x80	; 128
    3e74:	5f e3       	ldi	r21, 0x3F	; 63
    3e76:	6c 89       	ldd	r22, Y+20	; 0x14
    3e78:	7d 89       	ldd	r23, Y+21	; 0x15
    3e7a:	8e 89       	ldd	r24, Y+22	; 0x16
    3e7c:	9f 89       	ldd	r25, Y+23	; 0x17
    3e7e:	0e 94 f1 3f 	call	0x7fe2	; 0x7fe2 <__cmpsf2>
    3e82:	88 23       	and	r24, r24
    3e84:	d4 f1       	brlt	.+116    	; 0x3efa <setPlayerPosition+0x2da>
    3e86:	20 e0       	ldi	r18, 0x00	; 0
    3e88:	3f ef       	ldi	r19, 0xFF	; 255
    3e8a:	4f e7       	ldi	r20, 0x7F	; 127
    3e8c:	57 e4       	ldi	r21, 0x47	; 71
    3e8e:	6c 89       	ldd	r22, Y+20	; 0x14
    3e90:	7d 89       	ldd	r23, Y+21	; 0x15
    3e92:	8e 89       	ldd	r24, Y+22	; 0x16
    3e94:	9f 89       	ldd	r25, Y+23	; 0x17
    3e96:	0e 94 3b 41 	call	0x8276	; 0x8276 <__gesf2>
    3e9a:	18 16       	cp	r1, r24
    3e9c:	1c f5       	brge	.+70     	; 0x3ee4 <setPlayerPosition+0x2c4>
    3e9e:	20 e0       	ldi	r18, 0x00	; 0
    3ea0:	30 e0       	ldi	r19, 0x00	; 0
    3ea2:	40 e2       	ldi	r20, 0x20	; 32
    3ea4:	51 e4       	ldi	r21, 0x41	; 65
    3ea6:	c7 01       	movw	r24, r14
    3ea8:	b6 01       	movw	r22, r12
    3eaa:	0e 94 3f 41 	call	0x827e	; 0x827e <__mulsf3>
    3eae:	dc 01       	movw	r26, r24
    3eb0:	cb 01       	movw	r24, r22
    3eb2:	bc 01       	movw	r22, r24
    3eb4:	cd 01       	movw	r24, r26
    3eb6:	0e 94 5d 40 	call	0x80ba	; 0x80ba <__fixunssfsi>
    3eba:	dc 01       	movw	r26, r24
    3ebc:	cb 01       	movw	r24, r22
    3ebe:	99 8f       	std	Y+25, r25	; 0x19
    3ec0:	88 8f       	std	Y+24, r24	; 0x18
    3ec2:	0b c0       	rjmp	.+22     	; 0x3eda <setPlayerPosition+0x2ba>
    3ec4:	80 e9       	ldi	r24, 0x90	; 144
    3ec6:	91 e0       	ldi	r25, 0x01	; 1
    3ec8:	01 97       	sbiw	r24, 0x01	; 1
    3eca:	f1 f7       	brne	.-4      	; 0x3ec8 <setPlayerPosition+0x2a8>
    3ecc:	9b 8f       	std	Y+27, r25	; 0x1b
    3ece:	8a 8f       	std	Y+26, r24	; 0x1a
    3ed0:	88 8d       	ldd	r24, Y+24	; 0x18
    3ed2:	99 8d       	ldd	r25, Y+25	; 0x19
    3ed4:	01 97       	sbiw	r24, 0x01	; 1
    3ed6:	99 8f       	std	Y+25, r25	; 0x19
    3ed8:	88 8f       	std	Y+24, r24	; 0x18
    3eda:	88 8d       	ldd	r24, Y+24	; 0x18
    3edc:	99 8d       	ldd	r25, Y+25	; 0x19
    3ede:	89 2b       	or	r24, r25
    3ee0:	89 f7       	brne	.-30     	; 0x3ec4 <setPlayerPosition+0x2a4>
    3ee2:	3f c0       	rjmp	.+126    	; 0x3f62 <setPlayerPosition+0x342>
    3ee4:	6c 89       	ldd	r22, Y+20	; 0x14
    3ee6:	7d 89       	ldd	r23, Y+21	; 0x15
    3ee8:	8e 89       	ldd	r24, Y+22	; 0x16
    3eea:	9f 89       	ldd	r25, Y+23	; 0x17
    3eec:	0e 94 5d 40 	call	0x80ba	; 0x80ba <__fixunssfsi>
    3ef0:	dc 01       	movw	r26, r24
    3ef2:	cb 01       	movw	r24, r22
    3ef4:	99 8f       	std	Y+25, r25	; 0x19
    3ef6:	88 8f       	std	Y+24, r24	; 0x18
    3ef8:	04 c0       	rjmp	.+8      	; 0x3f02 <setPlayerPosition+0x2e2>
    3efa:	81 e0       	ldi	r24, 0x01	; 1
    3efc:	90 e0       	ldi	r25, 0x00	; 0
    3efe:	99 8f       	std	Y+25, r25	; 0x19
    3f00:	88 8f       	std	Y+24, r24	; 0x18
    3f02:	88 8d       	ldd	r24, Y+24	; 0x18
    3f04:	99 8d       	ldd	r25, Y+25	; 0x19
    3f06:	01 97       	sbiw	r24, 0x01	; 1
    3f08:	f1 f7       	brne	.-4      	; 0x3f06 <setPlayerPosition+0x2e6>
    3f0a:	9d 8f       	std	Y+29, r25	; 0x1d
    3f0c:	8c 8f       	std	Y+28, r24	; 0x1c
    3f0e:	29 c0       	rjmp	.+82     	; 0x3f62 <setPlayerPosition+0x342>
    3f10:	20 e0       	ldi	r18, 0x00	; 0
    3f12:	30 e0       	ldi	r19, 0x00	; 0
    3f14:	4f e7       	ldi	r20, 0x7F	; 127
    3f16:	53 e4       	ldi	r21, 0x43	; 67
    3f18:	6c 85       	ldd	r22, Y+12	; 0x0c
    3f1a:	7d 85       	ldd	r23, Y+13	; 0x0d
    3f1c:	8e 85       	ldd	r24, Y+14	; 0x0e
    3f1e:	9f 85       	ldd	r25, Y+15	; 0x0f
    3f20:	0e 94 3b 41 	call	0x8276	; 0x8276 <__gesf2>
    3f24:	18 16       	cp	r1, r24
    3f26:	8c f4       	brge	.+34     	; 0x3f4a <setPlayerPosition+0x32a>
    3f28:	68 89       	ldd	r22, Y+16	; 0x10
    3f2a:	79 89       	ldd	r23, Y+17	; 0x11
    3f2c:	8a 89       	ldd	r24, Y+18	; 0x12
    3f2e:	9b 89       	ldd	r25, Y+19	; 0x13
    3f30:	0e 94 5d 40 	call	0x80ba	; 0x80ba <__fixunssfsi>
    3f34:	dc 01       	movw	r26, r24
    3f36:	cb 01       	movw	r24, r22
    3f38:	9f 8f       	std	Y+31, r25	; 0x1f
    3f3a:	8e 8f       	std	Y+30, r24	; 0x1e
    3f3c:	8e 8d       	ldd	r24, Y+30	; 0x1e
    3f3e:	9f 8d       	ldd	r25, Y+31	; 0x1f
    3f40:	01 97       	sbiw	r24, 0x01	; 1
    3f42:	f1 f7       	brne	.-4      	; 0x3f40 <setPlayerPosition+0x320>
    3f44:	99 a3       	std	Y+33, r25	; 0x21
    3f46:	88 a3       	std	Y+32, r24	; 0x20
    3f48:	10 c0       	rjmp	.+32     	; 0x3f6a <setPlayerPosition+0x34a>
    3f4a:	6c 85       	ldd	r22, Y+12	; 0x0c
    3f4c:	7d 85       	ldd	r23, Y+13	; 0x0d
    3f4e:	8e 85       	ldd	r24, Y+14	; 0x0e
    3f50:	9f 85       	ldd	r25, Y+15	; 0x0f
    3f52:	0e 94 5d 40 	call	0x80ba	; 0x80ba <__fixunssfsi>
    3f56:	dc 01       	movw	r26, r24
    3f58:	cb 01       	movw	r24, r22
    3f5a:	8a a3       	std	Y+34, r24	; 0x22
    3f5c:	02 c0       	rjmp	.+4      	; 0x3f62 <setPlayerPosition+0x342>
    3f5e:	81 e0       	ldi	r24, 0x01	; 1
    3f60:	8a a3       	std	Y+34, r24	; 0x22
    3f62:	8a a1       	ldd	r24, Y+34	; 0x22
    3f64:	8a 95       	dec	r24
    3f66:	f1 f7       	brne	.-4      	; 0x3f64 <setPlayerPosition+0x344>
    3f68:	8b a3       	std	Y+35, r24	; 0x23
    3f6a:	8a 81       	ldd	r24, Y+2	; 0x02
    3f6c:	8f 5f       	subi	r24, 0xFF	; 255
    3f6e:	8a 83       	std	Y+2, r24	; 0x02
    3f70:	8a 81       	ldd	r24, Y+2	; 0x02
    3f72:	85 31       	cpi	r24, 0x15	; 21
    3f74:	08 f4       	brcc	.+2      	; 0x3f78 <setPlayerPosition+0x358>
    3f76:	ef ce       	rjmp	.-546    	; 0x3d56 <setPlayerPosition+0x136>
    3f78:	85 e2       	ldi	r24, 0x25	; 37
    3f7a:	90 e0       	ldi	r25, 0x00	; 0
    3f7c:	25 e2       	ldi	r18, 0x25	; 37
    3f7e:	30 e0       	ldi	r19, 0x00	; 0
    3f80:	f9 01       	movw	r30, r18
    3f82:	20 81       	ld	r18, Z
    3f84:	20 61       	ori	r18, 0x10	; 16
    3f86:	fc 01       	movw	r30, r24
    3f88:	20 83       	st	Z, r18
    3f8a:	85 e2       	ldi	r24, 0x25	; 37
    3f8c:	90 e0       	ldi	r25, 0x00	; 0
    3f8e:	25 e2       	ldi	r18, 0x25	; 37
    3f90:	30 e0       	ldi	r19, 0x00	; 0
    3f92:	f9 01       	movw	r30, r18
    3f94:	20 81       	ld	r18, Z
    3f96:	2f 7e       	andi	r18, 0xEF	; 239
    3f98:	fc 01       	movw	r30, r24
    3f9a:	20 83       	st	Z, r18
    3f9c:	00 00       	nop
    3f9e:	a5 96       	adiw	r28, 0x25	; 37
    3fa0:	0f b6       	in	r0, 0x3f	; 63
    3fa2:	f8 94       	cli
    3fa4:	de bf       	out	0x3e, r29	; 62
    3fa6:	0f be       	out	0x3f, r0	; 63
    3fa8:	cd bf       	out	0x3d, r28	; 61
    3faa:	df 91       	pop	r29
    3fac:	cf 91       	pop	r28
    3fae:	ff 90       	pop	r15
    3fb0:	ef 90       	pop	r14
    3fb2:	df 90       	pop	r13
    3fb4:	cf 90       	pop	r12
    3fb6:	08 95       	ret

00003fb8 <spielerPosFehlerAusgleich>:
    3fb8:	cf 93       	push	r28
    3fba:	df 93       	push	r29
    3fbc:	1f 92       	push	r1
    3fbe:	1f 92       	push	r1
    3fc0:	cd b7       	in	r28, 0x3d	; 61
    3fc2:	de b7       	in	r29, 0x3e	; 62
    3fc4:	8a 83       	std	Y+2, r24	; 0x02
    3fc6:	19 82       	std	Y+1, r1	; 0x01
    3fc8:	8a 81       	ldd	r24, Y+2	; 0x02
    3fca:	88 2f       	mov	r24, r24
    3fcc:	90 e0       	ldi	r25, 0x00	; 0
    3fce:	01 97       	sbiw	r24, 0x01	; 1
    3fd0:	88 5b       	subi	r24, 0xB8	; 184
    3fd2:	99 4f       	sbci	r25, 0xF9	; 249
    3fd4:	fc 01       	movw	r30, r24
    3fd6:	80 81       	ld	r24, Z
    3fd8:	8a 30       	cpi	r24, 0x0A	; 10
    3fda:	10 f4       	brcc	.+4      	; 0x3fe0 <spielerPosFehlerAusgleich+0x28>
    3fdc:	19 82       	std	Y+1, r1	; 0x01
    3fde:	98 c0       	rjmp	.+304    	; 0x4110 <spielerPosFehlerAusgleich+0x158>
    3fe0:	8a 81       	ldd	r24, Y+2	; 0x02
    3fe2:	88 2f       	mov	r24, r24
    3fe4:	90 e0       	ldi	r25, 0x00	; 0
    3fe6:	01 97       	sbiw	r24, 0x01	; 1
    3fe8:	88 5b       	subi	r24, 0xB8	; 184
    3fea:	99 4f       	sbci	r25, 0xF9	; 249
    3fec:	fc 01       	movw	r30, r24
    3fee:	80 81       	ld	r24, Z
    3ff0:	8a 30       	cpi	r24, 0x0A	; 10
    3ff2:	48 f1       	brcs	.+82     	; 0x4046 <spielerPosFehlerAusgleich+0x8e>
    3ff4:	8a 81       	ldd	r24, Y+2	; 0x02
    3ff6:	88 2f       	mov	r24, r24
    3ff8:	90 e0       	ldi	r25, 0x00	; 0
    3ffa:	01 97       	sbiw	r24, 0x01	; 1
    3ffc:	88 5b       	subi	r24, 0xB8	; 184
    3ffe:	99 4f       	sbci	r25, 0xF9	; 249
    4000:	fc 01       	movw	r30, r24
    4002:	80 81       	ld	r24, Z
    4004:	84 31       	cpi	r24, 0x14	; 20
    4006:	f8 f4       	brcc	.+62     	; 0x4046 <spielerPosFehlerAusgleich+0x8e>
    4008:	8a 81       	ldd	r24, Y+2	; 0x02
    400a:	88 2f       	mov	r24, r24
    400c:	90 e0       	ldi	r25, 0x00	; 0
    400e:	82 30       	cpi	r24, 0x02	; 2
    4010:	91 05       	cpc	r25, r1
    4012:	79 f0       	breq	.+30     	; 0x4032 <spielerPosFehlerAusgleich+0x7a>
    4014:	83 30       	cpi	r24, 0x03	; 3
    4016:	91 05       	cpc	r25, r1
    4018:	1c f4       	brge	.+6      	; 0x4020 <spielerPosFehlerAusgleich+0x68>
    401a:	01 97       	sbiw	r24, 0x01	; 1
    401c:	39 f0       	breq	.+14     	; 0x402c <spielerPosFehlerAusgleich+0x74>
    401e:	78 c0       	rjmp	.+240    	; 0x4110 <spielerPosFehlerAusgleich+0x158>
    4020:	83 30       	cpi	r24, 0x03	; 3
    4022:	91 05       	cpc	r25, r1
    4024:	49 f0       	breq	.+18     	; 0x4038 <spielerPosFehlerAusgleich+0x80>
    4026:	04 97       	sbiw	r24, 0x04	; 4
    4028:	51 f0       	breq	.+20     	; 0x403e <spielerPosFehlerAusgleich+0x86>
    402a:	72 c0       	rjmp	.+228    	; 0x4110 <spielerPosFehlerAusgleich+0x158>
    402c:	81 e0       	ldi	r24, 0x01	; 1
    402e:	89 83       	std	Y+1, r24	; 0x01
    4030:	09 c0       	rjmp	.+18     	; 0x4044 <spielerPosFehlerAusgleich+0x8c>
    4032:	82 e0       	ldi	r24, 0x02	; 2
    4034:	89 83       	std	Y+1, r24	; 0x01
    4036:	06 c0       	rjmp	.+12     	; 0x4044 <spielerPosFehlerAusgleich+0x8c>
    4038:	8e ef       	ldi	r24, 0xFE	; 254
    403a:	89 83       	std	Y+1, r24	; 0x01
    403c:	03 c0       	rjmp	.+6      	; 0x4044 <spielerPosFehlerAusgleich+0x8c>
    403e:	8f ef       	ldi	r24, 0xFF	; 255
    4040:	89 83       	std	Y+1, r24	; 0x01
    4042:	00 00       	nop
    4044:	65 c0       	rjmp	.+202    	; 0x4110 <spielerPosFehlerAusgleich+0x158>
    4046:	8a 81       	ldd	r24, Y+2	; 0x02
    4048:	88 2f       	mov	r24, r24
    404a:	90 e0       	ldi	r25, 0x00	; 0
    404c:	01 97       	sbiw	r24, 0x01	; 1
    404e:	88 5b       	subi	r24, 0xB8	; 184
    4050:	99 4f       	sbci	r25, 0xF9	; 249
    4052:	fc 01       	movw	r30, r24
    4054:	80 81       	ld	r24, Z
    4056:	84 31       	cpi	r24, 0x14	; 20
    4058:	48 f1       	brcs	.+82     	; 0x40ac <spielerPosFehlerAusgleich+0xf4>
    405a:	8a 81       	ldd	r24, Y+2	; 0x02
    405c:	88 2f       	mov	r24, r24
    405e:	90 e0       	ldi	r25, 0x00	; 0
    4060:	01 97       	sbiw	r24, 0x01	; 1
    4062:	88 5b       	subi	r24, 0xB8	; 184
    4064:	99 4f       	sbci	r25, 0xF9	; 249
    4066:	fc 01       	movw	r30, r24
    4068:	80 81       	ld	r24, Z
    406a:	8e 31       	cpi	r24, 0x1E	; 30
    406c:	f8 f4       	brcc	.+62     	; 0x40ac <spielerPosFehlerAusgleich+0xf4>
    406e:	8a 81       	ldd	r24, Y+2	; 0x02
    4070:	88 2f       	mov	r24, r24
    4072:	90 e0       	ldi	r25, 0x00	; 0
    4074:	82 30       	cpi	r24, 0x02	; 2
    4076:	91 05       	cpc	r25, r1
    4078:	79 f0       	breq	.+30     	; 0x4098 <spielerPosFehlerAusgleich+0xe0>
    407a:	83 30       	cpi	r24, 0x03	; 3
    407c:	91 05       	cpc	r25, r1
    407e:	1c f4       	brge	.+6      	; 0x4086 <spielerPosFehlerAusgleich+0xce>
    4080:	01 97       	sbiw	r24, 0x01	; 1
    4082:	39 f0       	breq	.+14     	; 0x4092 <spielerPosFehlerAusgleich+0xda>
    4084:	45 c0       	rjmp	.+138    	; 0x4110 <spielerPosFehlerAusgleich+0x158>
    4086:	83 30       	cpi	r24, 0x03	; 3
    4088:	91 05       	cpc	r25, r1
    408a:	49 f0       	breq	.+18     	; 0x409e <spielerPosFehlerAusgleich+0xe6>
    408c:	04 97       	sbiw	r24, 0x04	; 4
    408e:	51 f0       	breq	.+20     	; 0x40a4 <spielerPosFehlerAusgleich+0xec>
    4090:	3f c0       	rjmp	.+126    	; 0x4110 <spielerPosFehlerAusgleich+0x158>
    4092:	83 e0       	ldi	r24, 0x03	; 3
    4094:	89 83       	std	Y+1, r24	; 0x01
    4096:	09 c0       	rjmp	.+18     	; 0x40aa <spielerPosFehlerAusgleich+0xf2>
    4098:	81 e0       	ldi	r24, 0x01	; 1
    409a:	89 83       	std	Y+1, r24	; 0x01
    409c:	06 c0       	rjmp	.+12     	; 0x40aa <spielerPosFehlerAusgleich+0xf2>
    409e:	8f ef       	ldi	r24, 0xFF	; 255
    40a0:	89 83       	std	Y+1, r24	; 0x01
    40a2:	03 c0       	rjmp	.+6      	; 0x40aa <spielerPosFehlerAusgleich+0xf2>
    40a4:	8d ef       	ldi	r24, 0xFD	; 253
    40a6:	89 83       	std	Y+1, r24	; 0x01
    40a8:	00 00       	nop
    40aa:	32 c0       	rjmp	.+100    	; 0x4110 <spielerPosFehlerAusgleich+0x158>
    40ac:	8a 81       	ldd	r24, Y+2	; 0x02
    40ae:	88 2f       	mov	r24, r24
    40b0:	90 e0       	ldi	r25, 0x00	; 0
    40b2:	01 97       	sbiw	r24, 0x01	; 1
    40b4:	88 5b       	subi	r24, 0xB8	; 184
    40b6:	99 4f       	sbci	r25, 0xF9	; 249
    40b8:	fc 01       	movw	r30, r24
    40ba:	80 81       	ld	r24, Z
    40bc:	8e 31       	cpi	r24, 0x1E	; 30
    40be:	40 f1       	brcs	.+80     	; 0x4110 <spielerPosFehlerAusgleich+0x158>
    40c0:	8a 81       	ldd	r24, Y+2	; 0x02
    40c2:	88 2f       	mov	r24, r24
    40c4:	90 e0       	ldi	r25, 0x00	; 0
    40c6:	01 97       	sbiw	r24, 0x01	; 1
    40c8:	88 5b       	subi	r24, 0xB8	; 184
    40ca:	99 4f       	sbci	r25, 0xF9	; 249
    40cc:	fc 01       	movw	r30, r24
    40ce:	80 81       	ld	r24, Z
    40d0:	88 32       	cpi	r24, 0x28	; 40
    40d2:	f0 f4       	brcc	.+60     	; 0x4110 <spielerPosFehlerAusgleich+0x158>
    40d4:	8a 81       	ldd	r24, Y+2	; 0x02
    40d6:	88 2f       	mov	r24, r24
    40d8:	90 e0       	ldi	r25, 0x00	; 0
    40da:	82 30       	cpi	r24, 0x02	; 2
    40dc:	91 05       	cpc	r25, r1
    40de:	79 f0       	breq	.+30     	; 0x40fe <spielerPosFehlerAusgleich+0x146>
    40e0:	83 30       	cpi	r24, 0x03	; 3
    40e2:	91 05       	cpc	r25, r1
    40e4:	1c f4       	brge	.+6      	; 0x40ec <spielerPosFehlerAusgleich+0x134>
    40e6:	01 97       	sbiw	r24, 0x01	; 1
    40e8:	39 f0       	breq	.+14     	; 0x40f8 <spielerPosFehlerAusgleich+0x140>
    40ea:	12 c0       	rjmp	.+36     	; 0x4110 <spielerPosFehlerAusgleich+0x158>
    40ec:	83 30       	cpi	r24, 0x03	; 3
    40ee:	91 05       	cpc	r25, r1
    40f0:	49 f0       	breq	.+18     	; 0x4104 <spielerPosFehlerAusgleich+0x14c>
    40f2:	04 97       	sbiw	r24, 0x04	; 4
    40f4:	51 f0       	breq	.+20     	; 0x410a <spielerPosFehlerAusgleich+0x152>
    40f6:	0c c0       	rjmp	.+24     	; 0x4110 <spielerPosFehlerAusgleich+0x158>
    40f8:	82 e0       	ldi	r24, 0x02	; 2
    40fa:	89 83       	std	Y+1, r24	; 0x01
    40fc:	09 c0       	rjmp	.+18     	; 0x4110 <spielerPosFehlerAusgleich+0x158>
    40fe:	8f ef       	ldi	r24, 0xFF	; 255
    4100:	89 83       	std	Y+1, r24	; 0x01
    4102:	06 c0       	rjmp	.+12     	; 0x4110 <spielerPosFehlerAusgleich+0x158>
    4104:	81 e0       	ldi	r24, 0x01	; 1
    4106:	89 83       	std	Y+1, r24	; 0x01
    4108:	03 c0       	rjmp	.+6      	; 0x4110 <spielerPosFehlerAusgleich+0x158>
    410a:	8e ef       	ldi	r24, 0xFE	; 254
    410c:	89 83       	std	Y+1, r24	; 0x01
    410e:	00 00       	nop
    4110:	89 81       	ldd	r24, Y+1	; 0x01
    4112:	0f 90       	pop	r0
    4114:	0f 90       	pop	r0
    4116:	df 91       	pop	r29
    4118:	cf 91       	pop	r28
    411a:	08 95       	ret

0000411c <setGeld>:
    411c:	cf 92       	push	r12
    411e:	df 92       	push	r13
    4120:	ef 92       	push	r14
    4122:	ff 92       	push	r15
    4124:	cf 93       	push	r28
    4126:	df 93       	push	r29
    4128:	cd b7       	in	r28, 0x3d	; 61
    412a:	de b7       	in	r29, 0x3e	; 62
    412c:	a6 97       	sbiw	r28, 0x26	; 38
    412e:	0f b6       	in	r0, 0x3f	; 63
    4130:	f8 94       	cli
    4132:	de bf       	out	0x3e, r29	; 62
    4134:	0f be       	out	0x3f, r0	; 63
    4136:	cd bf       	out	0x3d, r28	; 61
    4138:	9c a3       	std	Y+36, r25	; 0x24
    413a:	8b a3       	std	Y+35, r24	; 0x23
    413c:	6d a3       	std	Y+37, r22	; 0x25
    413e:	4e a3       	std	Y+38, r20	; 0x26
    4140:	1a 82       	std	Y+2, r1	; 0x02
    4142:	8b a1       	ldd	r24, Y+35	; 0x23
    4144:	9c a1       	ldd	r25, Y+36	; 0x24
    4146:	96 95       	lsr	r25
    4148:	87 95       	ror	r24
    414a:	96 95       	lsr	r25
    414c:	87 95       	ror	r24
    414e:	96 95       	lsr	r25
    4150:	87 95       	ror	r24
    4152:	9c 01       	movw	r18, r24
    4154:	a5 ec       	ldi	r26, 0xC5	; 197
    4156:	b0 e2       	ldi	r27, 0x20	; 32
    4158:	0e 94 c9 41 	call	0x8392	; 0x8392 <__umulhisi3>
    415c:	ac 01       	movw	r20, r24
    415e:	52 95       	swap	r21
    4160:	42 95       	swap	r20
    4162:	4f 70       	andi	r20, 0x0F	; 15
    4164:	45 27       	eor	r20, r21
    4166:	5f 70       	andi	r21, 0x0F	; 15
    4168:	45 27       	eor	r20, r21
    416a:	9a 01       	movw	r18, r20
    416c:	ad ec       	ldi	r26, 0xCD	; 205
    416e:	bc ec       	ldi	r27, 0xCC	; 204
    4170:	0e 94 c9 41 	call	0x8392	; 0x8392 <__umulhisi3>
    4174:	96 95       	lsr	r25
    4176:	87 95       	ror	r24
    4178:	96 95       	lsr	r25
    417a:	87 95       	ror	r24
    417c:	96 95       	lsr	r25
    417e:	87 95       	ror	r24
    4180:	88 0f       	add	r24, r24
    4182:	99 1f       	adc	r25, r25
    4184:	9c 01       	movw	r18, r24
    4186:	22 0f       	add	r18, r18
    4188:	33 1f       	adc	r19, r19
    418a:	22 0f       	add	r18, r18
    418c:	33 1f       	adc	r19, r19
    418e:	82 0f       	add	r24, r18
    4190:	93 1f       	adc	r25, r19
    4192:	9a 01       	movw	r18, r20
    4194:	28 1b       	sub	r18, r24
    4196:	39 0b       	sbc	r19, r25
    4198:	c9 01       	movw	r24, r18
    419a:	8b 83       	std	Y+3, r24	; 0x03
    419c:	8b a1       	ldd	r24, Y+35	; 0x23
    419e:	9c a1       	ldd	r25, Y+36	; 0x24
    41a0:	96 95       	lsr	r25
    41a2:	87 95       	ror	r24
    41a4:	96 95       	lsr	r25
    41a6:	87 95       	ror	r24
    41a8:	9c 01       	movw	r18, r24
    41aa:	ab e7       	ldi	r26, 0x7B	; 123
    41ac:	b4 e1       	ldi	r27, 0x14	; 20
    41ae:	0e 94 c9 41 	call	0x8392	; 0x8392 <__umulhisi3>
    41b2:	ac 01       	movw	r20, r24
    41b4:	56 95       	lsr	r21
    41b6:	47 95       	ror	r20
    41b8:	9a 01       	movw	r18, r20
    41ba:	ad ec       	ldi	r26, 0xCD	; 205
    41bc:	bc ec       	ldi	r27, 0xCC	; 204
    41be:	0e 94 c9 41 	call	0x8392	; 0x8392 <__umulhisi3>
    41c2:	96 95       	lsr	r25
    41c4:	87 95       	ror	r24
    41c6:	96 95       	lsr	r25
    41c8:	87 95       	ror	r24
    41ca:	96 95       	lsr	r25
    41cc:	87 95       	ror	r24
    41ce:	88 0f       	add	r24, r24
    41d0:	99 1f       	adc	r25, r25
    41d2:	9c 01       	movw	r18, r24
    41d4:	22 0f       	add	r18, r18
    41d6:	33 1f       	adc	r19, r19
    41d8:	22 0f       	add	r18, r18
    41da:	33 1f       	adc	r19, r19
    41dc:	82 0f       	add	r24, r18
    41de:	93 1f       	adc	r25, r19
    41e0:	fa 01       	movw	r30, r20
    41e2:	e8 1b       	sub	r30, r24
    41e4:	f9 0b       	sbc	r31, r25
    41e6:	cf 01       	movw	r24, r30
    41e8:	8c 83       	std	Y+4, r24	; 0x04
    41ea:	8b a1       	ldd	r24, Y+35	; 0x23
    41ec:	9c a1       	ldd	r25, Y+36	; 0x24
    41ee:	9c 01       	movw	r18, r24
    41f0:	ad ec       	ldi	r26, 0xCD	; 205
    41f2:	bc ec       	ldi	r27, 0xCC	; 204
    41f4:	0e 94 c9 41 	call	0x8392	; 0x8392 <__umulhisi3>
    41f8:	ac 01       	movw	r20, r24
    41fa:	56 95       	lsr	r21
    41fc:	47 95       	ror	r20
    41fe:	56 95       	lsr	r21
    4200:	47 95       	ror	r20
    4202:	56 95       	lsr	r21
    4204:	47 95       	ror	r20
    4206:	9a 01       	movw	r18, r20
    4208:	ad ec       	ldi	r26, 0xCD	; 205
    420a:	bc ec       	ldi	r27, 0xCC	; 204
    420c:	0e 94 c9 41 	call	0x8392	; 0x8392 <__umulhisi3>
    4210:	96 95       	lsr	r25
    4212:	87 95       	ror	r24
    4214:	96 95       	lsr	r25
    4216:	87 95       	ror	r24
    4218:	96 95       	lsr	r25
    421a:	87 95       	ror	r24
    421c:	88 0f       	add	r24, r24
    421e:	99 1f       	adc	r25, r25
    4220:	9c 01       	movw	r18, r24
    4222:	22 0f       	add	r18, r18
    4224:	33 1f       	adc	r19, r19
    4226:	22 0f       	add	r18, r18
    4228:	33 1f       	adc	r19, r19
    422a:	82 0f       	add	r24, r18
    422c:	93 1f       	adc	r25, r19
    422e:	9a 01       	movw	r18, r20
    4230:	28 1b       	sub	r18, r24
    4232:	39 0b       	sbc	r19, r25
    4234:	c9 01       	movw	r24, r18
    4236:	8d 83       	std	Y+5, r24	; 0x05
    4238:	4b a1       	ldd	r20, Y+35	; 0x23
    423a:	5c a1       	ldd	r21, Y+36	; 0x24
    423c:	9a 01       	movw	r18, r20
    423e:	ad ec       	ldi	r26, 0xCD	; 205
    4240:	bc ec       	ldi	r27, 0xCC	; 204
    4242:	0e 94 c9 41 	call	0x8392	; 0x8392 <__umulhisi3>
    4246:	96 95       	lsr	r25
    4248:	87 95       	ror	r24
    424a:	96 95       	lsr	r25
    424c:	87 95       	ror	r24
    424e:	96 95       	lsr	r25
    4250:	87 95       	ror	r24
    4252:	88 0f       	add	r24, r24
    4254:	99 1f       	adc	r25, r25
    4256:	9c 01       	movw	r18, r24
    4258:	22 0f       	add	r18, r18
    425a:	33 1f       	adc	r19, r19
    425c:	22 0f       	add	r18, r18
    425e:	33 1f       	adc	r19, r19
    4260:	82 0f       	add	r24, r18
    4262:	93 1f       	adc	r25, r19
    4264:	fa 01       	movw	r30, r20
    4266:	e8 1b       	sub	r30, r24
    4268:	f9 0b       	sbc	r31, r25
    426a:	cf 01       	movw	r24, r30
    426c:	8e 83       	std	Y+6, r24	; 0x06
    426e:	8e a1       	ldd	r24, Y+38	; 0x26
    4270:	88 23       	and	r24, r24
    4272:	09 f4       	brne	.+2      	; 0x4276 <setGeld+0x15a>
    4274:	50 c0       	rjmp	.+160    	; 0x4316 <setGeld+0x1fa>
    4276:	8d a1       	ldd	r24, Y+37	; 0x25
    4278:	88 2f       	mov	r24, r24
    427a:	90 e0       	ldi	r25, 0x00	; 0
    427c:	01 97       	sbiw	r24, 0x01	; 1
    427e:	88 0f       	add	r24, r24
    4280:	99 1f       	adc	r25, r25
    4282:	88 0f       	add	r24, r24
    4284:	99 1f       	adc	r25, r25
    4286:	2b 81       	ldd	r18, Y+3	; 0x03
    4288:	22 2f       	mov	r18, r18
    428a:	30 e0       	ldi	r19, 0x00	; 0
    428c:	2b 5f       	subi	r18, 0xFB	; 251
    428e:	3d 4f       	sbci	r19, 0xFD	; 253
    4290:	f9 01       	movw	r30, r18
    4292:	20 81       	ld	r18, Z
    4294:	84 5b       	subi	r24, 0xB4	; 180
    4296:	99 4f       	sbci	r25, 0xF9	; 249
    4298:	fc 01       	movw	r30, r24
    429a:	20 83       	st	Z, r18
    429c:	8d a1       	ldd	r24, Y+37	; 0x25
    429e:	88 2f       	mov	r24, r24
    42a0:	90 e0       	ldi	r25, 0x00	; 0
    42a2:	01 97       	sbiw	r24, 0x01	; 1
    42a4:	88 0f       	add	r24, r24
    42a6:	99 1f       	adc	r25, r25
    42a8:	88 0f       	add	r24, r24
    42aa:	99 1f       	adc	r25, r25
    42ac:	01 96       	adiw	r24, 0x01	; 1
    42ae:	2c 81       	ldd	r18, Y+4	; 0x04
    42b0:	22 2f       	mov	r18, r18
    42b2:	30 e0       	ldi	r19, 0x00	; 0
    42b4:	2b 5f       	subi	r18, 0xFB	; 251
    42b6:	3d 4f       	sbci	r19, 0xFD	; 253
    42b8:	f9 01       	movw	r30, r18
    42ba:	20 81       	ld	r18, Z
    42bc:	84 5b       	subi	r24, 0xB4	; 180
    42be:	99 4f       	sbci	r25, 0xF9	; 249
    42c0:	fc 01       	movw	r30, r24
    42c2:	20 83       	st	Z, r18
    42c4:	8d a1       	ldd	r24, Y+37	; 0x25
    42c6:	88 2f       	mov	r24, r24
    42c8:	90 e0       	ldi	r25, 0x00	; 0
    42ca:	01 97       	sbiw	r24, 0x01	; 1
    42cc:	88 0f       	add	r24, r24
    42ce:	99 1f       	adc	r25, r25
    42d0:	88 0f       	add	r24, r24
    42d2:	99 1f       	adc	r25, r25
    42d4:	02 96       	adiw	r24, 0x02	; 2
    42d6:	2d 81       	ldd	r18, Y+5	; 0x05
    42d8:	22 2f       	mov	r18, r18
    42da:	30 e0       	ldi	r19, 0x00	; 0
    42dc:	2b 5f       	subi	r18, 0xFB	; 251
    42de:	3d 4f       	sbci	r19, 0xFD	; 253
    42e0:	f9 01       	movw	r30, r18
    42e2:	20 81       	ld	r18, Z
    42e4:	84 5b       	subi	r24, 0xB4	; 180
    42e6:	99 4f       	sbci	r25, 0xF9	; 249
    42e8:	fc 01       	movw	r30, r24
    42ea:	20 83       	st	Z, r18
    42ec:	8d a1       	ldd	r24, Y+37	; 0x25
    42ee:	88 2f       	mov	r24, r24
    42f0:	90 e0       	ldi	r25, 0x00	; 0
    42f2:	01 97       	sbiw	r24, 0x01	; 1
    42f4:	88 0f       	add	r24, r24
    42f6:	99 1f       	adc	r25, r25
    42f8:	88 0f       	add	r24, r24
    42fa:	99 1f       	adc	r25, r25
    42fc:	03 96       	adiw	r24, 0x03	; 3
    42fe:	2e 81       	ldd	r18, Y+6	; 0x06
    4300:	22 2f       	mov	r18, r18
    4302:	30 e0       	ldi	r19, 0x00	; 0
    4304:	2b 5f       	subi	r18, 0xFB	; 251
    4306:	3d 4f       	sbci	r19, 0xFD	; 253
    4308:	f9 01       	movw	r30, r18
    430a:	20 81       	ld	r18, Z
    430c:	84 5b       	subi	r24, 0xB4	; 180
    430e:	99 4f       	sbci	r25, 0xF9	; 249
    4310:	fc 01       	movw	r30, r24
    4312:	20 83       	st	Z, r18
    4314:	3b c0       	rjmp	.+118    	; 0x438c <setGeld+0x270>
    4316:	8d a1       	ldd	r24, Y+37	; 0x25
    4318:	88 2f       	mov	r24, r24
    431a:	90 e0       	ldi	r25, 0x00	; 0
    431c:	01 97       	sbiw	r24, 0x01	; 1
    431e:	88 0f       	add	r24, r24
    4320:	99 1f       	adc	r25, r25
    4322:	88 0f       	add	r24, r24
    4324:	99 1f       	adc	r25, r25
    4326:	20 91 0f 02 	lds	r18, 0x020F	; 0x80020f <ziffer+0xa>
    432a:	84 5b       	subi	r24, 0xB4	; 180
    432c:	99 4f       	sbci	r25, 0xF9	; 249
    432e:	fc 01       	movw	r30, r24
    4330:	20 83       	st	Z, r18
    4332:	8d a1       	ldd	r24, Y+37	; 0x25
    4334:	88 2f       	mov	r24, r24
    4336:	90 e0       	ldi	r25, 0x00	; 0
    4338:	01 97       	sbiw	r24, 0x01	; 1
    433a:	88 0f       	add	r24, r24
    433c:	99 1f       	adc	r25, r25
    433e:	88 0f       	add	r24, r24
    4340:	99 1f       	adc	r25, r25
    4342:	01 96       	adiw	r24, 0x01	; 1
    4344:	20 91 0f 02 	lds	r18, 0x020F	; 0x80020f <ziffer+0xa>
    4348:	84 5b       	subi	r24, 0xB4	; 180
    434a:	99 4f       	sbci	r25, 0xF9	; 249
    434c:	fc 01       	movw	r30, r24
    434e:	20 83       	st	Z, r18
    4350:	8d a1       	ldd	r24, Y+37	; 0x25
    4352:	88 2f       	mov	r24, r24
    4354:	90 e0       	ldi	r25, 0x00	; 0
    4356:	01 97       	sbiw	r24, 0x01	; 1
    4358:	88 0f       	add	r24, r24
    435a:	99 1f       	adc	r25, r25
    435c:	88 0f       	add	r24, r24
    435e:	99 1f       	adc	r25, r25
    4360:	02 96       	adiw	r24, 0x02	; 2
    4362:	20 91 0f 02 	lds	r18, 0x020F	; 0x80020f <ziffer+0xa>
    4366:	84 5b       	subi	r24, 0xB4	; 180
    4368:	99 4f       	sbci	r25, 0xF9	; 249
    436a:	fc 01       	movw	r30, r24
    436c:	20 83       	st	Z, r18
    436e:	8d a1       	ldd	r24, Y+37	; 0x25
    4370:	88 2f       	mov	r24, r24
    4372:	90 e0       	ldi	r25, 0x00	; 0
    4374:	01 97       	sbiw	r24, 0x01	; 1
    4376:	88 0f       	add	r24, r24
    4378:	99 1f       	adc	r25, r25
    437a:	88 0f       	add	r24, r24
    437c:	99 1f       	adc	r25, r25
    437e:	03 96       	adiw	r24, 0x03	; 3
    4380:	20 91 0f 02 	lds	r18, 0x020F	; 0x80020f <ziffer+0xa>
    4384:	84 5b       	subi	r24, 0xB4	; 180
    4386:	99 4f       	sbci	r25, 0xF9	; 249
    4388:	fc 01       	movw	r30, r24
    438a:	20 83       	st	Z, r18
    438c:	19 82       	std	Y+1, r1	; 0x01
    438e:	f0 c0       	rjmp	.+480    	; 0x4570 <setGeld+0x454>
    4390:	89 81       	ldd	r24, Y+1	; 0x01
    4392:	88 2f       	mov	r24, r24
    4394:	90 e0       	ldi	r25, 0x00	; 0
    4396:	20 e1       	ldi	r18, 0x10	; 16
    4398:	30 e0       	ldi	r19, 0x00	; 0
    439a:	a9 01       	movw	r20, r18
    439c:	48 1b       	sub	r20, r24
    439e:	59 0b       	sbc	r21, r25
    43a0:	ca 01       	movw	r24, r20
    43a2:	84 5b       	subi	r24, 0xB4	; 180
    43a4:	99 4f       	sbci	r25, 0xF9	; 249
    43a6:	fc 01       	movw	r30, r24
    43a8:	80 81       	ld	r24, Z
    43aa:	68 2f       	mov	r22, r24
    43ac:	82 e0       	ldi	r24, 0x02	; 2
    43ae:	0e 94 a5 3f 	call	0x7f4a	; 0x7f4a <USART_Transmit>
    43b2:	80 e0       	ldi	r24, 0x00	; 0
    43b4:	90 e0       	ldi	r25, 0x00	; 0
    43b6:	aa ef       	ldi	r26, 0xFA	; 250
    43b8:	b3 e4       	ldi	r27, 0x43	; 67
    43ba:	8f 83       	std	Y+7, r24	; 0x07
    43bc:	98 87       	std	Y+8, r25	; 0x08
    43be:	a9 87       	std	Y+9, r26	; 0x09
    43c0:	ba 87       	std	Y+10, r27	; 0x0a
    43c2:	2b ea       	ldi	r18, 0xAB	; 171
    43c4:	3a ea       	ldi	r19, 0xAA	; 170
    43c6:	4a ea       	ldi	r20, 0xAA	; 170
    43c8:	50 e4       	ldi	r21, 0x40	; 64
    43ca:	6f 81       	ldd	r22, Y+7	; 0x07
    43cc:	78 85       	ldd	r23, Y+8	; 0x08
    43ce:	89 85       	ldd	r24, Y+9	; 0x09
    43d0:	9a 85       	ldd	r25, Y+10	; 0x0a
    43d2:	0e 94 3f 41 	call	0x827e	; 0x827e <__mulsf3>
    43d6:	dc 01       	movw	r26, r24
    43d8:	cb 01       	movw	r24, r22
    43da:	8b 87       	std	Y+11, r24	; 0x0b
    43dc:	9c 87       	std	Y+12, r25	; 0x0c
    43de:	ad 87       	std	Y+13, r26	; 0x0d
    43e0:	be 87       	std	Y+14, r27	; 0x0e
    43e2:	20 e0       	ldi	r18, 0x00	; 0
    43e4:	30 e0       	ldi	r19, 0x00	; 0
    43e6:	40 e8       	ldi	r20, 0x80	; 128
    43e8:	50 e4       	ldi	r21, 0x40	; 64
    43ea:	6f 81       	ldd	r22, Y+7	; 0x07
    43ec:	78 85       	ldd	r23, Y+8	; 0x08
    43ee:	89 85       	ldd	r24, Y+9	; 0x09
    43f0:	9a 85       	ldd	r25, Y+10	; 0x0a
    43f2:	0e 94 3f 41 	call	0x827e	; 0x827e <__mulsf3>
    43f6:	dc 01       	movw	r26, r24
    43f8:	cb 01       	movw	r24, r22
    43fa:	8f 87       	std	Y+15, r24	; 0x0f
    43fc:	98 8b       	std	Y+16, r25	; 0x10
    43fe:	a9 8b       	std	Y+17, r26	; 0x11
    4400:	ba 8b       	std	Y+18, r27	; 0x12
    4402:	20 e0       	ldi	r18, 0x00	; 0
    4404:	30 e0       	ldi	r19, 0x00	; 0
    4406:	40 e8       	ldi	r20, 0x80	; 128
    4408:	5f e3       	ldi	r21, 0x3F	; 63
    440a:	6b 85       	ldd	r22, Y+11	; 0x0b
    440c:	7c 85       	ldd	r23, Y+12	; 0x0c
    440e:	8d 85       	ldd	r24, Y+13	; 0x0d
    4410:	9e 85       	ldd	r25, Y+14	; 0x0e
    4412:	0e 94 f1 3f 	call	0x7fe2	; 0x7fe2 <__cmpsf2>
    4416:	88 23       	and	r24, r24
    4418:	0c f4       	brge	.+2      	; 0x441c <setGeld+0x300>
    441a:	a1 c0       	rjmp	.+322    	; 0x455e <setGeld+0x442>
    441c:	20 e0       	ldi	r18, 0x00	; 0
    441e:	3f ef       	ldi	r19, 0xFF	; 255
    4420:	4f e7       	ldi	r20, 0x7F	; 127
    4422:	57 e4       	ldi	r21, 0x47	; 71
    4424:	6f 85       	ldd	r22, Y+15	; 0x0f
    4426:	78 89       	ldd	r23, Y+16	; 0x10
    4428:	89 89       	ldd	r24, Y+17	; 0x11
    442a:	9a 89       	ldd	r25, Y+18	; 0x12
    442c:	0e 94 3b 41 	call	0x8276	; 0x8276 <__gesf2>
    4430:	18 16       	cp	r1, r24
    4432:	0c f0       	brlt	.+2      	; 0x4436 <setGeld+0x31a>
    4434:	6d c0       	rjmp	.+218    	; 0x4510 <setGeld+0x3f4>
    4436:	20 e0       	ldi	r18, 0x00	; 0
    4438:	30 e0       	ldi	r19, 0x00	; 0
    443a:	4a e7       	ldi	r20, 0x7A	; 122
    443c:	54 e4       	ldi	r21, 0x44	; 68
    443e:	6f 81       	ldd	r22, Y+7	; 0x07
    4440:	78 85       	ldd	r23, Y+8	; 0x08
    4442:	89 85       	ldd	r24, Y+9	; 0x09
    4444:	9a 85       	ldd	r25, Y+10	; 0x0a
    4446:	0e 94 f5 3f 	call	0x7fea	; 0x7fea <__divsf3>
    444a:	dc 01       	movw	r26, r24
    444c:	cb 01       	movw	r24, r22
    444e:	6c 01       	movw	r12, r24
    4450:	7d 01       	movw	r14, r26
    4452:	20 e0       	ldi	r18, 0x00	; 0
    4454:	30 e0       	ldi	r19, 0x00	; 0
    4456:	4a e7       	ldi	r20, 0x7A	; 122
    4458:	55 e4       	ldi	r21, 0x45	; 69
    445a:	c7 01       	movw	r24, r14
    445c:	b6 01       	movw	r22, r12
    445e:	0e 94 3f 41 	call	0x827e	; 0x827e <__mulsf3>
    4462:	dc 01       	movw	r26, r24
    4464:	cb 01       	movw	r24, r22
    4466:	8b 8b       	std	Y+19, r24	; 0x13
    4468:	9c 8b       	std	Y+20, r25	; 0x14
    446a:	ad 8b       	std	Y+21, r26	; 0x15
    446c:	be 8b       	std	Y+22, r27	; 0x16
    446e:	20 e0       	ldi	r18, 0x00	; 0
    4470:	30 e0       	ldi	r19, 0x00	; 0
    4472:	40 e8       	ldi	r20, 0x80	; 128
    4474:	5f e3       	ldi	r21, 0x3F	; 63
    4476:	6b 89       	ldd	r22, Y+19	; 0x13
    4478:	7c 89       	ldd	r23, Y+20	; 0x14
    447a:	8d 89       	ldd	r24, Y+21	; 0x15
    447c:	9e 89       	ldd	r25, Y+22	; 0x16
    447e:	0e 94 f1 3f 	call	0x7fe2	; 0x7fe2 <__cmpsf2>
    4482:	88 23       	and	r24, r24
    4484:	d4 f1       	brlt	.+116    	; 0x44fa <setGeld+0x3de>
    4486:	20 e0       	ldi	r18, 0x00	; 0
    4488:	3f ef       	ldi	r19, 0xFF	; 255
    448a:	4f e7       	ldi	r20, 0x7F	; 127
    448c:	57 e4       	ldi	r21, 0x47	; 71
    448e:	6b 89       	ldd	r22, Y+19	; 0x13
    4490:	7c 89       	ldd	r23, Y+20	; 0x14
    4492:	8d 89       	ldd	r24, Y+21	; 0x15
    4494:	9e 89       	ldd	r25, Y+22	; 0x16
    4496:	0e 94 3b 41 	call	0x8276	; 0x8276 <__gesf2>
    449a:	18 16       	cp	r1, r24
    449c:	1c f5       	brge	.+70     	; 0x44e4 <setGeld+0x3c8>
    449e:	20 e0       	ldi	r18, 0x00	; 0
    44a0:	30 e0       	ldi	r19, 0x00	; 0
    44a2:	40 e2       	ldi	r20, 0x20	; 32
    44a4:	51 e4       	ldi	r21, 0x41	; 65
    44a6:	c7 01       	movw	r24, r14
    44a8:	b6 01       	movw	r22, r12
    44aa:	0e 94 3f 41 	call	0x827e	; 0x827e <__mulsf3>
    44ae:	dc 01       	movw	r26, r24
    44b0:	cb 01       	movw	r24, r22
    44b2:	bc 01       	movw	r22, r24
    44b4:	cd 01       	movw	r24, r26
    44b6:	0e 94 5d 40 	call	0x80ba	; 0x80ba <__fixunssfsi>
    44ba:	dc 01       	movw	r26, r24
    44bc:	cb 01       	movw	r24, r22
    44be:	98 8f       	std	Y+24, r25	; 0x18
    44c0:	8f 8b       	std	Y+23, r24	; 0x17
    44c2:	0b c0       	rjmp	.+22     	; 0x44da <setGeld+0x3be>
    44c4:	80 e9       	ldi	r24, 0x90	; 144
    44c6:	91 e0       	ldi	r25, 0x01	; 1
    44c8:	01 97       	sbiw	r24, 0x01	; 1
    44ca:	f1 f7       	brne	.-4      	; 0x44c8 <setGeld+0x3ac>
    44cc:	9a 8f       	std	Y+26, r25	; 0x1a
    44ce:	89 8f       	std	Y+25, r24	; 0x19
    44d0:	8f 89       	ldd	r24, Y+23	; 0x17
    44d2:	98 8d       	ldd	r25, Y+24	; 0x18
    44d4:	01 97       	sbiw	r24, 0x01	; 1
    44d6:	98 8f       	std	Y+24, r25	; 0x18
    44d8:	8f 8b       	std	Y+23, r24	; 0x17
    44da:	8f 89       	ldd	r24, Y+23	; 0x17
    44dc:	98 8d       	ldd	r25, Y+24	; 0x18
    44de:	89 2b       	or	r24, r25
    44e0:	89 f7       	brne	.-30     	; 0x44c4 <setGeld+0x3a8>
    44e2:	3f c0       	rjmp	.+126    	; 0x4562 <setGeld+0x446>
    44e4:	6b 89       	ldd	r22, Y+19	; 0x13
    44e6:	7c 89       	ldd	r23, Y+20	; 0x14
    44e8:	8d 89       	ldd	r24, Y+21	; 0x15
    44ea:	9e 89       	ldd	r25, Y+22	; 0x16
    44ec:	0e 94 5d 40 	call	0x80ba	; 0x80ba <__fixunssfsi>
    44f0:	dc 01       	movw	r26, r24
    44f2:	cb 01       	movw	r24, r22
    44f4:	98 8f       	std	Y+24, r25	; 0x18
    44f6:	8f 8b       	std	Y+23, r24	; 0x17
    44f8:	04 c0       	rjmp	.+8      	; 0x4502 <setGeld+0x3e6>
    44fa:	81 e0       	ldi	r24, 0x01	; 1
    44fc:	90 e0       	ldi	r25, 0x00	; 0
    44fe:	98 8f       	std	Y+24, r25	; 0x18
    4500:	8f 8b       	std	Y+23, r24	; 0x17
    4502:	8f 89       	ldd	r24, Y+23	; 0x17
    4504:	98 8d       	ldd	r25, Y+24	; 0x18
    4506:	01 97       	sbiw	r24, 0x01	; 1
    4508:	f1 f7       	brne	.-4      	; 0x4506 <setGeld+0x3ea>
    450a:	9c 8f       	std	Y+28, r25	; 0x1c
    450c:	8b 8f       	std	Y+27, r24	; 0x1b
    450e:	29 c0       	rjmp	.+82     	; 0x4562 <setGeld+0x446>
    4510:	20 e0       	ldi	r18, 0x00	; 0
    4512:	30 e0       	ldi	r19, 0x00	; 0
    4514:	4f e7       	ldi	r20, 0x7F	; 127
    4516:	53 e4       	ldi	r21, 0x43	; 67
    4518:	6b 85       	ldd	r22, Y+11	; 0x0b
    451a:	7c 85       	ldd	r23, Y+12	; 0x0c
    451c:	8d 85       	ldd	r24, Y+13	; 0x0d
    451e:	9e 85       	ldd	r25, Y+14	; 0x0e
    4520:	0e 94 3b 41 	call	0x8276	; 0x8276 <__gesf2>
    4524:	18 16       	cp	r1, r24
    4526:	8c f4       	brge	.+34     	; 0x454a <setGeld+0x42e>
    4528:	6f 85       	ldd	r22, Y+15	; 0x0f
    452a:	78 89       	ldd	r23, Y+16	; 0x10
    452c:	89 89       	ldd	r24, Y+17	; 0x11
    452e:	9a 89       	ldd	r25, Y+18	; 0x12
    4530:	0e 94 5d 40 	call	0x80ba	; 0x80ba <__fixunssfsi>
    4534:	dc 01       	movw	r26, r24
    4536:	cb 01       	movw	r24, r22
    4538:	9e 8f       	std	Y+30, r25	; 0x1e
    453a:	8d 8f       	std	Y+29, r24	; 0x1d
    453c:	8d 8d       	ldd	r24, Y+29	; 0x1d
    453e:	9e 8d       	ldd	r25, Y+30	; 0x1e
    4540:	01 97       	sbiw	r24, 0x01	; 1
    4542:	f1 f7       	brne	.-4      	; 0x4540 <setGeld+0x424>
    4544:	98 a3       	std	Y+32, r25	; 0x20
    4546:	8f 8f       	std	Y+31, r24	; 0x1f
    4548:	10 c0       	rjmp	.+32     	; 0x456a <setGeld+0x44e>
    454a:	6b 85       	ldd	r22, Y+11	; 0x0b
    454c:	7c 85       	ldd	r23, Y+12	; 0x0c
    454e:	8d 85       	ldd	r24, Y+13	; 0x0d
    4550:	9e 85       	ldd	r25, Y+14	; 0x0e
    4552:	0e 94 5d 40 	call	0x80ba	; 0x80ba <__fixunssfsi>
    4556:	dc 01       	movw	r26, r24
    4558:	cb 01       	movw	r24, r22
    455a:	89 a3       	std	Y+33, r24	; 0x21
    455c:	02 c0       	rjmp	.+4      	; 0x4562 <setGeld+0x446>
    455e:	81 e0       	ldi	r24, 0x01	; 1
    4560:	89 a3       	std	Y+33, r24	; 0x21
    4562:	89 a1       	ldd	r24, Y+33	; 0x21
    4564:	8a 95       	dec	r24
    4566:	f1 f7       	brne	.-4      	; 0x4564 <setGeld+0x448>
    4568:	8a a3       	std	Y+34, r24	; 0x22
    456a:	89 81       	ldd	r24, Y+1	; 0x01
    456c:	8f 5f       	subi	r24, 0xFF	; 255
    456e:	89 83       	std	Y+1, r24	; 0x01
    4570:	89 81       	ldd	r24, Y+1	; 0x01
    4572:	81 31       	cpi	r24, 0x11	; 17
    4574:	08 f4       	brcc	.+2      	; 0x4578 <setGeld+0x45c>
    4576:	0c cf       	rjmp	.-488    	; 0x4390 <setGeld+0x274>
    4578:	82 e0       	ldi	r24, 0x02	; 2
    457a:	91 e0       	ldi	r25, 0x01	; 1
    457c:	22 e0       	ldi	r18, 0x02	; 2
    457e:	31 e0       	ldi	r19, 0x01	; 1
    4580:	f9 01       	movw	r30, r18
    4582:	20 81       	ld	r18, Z
    4584:	28 60       	ori	r18, 0x08	; 8
    4586:	fc 01       	movw	r30, r24
    4588:	20 83       	st	Z, r18
    458a:	82 e0       	ldi	r24, 0x02	; 2
    458c:	91 e0       	ldi	r25, 0x01	; 1
    458e:	22 e0       	ldi	r18, 0x02	; 2
    4590:	31 e0       	ldi	r19, 0x01	; 1
    4592:	f9 01       	movw	r30, r18
    4594:	20 81       	ld	r18, Z
    4596:	27 7f       	andi	r18, 0xF7	; 247
    4598:	fc 01       	movw	r30, r24
    459a:	20 83       	st	Z, r18
    459c:	00 00       	nop
    459e:	a6 96       	adiw	r28, 0x26	; 38
    45a0:	0f b6       	in	r0, 0x3f	; 63
    45a2:	f8 94       	cli
    45a4:	de bf       	out	0x3e, r29	; 62
    45a6:	0f be       	out	0x3f, r0	; 63
    45a8:	cd bf       	out	0x3d, r28	; 61
    45aa:	df 91       	pop	r29
    45ac:	cf 91       	pop	r28
    45ae:	ff 90       	pop	r15
    45b0:	ef 90       	pop	r14
    45b2:	df 90       	pop	r13
    45b4:	cf 90       	pop	r12
    45b6:	08 95       	ret

000045b8 <updateKontostand>:
    45b8:	cf 93       	push	r28
    45ba:	df 93       	push	r29
    45bc:	00 d0       	rcall	.+0      	; 0x45be <updateKontostand+0x6>
    45be:	1f 92       	push	r1
    45c0:	1f 92       	push	r1
    45c2:	cd b7       	in	r28, 0x3d	; 61
    45c4:	de b7       	in	r29, 0x3e	; 62
    45c6:	8b 83       	std	Y+3, r24	; 0x03
    45c8:	7d 83       	std	Y+5, r23	; 0x05
    45ca:	6c 83       	std	Y+4, r22	; 0x04
    45cc:	81 e0       	ldi	r24, 0x01	; 1
    45ce:	89 83       	std	Y+1, r24	; 0x01
    45d0:	16 c0       	rjmp	.+44     	; 0x45fe <updateKontostand+0x46>
    45d2:	89 81       	ldd	r24, Y+1	; 0x01
    45d4:	28 2f       	mov	r18, r24
    45d6:	30 e0       	ldi	r19, 0x00	; 0
    45d8:	45 e3       	ldi	r20, 0x35	; 53
    45da:	42 9f       	mul	r20, r18
    45dc:	c0 01       	movw	r24, r0
    45de:	43 9f       	mul	r20, r19
    45e0:	90 0d       	add	r25, r0
    45e2:	11 24       	eor	r1, r1
    45e4:	2c 81       	ldd	r18, Y+4	; 0x04
    45e6:	3d 81       	ldd	r19, Y+5	; 0x05
    45e8:	82 0f       	add	r24, r18
    45ea:	93 1f       	adc	r25, r19
    45ec:	fc 01       	movw	r30, r24
    45ee:	82 a9       	ldd	r24, Z+50	; 0x32
    45f0:	93 a9       	ldd	r25, Z+51	; 0x33
    45f2:	41 e0       	ldi	r20, 0x01	; 1
    45f4:	69 81       	ldd	r22, Y+1	; 0x01
    45f6:	92 dd       	rcall	.-1244   	; 0x411c <setGeld>
    45f8:	89 81       	ldd	r24, Y+1	; 0x01
    45fa:	8f 5f       	subi	r24, 0xFF	; 255
    45fc:	89 83       	std	Y+1, r24	; 0x01
    45fe:	99 81       	ldd	r25, Y+1	; 0x01
    4600:	8b 81       	ldd	r24, Y+3	; 0x03
    4602:	89 17       	cp	r24, r25
    4604:	30 f7       	brcc	.-52     	; 0x45d2 <updateKontostand+0x1a>
    4606:	8b 81       	ldd	r24, Y+3	; 0x03
    4608:	8f 5f       	subi	r24, 0xFF	; 255
    460a:	8a 83       	std	Y+2, r24	; 0x02
    460c:	16 c0       	rjmp	.+44     	; 0x463a <updateKontostand+0x82>
    460e:	8a 81       	ldd	r24, Y+2	; 0x02
    4610:	28 2f       	mov	r18, r24
    4612:	30 e0       	ldi	r19, 0x00	; 0
    4614:	45 e3       	ldi	r20, 0x35	; 53
    4616:	42 9f       	mul	r20, r18
    4618:	c0 01       	movw	r24, r0
    461a:	43 9f       	mul	r20, r19
    461c:	90 0d       	add	r25, r0
    461e:	11 24       	eor	r1, r1
    4620:	2c 81       	ldd	r18, Y+4	; 0x04
    4622:	3d 81       	ldd	r19, Y+5	; 0x05
    4624:	82 0f       	add	r24, r18
    4626:	93 1f       	adc	r25, r19
    4628:	fc 01       	movw	r30, r24
    462a:	82 a9       	ldd	r24, Z+50	; 0x32
    462c:	93 a9       	ldd	r25, Z+51	; 0x33
    462e:	40 e0       	ldi	r20, 0x00	; 0
    4630:	6a 81       	ldd	r22, Y+2	; 0x02
    4632:	74 dd       	rcall	.-1304   	; 0x411c <setGeld>
    4634:	8a 81       	ldd	r24, Y+2	; 0x02
    4636:	8f 5f       	subi	r24, 0xFF	; 255
    4638:	8a 83       	std	Y+2, r24	; 0x02
    463a:	8a 81       	ldd	r24, Y+2	; 0x02
    463c:	85 30       	cpi	r24, 0x05	; 5
    463e:	38 f3       	brcs	.-50     	; 0x460e <updateKontostand+0x56>
    4640:	00 00       	nop
    4642:	0f 90       	pop	r0
    4644:	0f 90       	pop	r0
    4646:	0f 90       	pop	r0
    4648:	0f 90       	pop	r0
    464a:	0f 90       	pop	r0
    464c:	df 91       	pop	r29
    464e:	cf 91       	pop	r28
    4650:	08 95       	ret

00004652 <zufallsGenerator>:
    4652:	cf 93       	push	r28
    4654:	df 93       	push	r29
    4656:	1f 92       	push	r1
    4658:	cd b7       	in	r28, 0x3d	; 61
    465a:	de b7       	in	r29, 0x3e	; 62
    465c:	19 82       	std	Y+1, r1	; 0x01
    465e:	0e 94 33 42 	call	0x8466	; 0x8466 <rand>
    4662:	26 e0       	ldi	r18, 0x06	; 6
    4664:	30 e0       	ldi	r19, 0x00	; 0
    4666:	b9 01       	movw	r22, r18
    4668:	0e 94 ae 41 	call	0x835c	; 0x835c <__divmodhi4>
    466c:	8f 5f       	subi	r24, 0xFF	; 255
    466e:	89 83       	std	Y+1, r24	; 0x01
    4670:	89 81       	ldd	r24, Y+1	; 0x01
    4672:	0f 90       	pop	r0
    4674:	df 91       	pop	r29
    4676:	cf 91       	pop	r28
    4678:	08 95       	ret

0000467a <wuerfelAB>:
void wuerfelAB(uint8_t wuerfelNummer, uint8_t flagWuerfel1, uint8_t flagWuerfel2)
{
    467a:	cf 93       	push	r28
    467c:	df 93       	push	r29
    467e:	cd b7       	in	r28, 0x3d	; 61
    4680:	de b7       	in	r29, 0x3e	; 62
    4682:	c1 54       	subi	r28, 0x41	; 65
    4684:	d1 09       	sbc	r29, r1
    4686:	0f b6       	in	r0, 0x3f	; 63
    4688:	f8 94       	cli
    468a:	de bf       	out	0x3e, r29	; 62
    468c:	0f be       	out	0x3f, r0	; 63
    468e:	cd bf       	out	0x3d, r28	; 61
    4690:	8f af       	std	Y+63, r24	; 0x3f
    4692:	ce 01       	movw	r24, r28
    4694:	80 5c       	subi	r24, 0xC0	; 192
    4696:	9f 4f       	sbci	r25, 0xFF	; 255
    4698:	fc 01       	movw	r30, r24
    469a:	60 83       	st	Z, r22
    469c:	ce 01       	movw	r24, r28
    469e:	8f 5b       	subi	r24, 0xBF	; 191
    46a0:	9f 4f       	sbci	r25, 0xFF	; 255
    46a2:	fc 01       	movw	r30, r24
    46a4:	40 83       	st	Z, r20
    uint8_t zufallszahl1, zufallszahl2 = 10;
    46a6:	8a e0       	ldi	r24, 0x0A	; 10
    46a8:	8a 83       	std	Y+2, r24	; 0x02
    if((wuerfelNummer == 1) && flagWuerfel2)
    46aa:	8f ad       	ldd	r24, Y+63	; 0x3f
    46ac:	81 30       	cpi	r24, 0x01	; 1
    46ae:	09 f0       	breq	.+2      	; 0x46b2 <wuerfelAB+0x38>
    46b0:	93 c0       	rjmp	.+294    	; 0x47d8 <wuerfelAB+0x15e>
    46b2:	ce 01       	movw	r24, r28
    46b4:	8f 5b       	subi	r24, 0xBF	; 191
    46b6:	9f 4f       	sbci	r25, 0xFF	; 255
    46b8:	fc 01       	movw	r30, r24
    46ba:	80 81       	ld	r24, Z
    46bc:	88 23       	and	r24, r24
    46be:	09 f4       	brne	.+2      	; 0x46c2 <wuerfelAB+0x48>
    46c0:	8b c0       	rjmp	.+278    	; 0x47d8 <wuerfelAB+0x15e>
    {
        //Simuliert mehrere Würfeln-Animationen
        for (uint8_t i = 0; i < 50; i = i + 1)
    46c2:	1b 82       	std	Y+3, r1	; 0x03
    46c4:	81 c0       	rjmp	.+258    	; 0x47c8 <wuerfelAB+0x14e>
        {
            zufallszahl1 = zufallsGenerator(); //Erste Zufallszahl
    46c6:	c5 df       	rcall	.-118    	; 0x4652 <zufallsGenerator>
    46c8:	89 83       	std	Y+1, r24	; 0x01
            wuerfelTransmit(zufallszahl1,wuerfelArray[1]);
    46ca:	80 91 5d 06 	lds	r24, 0x065D	; 0x80065d <wuerfelArray+0x1>
    46ce:	68 2f       	mov	r22, r24
    46d0:	89 81       	ldd	r24, Y+1	; 0x01
    46d2:	50 d2       	rcall	.+1184   	; 0x4b74 <wuerfelTransmit>
            //Verzögert den nächsten Durchgang
            _delay_ms(15 + i * 2);
    46d4:	8b 81       	ldd	r24, Y+3	; 0x03
    46d6:	88 2f       	mov	r24, r24
    46d8:	90 e0       	ldi	r25, 0x00	; 0
    46da:	88 0f       	add	r24, r24
    46dc:	99 1f       	adc	r25, r25
    46de:	0f 96       	adiw	r24, 0x0f	; 15
    46e0:	09 2e       	mov	r0, r25
    46e2:	00 0c       	add	r0, r0
    46e4:	aa 0b       	sbc	r26, r26
    46e6:	bb 0b       	sbc	r27, r27
    46e8:	bc 01       	movw	r22, r24
    46ea:	cd 01       	movw	r24, r26
    46ec:	0e 94 8b 40 	call	0x8116	; 0x8116 <__floatsisf>
    46f0:	dc 01       	movw	r26, r24
    46f2:	cb 01       	movw	r24, r22
    46f4:	8b 8b       	std	Y+19, r24	; 0x13
    46f6:	9c 8b       	std	Y+20, r25	; 0x14
    46f8:	ad 8b       	std	Y+21, r26	; 0x15
    46fa:	be 8b       	std	Y+22, r27	; 0x16

	__builtin_avr_delay_cycles(__ticks_dc);

#else
	uint16_t __ticks;
	__tmp = ((F_CPU) / 4e3) * __ms;
    46fc:	20 e0       	ldi	r18, 0x00	; 0
    46fe:	30 e0       	ldi	r19, 0x00	; 0
    4700:	4a e7       	ldi	r20, 0x7A	; 122
    4702:	55 e4       	ldi	r21, 0x45	; 69
    4704:	6b 89       	ldd	r22, Y+19	; 0x13
    4706:	7c 89       	ldd	r23, Y+20	; 0x14
    4708:	8d 89       	ldd	r24, Y+21	; 0x15
    470a:	9e 89       	ldd	r25, Y+22	; 0x16
    470c:	0e 94 3f 41 	call	0x827e	; 0x827e <__mulsf3>
    4710:	dc 01       	movw	r26, r24
    4712:	cb 01       	movw	r24, r22
    4714:	8f 8b       	std	Y+23, r24	; 0x17
    4716:	98 8f       	std	Y+24, r25	; 0x18
    4718:	a9 8f       	std	Y+25, r26	; 0x19
    471a:	ba 8f       	std	Y+26, r27	; 0x1a
	if (__tmp < 1.0)
    471c:	20 e0       	ldi	r18, 0x00	; 0
    471e:	30 e0       	ldi	r19, 0x00	; 0
    4720:	40 e8       	ldi	r20, 0x80	; 128
    4722:	5f e3       	ldi	r21, 0x3F	; 63
    4724:	6f 89       	ldd	r22, Y+23	; 0x17
    4726:	78 8d       	ldd	r23, Y+24	; 0x18
    4728:	89 8d       	ldd	r24, Y+25	; 0x19
    472a:	9a 8d       	ldd	r25, Y+26	; 0x1a
    472c:	0e 94 f1 3f 	call	0x7fe2	; 0x7fe2 <__cmpsf2>
    4730:	88 23       	and	r24, r24
    4732:	0c f4       	brge	.+2      	; 0x4736 <wuerfelAB+0xbc>
    4734:	3c c0       	rjmp	.+120    	; 0x47ae <wuerfelAB+0x134>
		__ticks = 1;
	else if (__tmp > 65535)
    4736:	20 e0       	ldi	r18, 0x00	; 0
    4738:	3f ef       	ldi	r19, 0xFF	; 255
    473a:	4f e7       	ldi	r20, 0x7F	; 127
    473c:	57 e4       	ldi	r21, 0x47	; 71
    473e:	6f 89       	ldd	r22, Y+23	; 0x17
    4740:	78 8d       	ldd	r23, Y+24	; 0x18
    4742:	89 8d       	ldd	r24, Y+25	; 0x19
    4744:	9a 8d       	ldd	r25, Y+26	; 0x1a
    4746:	0e 94 3b 41 	call	0x8276	; 0x8276 <__gesf2>
    474a:	18 16       	cp	r1, r24
    474c:	2c f5       	brge	.+74     	; 0x4798 <wuerfelAB+0x11e>
	{
		//	__ticks = requested delay in 1/10 ms
		__ticks = (uint16_t) (__ms * 10.0);
    474e:	20 e0       	ldi	r18, 0x00	; 0
    4750:	30 e0       	ldi	r19, 0x00	; 0
    4752:	40 e2       	ldi	r20, 0x20	; 32
    4754:	51 e4       	ldi	r21, 0x41	; 65
    4756:	6b 89       	ldd	r22, Y+19	; 0x13
    4758:	7c 89       	ldd	r23, Y+20	; 0x14
    475a:	8d 89       	ldd	r24, Y+21	; 0x15
    475c:	9e 89       	ldd	r25, Y+22	; 0x16
    475e:	0e 94 3f 41 	call	0x827e	; 0x827e <__mulsf3>
    4762:	dc 01       	movw	r26, r24
    4764:	cb 01       	movw	r24, r22
    4766:	bc 01       	movw	r22, r24
    4768:	cd 01       	movw	r24, r26
    476a:	0e 94 5d 40 	call	0x80ba	; 0x80ba <__fixunssfsi>
    476e:	dc 01       	movw	r26, r24
    4770:	cb 01       	movw	r24, r22
    4772:	9c 8f       	std	Y+28, r25	; 0x1c
    4774:	8b 8f       	std	Y+27, r24	; 0x1b
    4776:	0b c0       	rjmp	.+22     	; 0x478e <wuerfelAB+0x114>
    4778:	80 e9       	ldi	r24, 0x90	; 144
    477a:	91 e0       	ldi	r25, 0x01	; 1
    477c:	01 97       	sbiw	r24, 0x01	; 1
    477e:	f1 f7       	brne	.-4      	; 0x477c <wuerfelAB+0x102>
    4780:	9e 8f       	std	Y+30, r25	; 0x1e
    4782:	8d 8f       	std	Y+29, r24	; 0x1d
		while(__ticks)
		{
			// wait 1/10 ms
			_delay_loop_2(((F_CPU) / 4e3) / 10);
			__ticks --;
    4784:	8b 8d       	ldd	r24, Y+27	; 0x1b
    4786:	9c 8d       	ldd	r25, Y+28	; 0x1c
    4788:	01 97       	sbiw	r24, 0x01	; 1
    478a:	9c 8f       	std	Y+28, r25	; 0x1c
    478c:	8b 8f       	std	Y+27, r24	; 0x1b
		__ticks = 1;
	else if (__tmp > 65535)
	{
		//	__ticks = requested delay in 1/10 ms
		__ticks = (uint16_t) (__ms * 10.0);
		while(__ticks)
    478e:	8b 8d       	ldd	r24, Y+27	; 0x1b
    4790:	9c 8d       	ldd	r25, Y+28	; 0x1c
    4792:	89 2b       	or	r24, r25
    4794:	89 f7       	brne	.-30     	; 0x4778 <wuerfelAB+0xfe>
    4796:	15 c0       	rjmp	.+42     	; 0x47c2 <wuerfelAB+0x148>
			__ticks --;
		}
		return;
	}
	else
		__ticks = (uint16_t)__tmp;
    4798:	6f 89       	ldd	r22, Y+23	; 0x17
    479a:	78 8d       	ldd	r23, Y+24	; 0x18
    479c:	89 8d       	ldd	r24, Y+25	; 0x19
    479e:	9a 8d       	ldd	r25, Y+26	; 0x1a
    47a0:	0e 94 5d 40 	call	0x80ba	; 0x80ba <__fixunssfsi>
    47a4:	dc 01       	movw	r26, r24
    47a6:	cb 01       	movw	r24, r22
    47a8:	9c 8f       	std	Y+28, r25	; 0x1c
    47aa:	8b 8f       	std	Y+27, r24	; 0x1b
    47ac:	04 c0       	rjmp	.+8      	; 0x47b6 <wuerfelAB+0x13c>

#else
	uint16_t __ticks;
	__tmp = ((F_CPU) / 4e3) * __ms;
	if (__tmp < 1.0)
		__ticks = 1;
    47ae:	81 e0       	ldi	r24, 0x01	; 1
    47b0:	90 e0       	ldi	r25, 0x00	; 0
    47b2:	9c 8f       	std	Y+28, r25	; 0x1c
    47b4:	8b 8f       	std	Y+27, r24	; 0x1b
    47b6:	8b 8d       	ldd	r24, Y+27	; 0x1b
    47b8:	9c 8d       	ldd	r25, Y+28	; 0x1c
    47ba:	01 97       	sbiw	r24, 0x01	; 1
    47bc:	f1 f7       	brne	.-4      	; 0x47ba <wuerfelAB+0x140>
    47be:	98 a3       	std	Y+32, r25	; 0x20
    47c0:	8f 8f       	std	Y+31, r24	; 0x1f
{
    uint8_t zufallszahl1, zufallszahl2 = 10;
    if((wuerfelNummer == 1) && flagWuerfel2)
    {
        //Simuliert mehrere Würfeln-Animationen
        for (uint8_t i = 0; i < 50; i = i + 1)
    47c2:	8b 81       	ldd	r24, Y+3	; 0x03
    47c4:	8f 5f       	subi	r24, 0xFF	; 255
    47c6:	8b 83       	std	Y+3, r24	; 0x03
    47c8:	8b 81       	ldd	r24, Y+3	; 0x03
    47ca:	82 33       	cpi	r24, 0x32	; 50
    47cc:	08 f4       	brcc	.+2      	; 0x47d0 <wuerfelAB+0x156>
    47ce:	7b cf       	rjmp	.-266    	; 0x46c6 <wuerfelAB+0x4c>
            zufallszahl1 = zufallsGenerator(); //Erste Zufallszahl
            wuerfelTransmit(zufallszahl1,wuerfelArray[1]);
            //Verzögert den nächsten Durchgang
            _delay_ms(15 + i * 2);
        }
        wuerfelArray[0] = zufallszahl1;
    47d0:	89 81       	ldd	r24, Y+1	; 0x01
    47d2:	80 93 5c 06 	sts	0x065C, r24	; 0x80065c <wuerfelArray>
    47d6:	c3 c1       	rjmp	.+902    	; 0x4b5e <wuerfelAB+0x4e4>
    }
    else if((wuerfelNummer == 1) && !flagWuerfel2)
    47d8:	8f ad       	ldd	r24, Y+63	; 0x3f
    47da:	81 30       	cpi	r24, 0x01	; 1
    47dc:	09 f0       	breq	.+2      	; 0x47e0 <wuerfelAB+0x166>
    47de:	91 c0       	rjmp	.+290    	; 0x4902 <wuerfelAB+0x288>
    47e0:	ce 01       	movw	r24, r28
    47e2:	8f 5b       	subi	r24, 0xBF	; 191
    47e4:	9f 4f       	sbci	r25, 0xFF	; 255
    47e6:	fc 01       	movw	r30, r24
    47e8:	80 81       	ld	r24, Z
    47ea:	88 23       	and	r24, r24
    47ec:	09 f0       	breq	.+2      	; 0x47f0 <wuerfelAB+0x176>
    47ee:	89 c0       	rjmp	.+274    	; 0x4902 <wuerfelAB+0x288>
    {
        //Simuliert mehrere Würfeln-Animationen
        for (uint8_t i = 0; i < 25; i = i + 1)
    47f0:	1c 82       	std	Y+4, r1	; 0x04
        {
            zufallszahl1 = zufallsGenerator(); //Erste Zufallszahl
    47f2:	7f c0       	rjmp	.+254    	; 0x48f2 <wuerfelAB+0x278>
    47f4:	2e df       	rcall	.-420    	; 0x4652 <zufallsGenerator>
            wuerfelTransmit(zufallszahl1,SIEBENSEGMENT_OFF);
    47f6:	89 83       	std	Y+1, r24	; 0x01
    47f8:	6a e0       	ldi	r22, 0x0A	; 10
    47fa:	89 81       	ldd	r24, Y+1	; 0x01
    47fc:	bb d1       	rcall	.+886    	; 0x4b74 <wuerfelTransmit>
            //Verzögert den nächsten Durchgang
            _delay_ms(15 + i * 2);
    47fe:	8c 81       	ldd	r24, Y+4	; 0x04
    4800:	88 2f       	mov	r24, r24
    4802:	90 e0       	ldi	r25, 0x00	; 0
    4804:	88 0f       	add	r24, r24
    4806:	99 1f       	adc	r25, r25
    4808:	0f 96       	adiw	r24, 0x0f	; 15
    480a:	09 2e       	mov	r0, r25
    480c:	00 0c       	add	r0, r0
    480e:	aa 0b       	sbc	r26, r26
    4810:	bb 0b       	sbc	r27, r27
    4812:	bc 01       	movw	r22, r24
    4814:	cd 01       	movw	r24, r26
    4816:	0e 94 8b 40 	call	0x8116	; 0x8116 <__floatsisf>
    481a:	dc 01       	movw	r26, r24
    481c:	cb 01       	movw	r24, r22
    481e:	8f 83       	std	Y+7, r24	; 0x07
    4820:	98 87       	std	Y+8, r25	; 0x08
    4822:	a9 87       	std	Y+9, r26	; 0x09
    4824:	ba 87       	std	Y+10, r27	; 0x0a

	__builtin_avr_delay_cycles(__ticks_dc);

#else
	uint16_t __ticks;
	__tmp = ((F_CPU) / 4e3) * __ms;
    4826:	20 e0       	ldi	r18, 0x00	; 0
    4828:	30 e0       	ldi	r19, 0x00	; 0
    482a:	4a e7       	ldi	r20, 0x7A	; 122
    482c:	55 e4       	ldi	r21, 0x45	; 69
    482e:	6f 81       	ldd	r22, Y+7	; 0x07
    4830:	78 85       	ldd	r23, Y+8	; 0x08
    4832:	89 85       	ldd	r24, Y+9	; 0x09
    4834:	9a 85       	ldd	r25, Y+10	; 0x0a
    4836:	0e 94 3f 41 	call	0x827e	; 0x827e <__mulsf3>
    483a:	dc 01       	movw	r26, r24
    483c:	cb 01       	movw	r24, r22
    483e:	89 a3       	std	Y+33, r24	; 0x21
    4840:	9a a3       	std	Y+34, r25	; 0x22
    4842:	ab a3       	std	Y+35, r26	; 0x23
    4844:	bc a3       	std	Y+36, r27	; 0x24
	if (__tmp < 1.0)
    4846:	20 e0       	ldi	r18, 0x00	; 0
    4848:	30 e0       	ldi	r19, 0x00	; 0
    484a:	40 e8       	ldi	r20, 0x80	; 128
    484c:	5f e3       	ldi	r21, 0x3F	; 63
    484e:	69 a1       	ldd	r22, Y+33	; 0x21
    4850:	7a a1       	ldd	r23, Y+34	; 0x22
    4852:	8b a1       	ldd	r24, Y+35	; 0x23
    4854:	9c a1       	ldd	r25, Y+36	; 0x24
    4856:	0e 94 f1 3f 	call	0x7fe2	; 0x7fe2 <__cmpsf2>
    485a:	88 23       	and	r24, r24
    485c:	0c f4       	brge	.+2      	; 0x4860 <wuerfelAB+0x1e6>
    485e:	3c c0       	rjmp	.+120    	; 0x48d8 <wuerfelAB+0x25e>
		__ticks = 1;
	else if (__tmp > 65535)
    4860:	20 e0       	ldi	r18, 0x00	; 0
    4862:	3f ef       	ldi	r19, 0xFF	; 255
    4864:	4f e7       	ldi	r20, 0x7F	; 127
    4866:	57 e4       	ldi	r21, 0x47	; 71
    4868:	69 a1       	ldd	r22, Y+33	; 0x21
    486a:	7a a1       	ldd	r23, Y+34	; 0x22
    486c:	8b a1       	ldd	r24, Y+35	; 0x23
    486e:	9c a1       	ldd	r25, Y+36	; 0x24
    4870:	0e 94 3b 41 	call	0x8276	; 0x8276 <__gesf2>
    4874:	18 16       	cp	r1, r24
    4876:	2c f5       	brge	.+74     	; 0x48c2 <wuerfelAB+0x248>
	{
		//	__ticks = requested delay in 1/10 ms
		__ticks = (uint16_t) (__ms * 10.0);
    4878:	20 e0       	ldi	r18, 0x00	; 0
    487a:	30 e0       	ldi	r19, 0x00	; 0
    487c:	40 e2       	ldi	r20, 0x20	; 32
    487e:	51 e4       	ldi	r21, 0x41	; 65
    4880:	6f 81       	ldd	r22, Y+7	; 0x07
    4882:	78 85       	ldd	r23, Y+8	; 0x08
    4884:	89 85       	ldd	r24, Y+9	; 0x09
    4886:	9a 85       	ldd	r25, Y+10	; 0x0a
    4888:	0e 94 3f 41 	call	0x827e	; 0x827e <__mulsf3>
    488c:	dc 01       	movw	r26, r24
    488e:	cb 01       	movw	r24, r22
    4890:	bc 01       	movw	r22, r24
    4892:	cd 01       	movw	r24, r26
    4894:	0e 94 5d 40 	call	0x80ba	; 0x80ba <__fixunssfsi>
    4898:	dc 01       	movw	r26, r24
    489a:	cb 01       	movw	r24, r22
    489c:	9e a3       	std	Y+38, r25	; 0x26
    489e:	8d a3       	std	Y+37, r24	; 0x25
    48a0:	0b c0       	rjmp	.+22     	; 0x48b8 <wuerfelAB+0x23e>
    48a2:	80 e9       	ldi	r24, 0x90	; 144
    48a4:	91 e0       	ldi	r25, 0x01	; 1
    48a6:	01 97       	sbiw	r24, 0x01	; 1
    48a8:	f1 f7       	brne	.-4      	; 0x48a6 <wuerfelAB+0x22c>
    48aa:	98 a7       	std	Y+40, r25	; 0x28
    48ac:	8f a3       	std	Y+39, r24	; 0x27
		while(__ticks)
		{
			// wait 1/10 ms
			_delay_loop_2(((F_CPU) / 4e3) / 10);
			__ticks --;
    48ae:	8d a1       	ldd	r24, Y+37	; 0x25
    48b0:	9e a1       	ldd	r25, Y+38	; 0x26
    48b2:	01 97       	sbiw	r24, 0x01	; 1
    48b4:	9e a3       	std	Y+38, r25	; 0x26
    48b6:	8d a3       	std	Y+37, r24	; 0x25
		__ticks = 1;
	else if (__tmp > 65535)
	{
		//	__ticks = requested delay in 1/10 ms
		__ticks = (uint16_t) (__ms * 10.0);
		while(__ticks)
    48b8:	8d a1       	ldd	r24, Y+37	; 0x25
    48ba:	9e a1       	ldd	r25, Y+38	; 0x26
    48bc:	89 2b       	or	r24, r25
    48be:	89 f7       	brne	.-30     	; 0x48a2 <wuerfelAB+0x228>
    48c0:	15 c0       	rjmp	.+42     	; 0x48ec <wuerfelAB+0x272>
			__ticks --;
		}
		return;
	}
	else
		__ticks = (uint16_t)__tmp;
    48c2:	69 a1       	ldd	r22, Y+33	; 0x21
    48c4:	7a a1       	ldd	r23, Y+34	; 0x22
    48c6:	8b a1       	ldd	r24, Y+35	; 0x23
    48c8:	9c a1       	ldd	r25, Y+36	; 0x24
    48ca:	0e 94 5d 40 	call	0x80ba	; 0x80ba <__fixunssfsi>
    48ce:	dc 01       	movw	r26, r24
    48d0:	cb 01       	movw	r24, r22
    48d2:	9e a3       	std	Y+38, r25	; 0x26
    48d4:	8d a3       	std	Y+37, r24	; 0x25
    48d6:	04 c0       	rjmp	.+8      	; 0x48e0 <wuerfelAB+0x266>

#else
	uint16_t __ticks;
	__tmp = ((F_CPU) / 4e3) * __ms;
	if (__tmp < 1.0)
		__ticks = 1;
    48d8:	81 e0       	ldi	r24, 0x01	; 1
    48da:	90 e0       	ldi	r25, 0x00	; 0
    48dc:	9e a3       	std	Y+38, r25	; 0x26
    48de:	8d a3       	std	Y+37, r24	; 0x25
    48e0:	8d a1       	ldd	r24, Y+37	; 0x25
    48e2:	9e a1       	ldd	r25, Y+38	; 0x26
    48e4:	01 97       	sbiw	r24, 0x01	; 1
    48e6:	f1 f7       	brne	.-4      	; 0x48e4 <wuerfelAB+0x26a>
    48e8:	9a a7       	std	Y+42, r25	; 0x2a
    48ea:	89 a7       	std	Y+41, r24	; 0x29
        wuerfelArray[0] = zufallszahl1;
    }
    else if((wuerfelNummer == 1) && !flagWuerfel2)
    {
        //Simuliert mehrere Würfeln-Animationen
        for (uint8_t i = 0; i < 25; i = i + 1)
    48ec:	8c 81       	ldd	r24, Y+4	; 0x04
    48ee:	8f 5f       	subi	r24, 0xFF	; 255
    48f0:	8c 83       	std	Y+4, r24	; 0x04
    48f2:	8c 81       	ldd	r24, Y+4	; 0x04
    48f4:	89 31       	cpi	r24, 0x19	; 25
    48f6:	08 f4       	brcc	.+2      	; 0x48fa <wuerfelAB+0x280>
    48f8:	7d cf       	rjmp	.-262    	; 0x47f4 <wuerfelAB+0x17a>
            zufallszahl1 = zufallsGenerator(); //Erste Zufallszahl
            wuerfelTransmit(zufallszahl1,SIEBENSEGMENT_OFF);
            //Verzögert den nächsten Durchgang
            _delay_ms(15 + i * 2);
        }
        wuerfelArray[0] = zufallszahl1;
    48fa:	89 81       	ldd	r24, Y+1	; 0x01
    48fc:	80 93 5c 06 	sts	0x065C, r24	; 0x80065c <wuerfelArray>
    4900:	2e c1       	rjmp	.+604    	; 0x4b5e <wuerfelAB+0x4e4>
    }
    else if((wuerfelNummer == 2) && flagWuerfel1)
    4902:	8f ad       	ldd	r24, Y+63	; 0x3f
    4904:	82 30       	cpi	r24, 0x02	; 2
    4906:	09 f0       	breq	.+2      	; 0x490a <wuerfelAB+0x290>
    4908:	95 c0       	rjmp	.+298    	; 0x4a34 <wuerfelAB+0x3ba>
    490a:	ce 01       	movw	r24, r28
    490c:	80 5c       	subi	r24, 0xC0	; 192
    490e:	9f 4f       	sbci	r25, 0xFF	; 255
    4910:	fc 01       	movw	r30, r24
    4912:	80 81       	ld	r24, Z
    4914:	88 23       	and	r24, r24
    4916:	09 f4       	brne	.+2      	; 0x491a <wuerfelAB+0x2a0>
    {
        //Simuliert mehrere Würfeln-Animationen
        for (uint8_t i = 0; i < 25; i = i + 1)
    4918:	8d c0       	rjmp	.+282    	; 0x4a34 <wuerfelAB+0x3ba>
    491a:	1d 82       	std	Y+5, r1	; 0x05
        {
            zufallszahl2 = zufallsGenerator(); //Erste Zufallszahl
    491c:	83 c0       	rjmp	.+262    	; 0x4a24 <wuerfelAB+0x3aa>
    491e:	99 de       	rcall	.-718    	; 0x4652 <zufallsGenerator>
            wuerfelTransmit(wuerfelArray[0],zufallszahl2);
    4920:	8a 83       	std	Y+2, r24	; 0x02
    4922:	80 91 5c 06 	lds	r24, 0x065C	; 0x80065c <wuerfelArray>
    4926:	6a 81       	ldd	r22, Y+2	; 0x02
    4928:	25 d1       	rcall	.+586    	; 0x4b74 <wuerfelTransmit>
            //Verzögert den nächsten Durchgang
            _delay_ms(15 + i * 3);
    492a:	8d 81       	ldd	r24, Y+5	; 0x05
    492c:	28 2f       	mov	r18, r24
    492e:	30 e0       	ldi	r19, 0x00	; 0
    4930:	c9 01       	movw	r24, r18
    4932:	88 0f       	add	r24, r24
    4934:	99 1f       	adc	r25, r25
    4936:	82 0f       	add	r24, r18
    4938:	93 1f       	adc	r25, r19
    493a:	0f 96       	adiw	r24, 0x0f	; 15
    493c:	09 2e       	mov	r0, r25
    493e:	00 0c       	add	r0, r0
    4940:	aa 0b       	sbc	r26, r26
    4942:	bb 0b       	sbc	r27, r27
    4944:	bc 01       	movw	r22, r24
    4946:	cd 01       	movw	r24, r26
    4948:	0e 94 8b 40 	call	0x8116	; 0x8116 <__floatsisf>
    494c:	dc 01       	movw	r26, r24
    494e:	cb 01       	movw	r24, r22
    4950:	8b 87       	std	Y+11, r24	; 0x0b
    4952:	9c 87       	std	Y+12, r25	; 0x0c
    4954:	ad 87       	std	Y+13, r26	; 0x0d
    4956:	be 87       	std	Y+14, r27	; 0x0e

	__builtin_avr_delay_cycles(__ticks_dc);

#else
	uint16_t __ticks;
	__tmp = ((F_CPU) / 4e3) * __ms;
    4958:	20 e0       	ldi	r18, 0x00	; 0
    495a:	30 e0       	ldi	r19, 0x00	; 0
    495c:	4a e7       	ldi	r20, 0x7A	; 122
    495e:	55 e4       	ldi	r21, 0x45	; 69
    4960:	6b 85       	ldd	r22, Y+11	; 0x0b
    4962:	7c 85       	ldd	r23, Y+12	; 0x0c
    4964:	8d 85       	ldd	r24, Y+13	; 0x0d
    4966:	9e 85       	ldd	r25, Y+14	; 0x0e
    4968:	0e 94 3f 41 	call	0x827e	; 0x827e <__mulsf3>
    496c:	dc 01       	movw	r26, r24
    496e:	cb 01       	movw	r24, r22
    4970:	8b a7       	std	Y+43, r24	; 0x2b
    4972:	9c a7       	std	Y+44, r25	; 0x2c
    4974:	ad a7       	std	Y+45, r26	; 0x2d
    4976:	be a7       	std	Y+46, r27	; 0x2e
	if (__tmp < 1.0)
    4978:	20 e0       	ldi	r18, 0x00	; 0
    497a:	30 e0       	ldi	r19, 0x00	; 0
    497c:	40 e8       	ldi	r20, 0x80	; 128
    497e:	5f e3       	ldi	r21, 0x3F	; 63
    4980:	6b a5       	ldd	r22, Y+43	; 0x2b
    4982:	7c a5       	ldd	r23, Y+44	; 0x2c
    4984:	8d a5       	ldd	r24, Y+45	; 0x2d
    4986:	9e a5       	ldd	r25, Y+46	; 0x2e
    4988:	0e 94 f1 3f 	call	0x7fe2	; 0x7fe2 <__cmpsf2>
    498c:	88 23       	and	r24, r24
    498e:	0c f4       	brge	.+2      	; 0x4992 <wuerfelAB+0x318>
    4990:	3c c0       	rjmp	.+120    	; 0x4a0a <wuerfelAB+0x390>
		__ticks = 1;
	else if (__tmp > 65535)
    4992:	20 e0       	ldi	r18, 0x00	; 0
    4994:	3f ef       	ldi	r19, 0xFF	; 255
    4996:	4f e7       	ldi	r20, 0x7F	; 127
    4998:	57 e4       	ldi	r21, 0x47	; 71
    499a:	6b a5       	ldd	r22, Y+43	; 0x2b
    499c:	7c a5       	ldd	r23, Y+44	; 0x2c
    499e:	8d a5       	ldd	r24, Y+45	; 0x2d
    49a0:	9e a5       	ldd	r25, Y+46	; 0x2e
    49a2:	0e 94 3b 41 	call	0x8276	; 0x8276 <__gesf2>
    49a6:	18 16       	cp	r1, r24
    49a8:	2c f5       	brge	.+74     	; 0x49f4 <wuerfelAB+0x37a>
	{
		//	__ticks = requested delay in 1/10 ms
		__ticks = (uint16_t) (__ms * 10.0);
    49aa:	20 e0       	ldi	r18, 0x00	; 0
    49ac:	30 e0       	ldi	r19, 0x00	; 0
    49ae:	40 e2       	ldi	r20, 0x20	; 32
    49b0:	51 e4       	ldi	r21, 0x41	; 65
    49b2:	6b 85       	ldd	r22, Y+11	; 0x0b
    49b4:	7c 85       	ldd	r23, Y+12	; 0x0c
    49b6:	8d 85       	ldd	r24, Y+13	; 0x0d
    49b8:	9e 85       	ldd	r25, Y+14	; 0x0e
    49ba:	0e 94 3f 41 	call	0x827e	; 0x827e <__mulsf3>
    49be:	dc 01       	movw	r26, r24
    49c0:	cb 01       	movw	r24, r22
    49c2:	bc 01       	movw	r22, r24
    49c4:	cd 01       	movw	r24, r26
    49c6:	0e 94 5d 40 	call	0x80ba	; 0x80ba <__fixunssfsi>
    49ca:	dc 01       	movw	r26, r24
    49cc:	cb 01       	movw	r24, r22
    49ce:	98 ab       	std	Y+48, r25	; 0x30
    49d0:	8f a7       	std	Y+47, r24	; 0x2f
    49d2:	0b c0       	rjmp	.+22     	; 0x49ea <wuerfelAB+0x370>
    49d4:	80 e9       	ldi	r24, 0x90	; 144
    49d6:	91 e0       	ldi	r25, 0x01	; 1
    49d8:	01 97       	sbiw	r24, 0x01	; 1
    49da:	f1 f7       	brne	.-4      	; 0x49d8 <wuerfelAB+0x35e>
    49dc:	9a ab       	std	Y+50, r25	; 0x32
    49de:	89 ab       	std	Y+49, r24	; 0x31
		while(__ticks)
		{
			// wait 1/10 ms
			_delay_loop_2(((F_CPU) / 4e3) / 10);
			__ticks --;
    49e0:	8f a5       	ldd	r24, Y+47	; 0x2f
    49e2:	98 a9       	ldd	r25, Y+48	; 0x30
    49e4:	01 97       	sbiw	r24, 0x01	; 1
    49e6:	98 ab       	std	Y+48, r25	; 0x30
    49e8:	8f a7       	std	Y+47, r24	; 0x2f
		__ticks = 1;
	else if (__tmp > 65535)
	{
		//	__ticks = requested delay in 1/10 ms
		__ticks = (uint16_t) (__ms * 10.0);
		while(__ticks)
    49ea:	8f a5       	ldd	r24, Y+47	; 0x2f
    49ec:	98 a9       	ldd	r25, Y+48	; 0x30
    49ee:	89 2b       	or	r24, r25
    49f0:	89 f7       	brne	.-30     	; 0x49d4 <wuerfelAB+0x35a>
    49f2:	15 c0       	rjmp	.+42     	; 0x4a1e <wuerfelAB+0x3a4>
			__ticks --;
		}
		return;
	}
	else
		__ticks = (uint16_t)__tmp;
    49f4:	6b a5       	ldd	r22, Y+43	; 0x2b
    49f6:	7c a5       	ldd	r23, Y+44	; 0x2c
    49f8:	8d a5       	ldd	r24, Y+45	; 0x2d
    49fa:	9e a5       	ldd	r25, Y+46	; 0x2e
    49fc:	0e 94 5d 40 	call	0x80ba	; 0x80ba <__fixunssfsi>
    4a00:	dc 01       	movw	r26, r24
    4a02:	cb 01       	movw	r24, r22
    4a04:	98 ab       	std	Y+48, r25	; 0x30
    4a06:	8f a7       	std	Y+47, r24	; 0x2f
    4a08:	04 c0       	rjmp	.+8      	; 0x4a12 <wuerfelAB+0x398>

#else
	uint16_t __ticks;
	__tmp = ((F_CPU) / 4e3) * __ms;
	if (__tmp < 1.0)
		__ticks = 1;
    4a0a:	81 e0       	ldi	r24, 0x01	; 1
    4a0c:	90 e0       	ldi	r25, 0x00	; 0
    4a0e:	98 ab       	std	Y+48, r25	; 0x30
    4a10:	8f a7       	std	Y+47, r24	; 0x2f
    4a12:	8f a5       	ldd	r24, Y+47	; 0x2f
    4a14:	98 a9       	ldd	r25, Y+48	; 0x30
    4a16:	01 97       	sbiw	r24, 0x01	; 1
    4a18:	f1 f7       	brne	.-4      	; 0x4a16 <wuerfelAB+0x39c>
    4a1a:	9c ab       	std	Y+52, r25	; 0x34
    4a1c:	8b ab       	std	Y+51, r24	; 0x33
        wuerfelArray[0] = zufallszahl1;
    }
    else if((wuerfelNummer == 2) && flagWuerfel1)
    {
        //Simuliert mehrere Würfeln-Animationen
        for (uint8_t i = 0; i < 25; i = i + 1)
    4a1e:	8d 81       	ldd	r24, Y+5	; 0x05
    4a20:	8f 5f       	subi	r24, 0xFF	; 255
    4a22:	8d 83       	std	Y+5, r24	; 0x05
    4a24:	8d 81       	ldd	r24, Y+5	; 0x05
    4a26:	89 31       	cpi	r24, 0x19	; 25
    4a28:	08 f4       	brcc	.+2      	; 0x4a2c <wuerfelAB+0x3b2>
    4a2a:	79 cf       	rjmp	.-270    	; 0x491e <wuerfelAB+0x2a4>
            zufallszahl2 = zufallsGenerator(); //Erste Zufallszahl
            wuerfelTransmit(wuerfelArray[0],zufallszahl2);
            //Verzögert den nächsten Durchgang
            _delay_ms(15 + i * 3);
        }
        wuerfelArray[1] = zufallszahl2;
    4a2c:	8a 81       	ldd	r24, Y+2	; 0x02
    4a2e:	80 93 5d 06 	sts	0x065D, r24	; 0x80065d <wuerfelArray+0x1>
    4a32:	95 c0       	rjmp	.+298    	; 0x4b5e <wuerfelAB+0x4e4>
    }
    else if((wuerfelNummer == 2) && !flagWuerfel1)
    4a34:	8f ad       	ldd	r24, Y+63	; 0x3f
    4a36:	82 30       	cpi	r24, 0x02	; 2
    4a38:	09 f0       	breq	.+2      	; 0x4a3c <wuerfelAB+0x3c2>
    4a3a:	91 c0       	rjmp	.+290    	; 0x4b5e <wuerfelAB+0x4e4>
    4a3c:	ce 01       	movw	r24, r28
    4a3e:	80 5c       	subi	r24, 0xC0	; 192
    4a40:	9f 4f       	sbci	r25, 0xFF	; 255
    4a42:	fc 01       	movw	r30, r24
    4a44:	80 81       	ld	r24, Z
    4a46:	88 23       	and	r24, r24
    4a48:	09 f0       	breq	.+2      	; 0x4a4c <wuerfelAB+0x3d2>
    {
        //Simuliert mehrere Würfeln-Animationen
        for (uint8_t i = 0; i < 50; i = i + 1)
    4a4a:	89 c0       	rjmp	.+274    	; 0x4b5e <wuerfelAB+0x4e4>
        {
            zufallszahl2 = zufallsGenerator(); //Erste Zufallszahl
    4a4c:	1e 82       	std	Y+6, r1	; 0x06
    4a4e:	7f c0       	rjmp	.+254    	; 0x4b4e <wuerfelAB+0x4d4>
    4a50:	00 de       	rcall	.-1024   	; 0x4652 <zufallsGenerator>
            wuerfelTransmit(SIEBENSEGMENT_OFF,zufallszahl2);
    4a52:	8a 83       	std	Y+2, r24	; 0x02
    4a54:	6a 81       	ldd	r22, Y+2	; 0x02
    4a56:	8a e0       	ldi	r24, 0x0A	; 10
    4a58:	8d d0       	rcall	.+282    	; 0x4b74 <wuerfelTransmit>
            //Verzögert den nächsten Durchgang
            _delay_ms(15 + i * 2);
    4a5a:	8e 81       	ldd	r24, Y+6	; 0x06
    4a5c:	88 2f       	mov	r24, r24
    4a5e:	90 e0       	ldi	r25, 0x00	; 0
    4a60:	88 0f       	add	r24, r24
    4a62:	99 1f       	adc	r25, r25
    4a64:	0f 96       	adiw	r24, 0x0f	; 15
    4a66:	09 2e       	mov	r0, r25
    4a68:	00 0c       	add	r0, r0
    4a6a:	aa 0b       	sbc	r26, r26
    4a6c:	bb 0b       	sbc	r27, r27
    4a6e:	bc 01       	movw	r22, r24
    4a70:	cd 01       	movw	r24, r26
    4a72:	0e 94 8b 40 	call	0x8116	; 0x8116 <__floatsisf>
    4a76:	dc 01       	movw	r26, r24
    4a78:	cb 01       	movw	r24, r22
    4a7a:	8f 87       	std	Y+15, r24	; 0x0f
    4a7c:	98 8b       	std	Y+16, r25	; 0x10
    4a7e:	a9 8b       	std	Y+17, r26	; 0x11
    4a80:	ba 8b       	std	Y+18, r27	; 0x12

	__builtin_avr_delay_cycles(__ticks_dc);

#else
	uint16_t __ticks;
	__tmp = ((F_CPU) / 4e3) * __ms;
    4a82:	20 e0       	ldi	r18, 0x00	; 0
    4a84:	30 e0       	ldi	r19, 0x00	; 0
    4a86:	4a e7       	ldi	r20, 0x7A	; 122
    4a88:	55 e4       	ldi	r21, 0x45	; 69
    4a8a:	6f 85       	ldd	r22, Y+15	; 0x0f
    4a8c:	78 89       	ldd	r23, Y+16	; 0x10
    4a8e:	89 89       	ldd	r24, Y+17	; 0x11
    4a90:	9a 89       	ldd	r25, Y+18	; 0x12
    4a92:	0e 94 3f 41 	call	0x827e	; 0x827e <__mulsf3>
    4a96:	dc 01       	movw	r26, r24
    4a98:	cb 01       	movw	r24, r22
    4a9a:	8d ab       	std	Y+53, r24	; 0x35
    4a9c:	9e ab       	std	Y+54, r25	; 0x36
    4a9e:	af ab       	std	Y+55, r26	; 0x37
    4aa0:	b8 af       	std	Y+56, r27	; 0x38
	if (__tmp < 1.0)
    4aa2:	20 e0       	ldi	r18, 0x00	; 0
    4aa4:	30 e0       	ldi	r19, 0x00	; 0
    4aa6:	40 e8       	ldi	r20, 0x80	; 128
    4aa8:	5f e3       	ldi	r21, 0x3F	; 63
    4aaa:	6d a9       	ldd	r22, Y+53	; 0x35
    4aac:	7e a9       	ldd	r23, Y+54	; 0x36
    4aae:	8f a9       	ldd	r24, Y+55	; 0x37
    4ab0:	98 ad       	ldd	r25, Y+56	; 0x38
    4ab2:	0e 94 f1 3f 	call	0x7fe2	; 0x7fe2 <__cmpsf2>
    4ab6:	88 23       	and	r24, r24
    4ab8:	0c f4       	brge	.+2      	; 0x4abc <wuerfelAB+0x442>
    4aba:	3c c0       	rjmp	.+120    	; 0x4b34 <wuerfelAB+0x4ba>
		__ticks = 1;
	else if (__tmp > 65535)
    4abc:	20 e0       	ldi	r18, 0x00	; 0
    4abe:	3f ef       	ldi	r19, 0xFF	; 255
    4ac0:	4f e7       	ldi	r20, 0x7F	; 127
    4ac2:	57 e4       	ldi	r21, 0x47	; 71
    4ac4:	6d a9       	ldd	r22, Y+53	; 0x35
    4ac6:	7e a9       	ldd	r23, Y+54	; 0x36
    4ac8:	8f a9       	ldd	r24, Y+55	; 0x37
    4aca:	98 ad       	ldd	r25, Y+56	; 0x38
    4acc:	0e 94 3b 41 	call	0x8276	; 0x8276 <__gesf2>
    4ad0:	18 16       	cp	r1, r24
    4ad2:	2c f5       	brge	.+74     	; 0x4b1e <wuerfelAB+0x4a4>
	{
		//	__ticks = requested delay in 1/10 ms
		__ticks = (uint16_t) (__ms * 10.0);
    4ad4:	20 e0       	ldi	r18, 0x00	; 0
    4ad6:	30 e0       	ldi	r19, 0x00	; 0
    4ad8:	40 e2       	ldi	r20, 0x20	; 32
    4ada:	51 e4       	ldi	r21, 0x41	; 65
    4adc:	6f 85       	ldd	r22, Y+15	; 0x0f
    4ade:	78 89       	ldd	r23, Y+16	; 0x10
    4ae0:	89 89       	ldd	r24, Y+17	; 0x11
    4ae2:	9a 89       	ldd	r25, Y+18	; 0x12
    4ae4:	0e 94 3f 41 	call	0x827e	; 0x827e <__mulsf3>
    4ae8:	dc 01       	movw	r26, r24
    4aea:	cb 01       	movw	r24, r22
    4aec:	bc 01       	movw	r22, r24
    4aee:	cd 01       	movw	r24, r26
    4af0:	0e 94 5d 40 	call	0x80ba	; 0x80ba <__fixunssfsi>
    4af4:	dc 01       	movw	r26, r24
    4af6:	cb 01       	movw	r24, r22
    4af8:	9a af       	std	Y+58, r25	; 0x3a
    4afa:	89 af       	std	Y+57, r24	; 0x39
    4afc:	0b c0       	rjmp	.+22     	; 0x4b14 <wuerfelAB+0x49a>
    4afe:	80 e9       	ldi	r24, 0x90	; 144
    4b00:	91 e0       	ldi	r25, 0x01	; 1
    4b02:	01 97       	sbiw	r24, 0x01	; 1
    4b04:	f1 f7       	brne	.-4      	; 0x4b02 <wuerfelAB+0x488>
    4b06:	9c af       	std	Y+60, r25	; 0x3c
    4b08:	8b af       	std	Y+59, r24	; 0x3b
		while(__ticks)
		{
			// wait 1/10 ms
			_delay_loop_2(((F_CPU) / 4e3) / 10);
			__ticks --;
    4b0a:	89 ad       	ldd	r24, Y+57	; 0x39
    4b0c:	9a ad       	ldd	r25, Y+58	; 0x3a
    4b0e:	01 97       	sbiw	r24, 0x01	; 1
    4b10:	9a af       	std	Y+58, r25	; 0x3a
    4b12:	89 af       	std	Y+57, r24	; 0x39
		__ticks = 1;
	else if (__tmp > 65535)
	{
		//	__ticks = requested delay in 1/10 ms
		__ticks = (uint16_t) (__ms * 10.0);
		while(__ticks)
    4b14:	89 ad       	ldd	r24, Y+57	; 0x39
    4b16:	9a ad       	ldd	r25, Y+58	; 0x3a
    4b18:	89 2b       	or	r24, r25
    4b1a:	89 f7       	brne	.-30     	; 0x4afe <wuerfelAB+0x484>
    4b1c:	15 c0       	rjmp	.+42     	; 0x4b48 <wuerfelAB+0x4ce>
			__ticks --;
		}
		return;
	}
	else
		__ticks = (uint16_t)__tmp;
    4b1e:	6d a9       	ldd	r22, Y+53	; 0x35
    4b20:	7e a9       	ldd	r23, Y+54	; 0x36
    4b22:	8f a9       	ldd	r24, Y+55	; 0x37
    4b24:	98 ad       	ldd	r25, Y+56	; 0x38
    4b26:	0e 94 5d 40 	call	0x80ba	; 0x80ba <__fixunssfsi>
    4b2a:	dc 01       	movw	r26, r24
    4b2c:	cb 01       	movw	r24, r22
    4b2e:	9a af       	std	Y+58, r25	; 0x3a
    4b30:	89 af       	std	Y+57, r24	; 0x39
    4b32:	04 c0       	rjmp	.+8      	; 0x4b3c <wuerfelAB+0x4c2>

#else
	uint16_t __ticks;
	__tmp = ((F_CPU) / 4e3) * __ms;
	if (__tmp < 1.0)
		__ticks = 1;
    4b34:	81 e0       	ldi	r24, 0x01	; 1
    4b36:	90 e0       	ldi	r25, 0x00	; 0
    4b38:	9a af       	std	Y+58, r25	; 0x3a
    4b3a:	89 af       	std	Y+57, r24	; 0x39
    4b3c:	89 ad       	ldd	r24, Y+57	; 0x39
    4b3e:	9a ad       	ldd	r25, Y+58	; 0x3a
    4b40:	01 97       	sbiw	r24, 0x01	; 1
    4b42:	f1 f7       	brne	.-4      	; 0x4b40 <wuerfelAB+0x4c6>
    4b44:	9e af       	std	Y+62, r25	; 0x3e
    4b46:	8d af       	std	Y+61, r24	; 0x3d
        wuerfelArray[1] = zufallszahl2;
    }
    else if((wuerfelNummer == 2) && !flagWuerfel1)
    {
        //Simuliert mehrere Würfeln-Animationen
        for (uint8_t i = 0; i < 50; i = i + 1)
    4b48:	8e 81       	ldd	r24, Y+6	; 0x06
    4b4a:	8f 5f       	subi	r24, 0xFF	; 255
    4b4c:	8e 83       	std	Y+6, r24	; 0x06
    4b4e:	8e 81       	ldd	r24, Y+6	; 0x06
    4b50:	82 33       	cpi	r24, 0x32	; 50
    4b52:	08 f4       	brcc	.+2      	; 0x4b56 <wuerfelAB+0x4dc>
    4b54:	7d cf       	rjmp	.-262    	; 0x4a50 <wuerfelAB+0x3d6>
            zufallszahl2 = zufallsGenerator(); //Erste Zufallszahl
            wuerfelTransmit(SIEBENSEGMENT_OFF,zufallszahl2);
            //Verzögert den nächsten Durchgang
            _delay_ms(15 + i * 2);
        }
        wuerfelArray[1] = zufallszahl2;
    4b56:	8a 81       	ldd	r24, Y+2	; 0x02
    4b58:	80 93 5d 06 	sts	0x065D, r24	; 0x80065d <wuerfelArray+0x1>
    }
}
    4b5c:	00 c0       	rjmp	.+0      	; 0x4b5e <wuerfelAB+0x4e4>
    4b5e:	00 00       	nop
    4b60:	cf 5b       	subi	r28, 0xBF	; 191
    4b62:	df 4f       	sbci	r29, 0xFF	; 255
    4b64:	0f b6       	in	r0, 0x3f	; 63
    4b66:	f8 94       	cli
    4b68:	de bf       	out	0x3e, r29	; 62
    4b6a:	0f be       	out	0x3f, r0	; 63
    4b6c:	cd bf       	out	0x3d, r28	; 61
    4b6e:	df 91       	pop	r29
    4b70:	cf 91       	pop	r28
    4b72:	08 95       	ret

00004b74 <wuerfelTransmit>:

void wuerfelTransmit(uint8_t zahl1, uint8_t zahl2)
{
    4b74:	cf 92       	push	r12
    4b76:	df 92       	push	r13
    4b78:	ef 92       	push	r14
    4b7a:	ff 92       	push	r15
    4b7c:	cf 93       	push	r28
    4b7e:	df 93       	push	r29
    4b80:	cd b7       	in	r28, 0x3d	; 61
    4b82:	de b7       	in	r29, 0x3e	; 62
    4b84:	ea 97       	sbiw	r28, 0x3a	; 58
    4b86:	0f b6       	in	r0, 0x3f	; 63
    4b88:	f8 94       	cli
    4b8a:	de bf       	out	0x3e, r29	; 62
    4b8c:	0f be       	out	0x3f, r0	; 63
    4b8e:	cd bf       	out	0x3d, r28	; 61
    4b90:	89 af       	std	Y+57, r24	; 0x39
    4b92:	6a af       	std	Y+58, r22	; 0x3a
    //Sendet die finale zweite zahl2 an das Display
    USART_Transmit(3, ziffer[zahl2]);
    4b94:	8a ad       	ldd	r24, Y+58	; 0x3a
    4b96:	88 2f       	mov	r24, r24
    4b98:	90 e0       	ldi	r25, 0x00	; 0
    4b9a:	8b 5f       	subi	r24, 0xFB	; 251
    4b9c:	9d 4f       	sbci	r25, 0xFD	; 253
    4b9e:	fc 01       	movw	r30, r24
    4ba0:	80 81       	ld	r24, Z
    4ba2:	68 2f       	mov	r22, r24
    4ba4:	83 e0       	ldi	r24, 0x03	; 3
    4ba6:	0e 94 a5 3f 	call	0x7f4a	; 0x7f4a <USART_Transmit>
    4baa:	80 e0       	ldi	r24, 0x00	; 0
    4bac:	90 e0       	ldi	r25, 0x00	; 0
    4bae:	aa ef       	ldi	r26, 0xFA	; 250
    4bb0:	b3 e4       	ldi	r27, 0x43	; 67
    4bb2:	89 83       	std	Y+1, r24	; 0x01
    4bb4:	9a 83       	std	Y+2, r25	; 0x02
    4bb6:	ab 83       	std	Y+3, r26	; 0x03
    4bb8:	bc 83       	std	Y+4, r27	; 0x04
	__builtin_avr_delay_cycles(__ticks_dc);

#else
	uint8_t __ticks;
	double __tmp2 ;
	__tmp = ((F_CPU) / 3e6) * __us;
    4bba:	2b ea       	ldi	r18, 0xAB	; 171
    4bbc:	3a ea       	ldi	r19, 0xAA	; 170
    4bbe:	4a ea       	ldi	r20, 0xAA	; 170
    4bc0:	50 e4       	ldi	r21, 0x40	; 64
    4bc2:	69 81       	ldd	r22, Y+1	; 0x01
    4bc4:	7a 81       	ldd	r23, Y+2	; 0x02
    4bc6:	8b 81       	ldd	r24, Y+3	; 0x03
    4bc8:	9c 81       	ldd	r25, Y+4	; 0x04
    4bca:	0e 94 3f 41 	call	0x827e	; 0x827e <__mulsf3>
    4bce:	dc 01       	movw	r26, r24
    4bd0:	cb 01       	movw	r24, r22
    4bd2:	89 a3       	std	Y+33, r24	; 0x21
    4bd4:	9a a3       	std	Y+34, r25	; 0x22
    4bd6:	ab a3       	std	Y+35, r26	; 0x23
    4bd8:	bc a3       	std	Y+36, r27	; 0x24
	__tmp2 = ((F_CPU) / 4e6) * __us;
    4bda:	20 e0       	ldi	r18, 0x00	; 0
    4bdc:	30 e0       	ldi	r19, 0x00	; 0
    4bde:	40 e8       	ldi	r20, 0x80	; 128
    4be0:	50 e4       	ldi	r21, 0x40	; 64
    4be2:	69 81       	ldd	r22, Y+1	; 0x01
    4be4:	7a 81       	ldd	r23, Y+2	; 0x02
    4be6:	8b 81       	ldd	r24, Y+3	; 0x03
    4be8:	9c 81       	ldd	r25, Y+4	; 0x04
    4bea:	0e 94 3f 41 	call	0x827e	; 0x827e <__mulsf3>
    4bee:	dc 01       	movw	r26, r24
    4bf0:	cb 01       	movw	r24, r22
    4bf2:	8d a3       	std	Y+37, r24	; 0x25
    4bf4:	9e a3       	std	Y+38, r25	; 0x26
    4bf6:	af a3       	std	Y+39, r26	; 0x27
    4bf8:	b8 a7       	std	Y+40, r27	; 0x28
	if (__tmp < 1.0)
    4bfa:	20 e0       	ldi	r18, 0x00	; 0
    4bfc:	30 e0       	ldi	r19, 0x00	; 0
    4bfe:	40 e8       	ldi	r20, 0x80	; 128
    4c00:	5f e3       	ldi	r21, 0x3F	; 63
    4c02:	69 a1       	ldd	r22, Y+33	; 0x21
    4c04:	7a a1       	ldd	r23, Y+34	; 0x22
    4c06:	8b a1       	ldd	r24, Y+35	; 0x23
    4c08:	9c a1       	ldd	r25, Y+36	; 0x24
    4c0a:	0e 94 f1 3f 	call	0x7fe2	; 0x7fe2 <__cmpsf2>
    4c0e:	88 23       	and	r24, r24
    4c10:	0c f4       	brge	.+2      	; 0x4c14 <wuerfelTransmit+0xa0>
    4c12:	a1 c0       	rjmp	.+322    	; 0x4d56 <wuerfelTransmit+0x1e2>
		__ticks = 1;
	else if (__tmp2 > 65535)
    4c14:	20 e0       	ldi	r18, 0x00	; 0
    4c16:	3f ef       	ldi	r19, 0xFF	; 255
    4c18:	4f e7       	ldi	r20, 0x7F	; 127
    4c1a:	57 e4       	ldi	r21, 0x47	; 71
    4c1c:	6d a1       	ldd	r22, Y+37	; 0x25
    4c1e:	7e a1       	ldd	r23, Y+38	; 0x26
    4c20:	8f a1       	ldd	r24, Y+39	; 0x27
    4c22:	98 a5       	ldd	r25, Y+40	; 0x28
    4c24:	0e 94 3b 41 	call	0x8276	; 0x8276 <__gesf2>
    4c28:	18 16       	cp	r1, r24
    4c2a:	0c f0       	brlt	.+2      	; 0x4c2e <wuerfelTransmit+0xba>
    4c2c:	6d c0       	rjmp	.+218    	; 0x4d08 <wuerfelTransmit+0x194>
	{
		_delay_ms(__us / 1000.0);
    4c2e:	20 e0       	ldi	r18, 0x00	; 0
    4c30:	30 e0       	ldi	r19, 0x00	; 0
    4c32:	4a e7       	ldi	r20, 0x7A	; 122
    4c34:	54 e4       	ldi	r21, 0x44	; 68
    4c36:	69 81       	ldd	r22, Y+1	; 0x01
    4c38:	7a 81       	ldd	r23, Y+2	; 0x02
    4c3a:	8b 81       	ldd	r24, Y+3	; 0x03
    4c3c:	9c 81       	ldd	r25, Y+4	; 0x04
    4c3e:	0e 94 f5 3f 	call	0x7fea	; 0x7fea <__divsf3>
    4c42:	dc 01       	movw	r26, r24
    4c44:	cb 01       	movw	r24, r22
    4c46:	6c 01       	movw	r12, r24
    4c48:	7d 01       	movw	r14, r26

	__builtin_avr_delay_cycles(__ticks_dc);

#else
	uint16_t __ticks;
	__tmp = ((F_CPU) / 4e3) * __ms;
    4c4a:	20 e0       	ldi	r18, 0x00	; 0
    4c4c:	30 e0       	ldi	r19, 0x00	; 0
    4c4e:	4a e7       	ldi	r20, 0x7A	; 122
    4c50:	55 e4       	ldi	r21, 0x45	; 69
    4c52:	c7 01       	movw	r24, r14
    4c54:	b6 01       	movw	r22, r12
    4c56:	0e 94 3f 41 	call	0x827e	; 0x827e <__mulsf3>
    4c5a:	dc 01       	movw	r26, r24
    4c5c:	cb 01       	movw	r24, r22
    4c5e:	89 a7       	std	Y+41, r24	; 0x29
    4c60:	9a a7       	std	Y+42, r25	; 0x2a
    4c62:	ab a7       	std	Y+43, r26	; 0x2b
    4c64:	bc a7       	std	Y+44, r27	; 0x2c
	if (__tmp < 1.0)
    4c66:	20 e0       	ldi	r18, 0x00	; 0
    4c68:	30 e0       	ldi	r19, 0x00	; 0
    4c6a:	40 e8       	ldi	r20, 0x80	; 128
    4c6c:	5f e3       	ldi	r21, 0x3F	; 63
    4c6e:	69 a5       	ldd	r22, Y+41	; 0x29
    4c70:	7a a5       	ldd	r23, Y+42	; 0x2a
    4c72:	8b a5       	ldd	r24, Y+43	; 0x2b
    4c74:	9c a5       	ldd	r25, Y+44	; 0x2c
    4c76:	0e 94 f1 3f 	call	0x7fe2	; 0x7fe2 <__cmpsf2>
    4c7a:	88 23       	and	r24, r24
    4c7c:	d4 f1       	brlt	.+116    	; 0x4cf2 <wuerfelTransmit+0x17e>
		__ticks = 1;
	else if (__tmp > 65535)
    4c7e:	20 e0       	ldi	r18, 0x00	; 0
    4c80:	3f ef       	ldi	r19, 0xFF	; 255
    4c82:	4f e7       	ldi	r20, 0x7F	; 127
    4c84:	57 e4       	ldi	r21, 0x47	; 71
    4c86:	69 a5       	ldd	r22, Y+41	; 0x29
    4c88:	7a a5       	ldd	r23, Y+42	; 0x2a
    4c8a:	8b a5       	ldd	r24, Y+43	; 0x2b
    4c8c:	9c a5       	ldd	r25, Y+44	; 0x2c
    4c8e:	0e 94 3b 41 	call	0x8276	; 0x8276 <__gesf2>
    4c92:	18 16       	cp	r1, r24
    4c94:	1c f5       	brge	.+70     	; 0x4cdc <wuerfelTransmit+0x168>
	{
		//	__ticks = requested delay in 1/10 ms
		__ticks = (uint16_t) (__ms * 10.0);
    4c96:	20 e0       	ldi	r18, 0x00	; 0
    4c98:	30 e0       	ldi	r19, 0x00	; 0
    4c9a:	40 e2       	ldi	r20, 0x20	; 32
    4c9c:	51 e4       	ldi	r21, 0x41	; 65
    4c9e:	c7 01       	movw	r24, r14
    4ca0:	b6 01       	movw	r22, r12
    4ca2:	0e 94 3f 41 	call	0x827e	; 0x827e <__mulsf3>
    4ca6:	dc 01       	movw	r26, r24
    4ca8:	cb 01       	movw	r24, r22
    4caa:	bc 01       	movw	r22, r24
    4cac:	cd 01       	movw	r24, r26
    4cae:	0e 94 5d 40 	call	0x80ba	; 0x80ba <__fixunssfsi>
    4cb2:	dc 01       	movw	r26, r24
    4cb4:	cb 01       	movw	r24, r22
    4cb6:	9e a7       	std	Y+46, r25	; 0x2e
    4cb8:	8d a7       	std	Y+45, r24	; 0x2d
    4cba:	0b c0       	rjmp	.+22     	; 0x4cd2 <wuerfelTransmit+0x15e>
    4cbc:	80 e9       	ldi	r24, 0x90	; 144
    4cbe:	91 e0       	ldi	r25, 0x01	; 1
    4cc0:	01 97       	sbiw	r24, 0x01	; 1
    4cc2:	f1 f7       	brne	.-4      	; 0x4cc0 <wuerfelTransmit+0x14c>
    4cc4:	98 ab       	std	Y+48, r25	; 0x30
    4cc6:	8f a7       	std	Y+47, r24	; 0x2f
		while(__ticks)
		{
			// wait 1/10 ms
			_delay_loop_2(((F_CPU) / 4e3) / 10);
			__ticks --;
    4cc8:	8d a5       	ldd	r24, Y+45	; 0x2d
    4cca:	9e a5       	ldd	r25, Y+46	; 0x2e
    4ccc:	01 97       	sbiw	r24, 0x01	; 1
    4cce:	9e a7       	std	Y+46, r25	; 0x2e
    4cd0:	8d a7       	std	Y+45, r24	; 0x2d
		__ticks = 1;
	else if (__tmp > 65535)
	{
		//	__ticks = requested delay in 1/10 ms
		__ticks = (uint16_t) (__ms * 10.0);
		while(__ticks)
    4cd2:	8d a5       	ldd	r24, Y+45	; 0x2d
    4cd4:	9e a5       	ldd	r25, Y+46	; 0x2e
    4cd6:	89 2b       	or	r24, r25
    4cd8:	89 f7       	brne	.-30     	; 0x4cbc <wuerfelTransmit+0x148>
    4cda:	3f c0       	rjmp	.+126    	; 0x4d5a <wuerfelTransmit+0x1e6>
			__ticks --;
		}
		return;
	}
	else
		__ticks = (uint16_t)__tmp;
    4cdc:	69 a5       	ldd	r22, Y+41	; 0x29
    4cde:	7a a5       	ldd	r23, Y+42	; 0x2a
    4ce0:	8b a5       	ldd	r24, Y+43	; 0x2b
    4ce2:	9c a5       	ldd	r25, Y+44	; 0x2c
    4ce4:	0e 94 5d 40 	call	0x80ba	; 0x80ba <__fixunssfsi>
    4ce8:	dc 01       	movw	r26, r24
    4cea:	cb 01       	movw	r24, r22
    4cec:	9e a7       	std	Y+46, r25	; 0x2e
    4cee:	8d a7       	std	Y+45, r24	; 0x2d
    4cf0:	04 c0       	rjmp	.+8      	; 0x4cfa <wuerfelTransmit+0x186>

#else
	uint16_t __ticks;
	__tmp = ((F_CPU) / 4e3) * __ms;
	if (__tmp < 1.0)
		__ticks = 1;
    4cf2:	81 e0       	ldi	r24, 0x01	; 1
    4cf4:	90 e0       	ldi	r25, 0x00	; 0
    4cf6:	9e a7       	std	Y+46, r25	; 0x2e
    4cf8:	8d a7       	std	Y+45, r24	; 0x2d
    4cfa:	8d a5       	ldd	r24, Y+45	; 0x2d
    4cfc:	9e a5       	ldd	r25, Y+46	; 0x2e
    4cfe:	01 97       	sbiw	r24, 0x01	; 1
    4d00:	f1 f7       	brne	.-4      	; 0x4cfe <wuerfelTransmit+0x18a>
    4d02:	9a ab       	std	Y+50, r25	; 0x32
    4d04:	89 ab       	std	Y+49, r24	; 0x31
    4d06:	29 c0       	rjmp	.+82     	; 0x4d5a <wuerfelTransmit+0x1e6>
		__ticks = 1;
	else if (__tmp2 > 65535)
	{
		_delay_ms(__us / 1000.0);
	}
	else if (__tmp > 255)
    4d08:	20 e0       	ldi	r18, 0x00	; 0
    4d0a:	30 e0       	ldi	r19, 0x00	; 0
    4d0c:	4f e7       	ldi	r20, 0x7F	; 127
    4d0e:	53 e4       	ldi	r21, 0x43	; 67
    4d10:	69 a1       	ldd	r22, Y+33	; 0x21
    4d12:	7a a1       	ldd	r23, Y+34	; 0x22
    4d14:	8b a1       	ldd	r24, Y+35	; 0x23
    4d16:	9c a1       	ldd	r25, Y+36	; 0x24
    4d18:	0e 94 3b 41 	call	0x8276	; 0x8276 <__gesf2>
    4d1c:	18 16       	cp	r1, r24
    4d1e:	8c f4       	brge	.+34     	; 0x4d42 <wuerfelTransmit+0x1ce>
	{
		uint16_t __ticks=(uint16_t)__tmp2;
    4d20:	6d a1       	ldd	r22, Y+37	; 0x25
    4d22:	7e a1       	ldd	r23, Y+38	; 0x26
    4d24:	8f a1       	ldd	r24, Y+39	; 0x27
    4d26:	98 a5       	ldd	r25, Y+40	; 0x28
    4d28:	0e 94 5d 40 	call	0x80ba	; 0x80ba <__fixunssfsi>
    4d2c:	dc 01       	movw	r26, r24
    4d2e:	cb 01       	movw	r24, r22
    4d30:	9c ab       	std	Y+52, r25	; 0x34
    4d32:	8b ab       	std	Y+51, r24	; 0x33
    4d34:	8b a9       	ldd	r24, Y+51	; 0x33
    4d36:	9c a9       	ldd	r25, Y+52	; 0x34
    4d38:	01 97       	sbiw	r24, 0x01	; 1
    4d3a:	f1 f7       	brne	.-4      	; 0x4d38 <wuerfelTransmit+0x1c4>
    4d3c:	9e ab       	std	Y+54, r25	; 0x36
    4d3e:	8d ab       	std	Y+53, r24	; 0x35
    4d40:	10 c0       	rjmp	.+32     	; 0x4d62 <wuerfelTransmit+0x1ee>
		_delay_loop_2(__ticks);
		return;
	}
	else
		__ticks = (uint8_t)__tmp;
    4d42:	69 a1       	ldd	r22, Y+33	; 0x21
    4d44:	7a a1       	ldd	r23, Y+34	; 0x22
    4d46:	8b a1       	ldd	r24, Y+35	; 0x23
    4d48:	9c a1       	ldd	r25, Y+36	; 0x24
    4d4a:	0e 94 5d 40 	call	0x80ba	; 0x80ba <__fixunssfsi>
    4d4e:	dc 01       	movw	r26, r24
    4d50:	cb 01       	movw	r24, r22
    4d52:	8f ab       	std	Y+55, r24	; 0x37
    4d54:	02 c0       	rjmp	.+4      	; 0x4d5a <wuerfelTransmit+0x1e6>
	uint8_t __ticks;
	double __tmp2 ;
	__tmp = ((F_CPU) / 3e6) * __us;
	__tmp2 = ((F_CPU) / 4e6) * __us;
	if (__tmp < 1.0)
		__ticks = 1;
    4d56:	81 e0       	ldi	r24, 0x01	; 1
    4d58:	8f ab       	std	Y+55, r24	; 0x37
    can be achieved.
*/
void
_delay_loop_1(uint8_t __count)
{
	__asm__ volatile (
    4d5a:	8f a9       	ldd	r24, Y+55	; 0x37
    4d5c:	8a 95       	dec	r24
    4d5e:	f1 f7       	brne	.-4      	; 0x4d5c <wuerfelTransmit+0x1e8>
    4d60:	88 af       	std	Y+56, r24	; 0x38
    _delay_us(500);
    
    //Sendet die finale erste zahl1 an das Display
    USART_Transmit(3, ziffer[zahl1]);
    4d62:	89 ad       	ldd	r24, Y+57	; 0x39
    4d64:	88 2f       	mov	r24, r24
    4d66:	90 e0       	ldi	r25, 0x00	; 0
    4d68:	8b 5f       	subi	r24, 0xFB	; 251
    4d6a:	9d 4f       	sbci	r25, 0xFD	; 253
    4d6c:	fc 01       	movw	r30, r24
    4d6e:	80 81       	ld	r24, Z
    4d70:	68 2f       	mov	r22, r24
    4d72:	83 e0       	ldi	r24, 0x03	; 3
    4d74:	0e 94 a5 3f 	call	0x7f4a	; 0x7f4a <USART_Transmit>
    4d78:	80 e0       	ldi	r24, 0x00	; 0
    4d7a:	90 e0       	ldi	r25, 0x00	; 0
    4d7c:	aa ef       	ldi	r26, 0xFA	; 250
    4d7e:	b3 e4       	ldi	r27, 0x43	; 67
    4d80:	8d 83       	std	Y+5, r24	; 0x05
    4d82:	9e 83       	std	Y+6, r25	; 0x06
    4d84:	af 83       	std	Y+7, r26	; 0x07
    4d86:	b8 87       	std	Y+8, r27	; 0x08
	__builtin_avr_delay_cycles(__ticks_dc);

#else
	uint8_t __ticks;
	double __tmp2 ;
	__tmp = ((F_CPU) / 3e6) * __us;
    4d88:	2b ea       	ldi	r18, 0xAB	; 171
    4d8a:	3a ea       	ldi	r19, 0xAA	; 170
    4d8c:	4a ea       	ldi	r20, 0xAA	; 170
    4d8e:	50 e4       	ldi	r21, 0x40	; 64
    4d90:	6d 81       	ldd	r22, Y+5	; 0x05
    4d92:	7e 81       	ldd	r23, Y+6	; 0x06
    4d94:	8f 81       	ldd	r24, Y+7	; 0x07
    4d96:	98 85       	ldd	r25, Y+8	; 0x08
    4d98:	0e 94 3f 41 	call	0x827e	; 0x827e <__mulsf3>
    4d9c:	dc 01       	movw	r26, r24
    4d9e:	cb 01       	movw	r24, r22
    4da0:	89 87       	std	Y+9, r24	; 0x09
    4da2:	9a 87       	std	Y+10, r25	; 0x0a
    4da4:	ab 87       	std	Y+11, r26	; 0x0b
    4da6:	bc 87       	std	Y+12, r27	; 0x0c
	__tmp2 = ((F_CPU) / 4e6) * __us;
    4da8:	20 e0       	ldi	r18, 0x00	; 0
    4daa:	30 e0       	ldi	r19, 0x00	; 0
    4dac:	40 e8       	ldi	r20, 0x80	; 128
    4dae:	50 e4       	ldi	r21, 0x40	; 64
    4db0:	6d 81       	ldd	r22, Y+5	; 0x05
    4db2:	7e 81       	ldd	r23, Y+6	; 0x06
    4db4:	8f 81       	ldd	r24, Y+7	; 0x07
    4db6:	98 85       	ldd	r25, Y+8	; 0x08
    4db8:	0e 94 3f 41 	call	0x827e	; 0x827e <__mulsf3>
    4dbc:	dc 01       	movw	r26, r24
    4dbe:	cb 01       	movw	r24, r22
    4dc0:	8d 87       	std	Y+13, r24	; 0x0d
    4dc2:	9e 87       	std	Y+14, r25	; 0x0e
    4dc4:	af 87       	std	Y+15, r26	; 0x0f
    4dc6:	b8 8b       	std	Y+16, r27	; 0x10
	if (__tmp < 1.0)
    4dc8:	20 e0       	ldi	r18, 0x00	; 0
    4dca:	30 e0       	ldi	r19, 0x00	; 0
    4dcc:	40 e8       	ldi	r20, 0x80	; 128
    4dce:	5f e3       	ldi	r21, 0x3F	; 63
    4dd0:	69 85       	ldd	r22, Y+9	; 0x09
    4dd2:	7a 85       	ldd	r23, Y+10	; 0x0a
    4dd4:	8b 85       	ldd	r24, Y+11	; 0x0b
    4dd6:	9c 85       	ldd	r25, Y+12	; 0x0c
    4dd8:	0e 94 f1 3f 	call	0x7fe2	; 0x7fe2 <__cmpsf2>
    4ddc:	88 23       	and	r24, r24
    4dde:	0c f4       	brge	.+2      	; 0x4de2 <wuerfelTransmit+0x26e>
    4de0:	a1 c0       	rjmp	.+322    	; 0x4f24 <wuerfelTransmit+0x3b0>
		__ticks = 1;
	else if (__tmp2 > 65535)
    4de2:	20 e0       	ldi	r18, 0x00	; 0
    4de4:	3f ef       	ldi	r19, 0xFF	; 255
    4de6:	4f e7       	ldi	r20, 0x7F	; 127
    4de8:	57 e4       	ldi	r21, 0x47	; 71
    4dea:	6d 85       	ldd	r22, Y+13	; 0x0d
    4dec:	7e 85       	ldd	r23, Y+14	; 0x0e
    4dee:	8f 85       	ldd	r24, Y+15	; 0x0f
    4df0:	98 89       	ldd	r25, Y+16	; 0x10
    4df2:	0e 94 3b 41 	call	0x8276	; 0x8276 <__gesf2>
    4df6:	18 16       	cp	r1, r24
    4df8:	0c f0       	brlt	.+2      	; 0x4dfc <wuerfelTransmit+0x288>
    4dfa:	6d c0       	rjmp	.+218    	; 0x4ed6 <wuerfelTransmit+0x362>
	{
		_delay_ms(__us / 1000.0);
    4dfc:	20 e0       	ldi	r18, 0x00	; 0
    4dfe:	30 e0       	ldi	r19, 0x00	; 0
    4e00:	4a e7       	ldi	r20, 0x7A	; 122
    4e02:	54 e4       	ldi	r21, 0x44	; 68
    4e04:	6d 81       	ldd	r22, Y+5	; 0x05
    4e06:	7e 81       	ldd	r23, Y+6	; 0x06
    4e08:	8f 81       	ldd	r24, Y+7	; 0x07
    4e0a:	98 85       	ldd	r25, Y+8	; 0x08
    4e0c:	0e 94 f5 3f 	call	0x7fea	; 0x7fea <__divsf3>
    4e10:	dc 01       	movw	r26, r24
    4e12:	cb 01       	movw	r24, r22
    4e14:	6c 01       	movw	r12, r24
    4e16:	7d 01       	movw	r14, r26

	__builtin_avr_delay_cycles(__ticks_dc);

#else
	uint16_t __ticks;
	__tmp = ((F_CPU) / 4e3) * __ms;
    4e18:	20 e0       	ldi	r18, 0x00	; 0
    4e1a:	30 e0       	ldi	r19, 0x00	; 0
    4e1c:	4a e7       	ldi	r20, 0x7A	; 122
    4e1e:	55 e4       	ldi	r21, 0x45	; 69
    4e20:	c7 01       	movw	r24, r14
    4e22:	b6 01       	movw	r22, r12
    4e24:	0e 94 3f 41 	call	0x827e	; 0x827e <__mulsf3>
    4e28:	dc 01       	movw	r26, r24
    4e2a:	cb 01       	movw	r24, r22
    4e2c:	89 8b       	std	Y+17, r24	; 0x11
    4e2e:	9a 8b       	std	Y+18, r25	; 0x12
    4e30:	ab 8b       	std	Y+19, r26	; 0x13
    4e32:	bc 8b       	std	Y+20, r27	; 0x14
	if (__tmp < 1.0)
    4e34:	20 e0       	ldi	r18, 0x00	; 0
    4e36:	30 e0       	ldi	r19, 0x00	; 0
    4e38:	40 e8       	ldi	r20, 0x80	; 128
    4e3a:	5f e3       	ldi	r21, 0x3F	; 63
    4e3c:	69 89       	ldd	r22, Y+17	; 0x11
    4e3e:	7a 89       	ldd	r23, Y+18	; 0x12
    4e40:	8b 89       	ldd	r24, Y+19	; 0x13
    4e42:	9c 89       	ldd	r25, Y+20	; 0x14
    4e44:	0e 94 f1 3f 	call	0x7fe2	; 0x7fe2 <__cmpsf2>
    4e48:	88 23       	and	r24, r24
    4e4a:	d4 f1       	brlt	.+116    	; 0x4ec0 <wuerfelTransmit+0x34c>
		__ticks = 1;
	else if (__tmp > 65535)
    4e4c:	20 e0       	ldi	r18, 0x00	; 0
    4e4e:	3f ef       	ldi	r19, 0xFF	; 255
    4e50:	4f e7       	ldi	r20, 0x7F	; 127
    4e52:	57 e4       	ldi	r21, 0x47	; 71
    4e54:	69 89       	ldd	r22, Y+17	; 0x11
    4e56:	7a 89       	ldd	r23, Y+18	; 0x12
    4e58:	8b 89       	ldd	r24, Y+19	; 0x13
    4e5a:	9c 89       	ldd	r25, Y+20	; 0x14
    4e5c:	0e 94 3b 41 	call	0x8276	; 0x8276 <__gesf2>
    4e60:	18 16       	cp	r1, r24
    4e62:	1c f5       	brge	.+70     	; 0x4eaa <wuerfelTransmit+0x336>
	{
		//	__ticks = requested delay in 1/10 ms
		__ticks = (uint16_t) (__ms * 10.0);
    4e64:	20 e0       	ldi	r18, 0x00	; 0
    4e66:	30 e0       	ldi	r19, 0x00	; 0
    4e68:	40 e2       	ldi	r20, 0x20	; 32
    4e6a:	51 e4       	ldi	r21, 0x41	; 65
    4e6c:	c7 01       	movw	r24, r14
    4e6e:	b6 01       	movw	r22, r12
    4e70:	0e 94 3f 41 	call	0x827e	; 0x827e <__mulsf3>
    4e74:	dc 01       	movw	r26, r24
    4e76:	cb 01       	movw	r24, r22
    4e78:	bc 01       	movw	r22, r24
    4e7a:	cd 01       	movw	r24, r26
    4e7c:	0e 94 5d 40 	call	0x80ba	; 0x80ba <__fixunssfsi>
    4e80:	dc 01       	movw	r26, r24
    4e82:	cb 01       	movw	r24, r22
    4e84:	9e 8b       	std	Y+22, r25	; 0x16
    4e86:	8d 8b       	std	Y+21, r24	; 0x15
    4e88:	0b c0       	rjmp	.+22     	; 0x4ea0 <wuerfelTransmit+0x32c>
    milliseconds can be achieved.
 */
void
_delay_loop_2(uint16_t __count)
{
	__asm__ volatile (
    4e8a:	80 e9       	ldi	r24, 0x90	; 144
    4e8c:	91 e0       	ldi	r25, 0x01	; 1
    4e8e:	01 97       	sbiw	r24, 0x01	; 1
    4e90:	f1 f7       	brne	.-4      	; 0x4e8e <wuerfelTransmit+0x31a>
    4e92:	98 8f       	std	Y+24, r25	; 0x18
    4e94:	8f 8b       	std	Y+23, r24	; 0x17
		while(__ticks)
		{
			// wait 1/10 ms
			_delay_loop_2(((F_CPU) / 4e3) / 10);
			__ticks --;
    4e96:	8d 89       	ldd	r24, Y+21	; 0x15
    4e98:	9e 89       	ldd	r25, Y+22	; 0x16
    4e9a:	01 97       	sbiw	r24, 0x01	; 1
    4e9c:	9e 8b       	std	Y+22, r25	; 0x16
    4e9e:	8d 8b       	std	Y+21, r24	; 0x15
		__ticks = 1;
	else if (__tmp > 65535)
	{
		//	__ticks = requested delay in 1/10 ms
		__ticks = (uint16_t) (__ms * 10.0);
		while(__ticks)
    4ea0:	8d 89       	ldd	r24, Y+21	; 0x15
    4ea2:	9e 89       	ldd	r25, Y+22	; 0x16
    4ea4:	89 2b       	or	r24, r25
    4ea6:	89 f7       	brne	.-30     	; 0x4e8a <wuerfelTransmit+0x316>
    4ea8:	3f c0       	rjmp	.+126    	; 0x4f28 <wuerfelTransmit+0x3b4>
			__ticks --;
		}
		return;
	}
	else
		__ticks = (uint16_t)__tmp;
    4eaa:	69 89       	ldd	r22, Y+17	; 0x11
    4eac:	7a 89       	ldd	r23, Y+18	; 0x12
    4eae:	8b 89       	ldd	r24, Y+19	; 0x13
    4eb0:	9c 89       	ldd	r25, Y+20	; 0x14
    4eb2:	0e 94 5d 40 	call	0x80ba	; 0x80ba <__fixunssfsi>
    4eb6:	dc 01       	movw	r26, r24
    4eb8:	cb 01       	movw	r24, r22
    4eba:	9e 8b       	std	Y+22, r25	; 0x16
    4ebc:	8d 8b       	std	Y+21, r24	; 0x15
    4ebe:	04 c0       	rjmp	.+8      	; 0x4ec8 <wuerfelTransmit+0x354>

#else
	uint16_t __ticks;
	__tmp = ((F_CPU) / 4e3) * __ms;
	if (__tmp < 1.0)
		__ticks = 1;
    4ec0:	81 e0       	ldi	r24, 0x01	; 1
    4ec2:	90 e0       	ldi	r25, 0x00	; 0
    4ec4:	9e 8b       	std	Y+22, r25	; 0x16
    4ec6:	8d 8b       	std	Y+21, r24	; 0x15
    4ec8:	8d 89       	ldd	r24, Y+21	; 0x15
    4eca:	9e 89       	ldd	r25, Y+22	; 0x16
    4ecc:	01 97       	sbiw	r24, 0x01	; 1
    4ece:	f1 f7       	brne	.-4      	; 0x4ecc <wuerfelTransmit+0x358>
    4ed0:	9a 8f       	std	Y+26, r25	; 0x1a
    4ed2:	89 8f       	std	Y+25, r24	; 0x19
    4ed4:	29 c0       	rjmp	.+82     	; 0x4f28 <wuerfelTransmit+0x3b4>
		__ticks = 1;
	else if (__tmp2 > 65535)
	{
		_delay_ms(__us / 1000.0);
	}
	else if (__tmp > 255)
    4ed6:	20 e0       	ldi	r18, 0x00	; 0
    4ed8:	30 e0       	ldi	r19, 0x00	; 0
    4eda:	4f e7       	ldi	r20, 0x7F	; 127
    4edc:	53 e4       	ldi	r21, 0x43	; 67
    4ede:	69 85       	ldd	r22, Y+9	; 0x09
    4ee0:	7a 85       	ldd	r23, Y+10	; 0x0a
    4ee2:	8b 85       	ldd	r24, Y+11	; 0x0b
    4ee4:	9c 85       	ldd	r25, Y+12	; 0x0c
    4ee6:	0e 94 3b 41 	call	0x8276	; 0x8276 <__gesf2>
    4eea:	18 16       	cp	r1, r24
    4eec:	8c f4       	brge	.+34     	; 0x4f10 <wuerfelTransmit+0x39c>
	{
		uint16_t __ticks=(uint16_t)__tmp2;
    4eee:	6d 85       	ldd	r22, Y+13	; 0x0d
    4ef0:	7e 85       	ldd	r23, Y+14	; 0x0e
    4ef2:	8f 85       	ldd	r24, Y+15	; 0x0f
    4ef4:	98 89       	ldd	r25, Y+16	; 0x10
    4ef6:	0e 94 5d 40 	call	0x80ba	; 0x80ba <__fixunssfsi>
    4efa:	dc 01       	movw	r26, r24
    4efc:	cb 01       	movw	r24, r22
    4efe:	9c 8f       	std	Y+28, r25	; 0x1c
    4f00:	8b 8f       	std	Y+27, r24	; 0x1b
    4f02:	8b 8d       	ldd	r24, Y+27	; 0x1b
    4f04:	9c 8d       	ldd	r25, Y+28	; 0x1c
    4f06:	01 97       	sbiw	r24, 0x01	; 1
    4f08:	f1 f7       	brne	.-4      	; 0x4f06 <wuerfelTransmit+0x392>
    4f0a:	9e 8f       	std	Y+30, r25	; 0x1e
    4f0c:	8d 8f       	std	Y+29, r24	; 0x1d
    4f0e:	10 c0       	rjmp	.+32     	; 0x4f30 <wuerfelTransmit+0x3bc>
		_delay_loop_2(__ticks);
		return;
	}
	else
		__ticks = (uint8_t)__tmp;
    4f10:	69 85       	ldd	r22, Y+9	; 0x09
    4f12:	7a 85       	ldd	r23, Y+10	; 0x0a
    4f14:	8b 85       	ldd	r24, Y+11	; 0x0b
    4f16:	9c 85       	ldd	r25, Y+12	; 0x0c
    4f18:	0e 94 5d 40 	call	0x80ba	; 0x80ba <__fixunssfsi>
    4f1c:	dc 01       	movw	r26, r24
    4f1e:	cb 01       	movw	r24, r22
    4f20:	8f 8f       	std	Y+31, r24	; 0x1f
    4f22:	02 c0       	rjmp	.+4      	; 0x4f28 <wuerfelTransmit+0x3b4>
	uint8_t __ticks;
	double __tmp2 ;
	__tmp = ((F_CPU) / 3e6) * __us;
	__tmp2 = ((F_CPU) / 4e6) * __us;
	if (__tmp < 1.0)
		__ticks = 1;
    4f24:	81 e0       	ldi	r24, 0x01	; 1
    4f26:	8f 8f       	std	Y+31, r24	; 0x1f
    can be achieved.
*/
void
_delay_loop_1(uint8_t __count)
{
	__asm__ volatile (
    4f28:	8f 8d       	ldd	r24, Y+31	; 0x1f
    4f2a:	8a 95       	dec	r24
    4f2c:	f1 f7       	brne	.-4      	; 0x4f2a <wuerfelTransmit+0x3b6>
    4f2e:	88 a3       	std	Y+32, r24	; 0x20
    _delay_us(500);
    
    //Aktualisiert die Anzeige
    PORTJ = PORTJ | 0x08;
    4f30:	85 e0       	ldi	r24, 0x05	; 5
    4f32:	91 e0       	ldi	r25, 0x01	; 1
    4f34:	25 e0       	ldi	r18, 0x05	; 5
    4f36:	31 e0       	ldi	r19, 0x01	; 1
    4f38:	f9 01       	movw	r30, r18
    4f3a:	20 81       	ld	r18, Z
    4f3c:	28 60       	ori	r18, 0x08	; 8
    4f3e:	fc 01       	movw	r30, r24
    4f40:	20 83       	st	Z, r18
    PORTJ = PORTJ & ~0x08;
    4f42:	85 e0       	ldi	r24, 0x05	; 5
    4f44:	91 e0       	ldi	r25, 0x01	; 1
    4f46:	25 e0       	ldi	r18, 0x05	; 5
    4f48:	31 e0       	ldi	r19, 0x01	; 1
    4f4a:	f9 01       	movw	r30, r18
    4f4c:	20 81       	ld	r18, Z
    4f4e:	27 7f       	andi	r18, 0xF7	; 247
    4f50:	fc 01       	movw	r30, r24
    4f52:	20 83       	st	Z, r18
}
    4f54:	00 00       	nop
    4f56:	ea 96       	adiw	r28, 0x3a	; 58
    4f58:	0f b6       	in	r0, 0x3f	; 63
    4f5a:	f8 94       	cli
    4f5c:	de bf       	out	0x3e, r29	; 62
    4f5e:	0f be       	out	0x3f, r0	; 63
    4f60:	cd bf       	out	0x3d, r28	; 61
    4f62:	df 91       	pop	r29
    4f64:	cf 91       	pop	r28
    4f66:	ff 90       	pop	r15
    4f68:	ef 90       	pop	r14
    4f6a:	df 90       	pop	r13
    4f6c:	cf 90       	pop	r12
    4f6e:	08 95       	ret

00004f70 <adm_ADC_init>:
*
* Rückgabewert: Keine Rückgabe (void)
*
\******************************************************************************/
void adm_ADC_init(void)
{
    4f70:	cf 93       	push	r28
    4f72:	df 93       	push	r29
    4f74:	cd b7       	in	r28, 0x3d	; 61
    4f76:	de b7       	in	r29, 0x3e	; 62
    ADMUX  = 0x40;	//AVCC Als referenz
    4f78:	8c e7       	ldi	r24, 0x7C	; 124
    4f7a:	90 e0       	ldi	r25, 0x00	; 0
    4f7c:	20 e4       	ldi	r18, 0x40	; 64
    4f7e:	fc 01       	movw	r30, r24
    4f80:	20 83       	st	Z, r18
    DIDR0  = 0x0F;	// IO pins von Potentiometer deaktivieren
    4f82:	8e e7       	ldi	r24, 0x7E	; 126
    4f84:	90 e0       	ldi	r25, 0x00	; 0
    4f86:	2f e0       	ldi	r18, 0x0F	; 15
    4f88:	fc 01       	movw	r30, r24
    4f8a:	20 83       	st	Z, r18
    // ADC einschalten, ADC clok = 16MHz / 128, Free runing mode
    ADCSRA = 0b10000111;
    4f8c:	8a e7       	ldi	r24, 0x7A	; 122
    4f8e:	90 e0       	ldi	r25, 0x00	; 0
    4f90:	27 e8       	ldi	r18, 0x87	; 135
    4f92:	fc 01       	movw	r30, r24
    4f94:	20 83       	st	Z, r18
}
    4f96:	00 00       	nop
    4f98:	df 91       	pop	r29
    4f9a:	cf 91       	pop	r28
    4f9c:	08 95       	ret

00004f9e <adm_ADC_read>:
*
* Rückgabewert: Der 10-Bit ADC-Wert, der vom Kanal gelesen wurde.
*
\******************************************************************************/
uint16_t adm_ADC_read(uint8_t kanal)
{
    4f9e:	cf 93       	push	r28
    4fa0:	df 93       	push	r29
    4fa2:	1f 92       	push	r1
    4fa4:	cd b7       	in	r28, 0x3d	; 61
    4fa6:	de b7       	in	r29, 0x3e	; 62
    4fa8:	89 83       	std	Y+1, r24	; 0x01
    // Kanal definieren
    ADMUX&=0xf0;
    4faa:	8c e7       	ldi	r24, 0x7C	; 124
    4fac:	90 e0       	ldi	r25, 0x00	; 0
    4fae:	2c e7       	ldi	r18, 0x7C	; 124
    4fb0:	30 e0       	ldi	r19, 0x00	; 0
    4fb2:	f9 01       	movw	r30, r18
    4fb4:	20 81       	ld	r18, Z
    4fb6:	20 7f       	andi	r18, 0xF0	; 240
    4fb8:	fc 01       	movw	r30, r24
    4fba:	20 83       	st	Z, r18
    ADMUX|=kanal&0x07;		//write ls3b to ADMUX
    4fbc:	8c e7       	ldi	r24, 0x7C	; 124
    4fbe:	90 e0       	ldi	r25, 0x00	; 0
    4fc0:	2c e7       	ldi	r18, 0x7C	; 124
    4fc2:	30 e0       	ldi	r19, 0x00	; 0
    4fc4:	f9 01       	movw	r30, r18
    4fc6:	20 81       	ld	r18, Z
    4fc8:	32 2f       	mov	r19, r18
    4fca:	29 81       	ldd	r18, Y+1	; 0x01
    4fcc:	27 70       	andi	r18, 0x07	; 7
    4fce:	23 2b       	or	r18, r19
    4fd0:	fc 01       	movw	r30, r24
    4fd2:	20 83       	st	Z, r18
    ADCSRB&=~0x08;
    4fd4:	8b e7       	ldi	r24, 0x7B	; 123
    4fd6:	90 e0       	ldi	r25, 0x00	; 0
    4fd8:	2b e7       	ldi	r18, 0x7B	; 123
    4fda:	30 e0       	ldi	r19, 0x00	; 0
    4fdc:	f9 01       	movw	r30, r18
    4fde:	20 81       	ld	r18, Z
    4fe0:	27 7f       	andi	r18, 0xF7	; 247
    4fe2:	fc 01       	movw	r30, r24
    4fe4:	20 83       	st	Z, r18
    ADCSRB|=kanal&0x08;		//write msb to ADCSRB
    4fe6:	8b e7       	ldi	r24, 0x7B	; 123
    4fe8:	90 e0       	ldi	r25, 0x00	; 0
    4fea:	2b e7       	ldi	r18, 0x7B	; 123
    4fec:	30 e0       	ldi	r19, 0x00	; 0
    4fee:	f9 01       	movw	r30, r18
    4ff0:	20 81       	ld	r18, Z
    4ff2:	32 2f       	mov	r19, r18
    4ff4:	29 81       	ldd	r18, Y+1	; 0x01
    4ff6:	28 70       	andi	r18, 0x08	; 8
    4ff8:	23 2b       	or	r18, r19
    4ffa:	fc 01       	movw	r30, r24
    4ffc:	20 83       	st	Z, r18
    
    ADCSRA |= _BV(ADSC);	 	// ADC Starten
    4ffe:	8a e7       	ldi	r24, 0x7A	; 122
    5000:	90 e0       	ldi	r25, 0x00	; 0
    5002:	2a e7       	ldi	r18, 0x7A	; 122
    5004:	30 e0       	ldi	r19, 0x00	; 0
    5006:	f9 01       	movw	r30, r18
    5008:	20 81       	ld	r18, Z
    500a:	20 64       	ori	r18, 0x40	; 64
    500c:	fc 01       	movw	r30, r24
    500e:	20 83       	st	Z, r18
    while(ADCSRA & _BV(ADSC));// Warten bis Messung abgeschllossen
    5010:	00 00       	nop
    5012:	8a e7       	ldi	r24, 0x7A	; 122
    5014:	90 e0       	ldi	r25, 0x00	; 0
    5016:	fc 01       	movw	r30, r24
    5018:	80 81       	ld	r24, Z
    501a:	88 2f       	mov	r24, r24
    501c:	90 e0       	ldi	r25, 0x00	; 0
    501e:	80 74       	andi	r24, 0x40	; 64
    5020:	99 27       	eor	r25, r25
    5022:	89 2b       	or	r24, r25
    5024:	b1 f7       	brne	.-20     	; 0x5012 <adm_ADC_read+0x74>
    
    return ADC;
    5026:	88 e7       	ldi	r24, 0x78	; 120
    5028:	90 e0       	ldi	r25, 0x00	; 0
    502a:	fc 01       	movw	r30, r24
    502c:	80 81       	ld	r24, Z
    502e:	91 81       	ldd	r25, Z+1	; 0x01
}
    5030:	0f 90       	pop	r0
    5032:	df 91       	pop	r29
    5034:	cf 91       	pop	r28
    5036:	08 95       	ret

00005038 <abInsGefaengnis>:
*
* Rückgabewert: kein Rückgabewert (void)
*
\******************************************************************************/
void abInsGefaengnis(uint8_t spielerNr)
{
    5038:	cf 93       	push	r28
    503a:	df 93       	push	r29
    503c:	1f 92       	push	r1
    503e:	cd b7       	in	r28, 0x3d	; 61
    5040:	de b7       	in	r29, 0x3e	; 62
    5042:	89 83       	std	Y+1, r24	; 0x01
    spielerImGefaengnis[spielerNr] = 1;
    5044:	89 81       	ldd	r24, Y+1	; 0x01
    5046:	88 2f       	mov	r24, r24
    5048:	90 e0       	ldi	r25, 0x00	; 0
    504a:	82 5a       	subi	r24, 0xA2	; 162
    504c:	99 4f       	sbci	r25, 0xF9	; 249
    504e:	21 e0       	ldi	r18, 0x01	; 1
    5050:	fc 01       	movw	r30, r24
    5052:	20 83       	st	Z, r18
    blaulicht(100,20);
    5054:	64 e1       	ldi	r22, 0x14	; 20
    5056:	84 e6       	ldi	r24, 0x64	; 100
    5058:	17 d0       	rcall	.+46     	; 0x5088 <blaulicht>
    spielerInfo[spielerNr].position = 10;
    505a:	89 81       	ldd	r24, Y+1	; 0x01
    505c:	28 2f       	mov	r18, r24
    505e:	30 e0       	ldi	r19, 0x00	; 0
    5060:	45 e3       	ldi	r20, 0x35	; 53
    5062:	42 9f       	mul	r20, r18
    5064:	c0 01       	movw	r24, r0
    5066:	43 9f       	mul	r20, r19
    5068:	90 0d       	add	r25, r0
    506a:	11 24       	eor	r1, r1
    506c:	85 56       	subi	r24, 0x65	; 101
    506e:	99 4f       	sbci	r25, 0xF9	; 249
    5070:	2a e0       	ldi	r18, 0x0A	; 10
    5072:	fc 01       	movw	r30, r24
    5074:	20 83       	st	Z, r18
    setPlayerPosition(10,spielerNr);
    5076:	69 81       	ldd	r22, Y+1	; 0x01
    5078:	8a e0       	ldi	r24, 0x0A	; 10
    507a:	0e 94 10 1e 	call	0x3c20	; 0x3c20 <setPlayerPosition>
}
    507e:	00 00       	nop
    5080:	0f 90       	pop	r0
    5082:	df 91       	pop	r29
    5084:	cf 91       	pop	r28
    5086:	08 95       	ret

00005088 <blaulicht>:

void blaulicht(uint8_t delay, uint8_t anzahlWiederholungen)
{
    5088:	cf 93       	push	r28
    508a:	df 93       	push	r29
    508c:	cd b7       	in	r28, 0x3d	; 61
    508e:	de b7       	in	r29, 0x3e	; 62
    5090:	6f 97       	sbiw	r28, 0x1f	; 31
    5092:	0f b6       	in	r0, 0x3f	; 63
    5094:	f8 94       	cli
    5096:	de bf       	out	0x3e, r29	; 62
    5098:	0f be       	out	0x3f, r0	; 63
    509a:	cd bf       	out	0x3d, r28	; 61
    509c:	8e 8f       	std	Y+30, r24	; 0x1e
    509e:	6f 8f       	std	Y+31, r22	; 0x1f
    for (uint8_t i = 0; i < anzahlWiederholungen; i = i + 1)
    50a0:	19 82       	std	Y+1, r1	; 0x01
    50a2:	0b c1       	rjmp	.+534    	; 0x52ba <blaulicht+0x232>
    {
        PORTC |=  BLAULICHT_LED1_ON;
    50a4:	88 e2       	ldi	r24, 0x28	; 40
    50a6:	90 e0       	ldi	r25, 0x00	; 0
    50a8:	28 e2       	ldi	r18, 0x28	; 40
    50aa:	30 e0       	ldi	r19, 0x00	; 0
    50ac:	f9 01       	movw	r30, r18
    50ae:	20 81       	ld	r18, Z
    50b0:	20 68       	ori	r18, 0x80	; 128
    50b2:	fc 01       	movw	r30, r24
    50b4:	20 83       	st	Z, r18
        PORTC &= BLAULICHT_LED2_OFF;
    50b6:	88 e2       	ldi	r24, 0x28	; 40
    50b8:	90 e0       	ldi	r25, 0x00	; 0
    50ba:	28 e2       	ldi	r18, 0x28	; 40
    50bc:	30 e0       	ldi	r19, 0x00	; 0
    50be:	f9 01       	movw	r30, r18
    50c0:	20 81       	ld	r18, Z
    50c2:	2f 7b       	andi	r18, 0xBF	; 191
    50c4:	fc 01       	movw	r30, r24
    50c6:	20 83       	st	Z, r18
        _delay_ms(delay);
    50c8:	8e 8d       	ldd	r24, Y+30	; 0x1e
    50ca:	88 2f       	mov	r24, r24
    50cc:	90 e0       	ldi	r25, 0x00	; 0
    50ce:	a0 e0       	ldi	r26, 0x00	; 0
    50d0:	b0 e0       	ldi	r27, 0x00	; 0
    50d2:	bc 01       	movw	r22, r24
    50d4:	cd 01       	movw	r24, r26
    50d6:	0e 94 89 40 	call	0x8112	; 0x8112 <__floatunsisf>
    50da:	dc 01       	movw	r26, r24
    50dc:	cb 01       	movw	r24, r22
    50de:	8a 83       	std	Y+2, r24	; 0x02
    50e0:	9b 83       	std	Y+3, r25	; 0x03
    50e2:	ac 83       	std	Y+4, r26	; 0x04
    50e4:	bd 83       	std	Y+5, r27	; 0x05

	__builtin_avr_delay_cycles(__ticks_dc);

#else
	uint16_t __ticks;
	__tmp = ((F_CPU) / 4e3) * __ms;
    50e6:	20 e0       	ldi	r18, 0x00	; 0
    50e8:	30 e0       	ldi	r19, 0x00	; 0
    50ea:	4a e7       	ldi	r20, 0x7A	; 122
    50ec:	55 e4       	ldi	r21, 0x45	; 69
    50ee:	6a 81       	ldd	r22, Y+2	; 0x02
    50f0:	7b 81       	ldd	r23, Y+3	; 0x03
    50f2:	8c 81       	ldd	r24, Y+4	; 0x04
    50f4:	9d 81       	ldd	r25, Y+5	; 0x05
    50f6:	0e 94 3f 41 	call	0x827e	; 0x827e <__mulsf3>
    50fa:	dc 01       	movw	r26, r24
    50fc:	cb 01       	movw	r24, r22
    50fe:	8c 8b       	std	Y+20, r24	; 0x14
    5100:	9d 8b       	std	Y+21, r25	; 0x15
    5102:	ae 8b       	std	Y+22, r26	; 0x16
    5104:	bf 8b       	std	Y+23, r27	; 0x17
	if (__tmp < 1.0)
    5106:	20 e0       	ldi	r18, 0x00	; 0
    5108:	30 e0       	ldi	r19, 0x00	; 0
    510a:	40 e8       	ldi	r20, 0x80	; 128
    510c:	5f e3       	ldi	r21, 0x3F	; 63
    510e:	6c 89       	ldd	r22, Y+20	; 0x14
    5110:	7d 89       	ldd	r23, Y+21	; 0x15
    5112:	8e 89       	ldd	r24, Y+22	; 0x16
    5114:	9f 89       	ldd	r25, Y+23	; 0x17
    5116:	0e 94 f1 3f 	call	0x7fe2	; 0x7fe2 <__cmpsf2>
    511a:	88 23       	and	r24, r24
    511c:	0c f4       	brge	.+2      	; 0x5120 <blaulicht+0x98>
    511e:	3c c0       	rjmp	.+120    	; 0x5198 <blaulicht+0x110>
		__ticks = 1;
	else if (__tmp > 65535)
    5120:	20 e0       	ldi	r18, 0x00	; 0
    5122:	3f ef       	ldi	r19, 0xFF	; 255
    5124:	4f e7       	ldi	r20, 0x7F	; 127
    5126:	57 e4       	ldi	r21, 0x47	; 71
    5128:	6c 89       	ldd	r22, Y+20	; 0x14
    512a:	7d 89       	ldd	r23, Y+21	; 0x15
    512c:	8e 89       	ldd	r24, Y+22	; 0x16
    512e:	9f 89       	ldd	r25, Y+23	; 0x17
    5130:	0e 94 3b 41 	call	0x8276	; 0x8276 <__gesf2>
    5134:	18 16       	cp	r1, r24
    5136:	2c f5       	brge	.+74     	; 0x5182 <blaulicht+0xfa>
	{
		//	__ticks = requested delay in 1/10 ms
		__ticks = (uint16_t) (__ms * 10.0);
    5138:	20 e0       	ldi	r18, 0x00	; 0
    513a:	30 e0       	ldi	r19, 0x00	; 0
    513c:	40 e2       	ldi	r20, 0x20	; 32
    513e:	51 e4       	ldi	r21, 0x41	; 65
    5140:	6a 81       	ldd	r22, Y+2	; 0x02
    5142:	7b 81       	ldd	r23, Y+3	; 0x03
    5144:	8c 81       	ldd	r24, Y+4	; 0x04
    5146:	9d 81       	ldd	r25, Y+5	; 0x05
    5148:	0e 94 3f 41 	call	0x827e	; 0x827e <__mulsf3>
    514c:	dc 01       	movw	r26, r24
    514e:	cb 01       	movw	r24, r22
    5150:	bc 01       	movw	r22, r24
    5152:	cd 01       	movw	r24, r26
    5154:	0e 94 5d 40 	call	0x80ba	; 0x80ba <__fixunssfsi>
    5158:	dc 01       	movw	r26, r24
    515a:	cb 01       	movw	r24, r22
    515c:	99 8f       	std	Y+25, r25	; 0x19
    515e:	88 8f       	std	Y+24, r24	; 0x18
    5160:	0b c0       	rjmp	.+22     	; 0x5178 <blaulicht+0xf0>
    milliseconds can be achieved.
 */
void
_delay_loop_2(uint16_t __count)
{
	__asm__ volatile (
    5162:	80 e9       	ldi	r24, 0x90	; 144
    5164:	91 e0       	ldi	r25, 0x01	; 1
    5166:	01 97       	sbiw	r24, 0x01	; 1
    5168:	f1 f7       	brne	.-4      	; 0x5166 <blaulicht+0xde>
    516a:	9b 8f       	std	Y+27, r25	; 0x1b
    516c:	8a 8f       	std	Y+26, r24	; 0x1a
		while(__ticks)
		{
			// wait 1/10 ms
			_delay_loop_2(((F_CPU) / 4e3) / 10);
			__ticks --;
    516e:	88 8d       	ldd	r24, Y+24	; 0x18
    5170:	99 8d       	ldd	r25, Y+25	; 0x19
    5172:	01 97       	sbiw	r24, 0x01	; 1
    5174:	99 8f       	std	Y+25, r25	; 0x19
    5176:	88 8f       	std	Y+24, r24	; 0x18
		__ticks = 1;
	else if (__tmp > 65535)
	{
		//	__ticks = requested delay in 1/10 ms
		__ticks = (uint16_t) (__ms * 10.0);
		while(__ticks)
    5178:	88 8d       	ldd	r24, Y+24	; 0x18
    517a:	99 8d       	ldd	r25, Y+25	; 0x19
    517c:	89 2b       	or	r24, r25
    517e:	89 f7       	brne	.-30     	; 0x5162 <blaulicht+0xda>
    5180:	15 c0       	rjmp	.+42     	; 0x51ac <blaulicht+0x124>
			__ticks --;
		}
		return;
	}
	else
		__ticks = (uint16_t)__tmp;
    5182:	6c 89       	ldd	r22, Y+20	; 0x14
    5184:	7d 89       	ldd	r23, Y+21	; 0x15
    5186:	8e 89       	ldd	r24, Y+22	; 0x16
    5188:	9f 89       	ldd	r25, Y+23	; 0x17
    518a:	0e 94 5d 40 	call	0x80ba	; 0x80ba <__fixunssfsi>
    518e:	dc 01       	movw	r26, r24
    5190:	cb 01       	movw	r24, r22
    5192:	99 8f       	std	Y+25, r25	; 0x19
    5194:	88 8f       	std	Y+24, r24	; 0x18
    5196:	04 c0       	rjmp	.+8      	; 0x51a0 <blaulicht+0x118>

#else
	uint16_t __ticks;
	__tmp = ((F_CPU) / 4e3) * __ms;
	if (__tmp < 1.0)
		__ticks = 1;
    5198:	81 e0       	ldi	r24, 0x01	; 1
    519a:	90 e0       	ldi	r25, 0x00	; 0
    519c:	99 8f       	std	Y+25, r25	; 0x19
    519e:	88 8f       	std	Y+24, r24	; 0x18
    51a0:	88 8d       	ldd	r24, Y+24	; 0x18
    51a2:	99 8d       	ldd	r25, Y+25	; 0x19
    51a4:	01 97       	sbiw	r24, 0x01	; 1
    51a6:	f1 f7       	brne	.-4      	; 0x51a4 <blaulicht+0x11c>
    51a8:	9d 8f       	std	Y+29, r25	; 0x1d
    51aa:	8c 8f       	std	Y+28, r24	; 0x1c
        PORTC |=  BLAULICHT_LED2_ON;
    51ac:	88 e2       	ldi	r24, 0x28	; 40
    51ae:	90 e0       	ldi	r25, 0x00	; 0
    51b0:	28 e2       	ldi	r18, 0x28	; 40
    51b2:	30 e0       	ldi	r19, 0x00	; 0
    51b4:	f9 01       	movw	r30, r18
    51b6:	20 81       	ld	r18, Z
    51b8:	20 64       	ori	r18, 0x40	; 64
    51ba:	fc 01       	movw	r30, r24
    51bc:	20 83       	st	Z, r18
        PORTC &= BLAULICHT_LED1_OFF;
    51be:	88 e2       	ldi	r24, 0x28	; 40
    51c0:	90 e0       	ldi	r25, 0x00	; 0
    51c2:	28 e2       	ldi	r18, 0x28	; 40
    51c4:	30 e0       	ldi	r19, 0x00	; 0
    51c6:	f9 01       	movw	r30, r18
    51c8:	20 81       	ld	r18, Z
    51ca:	2f 77       	andi	r18, 0x7F	; 127
    51cc:	fc 01       	movw	r30, r24
    51ce:	20 83       	st	Z, r18
        _delay_ms(delay);
    51d0:	8e 8d       	ldd	r24, Y+30	; 0x1e
    51d2:	88 2f       	mov	r24, r24
    51d4:	90 e0       	ldi	r25, 0x00	; 0
    51d6:	a0 e0       	ldi	r26, 0x00	; 0
    51d8:	b0 e0       	ldi	r27, 0x00	; 0
    51da:	bc 01       	movw	r22, r24
    51dc:	cd 01       	movw	r24, r26
    51de:	0e 94 89 40 	call	0x8112	; 0x8112 <__floatunsisf>
    51e2:	dc 01       	movw	r26, r24
    51e4:	cb 01       	movw	r24, r22
    51e6:	8e 83       	std	Y+6, r24	; 0x06
    51e8:	9f 83       	std	Y+7, r25	; 0x07
    51ea:	a8 87       	std	Y+8, r26	; 0x08
    51ec:	b9 87       	std	Y+9, r27	; 0x09

	__builtin_avr_delay_cycles(__ticks_dc);

#else
	uint16_t __ticks;
	__tmp = ((F_CPU) / 4e3) * __ms;
    51ee:	20 e0       	ldi	r18, 0x00	; 0
    51f0:	30 e0       	ldi	r19, 0x00	; 0
    51f2:	4a e7       	ldi	r20, 0x7A	; 122
    51f4:	55 e4       	ldi	r21, 0x45	; 69
    51f6:	6e 81       	ldd	r22, Y+6	; 0x06
    51f8:	7f 81       	ldd	r23, Y+7	; 0x07
    51fa:	88 85       	ldd	r24, Y+8	; 0x08
    51fc:	99 85       	ldd	r25, Y+9	; 0x09
    51fe:	0e 94 3f 41 	call	0x827e	; 0x827e <__mulsf3>
    5202:	dc 01       	movw	r26, r24
    5204:	cb 01       	movw	r24, r22
    5206:	8a 87       	std	Y+10, r24	; 0x0a
    5208:	9b 87       	std	Y+11, r25	; 0x0b
    520a:	ac 87       	std	Y+12, r26	; 0x0c
    520c:	bd 87       	std	Y+13, r27	; 0x0d
	if (__tmp < 1.0)
    520e:	20 e0       	ldi	r18, 0x00	; 0
    5210:	30 e0       	ldi	r19, 0x00	; 0
    5212:	40 e8       	ldi	r20, 0x80	; 128
    5214:	5f e3       	ldi	r21, 0x3F	; 63
    5216:	6a 85       	ldd	r22, Y+10	; 0x0a
    5218:	7b 85       	ldd	r23, Y+11	; 0x0b
    521a:	8c 85       	ldd	r24, Y+12	; 0x0c
    521c:	9d 85       	ldd	r25, Y+13	; 0x0d
    521e:	0e 94 f1 3f 	call	0x7fe2	; 0x7fe2 <__cmpsf2>
    5222:	88 23       	and	r24, r24
    5224:	0c f4       	brge	.+2      	; 0x5228 <blaulicht+0x1a0>
    5226:	3c c0       	rjmp	.+120    	; 0x52a0 <blaulicht+0x218>
		__ticks = 1;
	else if (__tmp > 65535)
    5228:	20 e0       	ldi	r18, 0x00	; 0
    522a:	3f ef       	ldi	r19, 0xFF	; 255
    522c:	4f e7       	ldi	r20, 0x7F	; 127
    522e:	57 e4       	ldi	r21, 0x47	; 71
    5230:	6a 85       	ldd	r22, Y+10	; 0x0a
    5232:	7b 85       	ldd	r23, Y+11	; 0x0b
    5234:	8c 85       	ldd	r24, Y+12	; 0x0c
    5236:	9d 85       	ldd	r25, Y+13	; 0x0d
    5238:	0e 94 3b 41 	call	0x8276	; 0x8276 <__gesf2>
    523c:	18 16       	cp	r1, r24
    523e:	2c f5       	brge	.+74     	; 0x528a <blaulicht+0x202>
	{
		//	__ticks = requested delay in 1/10 ms
		__ticks = (uint16_t) (__ms * 10.0);
    5240:	20 e0       	ldi	r18, 0x00	; 0
    5242:	30 e0       	ldi	r19, 0x00	; 0
    5244:	40 e2       	ldi	r20, 0x20	; 32
    5246:	51 e4       	ldi	r21, 0x41	; 65
    5248:	6e 81       	ldd	r22, Y+6	; 0x06
    524a:	7f 81       	ldd	r23, Y+7	; 0x07
    524c:	88 85       	ldd	r24, Y+8	; 0x08
    524e:	99 85       	ldd	r25, Y+9	; 0x09
    5250:	0e 94 3f 41 	call	0x827e	; 0x827e <__mulsf3>
    5254:	dc 01       	movw	r26, r24
    5256:	cb 01       	movw	r24, r22
    5258:	bc 01       	movw	r22, r24
    525a:	cd 01       	movw	r24, r26
    525c:	0e 94 5d 40 	call	0x80ba	; 0x80ba <__fixunssfsi>
    5260:	dc 01       	movw	r26, r24
    5262:	cb 01       	movw	r24, r22
    5264:	9f 87       	std	Y+15, r25	; 0x0f
    5266:	8e 87       	std	Y+14, r24	; 0x0e
    5268:	0b c0       	rjmp	.+22     	; 0x5280 <blaulicht+0x1f8>
    526a:	80 e9       	ldi	r24, 0x90	; 144
    526c:	91 e0       	ldi	r25, 0x01	; 1
    526e:	01 97       	sbiw	r24, 0x01	; 1
    5270:	f1 f7       	brne	.-4      	; 0x526e <blaulicht+0x1e6>
    5272:	99 8b       	std	Y+17, r25	; 0x11
    5274:	88 8b       	std	Y+16, r24	; 0x10
		while(__ticks)
		{
			// wait 1/10 ms
			_delay_loop_2(((F_CPU) / 4e3) / 10);
			__ticks --;
    5276:	8e 85       	ldd	r24, Y+14	; 0x0e
    5278:	9f 85       	ldd	r25, Y+15	; 0x0f
    527a:	01 97       	sbiw	r24, 0x01	; 1
    527c:	9f 87       	std	Y+15, r25	; 0x0f
    527e:	8e 87       	std	Y+14, r24	; 0x0e
		__ticks = 1;
	else if (__tmp > 65535)
	{
		//	__ticks = requested delay in 1/10 ms
		__ticks = (uint16_t) (__ms * 10.0);
		while(__ticks)
    5280:	8e 85       	ldd	r24, Y+14	; 0x0e
    5282:	9f 85       	ldd	r25, Y+15	; 0x0f
    5284:	89 2b       	or	r24, r25
    5286:	89 f7       	brne	.-30     	; 0x526a <blaulicht+0x1e2>
    5288:	15 c0       	rjmp	.+42     	; 0x52b4 <blaulicht+0x22c>
			__ticks --;
		}
		return;
	}
	else
		__ticks = (uint16_t)__tmp;
    528a:	6a 85       	ldd	r22, Y+10	; 0x0a
    528c:	7b 85       	ldd	r23, Y+11	; 0x0b
    528e:	8c 85       	ldd	r24, Y+12	; 0x0c
    5290:	9d 85       	ldd	r25, Y+13	; 0x0d
    5292:	0e 94 5d 40 	call	0x80ba	; 0x80ba <__fixunssfsi>
    5296:	dc 01       	movw	r26, r24
    5298:	cb 01       	movw	r24, r22
    529a:	9f 87       	std	Y+15, r25	; 0x0f
    529c:	8e 87       	std	Y+14, r24	; 0x0e
    529e:	04 c0       	rjmp	.+8      	; 0x52a8 <blaulicht+0x220>

#else
	uint16_t __ticks;
	__tmp = ((F_CPU) / 4e3) * __ms;
	if (__tmp < 1.0)
		__ticks = 1;
    52a0:	81 e0       	ldi	r24, 0x01	; 1
    52a2:	90 e0       	ldi	r25, 0x00	; 0
    52a4:	9f 87       	std	Y+15, r25	; 0x0f
    52a6:	8e 87       	std	Y+14, r24	; 0x0e
    52a8:	8e 85       	ldd	r24, Y+14	; 0x0e
    52aa:	9f 85       	ldd	r25, Y+15	; 0x0f
    52ac:	01 97       	sbiw	r24, 0x01	; 1
    52ae:	f1 f7       	brne	.-4      	; 0x52ac <blaulicht+0x224>
    52b0:	9b 8b       	std	Y+19, r25	; 0x13
    52b2:	8a 8b       	std	Y+18, r24	; 0x12
    setPlayerPosition(10,spielerNr);
}

void blaulicht(uint8_t delay, uint8_t anzahlWiederholungen)
{
    for (uint8_t i = 0; i < anzahlWiederholungen; i = i + 1)
    52b4:	89 81       	ldd	r24, Y+1	; 0x01
    52b6:	8f 5f       	subi	r24, 0xFF	; 255
    52b8:	89 83       	std	Y+1, r24	; 0x01
    52ba:	99 81       	ldd	r25, Y+1	; 0x01
    52bc:	8f 8d       	ldd	r24, Y+31	; 0x1f
    52be:	98 17       	cp	r25, r24
    52c0:	08 f4       	brcc	.+2      	; 0x52c4 <blaulicht+0x23c>
    52c2:	f0 ce       	rjmp	.-544    	; 0x50a4 <blaulicht+0x1c>
        _delay_ms(delay);
        PORTC |=  BLAULICHT_LED2_ON;
        PORTC &= BLAULICHT_LED1_OFF;
        _delay_ms(delay);
    }
    PORTC &= BLAULICHT_OFF;
    52c4:	88 e2       	ldi	r24, 0x28	; 40
    52c6:	90 e0       	ldi	r25, 0x00	; 0
    52c8:	28 e2       	ldi	r18, 0x28	; 40
    52ca:	30 e0       	ldi	r19, 0x00	; 0
    52cc:	f9 01       	movw	r30, r18
    52ce:	20 81       	ld	r18, Z
    52d0:	2f 73       	andi	r18, 0x3F	; 63
    52d2:	fc 01       	movw	r30, r24
    52d4:	20 83       	st	Z, r18
}
    52d6:	00 00       	nop
    52d8:	6f 96       	adiw	r28, 0x1f	; 31
    52da:	0f b6       	in	r0, 0x3f	; 63
    52dc:	f8 94       	cli
    52de:	de bf       	out	0x3e, r29	; 62
    52e0:	0f be       	out	0x3f, r0	; 63
    52e2:	cd bf       	out	0x3d, r28	; 61
    52e4:	df 91       	pop	r29
    52e6:	cf 91       	pop	r28
    52e8:	08 95       	ret

000052ea <PortInitialisierung>:
*
* Rückgabewert: kein Rückgabewert (void)
*
\******************************************************************************/
void PortInitialisierung(void)
{
    52ea:	cf 93       	push	r28
    52ec:	df 93       	push	r29
    52ee:	cd b7       	in	r28, 0x3d	; 61
    52f0:	de b7       	in	r29, 0x3e	; 62
    DDRA = 0xFF;		// Port A auf Ausgang initialisieren (alle Pins)
    52f2:	81 e2       	ldi	r24, 0x21	; 33
    52f4:	90 e0       	ldi	r25, 0x00	; 0
    52f6:	2f ef       	ldi	r18, 0xFF	; 255
    52f8:	fc 01       	movw	r30, r24
    52fa:	20 83       	st	Z, r18
    DDRB = 0xFF;		// Port B auf Ausgang initialisieren (alle Pins)
    52fc:	84 e2       	ldi	r24, 0x24	; 36
    52fe:	90 e0       	ldi	r25, 0x00	; 0
    5300:	2f ef       	ldi	r18, 0xFF	; 255
    5302:	fc 01       	movw	r30, r24
    5304:	20 83       	st	Z, r18
    PORTB = 0b00100000; //Setzt Clear der Spieler Schieberegister auf 1
    5306:	85 e2       	ldi	r24, 0x25	; 37
    5308:	90 e0       	ldi	r25, 0x00	; 0
    530a:	20 e2       	ldi	r18, 0x20	; 32
    530c:	fc 01       	movw	r30, r24
    530e:	20 83       	st	Z, r18
    DDRC = 0xFF;		// Port C auf Ausgang initialisieren (alle Pins)
    5310:	87 e2       	ldi	r24, 0x27	; 39
    5312:	90 e0       	ldi	r25, 0x00	; 0
    5314:	2f ef       	ldi	r18, 0xFF	; 255
    5316:	fc 01       	movw	r30, r24
    5318:	20 83       	st	Z, r18
    PORTC = 0x3F;
    531a:	88 e2       	ldi	r24, 0x28	; 40
    531c:	90 e0       	ldi	r25, 0x00	; 0
    531e:	2f e3       	ldi	r18, 0x3F	; 63
    5320:	fc 01       	movw	r30, r24
    5322:	20 83       	st	Z, r18
    DDRD = 0xFF;		// Port D auf Ausgang initialisieren (alle Pins)
    5324:	8a e2       	ldi	r24, 0x2A	; 42
    5326:	90 e0       	ldi	r25, 0x00	; 0
    5328:	2f ef       	ldi	r18, 0xFF	; 255
    532a:	fc 01       	movw	r30, r24
    532c:	20 83       	st	Z, r18
    PORTD = 0x00;
    532e:	8b e2       	ldi	r24, 0x2B	; 43
    5330:	90 e0       	ldi	r25, 0x00	; 0
    5332:	fc 01       	movw	r30, r24
    5334:	10 82       	st	Z, r1
    DDRE = 0xFF;		// Port E auf Ausgang initialisieren (alle Pins)
    5336:	8d e2       	ldi	r24, 0x2D	; 45
    5338:	90 e0       	ldi	r25, 0x00	; 0
    533a:	2f ef       	ldi	r18, 0xFF	; 255
    533c:	fc 01       	movw	r30, r24
    533e:	20 83       	st	Z, r18
    PORTE = 0b00010000; //Setzt Clear der Häuser schieberegister auf 1
    5340:	8e e2       	ldi	r24, 0x2E	; 46
    5342:	90 e0       	ldi	r25, 0x00	; 0
    5344:	20 e1       	ldi	r18, 0x10	; 16
    5346:	fc 01       	movw	r30, r24
    5348:	20 83       	st	Z, r18
    DDRF = 0xFE;		// Port F auf Ausgang initialisieren (alle Pins)
    534a:	80 e3       	ldi	r24, 0x30	; 48
    534c:	90 e0       	ldi	r25, 0x00	; 0
    534e:	2e ef       	ldi	r18, 0xFE	; 254
    5350:	fc 01       	movw	r30, r24
    5352:	20 83       	st	Z, r18
    DDRH = 0xFF;		// Port H auf Ausgang initialisieren (alle Pins)
    5354:	81 e0       	ldi	r24, 0x01	; 1
    5356:	91 e0       	ldi	r25, 0x01	; 1
    5358:	2f ef       	ldi	r18, 0xFF	; 255
    535a:	fc 01       	movw	r30, r24
    535c:	20 83       	st	Z, r18
    PORTH = 0x10;       //Setzt Clear der Siebensegmente schieberegister auf 1
    535e:	82 e0       	ldi	r24, 0x02	; 2
    5360:	91 e0       	ldi	r25, 0x01	; 1
    5362:	20 e1       	ldi	r18, 0x10	; 16
    5364:	fc 01       	movw	r30, r24
    5366:	20 83       	st	Z, r18
    DDRJ = 0xFF;		// Port J auf Ausgang initialisieren (alle Pins)
    5368:	84 e0       	ldi	r24, 0x04	; 4
    536a:	91 e0       	ldi	r25, 0x01	; 1
    536c:	2f ef       	ldi	r18, 0xFF	; 255
    536e:	fc 01       	movw	r30, r24
    5370:	20 83       	st	Z, r18
    PORTJ = 0x10;       //Setzt Clear der Würfel schieberegister auf 1
    5372:	85 e0       	ldi	r24, 0x05	; 5
    5374:	91 e0       	ldi	r25, 0x01	; 1
    5376:	20 e1       	ldi	r18, 0x10	; 16
    5378:	fc 01       	movw	r30, r24
    537a:	20 83       	st	Z, r18
    DDRK = 0x00;		// Port K auf Eingang initialisieren (alle Pins)
    537c:	87 e0       	ldi	r24, 0x07	; 7
    537e:	91 e0       	ldi	r25, 0x01	; 1
    5380:	fc 01       	movw	r30, r24
    5382:	10 82       	st	Z, r1
    DDRL = 0x00;		// Port L auf Eingang initialisieren (alle Pins)
    5384:	8a e0       	ldi	r24, 0x0A	; 10
    5386:	91 e0       	ldi	r25, 0x01	; 1
    5388:	fc 01       	movw	r30, r24
    538a:	10 82       	st	Z, r1
}
    538c:	00 00       	nop
    538e:	df 91       	pop	r29
    5390:	cf 91       	pop	r28
    5392:	08 95       	ret

00005394 <startGeldAnimation>:
*
* Rückgabewert: kein Rückgabewert (void)
*
\******************************************************************************/
void startGeldAnimation(uint8_t anzahlSpieler)
{
    5394:	cf 93       	push	r28
    5396:	df 93       	push	r29
    5398:	cd b7       	in	r28, 0x3d	; 61
    539a:	de b7       	in	r29, 0x3e	; 62
    539c:	ef 97       	sbiw	r28, 0x3f	; 63
    539e:	0f b6       	in	r0, 0x3f	; 63
    53a0:	f8 94       	cli
    53a2:	de bf       	out	0x3e, r29	; 62
    53a4:	0f be       	out	0x3f, r0	; 63
    53a6:	cd bf       	out	0x3d, r28	; 61
    53a8:	8f af       	std	Y+63, r24	; 0x3f
    //Die Zahlen im Array sind die banknoten die man als starkapital erhält
    uint16_t startgeld[16] = {500,500,100,100,100,100,50,20,10,10,5,1,1,1,1,1};
    53aa:	80 e2       	ldi	r24, 0x20	; 32
    53ac:	ed ee       	ldi	r30, 0xED	; 237
    53ae:	f3 e0       	ldi	r31, 0x03	; 3
    53b0:	de 01       	movw	r26, r28
    53b2:	5f 96       	adiw	r26, 0x1f	; 31
    53b4:	01 90       	ld	r0, Z+
    53b6:	0d 92       	st	X+, r0
    53b8:	8a 95       	dec	r24
    53ba:	e1 f7       	brne	.-8      	; 0x53b4 <startGeldAnimation+0x20>
    //die 16 bezieht sich auf die anzahl banknoten die man bekommt
    for (uint8_t i = 0; i < 16; i = i + 1)
    53bc:	19 82       	std	Y+1, r1	; 0x01
    53be:	14 c1       	rjmp	.+552    	; 0x55e8 <startGeldAnimation+0x254>
    {
        //verteilt die Banknoten an die Spieler
        for (uint8_t j = 1; j <= anzahlSpieler; j = j + 1)
    53c0:	81 e0       	ldi	r24, 0x01	; 1
    53c2:	8a 83       	std	Y+2, r24	; 0x02
    53c4:	9e c0       	rjmp	.+316    	; 0x5502 <startGeldAnimation+0x16e>
        {
            //Speichert den kotostand
            spielerInfo[j].geld = spielerInfo[j].geld + startgeld[i];
    53c6:	8a 81       	ldd	r24, Y+2	; 0x02
    53c8:	48 2f       	mov	r20, r24
    53ca:	50 e0       	ldi	r21, 0x00	; 0
    53cc:	8a 81       	ldd	r24, Y+2	; 0x02
    53ce:	28 2f       	mov	r18, r24
    53d0:	30 e0       	ldi	r19, 0x00	; 0
    53d2:	65 e3       	ldi	r22, 0x35	; 53
    53d4:	62 9f       	mul	r22, r18
    53d6:	c0 01       	movw	r24, r0
    53d8:	63 9f       	mul	r22, r19
    53da:	90 0d       	add	r25, r0
    53dc:	11 24       	eor	r1, r1
    53de:	87 56       	subi	r24, 0x67	; 103
    53e0:	99 4f       	sbci	r25, 0xF9	; 249
    53e2:	fc 01       	movw	r30, r24
    53e4:	20 81       	ld	r18, Z
    53e6:	31 81       	ldd	r19, Z+1	; 0x01
    53e8:	89 81       	ldd	r24, Y+1	; 0x01
    53ea:	88 2f       	mov	r24, r24
    53ec:	90 e0       	ldi	r25, 0x00	; 0
    53ee:	88 0f       	add	r24, r24
    53f0:	99 1f       	adc	r25, r25
    53f2:	be 01       	movw	r22, r28
    53f4:	6f 5f       	subi	r22, 0xFF	; 255
    53f6:	7f 4f       	sbci	r23, 0xFF	; 255
    53f8:	86 0f       	add	r24, r22
    53fa:	97 1f       	adc	r25, r23
    53fc:	4e 96       	adiw	r24, 0x1e	; 30
    53fe:	fc 01       	movw	r30, r24
    5400:	80 81       	ld	r24, Z
    5402:	91 81       	ldd	r25, Z+1	; 0x01
    5404:	28 0f       	add	r18, r24
    5406:	39 1f       	adc	r19, r25
    5408:	65 e3       	ldi	r22, 0x35	; 53
    540a:	64 9f       	mul	r22, r20
    540c:	c0 01       	movw	r24, r0
    540e:	65 9f       	mul	r22, r21
    5410:	90 0d       	add	r25, r0
    5412:	11 24       	eor	r1, r1
    5414:	87 56       	subi	r24, 0x67	; 103
    5416:	99 4f       	sbci	r25, 0xF9	; 249
    5418:	fc 01       	movw	r30, r24
    541a:	31 83       	std	Z+1, r19	; 0x01
    541c:	20 83       	st	Z, r18
    541e:	80 e0       	ldi	r24, 0x00	; 0
    5420:	90 e0       	ldi	r25, 0x00	; 0
    5422:	a6 e9       	ldi	r26, 0x96	; 150
    5424:	b2 e4       	ldi	r27, 0x42	; 66
    5426:	8f 83       	std	Y+7, r24	; 0x07
    5428:	98 87       	std	Y+8, r25	; 0x08
    542a:	a9 87       	std	Y+9, r26	; 0x09
    542c:	ba 87       	std	Y+10, r27	; 0x0a

	__builtin_avr_delay_cycles(__ticks_dc);

#else
	uint16_t __ticks;
	__tmp = ((F_CPU) / 4e3) * __ms;
    542e:	20 e0       	ldi	r18, 0x00	; 0
    5430:	30 e0       	ldi	r19, 0x00	; 0
    5432:	4a e7       	ldi	r20, 0x7A	; 122
    5434:	55 e4       	ldi	r21, 0x45	; 69
    5436:	6f 81       	ldd	r22, Y+7	; 0x07
    5438:	78 85       	ldd	r23, Y+8	; 0x08
    543a:	89 85       	ldd	r24, Y+9	; 0x09
    543c:	9a 85       	ldd	r25, Y+10	; 0x0a
    543e:	0e 94 3f 41 	call	0x827e	; 0x827e <__mulsf3>
    5442:	dc 01       	movw	r26, r24
    5444:	cb 01       	movw	r24, r22
    5446:	8b 87       	std	Y+11, r24	; 0x0b
    5448:	9c 87       	std	Y+12, r25	; 0x0c
    544a:	ad 87       	std	Y+13, r26	; 0x0d
    544c:	be 87       	std	Y+14, r27	; 0x0e
	if (__tmp < 1.0)
    544e:	20 e0       	ldi	r18, 0x00	; 0
    5450:	30 e0       	ldi	r19, 0x00	; 0
    5452:	40 e8       	ldi	r20, 0x80	; 128
    5454:	5f e3       	ldi	r21, 0x3F	; 63
    5456:	6b 85       	ldd	r22, Y+11	; 0x0b
    5458:	7c 85       	ldd	r23, Y+12	; 0x0c
    545a:	8d 85       	ldd	r24, Y+13	; 0x0d
    545c:	9e 85       	ldd	r25, Y+14	; 0x0e
    545e:	0e 94 f1 3f 	call	0x7fe2	; 0x7fe2 <__cmpsf2>
    5462:	88 23       	and	r24, r24
    5464:	0c f4       	brge	.+2      	; 0x5468 <startGeldAnimation+0xd4>
    5466:	3c c0       	rjmp	.+120    	; 0x54e0 <startGeldAnimation+0x14c>
		__ticks = 1;
	else if (__tmp > 65535)
    5468:	20 e0       	ldi	r18, 0x00	; 0
    546a:	3f ef       	ldi	r19, 0xFF	; 255
    546c:	4f e7       	ldi	r20, 0x7F	; 127
    546e:	57 e4       	ldi	r21, 0x47	; 71
    5470:	6b 85       	ldd	r22, Y+11	; 0x0b
    5472:	7c 85       	ldd	r23, Y+12	; 0x0c
    5474:	8d 85       	ldd	r24, Y+13	; 0x0d
    5476:	9e 85       	ldd	r25, Y+14	; 0x0e
    5478:	0e 94 3b 41 	call	0x8276	; 0x8276 <__gesf2>
    547c:	18 16       	cp	r1, r24
    547e:	2c f5       	brge	.+74     	; 0x54ca <startGeldAnimation+0x136>
	{
		//	__ticks = requested delay in 1/10 ms
		__ticks = (uint16_t) (__ms * 10.0);
    5480:	20 e0       	ldi	r18, 0x00	; 0
    5482:	30 e0       	ldi	r19, 0x00	; 0
    5484:	40 e2       	ldi	r20, 0x20	; 32
    5486:	51 e4       	ldi	r21, 0x41	; 65
    5488:	6f 81       	ldd	r22, Y+7	; 0x07
    548a:	78 85       	ldd	r23, Y+8	; 0x08
    548c:	89 85       	ldd	r24, Y+9	; 0x09
    548e:	9a 85       	ldd	r25, Y+10	; 0x0a
    5490:	0e 94 3f 41 	call	0x827e	; 0x827e <__mulsf3>
    5494:	dc 01       	movw	r26, r24
    5496:	cb 01       	movw	r24, r22
    5498:	bc 01       	movw	r22, r24
    549a:	cd 01       	movw	r24, r26
    549c:	0e 94 5d 40 	call	0x80ba	; 0x80ba <__fixunssfsi>
    54a0:	dc 01       	movw	r26, r24
    54a2:	cb 01       	movw	r24, r22
    54a4:	98 8b       	std	Y+16, r25	; 0x10
    54a6:	8f 87       	std	Y+15, r24	; 0x0f
    54a8:	0b c0       	rjmp	.+22     	; 0x54c0 <startGeldAnimation+0x12c>
    54aa:	80 e9       	ldi	r24, 0x90	; 144
    54ac:	91 e0       	ldi	r25, 0x01	; 1
    54ae:	01 97       	sbiw	r24, 0x01	; 1
    54b0:	f1 f7       	brne	.-4      	; 0x54ae <startGeldAnimation+0x11a>
    54b2:	9a 8b       	std	Y+18, r25	; 0x12
    54b4:	89 8b       	std	Y+17, r24	; 0x11
		while(__ticks)
		{
			// wait 1/10 ms
			_delay_loop_2(((F_CPU) / 4e3) / 10);
			__ticks --;
    54b6:	8f 85       	ldd	r24, Y+15	; 0x0f
    54b8:	98 89       	ldd	r25, Y+16	; 0x10
    54ba:	01 97       	sbiw	r24, 0x01	; 1
    54bc:	98 8b       	std	Y+16, r25	; 0x10
    54be:	8f 87       	std	Y+15, r24	; 0x0f
		__ticks = 1;
	else if (__tmp > 65535)
	{
		//	__ticks = requested delay in 1/10 ms
		__ticks = (uint16_t) (__ms * 10.0);
		while(__ticks)
    54c0:	8f 85       	ldd	r24, Y+15	; 0x0f
    54c2:	98 89       	ldd	r25, Y+16	; 0x10
    54c4:	89 2b       	or	r24, r25
    54c6:	89 f7       	brne	.-30     	; 0x54aa <startGeldAnimation+0x116>
    54c8:	15 c0       	rjmp	.+42     	; 0x54f4 <startGeldAnimation+0x160>
			__ticks --;
		}
		return;
	}
	else
		__ticks = (uint16_t)__tmp;
    54ca:	6b 85       	ldd	r22, Y+11	; 0x0b
    54cc:	7c 85       	ldd	r23, Y+12	; 0x0c
    54ce:	8d 85       	ldd	r24, Y+13	; 0x0d
    54d0:	9e 85       	ldd	r25, Y+14	; 0x0e
    54d2:	0e 94 5d 40 	call	0x80ba	; 0x80ba <__fixunssfsi>
    54d6:	dc 01       	movw	r26, r24
    54d8:	cb 01       	movw	r24, r22
    54da:	98 8b       	std	Y+16, r25	; 0x10
    54dc:	8f 87       	std	Y+15, r24	; 0x0f
    54de:	04 c0       	rjmp	.+8      	; 0x54e8 <startGeldAnimation+0x154>

#else
	uint16_t __ticks;
	__tmp = ((F_CPU) / 4e3) * __ms;
	if (__tmp < 1.0)
		__ticks = 1;
    54e0:	81 e0       	ldi	r24, 0x01	; 1
    54e2:	90 e0       	ldi	r25, 0x00	; 0
    54e4:	98 8b       	std	Y+16, r25	; 0x10
    54e6:	8f 87       	std	Y+15, r24	; 0x0f
    54e8:	8f 85       	ldd	r24, Y+15	; 0x0f
    54ea:	98 89       	ldd	r25, Y+16	; 0x10
    54ec:	01 97       	sbiw	r24, 0x01	; 1
    54ee:	f1 f7       	brne	.-4      	; 0x54ec <startGeldAnimation+0x158>
    54f0:	9c 8b       	std	Y+20, r25	; 0x14
    54f2:	8b 8b       	std	Y+19, r24	; 0x13
            _delay_ms(75); //Delay dient zu animationszwecken
            //Aktualisiert den Kontostand
            updateKontostand(anzahlSpieler,spielerInfo); 
    54f4:	67 e6       	ldi	r22, 0x67	; 103
    54f6:	76 e0       	ldi	r23, 0x06	; 6
    54f8:	8f ad       	ldd	r24, Y+63	; 0x3f
    54fa:	5e d8       	rcall	.-3908   	; 0x45b8 <updateKontostand>
    uint16_t startgeld[16] = {500,500,100,100,100,100,50,20,10,10,5,1,1,1,1,1};
    //die 16 bezieht sich auf die anzahl banknoten die man bekommt
    for (uint8_t i = 0; i < 16; i = i + 1)
    {
        //verteilt die Banknoten an die Spieler
        for (uint8_t j = 1; j <= anzahlSpieler; j = j + 1)
    54fc:	8a 81       	ldd	r24, Y+2	; 0x02
    54fe:	8f 5f       	subi	r24, 0xFF	; 255
    5500:	8a 83       	std	Y+2, r24	; 0x02
    5502:	9a 81       	ldd	r25, Y+2	; 0x02
    5504:	8f ad       	ldd	r24, Y+63	; 0x3f
    5506:	89 17       	cp	r24, r25
    5508:	08 f0       	brcs	.+2      	; 0x550c <startGeldAnimation+0x178>
    550a:	5d cf       	rjmp	.-326    	; 0x53c6 <startGeldAnimation+0x32>
    550c:	80 e0       	ldi	r24, 0x00	; 0
    550e:	90 e0       	ldi	r25, 0x00	; 0
    5510:	a8 e4       	ldi	r26, 0x48	; 72
    5512:	b2 e4       	ldi	r27, 0x42	; 66
    5514:	8b 83       	std	Y+3, r24	; 0x03
    5516:	9c 83       	std	Y+4, r25	; 0x04
    5518:	ad 83       	std	Y+5, r26	; 0x05
    551a:	be 83       	std	Y+6, r27	; 0x06

	__builtin_avr_delay_cycles(__ticks_dc);

#else
	uint16_t __ticks;
	__tmp = ((F_CPU) / 4e3) * __ms;
    551c:	20 e0       	ldi	r18, 0x00	; 0
    551e:	30 e0       	ldi	r19, 0x00	; 0
    5520:	4a e7       	ldi	r20, 0x7A	; 122
    5522:	55 e4       	ldi	r21, 0x45	; 69
    5524:	6b 81       	ldd	r22, Y+3	; 0x03
    5526:	7c 81       	ldd	r23, Y+4	; 0x04
    5528:	8d 81       	ldd	r24, Y+5	; 0x05
    552a:	9e 81       	ldd	r25, Y+6	; 0x06
    552c:	0e 94 3f 41 	call	0x827e	; 0x827e <__mulsf3>
    5530:	dc 01       	movw	r26, r24
    5532:	cb 01       	movw	r24, r22
    5534:	8d 8b       	std	Y+21, r24	; 0x15
    5536:	9e 8b       	std	Y+22, r25	; 0x16
    5538:	af 8b       	std	Y+23, r26	; 0x17
    553a:	b8 8f       	std	Y+24, r27	; 0x18
	if (__tmp < 1.0)
    553c:	20 e0       	ldi	r18, 0x00	; 0
    553e:	30 e0       	ldi	r19, 0x00	; 0
    5540:	40 e8       	ldi	r20, 0x80	; 128
    5542:	5f e3       	ldi	r21, 0x3F	; 63
    5544:	6d 89       	ldd	r22, Y+21	; 0x15
    5546:	7e 89       	ldd	r23, Y+22	; 0x16
    5548:	8f 89       	ldd	r24, Y+23	; 0x17
    554a:	98 8d       	ldd	r25, Y+24	; 0x18
    554c:	0e 94 f1 3f 	call	0x7fe2	; 0x7fe2 <__cmpsf2>
    5550:	88 23       	and	r24, r24
    5552:	0c f4       	brge	.+2      	; 0x5556 <startGeldAnimation+0x1c2>
    5554:	3c c0       	rjmp	.+120    	; 0x55ce <startGeldAnimation+0x23a>
		__ticks = 1;
	else if (__tmp > 65535)
    5556:	20 e0       	ldi	r18, 0x00	; 0
    5558:	3f ef       	ldi	r19, 0xFF	; 255
    555a:	4f e7       	ldi	r20, 0x7F	; 127
    555c:	57 e4       	ldi	r21, 0x47	; 71
    555e:	6d 89       	ldd	r22, Y+21	; 0x15
    5560:	7e 89       	ldd	r23, Y+22	; 0x16
    5562:	8f 89       	ldd	r24, Y+23	; 0x17
    5564:	98 8d       	ldd	r25, Y+24	; 0x18
    5566:	0e 94 3b 41 	call	0x8276	; 0x8276 <__gesf2>
    556a:	18 16       	cp	r1, r24
    556c:	2c f5       	brge	.+74     	; 0x55b8 <startGeldAnimation+0x224>
	{
		//	__ticks = requested delay in 1/10 ms
		__ticks = (uint16_t) (__ms * 10.0);
    556e:	20 e0       	ldi	r18, 0x00	; 0
    5570:	30 e0       	ldi	r19, 0x00	; 0
    5572:	40 e2       	ldi	r20, 0x20	; 32
    5574:	51 e4       	ldi	r21, 0x41	; 65
    5576:	6b 81       	ldd	r22, Y+3	; 0x03
    5578:	7c 81       	ldd	r23, Y+4	; 0x04
    557a:	8d 81       	ldd	r24, Y+5	; 0x05
    557c:	9e 81       	ldd	r25, Y+6	; 0x06
    557e:	0e 94 3f 41 	call	0x827e	; 0x827e <__mulsf3>
    5582:	dc 01       	movw	r26, r24
    5584:	cb 01       	movw	r24, r22
    5586:	bc 01       	movw	r22, r24
    5588:	cd 01       	movw	r24, r26
    558a:	0e 94 5d 40 	call	0x80ba	; 0x80ba <__fixunssfsi>
    558e:	dc 01       	movw	r26, r24
    5590:	cb 01       	movw	r24, r22
    5592:	9a 8f       	std	Y+26, r25	; 0x1a
    5594:	89 8f       	std	Y+25, r24	; 0x19
    5596:	0b c0       	rjmp	.+22     	; 0x55ae <startGeldAnimation+0x21a>
    5598:	80 e9       	ldi	r24, 0x90	; 144
    559a:	91 e0       	ldi	r25, 0x01	; 1
    559c:	01 97       	sbiw	r24, 0x01	; 1
    559e:	f1 f7       	brne	.-4      	; 0x559c <startGeldAnimation+0x208>
    55a0:	9c 8f       	std	Y+28, r25	; 0x1c
    55a2:	8b 8f       	std	Y+27, r24	; 0x1b
		while(__ticks)
		{
			// wait 1/10 ms
			_delay_loop_2(((F_CPU) / 4e3) / 10);
			__ticks --;
    55a4:	89 8d       	ldd	r24, Y+25	; 0x19
    55a6:	9a 8d       	ldd	r25, Y+26	; 0x1a
    55a8:	01 97       	sbiw	r24, 0x01	; 1
    55aa:	9a 8f       	std	Y+26, r25	; 0x1a
    55ac:	89 8f       	std	Y+25, r24	; 0x19
		__ticks = 1;
	else if (__tmp > 65535)
	{
		//	__ticks = requested delay in 1/10 ms
		__ticks = (uint16_t) (__ms * 10.0);
		while(__ticks)
    55ae:	89 8d       	ldd	r24, Y+25	; 0x19
    55b0:	9a 8d       	ldd	r25, Y+26	; 0x1a
    55b2:	89 2b       	or	r24, r25
    55b4:	89 f7       	brne	.-30     	; 0x5598 <startGeldAnimation+0x204>
    55b6:	15 c0       	rjmp	.+42     	; 0x55e2 <startGeldAnimation+0x24e>
			__ticks --;
		}
		return;
	}
	else
		__ticks = (uint16_t)__tmp;
    55b8:	6d 89       	ldd	r22, Y+21	; 0x15
    55ba:	7e 89       	ldd	r23, Y+22	; 0x16
    55bc:	8f 89       	ldd	r24, Y+23	; 0x17
    55be:	98 8d       	ldd	r25, Y+24	; 0x18
    55c0:	0e 94 5d 40 	call	0x80ba	; 0x80ba <__fixunssfsi>
    55c4:	dc 01       	movw	r26, r24
    55c6:	cb 01       	movw	r24, r22
    55c8:	9a 8f       	std	Y+26, r25	; 0x1a
    55ca:	89 8f       	std	Y+25, r24	; 0x19
    55cc:	04 c0       	rjmp	.+8      	; 0x55d6 <startGeldAnimation+0x242>

#else
	uint16_t __ticks;
	__tmp = ((F_CPU) / 4e3) * __ms;
	if (__tmp < 1.0)
		__ticks = 1;
    55ce:	81 e0       	ldi	r24, 0x01	; 1
    55d0:	90 e0       	ldi	r25, 0x00	; 0
    55d2:	9a 8f       	std	Y+26, r25	; 0x1a
    55d4:	89 8f       	std	Y+25, r24	; 0x19
    55d6:	89 8d       	ldd	r24, Y+25	; 0x19
    55d8:	9a 8d       	ldd	r25, Y+26	; 0x1a
    55da:	01 97       	sbiw	r24, 0x01	; 1
    55dc:	f1 f7       	brne	.-4      	; 0x55da <startGeldAnimation+0x246>
    55de:	9e 8f       	std	Y+30, r25	; 0x1e
    55e0:	8d 8f       	std	Y+29, r24	; 0x1d
void startGeldAnimation(uint8_t anzahlSpieler)
{
    //Die Zahlen im Array sind die banknoten die man als starkapital erhält
    uint16_t startgeld[16] = {500,500,100,100,100,100,50,20,10,10,5,1,1,1,1,1};
    //die 16 bezieht sich auf die anzahl banknoten die man bekommt
    for (uint8_t i = 0; i < 16; i = i + 1)
    55e2:	89 81       	ldd	r24, Y+1	; 0x01
    55e4:	8f 5f       	subi	r24, 0xFF	; 255
    55e6:	89 83       	std	Y+1, r24	; 0x01
    55e8:	89 81       	ldd	r24, Y+1	; 0x01
    55ea:	80 31       	cpi	r24, 0x10	; 16
    55ec:	08 f4       	brcc	.+2      	; 0x55f0 <startGeldAnimation+0x25c>
    55ee:	e8 ce       	rjmp	.-560    	; 0x53c0 <startGeldAnimation+0x2c>
            //Aktualisiert den Kontostand
            updateKontostand(anzahlSpieler,spielerInfo); 
        }
        _delay_ms(50); //Delay dient zu animationszwecken
    }
}
    55f0:	00 00       	nop
    55f2:	ef 96       	adiw	r28, 0x3f	; 63
    55f4:	0f b6       	in	r0, 0x3f	; 63
    55f6:	f8 94       	cli
    55f8:	de bf       	out	0x3e, r29	; 62
    55fa:	0f be       	out	0x3f, r0	; 63
    55fc:	cd bf       	out	0x3d, r28	; 61
    55fe:	df 91       	pop	r29
    5600:	cf 91       	pop	r28
    5602:	08 95       	ret

00005604 <initialisiereSpielfeld>:



void initialisiereSpielfeld(Feld spielfeld[])
{
    5604:	cf 93       	push	r28
    5606:	df 93       	push	r29
    5608:	1f 92       	push	r1
    560a:	1f 92       	push	r1
    560c:	cd b7       	in	r28, 0x3d	; 61
    560e:	de b7       	in	r29, 0x3e	; 62
    5610:	9a 83       	std	Y+2, r25	; 0x02
    5612:	89 83       	std	Y+1, r24	; 0x01
    //Eigenschaften des Feldes: Los
    strcpy(spielfeld[0].name, "Los");
    5614:	89 81       	ldd	r24, Y+1	; 0x01
    5616:	9a 81       	ldd	r25, Y+2	; 0x02
    5618:	2c e4       	ldi	r18, 0x4C	; 76
    561a:	3f e6       	ldi	r19, 0x6F	; 111
    561c:	fc 01       	movw	r30, r24
    561e:	31 83       	std	Z+1, r19	; 0x01
    5620:	20 83       	st	Z, r18
    5622:	23 e7       	ldi	r18, 0x73	; 115
    5624:	30 e0       	ldi	r19, 0x00	; 0
    5626:	fc 01       	movw	r30, r24
    5628:	33 83       	std	Z+3, r19	; 0x03
    562a:	22 83       	std	Z+2, r18	; 0x02
    spielfeld[0].typ = FREIPARKEN;
    562c:	89 81       	ldd	r24, Y+1	; 0x01
    562e:	9a 81       	ldd	r25, Y+2	; 0x02
    5630:	23 e0       	ldi	r18, 0x03	; 3
    5632:	fc 01       	movw	r30, r24
    5634:	22 ab       	std	Z+50, r18	; 0x32



    //Eigenschaften des Feldes: Eingangshalle
    strcpy(spielfeld[1].name, "Eingangshalle");
    5636:	89 81       	ldd	r24, Y+1	; 0x01
    5638:	9a 81       	ldd	r25, Y+2	; 0x02
    563a:	80 5b       	subi	r24, 0xB0	; 176
    563c:	9f 4f       	sbci	r25, 0xFF	; 255
    563e:	9c 01       	movw	r18, r24
    5640:	8e e0       	ldi	r24, 0x0E	; 14
    5642:	ed e0       	ldi	r30, 0x0D	; 13
    5644:	f4 e0       	ldi	r31, 0x04	; 4
    5646:	d9 01       	movw	r26, r18
    5648:	01 90       	ld	r0, Z+
    564a:	0d 92       	st	X+, r0
    564c:	8a 95       	dec	r24
    564e:	e1 f7       	brne	.-8      	; 0x5648 <initialisiereSpielfeld+0x44>
    spielfeld[1].typ = STRASSE;
    5650:	89 81       	ldd	r24, Y+1	; 0x01
    5652:	9a 81       	ldd	r25, Y+2	; 0x02
    5654:	80 5b       	subi	r24, 0xB0	; 176
    5656:	9f 4f       	sbci	r25, 0xFF	; 255
    5658:	fc 01       	movw	r30, r24
    565a:	12 aa       	std	Z+50, r1	; 0x32
    spielfeld[1].preis = 60;
    565c:	89 81       	ldd	r24, Y+1	; 0x01
    565e:	9a 81       	ldd	r25, Y+2	; 0x02
    5660:	80 5b       	subi	r24, 0xB0	; 176
    5662:	9f 4f       	sbci	r25, 0xFF	; 255
    5664:	2c e3       	ldi	r18, 0x3C	; 60
    5666:	30 e0       	ldi	r19, 0x00	; 0
    5668:	fc 01       	movw	r30, r24
    566a:	34 ab       	std	Z+52, r19	; 0x34
    566c:	23 ab       	std	Z+51, r18	; 0x33
    spielfeld[1].mieten[0] = 2;     //Feld einzeln
    566e:	89 81       	ldd	r24, Y+1	; 0x01
    5670:	9a 81       	ldd	r25, Y+2	; 0x02
    5672:	80 5b       	subi	r24, 0xB0	; 176
    5674:	9f 4f       	sbci	r25, 0xFF	; 255
    5676:	22 e0       	ldi	r18, 0x02	; 2
    5678:	30 e0       	ldi	r19, 0x00	; 0
    567a:	fc 01       	movw	r30, r24
    567c:	36 ab       	std	Z+54, r19	; 0x36
    567e:	25 ab       	std	Z+53, r18	; 0x35
    spielfeld[1].mieten[1] = 10;    //Feld mit 1 Haus
    5680:	89 81       	ldd	r24, Y+1	; 0x01
    5682:	9a 81       	ldd	r25, Y+2	; 0x02
    5684:	80 5b       	subi	r24, 0xB0	; 176
    5686:	9f 4f       	sbci	r25, 0xFF	; 255
    5688:	2a e0       	ldi	r18, 0x0A	; 10
    568a:	30 e0       	ldi	r19, 0x00	; 0
    568c:	fc 01       	movw	r30, r24
    568e:	30 af       	std	Z+56, r19	; 0x38
    5690:	27 ab       	std	Z+55, r18	; 0x37
    spielfeld[1].mieten[2] = 30;    //Feld mit 2 Häuser
    5692:	89 81       	ldd	r24, Y+1	; 0x01
    5694:	9a 81       	ldd	r25, Y+2	; 0x02
    5696:	80 5b       	subi	r24, 0xB0	; 176
    5698:	9f 4f       	sbci	r25, 0xFF	; 255
    569a:	2e e1       	ldi	r18, 0x1E	; 30
    569c:	30 e0       	ldi	r19, 0x00	; 0
    569e:	fc 01       	movw	r30, r24
    56a0:	32 af       	std	Z+58, r19	; 0x3a
    56a2:	21 af       	std	Z+57, r18	; 0x39
    spielfeld[1].mieten[3] = 90;    //Feld mit 3 Häuser
    56a4:	89 81       	ldd	r24, Y+1	; 0x01
    56a6:	9a 81       	ldd	r25, Y+2	; 0x02
    56a8:	80 5b       	subi	r24, 0xB0	; 176
    56aa:	9f 4f       	sbci	r25, 0xFF	; 255
    56ac:	2a e5       	ldi	r18, 0x5A	; 90
    56ae:	30 e0       	ldi	r19, 0x00	; 0
    56b0:	fc 01       	movw	r30, r24
    56b2:	34 af       	std	Z+60, r19	; 0x3c
    56b4:	23 af       	std	Z+59, r18	; 0x3b
    spielfeld[1].mieten[4] = 160;   //Feld mit 4 Häuser
    56b6:	89 81       	ldd	r24, Y+1	; 0x01
    56b8:	9a 81       	ldd	r25, Y+2	; 0x02
    56ba:	80 5b       	subi	r24, 0xB0	; 176
    56bc:	9f 4f       	sbci	r25, 0xFF	; 255
    56be:	20 ea       	ldi	r18, 0xA0	; 160
    56c0:	30 e0       	ldi	r19, 0x00	; 0
    56c2:	fc 01       	movw	r30, r24
    56c4:	36 af       	std	Z+62, r19	; 0x3e
    56c6:	25 af       	std	Z+61, r18	; 0x3d
    spielfeld[1].mieten[5] = 250;   //Feld mit 1 Hotel
    56c8:	89 81       	ldd	r24, Y+1	; 0x01
    56ca:	9a 81       	ldd	r25, Y+2	; 0x02
    56cc:	80 5b       	subi	r24, 0xB0	; 176
    56ce:	9f 4f       	sbci	r25, 0xFF	; 255
    56d0:	cf 96       	adiw	r24, 0x3f	; 63
    56d2:	2a ef       	ldi	r18, 0xFA	; 250
    56d4:	30 e0       	ldi	r19, 0x00	; 0
    56d6:	fc 01       	movw	r30, r24
    56d8:	31 83       	std	Z+1, r19	; 0x01
    56da:	20 83       	st	Z, r18
    spielfeld[1].mieten[6] = 4;     //Feld mit Farbgrupp
    56dc:	89 81       	ldd	r24, Y+1	; 0x01
    56de:	9a 81       	ldd	r25, Y+2	; 0x02
    56e0:	80 5b       	subi	r24, 0xB0	; 176
    56e2:	9f 4f       	sbci	r25, 0xFF	; 255
    56e4:	8f 5b       	subi	r24, 0xBF	; 191
    56e6:	9f 4f       	sbci	r25, 0xFF	; 255
    56e8:	24 e0       	ldi	r18, 0x04	; 4
    56ea:	30 e0       	ldi	r19, 0x00	; 0
    56ec:	fc 01       	movw	r30, r24
    56ee:	31 83       	std	Z+1, r19	; 0x01
    56f0:	20 83       	st	Z, r18
    spielfeld[1].besitzer = 0;
    56f2:	89 81       	ldd	r24, Y+1	; 0x01
    56f4:	9a 81       	ldd	r25, Y+2	; 0x02
    56f6:	80 5b       	subi	r24, 0xB0	; 176
    56f8:	9f 4f       	sbci	r25, 0xFF	; 255
    56fa:	8d 5b       	subi	r24, 0xBD	; 189
    56fc:	9f 4f       	sbci	r25, 0xFF	; 255
    56fe:	fc 01       	movw	r30, r24
    5700:	10 82       	st	Z, r1
    spielfeld[1].farbGruppe = BRAUN;
    5702:	89 81       	ldd	r24, Y+1	; 0x01
    5704:	9a 81       	ldd	r25, Y+2	; 0x02
    5706:	80 5b       	subi	r24, 0xB0	; 176
    5708:	9f 4f       	sbci	r25, 0xFF	; 255
    570a:	8c 5b       	subi	r24, 0xBC	; 188
    570c:	9f 4f       	sbci	r25, 0xFF	; 255
    570e:	fc 01       	movw	r30, r24
    5710:	10 82       	st	Z, r1
    spielfeld[1].farbgruppenFelder[0] = 1;
    5712:	89 81       	ldd	r24, Y+1	; 0x01
    5714:	9a 81       	ldd	r25, Y+2	; 0x02
    5716:	80 5b       	subi	r24, 0xB0	; 176
    5718:	9f 4f       	sbci	r25, 0xFF	; 255
    571a:	8b 5b       	subi	r24, 0xBB	; 187
    571c:	9f 4f       	sbci	r25, 0xFF	; 255
    571e:	21 e0       	ldi	r18, 0x01	; 1
    5720:	fc 01       	movw	r30, r24
    5722:	20 83       	st	Z, r18
    spielfeld[1].farbgruppenFelder[1] = 3;
    5724:	89 81       	ldd	r24, Y+1	; 0x01
    5726:	9a 81       	ldd	r25, Y+2	; 0x02
    5728:	80 5b       	subi	r24, 0xB0	; 176
    572a:	9f 4f       	sbci	r25, 0xFF	; 255
    572c:	8a 5b       	subi	r24, 0xBA	; 186
    572e:	9f 4f       	sbci	r25, 0xFF	; 255
    5730:	23 e0       	ldi	r18, 0x03	; 3
    5732:	fc 01       	movw	r30, r24
    5734:	20 83       	st	Z, r18
    spielfeld[1].farbgruppenFelder[2] = 0;
    5736:	89 81       	ldd	r24, Y+1	; 0x01
    5738:	9a 81       	ldd	r25, Y+2	; 0x02
    573a:	80 5b       	subi	r24, 0xB0	; 176
    573c:	9f 4f       	sbci	r25, 0xFF	; 255
    573e:	89 5b       	subi	r24, 0xB9	; 185
    5740:	9f 4f       	sbci	r25, 0xFF	; 255
    5742:	fc 01       	movw	r30, r24
    5744:	10 82       	st	Z, r1
    spielfeld[1].hausnummer = 0;
    5746:	89 81       	ldd	r24, Y+1	; 0x01
    5748:	9a 81       	ldd	r25, Y+2	; 0x02
    574a:	80 5b       	subi	r24, 0xB0	; 176
    574c:	9f 4f       	sbci	r25, 0xFF	; 255
    574e:	87 5b       	subi	r24, 0xB7	; 183
    5750:	9f 4f       	sbci	r25, 0xFF	; 255
    5752:	fc 01       	movw	r30, r24
    5754:	10 82       	st	Z, r1
    spielfeld[1].anzahlHaeuser = 0;
    5756:	89 81       	ldd	r24, Y+1	; 0x01
    5758:	9a 81       	ldd	r25, Y+2	; 0x02
    575a:	80 5b       	subi	r24, 0xB0	; 176
    575c:	9f 4f       	sbci	r25, 0xFF	; 255
    575e:	86 5b       	subi	r24, 0xB6	; 182
    5760:	9f 4f       	sbci	r25, 0xFF	; 255
    5762:	fc 01       	movw	r30, r24
    5764:	10 82       	st	Z, r1
    spielfeld[1].kostenHaus = 50;
    5766:	89 81       	ldd	r24, Y+1	; 0x01
    5768:	9a 81       	ldd	r25, Y+2	; 0x02
    576a:	80 5b       	subi	r24, 0xB0	; 176
    576c:	9f 4f       	sbci	r25, 0xFF	; 255
    576e:	84 5b       	subi	r24, 0xB4	; 180
    5770:	9f 4f       	sbci	r25, 0xFF	; 255
    5772:	22 e3       	ldi	r18, 0x32	; 50
    5774:	fc 01       	movw	r30, r24
    5776:	20 83       	st	Z, r18
    spielfeld[1].rgbNummer = 0;
    5778:	89 81       	ldd	r24, Y+1	; 0x01
    577a:	9a 81       	ldd	r25, Y+2	; 0x02
    577c:	80 5b       	subi	r24, 0xB0	; 176
    577e:	9f 4f       	sbci	r25, 0xFF	; 255
    5780:	85 5b       	subi	r24, 0xB5	; 181
    5782:	9f 4f       	sbci	r25, 0xFF	; 255
    5784:	fc 01       	movw	r30, r24
    5786:	10 82       	st	Z, r1
    spielfeld[1].feldBelastet = 0;  //wenn das Feld belastet ist = 1
    5788:	89 81       	ldd	r24, Y+1	; 0x01
    578a:	9a 81       	ldd	r25, Y+2	; 0x02
    578c:	80 5b       	subi	r24, 0xB0	; 176
    578e:	9f 4f       	sbci	r25, 0xFF	; 255
    5790:	83 5b       	subi	r24, 0xB3	; 179
    5792:	9f 4f       	sbci	r25, 0xFF	; 255
    5794:	fc 01       	movw	r30, r24
    5796:	10 82       	st	Z, r1
    
    //Eigenschaften des Feldes: Kanzlei
    strcpy(spielfeld[2].name, "Kanzlei1");
    5798:	89 81       	ldd	r24, Y+1	; 0x01
    579a:	9a 81       	ldd	r25, Y+2	; 0x02
    579c:	80 56       	subi	r24, 0x60	; 96
    579e:	9f 4f       	sbci	r25, 0xFF	; 255
    57a0:	9c 01       	movw	r18, r24
    57a2:	89 e0       	ldi	r24, 0x09	; 9
    57a4:	eb e1       	ldi	r30, 0x1B	; 27
    57a6:	f4 e0       	ldi	r31, 0x04	; 4
    57a8:	d9 01       	movw	r26, r18
    57aa:	01 90       	ld	r0, Z+
    57ac:	0d 92       	st	X+, r0
    57ae:	8a 95       	dec	r24
    57b0:	e1 f7       	brne	.-8      	; 0x57aa <initialisiereSpielfeld+0x1a6>
    spielfeld[2].typ = EREIGNISFELD;
    57b2:	89 81       	ldd	r24, Y+1	; 0x01
    57b4:	9a 81       	ldd	r25, Y+2	; 0x02
    57b6:	80 56       	subi	r24, 0x60	; 96
    57b8:	9f 4f       	sbci	r25, 0xFF	; 255
    57ba:	21 e0       	ldi	r18, 0x01	; 1
    57bc:	fc 01       	movw	r30, r24
    57be:	22 ab       	std	Z+50, r18	; 0x32
    
    //Eigenschaften des Feldes: Velokeller
    strcpy(spielfeld[3].name, "Velokeller");
    57c0:	89 81       	ldd	r24, Y+1	; 0x01
    57c2:	9a 81       	ldd	r25, Y+2	; 0x02
    57c4:	80 51       	subi	r24, 0x10	; 16
    57c6:	9f 4f       	sbci	r25, 0xFF	; 255
    57c8:	9c 01       	movw	r18, r24
    57ca:	8b e0       	ldi	r24, 0x0B	; 11
    57cc:	e4 e2       	ldi	r30, 0x24	; 36
    57ce:	f4 e0       	ldi	r31, 0x04	; 4
    57d0:	d9 01       	movw	r26, r18
    57d2:	01 90       	ld	r0, Z+
    57d4:	0d 92       	st	X+, r0
    57d6:	8a 95       	dec	r24
    57d8:	e1 f7       	brne	.-8      	; 0x57d2 <initialisiereSpielfeld+0x1ce>
    spielfeld[3].typ = STRASSE;
    57da:	89 81       	ldd	r24, Y+1	; 0x01
    57dc:	9a 81       	ldd	r25, Y+2	; 0x02
    57de:	80 51       	subi	r24, 0x10	; 16
    57e0:	9f 4f       	sbci	r25, 0xFF	; 255
    57e2:	fc 01       	movw	r30, r24
    57e4:	12 aa       	std	Z+50, r1	; 0x32
    spielfeld[3].preis = 60;
    57e6:	89 81       	ldd	r24, Y+1	; 0x01
    57e8:	9a 81       	ldd	r25, Y+2	; 0x02
    57ea:	80 51       	subi	r24, 0x10	; 16
    57ec:	9f 4f       	sbci	r25, 0xFF	; 255
    57ee:	2c e3       	ldi	r18, 0x3C	; 60
    57f0:	30 e0       	ldi	r19, 0x00	; 0
    57f2:	fc 01       	movw	r30, r24
    57f4:	34 ab       	std	Z+52, r19	; 0x34
    57f6:	23 ab       	std	Z+51, r18	; 0x33
    spielfeld[3].preis = 60;
    57f8:	89 81       	ldd	r24, Y+1	; 0x01
    57fa:	9a 81       	ldd	r25, Y+2	; 0x02
    57fc:	80 51       	subi	r24, 0x10	; 16
    57fe:	9f 4f       	sbci	r25, 0xFF	; 255
    5800:	2c e3       	ldi	r18, 0x3C	; 60
    5802:	30 e0       	ldi	r19, 0x00	; 0
    5804:	fc 01       	movw	r30, r24
    5806:	34 ab       	std	Z+52, r19	; 0x34
    5808:	23 ab       	std	Z+51, r18	; 0x33
    spielfeld[3].mieten[0] = 4;     //Feld einzeln
    580a:	89 81       	ldd	r24, Y+1	; 0x01
    580c:	9a 81       	ldd	r25, Y+2	; 0x02
    580e:	80 51       	subi	r24, 0x10	; 16
    5810:	9f 4f       	sbci	r25, 0xFF	; 255
    5812:	24 e0       	ldi	r18, 0x04	; 4
    5814:	30 e0       	ldi	r19, 0x00	; 0
    5816:	fc 01       	movw	r30, r24
    5818:	36 ab       	std	Z+54, r19	; 0x36
    581a:	25 ab       	std	Z+53, r18	; 0x35
    spielfeld[3].mieten[1] = 20;    //Feld mit 1 Haus
    581c:	89 81       	ldd	r24, Y+1	; 0x01
    581e:	9a 81       	ldd	r25, Y+2	; 0x02
    5820:	80 51       	subi	r24, 0x10	; 16
    5822:	9f 4f       	sbci	r25, 0xFF	; 255
    5824:	24 e1       	ldi	r18, 0x14	; 20
    5826:	30 e0       	ldi	r19, 0x00	; 0
    5828:	fc 01       	movw	r30, r24
    582a:	30 af       	std	Z+56, r19	; 0x38
    582c:	27 ab       	std	Z+55, r18	; 0x37
    spielfeld[3].mieten[2] = 60;    //Feld mit 2 Häuser
    582e:	89 81       	ldd	r24, Y+1	; 0x01
    5830:	9a 81       	ldd	r25, Y+2	; 0x02
    5832:	80 51       	subi	r24, 0x10	; 16
    5834:	9f 4f       	sbci	r25, 0xFF	; 255
    5836:	2c e3       	ldi	r18, 0x3C	; 60
    5838:	30 e0       	ldi	r19, 0x00	; 0
    583a:	fc 01       	movw	r30, r24
    583c:	32 af       	std	Z+58, r19	; 0x3a
    583e:	21 af       	std	Z+57, r18	; 0x39
    spielfeld[3].mieten[3] = 180;   //Feld mit 3 Häuser
    5840:	89 81       	ldd	r24, Y+1	; 0x01
    5842:	9a 81       	ldd	r25, Y+2	; 0x02
    5844:	80 51       	subi	r24, 0x10	; 16
    5846:	9f 4f       	sbci	r25, 0xFF	; 255
    5848:	24 eb       	ldi	r18, 0xB4	; 180
    584a:	30 e0       	ldi	r19, 0x00	; 0
    584c:	fc 01       	movw	r30, r24
    584e:	34 af       	std	Z+60, r19	; 0x3c
    5850:	23 af       	std	Z+59, r18	; 0x3b
    spielfeld[3].mieten[4] = 320;   //Feld mit 4 Häuser
    5852:	89 81       	ldd	r24, Y+1	; 0x01
    5854:	9a 81       	ldd	r25, Y+2	; 0x02
    5856:	80 51       	subi	r24, 0x10	; 16
    5858:	9f 4f       	sbci	r25, 0xFF	; 255
    585a:	20 e4       	ldi	r18, 0x40	; 64
    585c:	31 e0       	ldi	r19, 0x01	; 1
    585e:	fc 01       	movw	r30, r24
    5860:	36 af       	std	Z+62, r19	; 0x3e
    5862:	25 af       	std	Z+61, r18	; 0x3d
    spielfeld[3].mieten[5] = 450;   //Feld mit 1 Hotel
    5864:	89 81       	ldd	r24, Y+1	; 0x01
    5866:	9a 81       	ldd	r25, Y+2	; 0x02
    5868:	80 51       	subi	r24, 0x10	; 16
    586a:	9f 4f       	sbci	r25, 0xFF	; 255
    586c:	cf 96       	adiw	r24, 0x3f	; 63
    586e:	22 ec       	ldi	r18, 0xC2	; 194
    5870:	31 e0       	ldi	r19, 0x01	; 1
    5872:	fc 01       	movw	r30, r24
    5874:	31 83       	std	Z+1, r19	; 0x01
    5876:	20 83       	st	Z, r18
    spielfeld[3].mieten[6] = 4;     //Feld mit Farbgruppe
    5878:	89 81       	ldd	r24, Y+1	; 0x01
    587a:	9a 81       	ldd	r25, Y+2	; 0x02
    587c:	80 51       	subi	r24, 0x10	; 16
    587e:	9f 4f       	sbci	r25, 0xFF	; 255
    5880:	8f 5b       	subi	r24, 0xBF	; 191
    5882:	9f 4f       	sbci	r25, 0xFF	; 255
    5884:	24 e0       	ldi	r18, 0x04	; 4
    5886:	30 e0       	ldi	r19, 0x00	; 0
    5888:	fc 01       	movw	r30, r24
    588a:	31 83       	std	Z+1, r19	; 0x01
    588c:	20 83       	st	Z, r18
    spielfeld[3].besitzer = 0;
    588e:	89 81       	ldd	r24, Y+1	; 0x01
    5890:	9a 81       	ldd	r25, Y+2	; 0x02
    5892:	80 51       	subi	r24, 0x10	; 16
    5894:	9f 4f       	sbci	r25, 0xFF	; 255
    5896:	8d 5b       	subi	r24, 0xBD	; 189
    5898:	9f 4f       	sbci	r25, 0xFF	; 255
    589a:	fc 01       	movw	r30, r24
    589c:	10 82       	st	Z, r1
    spielfeld[3].farbGruppe = BRAUN;
    589e:	89 81       	ldd	r24, Y+1	; 0x01
    58a0:	9a 81       	ldd	r25, Y+2	; 0x02
    58a2:	80 51       	subi	r24, 0x10	; 16
    58a4:	9f 4f       	sbci	r25, 0xFF	; 255
    58a6:	8c 5b       	subi	r24, 0xBC	; 188
    58a8:	9f 4f       	sbci	r25, 0xFF	; 255
    58aa:	fc 01       	movw	r30, r24
    58ac:	10 82       	st	Z, r1
    spielfeld[3].farbgruppenFelder[0] = 1;
    58ae:	89 81       	ldd	r24, Y+1	; 0x01
    58b0:	9a 81       	ldd	r25, Y+2	; 0x02
    58b2:	80 51       	subi	r24, 0x10	; 16
    58b4:	9f 4f       	sbci	r25, 0xFF	; 255
    58b6:	8b 5b       	subi	r24, 0xBB	; 187
    58b8:	9f 4f       	sbci	r25, 0xFF	; 255
    58ba:	21 e0       	ldi	r18, 0x01	; 1
    58bc:	fc 01       	movw	r30, r24
    58be:	20 83       	st	Z, r18
    spielfeld[3].farbgruppenFelder[1] = 3;
    58c0:	89 81       	ldd	r24, Y+1	; 0x01
    58c2:	9a 81       	ldd	r25, Y+2	; 0x02
    58c4:	80 51       	subi	r24, 0x10	; 16
    58c6:	9f 4f       	sbci	r25, 0xFF	; 255
    58c8:	8a 5b       	subi	r24, 0xBA	; 186
    58ca:	9f 4f       	sbci	r25, 0xFF	; 255
    58cc:	23 e0       	ldi	r18, 0x03	; 3
    58ce:	fc 01       	movw	r30, r24
    58d0:	20 83       	st	Z, r18
    spielfeld[3].farbgruppenFelder[2] = 0;
    58d2:	89 81       	ldd	r24, Y+1	; 0x01
    58d4:	9a 81       	ldd	r25, Y+2	; 0x02
    58d6:	80 51       	subi	r24, 0x10	; 16
    58d8:	9f 4f       	sbci	r25, 0xFF	; 255
    58da:	89 5b       	subi	r24, 0xB9	; 185
    58dc:	9f 4f       	sbci	r25, 0xFF	; 255
    58de:	fc 01       	movw	r30, r24
    58e0:	10 82       	st	Z, r1
    spielfeld[3].hausnummer = 1;
    58e2:	89 81       	ldd	r24, Y+1	; 0x01
    58e4:	9a 81       	ldd	r25, Y+2	; 0x02
    58e6:	80 51       	subi	r24, 0x10	; 16
    58e8:	9f 4f       	sbci	r25, 0xFF	; 255
    58ea:	87 5b       	subi	r24, 0xB7	; 183
    58ec:	9f 4f       	sbci	r25, 0xFF	; 255
    58ee:	21 e0       	ldi	r18, 0x01	; 1
    58f0:	fc 01       	movw	r30, r24
    58f2:	20 83       	st	Z, r18
    spielfeld[3].anzahlHaeuser = 0;
    58f4:	89 81       	ldd	r24, Y+1	; 0x01
    58f6:	9a 81       	ldd	r25, Y+2	; 0x02
    58f8:	80 51       	subi	r24, 0x10	; 16
    58fa:	9f 4f       	sbci	r25, 0xFF	; 255
    58fc:	86 5b       	subi	r24, 0xB6	; 182
    58fe:	9f 4f       	sbci	r25, 0xFF	; 255
    5900:	fc 01       	movw	r30, r24
    5902:	10 82       	st	Z, r1
    spielfeld[3].kostenHaus = 50;
    5904:	89 81       	ldd	r24, Y+1	; 0x01
    5906:	9a 81       	ldd	r25, Y+2	; 0x02
    5908:	80 51       	subi	r24, 0x10	; 16
    590a:	9f 4f       	sbci	r25, 0xFF	; 255
    590c:	84 5b       	subi	r24, 0xB4	; 180
    590e:	9f 4f       	sbci	r25, 0xFF	; 255
    5910:	22 e3       	ldi	r18, 0x32	; 50
    5912:	fc 01       	movw	r30, r24
    5914:	20 83       	st	Z, r18
    spielfeld[3].rgbNummer = 1;
    5916:	89 81       	ldd	r24, Y+1	; 0x01
    5918:	9a 81       	ldd	r25, Y+2	; 0x02
    591a:	80 51       	subi	r24, 0x10	; 16
    591c:	9f 4f       	sbci	r25, 0xFF	; 255
    591e:	85 5b       	subi	r24, 0xB5	; 181
    5920:	9f 4f       	sbci	r25, 0xFF	; 255
    5922:	21 e0       	ldi	r18, 0x01	; 1
    5924:	fc 01       	movw	r30, r24
    5926:	20 83       	st	Z, r18
    spielfeld[3].feldBelastet = 0;  //wenn das Feld belastet ist = 1
    5928:	89 81       	ldd	r24, Y+1	; 0x01
    592a:	9a 81       	ldd	r25, Y+2	; 0x02
    592c:	80 51       	subi	r24, 0x10	; 16
    592e:	9f 4f       	sbci	r25, 0xFF	; 255
    5930:	83 5b       	subi	r24, 0xB3	; 179
    5932:	9f 4f       	sbci	r25, 0xFF	; 255
    5934:	fc 01       	movw	r30, r24
    5936:	10 82       	st	Z, r1
    
    
    //Eigenschaften des Feldes: Laptopgebühr
    strcpy(spielfeld[4].name, "Laptopgeb"UE"hr");
    5938:	89 81       	ldd	r24, Y+1	; 0x01
    593a:	9a 81       	ldd	r25, Y+2	; 0x02
    593c:	80 5c       	subi	r24, 0xC0	; 192
    593e:	9e 4f       	sbci	r25, 0xFE	; 254
    5940:	9c 01       	movw	r18, r24
    5942:	8d e0       	ldi	r24, 0x0D	; 13
    5944:	ef e2       	ldi	r30, 0x2F	; 47
    5946:	f4 e0       	ldi	r31, 0x04	; 4
    5948:	d9 01       	movw	r26, r18
    594a:	01 90       	ld	r0, Z+
    594c:	0d 92       	st	X+, r0
    594e:	8a 95       	dec	r24
    5950:	e1 f7       	brne	.-8      	; 0x594a <initialisiereSpielfeld+0x346>
    spielfeld[4].typ = STEUERFELD;
    5952:	89 81       	ldd	r24, Y+1	; 0x01
    5954:	9a 81       	ldd	r25, Y+2	; 0x02
    5956:	80 5c       	subi	r24, 0xC0	; 192
    5958:	9e 4f       	sbci	r25, 0xFE	; 254
    595a:	22 e0       	ldi	r18, 0x02	; 2
    595c:	fc 01       	movw	r30, r24
    595e:	22 ab       	std	Z+50, r18	; 0x32
    spielfeld[4].preis = 200;
    5960:	89 81       	ldd	r24, Y+1	; 0x01
    5962:	9a 81       	ldd	r25, Y+2	; 0x02
    5964:	80 5c       	subi	r24, 0xC0	; 192
    5966:	9e 4f       	sbci	r25, 0xFE	; 254
    5968:	28 ec       	ldi	r18, 0xC8	; 200
    596a:	30 e0       	ldi	r19, 0x00	; 0
    596c:	fc 01       	movw	r30, r24
    596e:	34 ab       	std	Z+52, r19	; 0x34
    5970:	23 ab       	std	Z+51, r18	; 0x33
    
    //Eigenschaften des Feldes: Zeughausstrasse
    strcpy(spielfeld[5].name, "Zeughausstrasse");
    5972:	89 81       	ldd	r24, Y+1	; 0x01
    5974:	9a 81       	ldd	r25, Y+2	; 0x02
    5976:	80 57       	subi	r24, 0x70	; 112
    5978:	9e 4f       	sbci	r25, 0xFE	; 254
    597a:	9c 01       	movw	r18, r24
    597c:	80 e1       	ldi	r24, 0x10	; 16
    597e:	ec e3       	ldi	r30, 0x3C	; 60
    5980:	f4 e0       	ldi	r31, 0x04	; 4
    5982:	d9 01       	movw	r26, r18
    5984:	01 90       	ld	r0, Z+
    5986:	0d 92       	st	X+, r0
    5988:	8a 95       	dec	r24
    598a:	e1 f7       	brne	.-8      	; 0x5984 <initialisiereSpielfeld+0x380>
    spielfeld[5].typ = HALTESTELLE;
    598c:	89 81       	ldd	r24, Y+1	; 0x01
    598e:	9a 81       	ldd	r25, Y+2	; 0x02
    5990:	80 57       	subi	r24, 0x70	; 112
    5992:	9e 4f       	sbci	r25, 0xFE	; 254
    5994:	27 e0       	ldi	r18, 0x07	; 7
    5996:	fc 01       	movw	r30, r24
    5998:	22 ab       	std	Z+50, r18	; 0x32
    spielfeld[5].preis = 200;
    599a:	89 81       	ldd	r24, Y+1	; 0x01
    599c:	9a 81       	ldd	r25, Y+2	; 0x02
    599e:	80 57       	subi	r24, 0x70	; 112
    59a0:	9e 4f       	sbci	r25, 0xFE	; 254
    59a2:	28 ec       	ldi	r18, 0xC8	; 200
    59a4:	30 e0       	ldi	r19, 0x00	; 0
    59a6:	fc 01       	movw	r30, r24
    59a8:	34 ab       	std	Z+52, r19	; 0x34
    59aa:	23 ab       	std	Z+51, r18	; 0x33
    spielfeld[5].mieten[0] = 25;    //wenn man 1 Bahn besitzt
    59ac:	89 81       	ldd	r24, Y+1	; 0x01
    59ae:	9a 81       	ldd	r25, Y+2	; 0x02
    59b0:	80 57       	subi	r24, 0x70	; 112
    59b2:	9e 4f       	sbci	r25, 0xFE	; 254
    59b4:	29 e1       	ldi	r18, 0x19	; 25
    59b6:	30 e0       	ldi	r19, 0x00	; 0
    59b8:	fc 01       	movw	r30, r24
    59ba:	36 ab       	std	Z+54, r19	; 0x36
    59bc:	25 ab       	std	Z+53, r18	; 0x35
    spielfeld[5].mieten[1] = 50;    //wenn man 2 Bahnen besitzt
    59be:	89 81       	ldd	r24, Y+1	; 0x01
    59c0:	9a 81       	ldd	r25, Y+2	; 0x02
    59c2:	80 57       	subi	r24, 0x70	; 112
    59c4:	9e 4f       	sbci	r25, 0xFE	; 254
    59c6:	22 e3       	ldi	r18, 0x32	; 50
    59c8:	30 e0       	ldi	r19, 0x00	; 0
    59ca:	fc 01       	movw	r30, r24
    59cc:	30 af       	std	Z+56, r19	; 0x38
    59ce:	27 ab       	std	Z+55, r18	; 0x37
    spielfeld[5].mieten[2] = 100;   //wenn man 3 Bahnen besitzt
    59d0:	89 81       	ldd	r24, Y+1	; 0x01
    59d2:	9a 81       	ldd	r25, Y+2	; 0x02
    59d4:	80 57       	subi	r24, 0x70	; 112
    59d6:	9e 4f       	sbci	r25, 0xFE	; 254
    59d8:	24 e6       	ldi	r18, 0x64	; 100
    59da:	30 e0       	ldi	r19, 0x00	; 0
    59dc:	fc 01       	movw	r30, r24
    59de:	32 af       	std	Z+58, r19	; 0x3a
    59e0:	21 af       	std	Z+57, r18	; 0x39
    spielfeld[5].mieten[3] = 200;   //wenn man 4 Bahnen besitzt
    59e2:	89 81       	ldd	r24, Y+1	; 0x01
    59e4:	9a 81       	ldd	r25, Y+2	; 0x02
    59e6:	80 57       	subi	r24, 0x70	; 112
    59e8:	9e 4f       	sbci	r25, 0xFE	; 254
    59ea:	28 ec       	ldi	r18, 0xC8	; 200
    59ec:	30 e0       	ldi	r19, 0x00	; 0
    59ee:	fc 01       	movw	r30, r24
    59f0:	34 af       	std	Z+60, r19	; 0x3c
    59f2:	23 af       	std	Z+59, r18	; 0x3b
    spielfeld[5].besitzer = 0;
    59f4:	89 81       	ldd	r24, Y+1	; 0x01
    59f6:	9a 81       	ldd	r25, Y+2	; 0x02
    59f8:	80 57       	subi	r24, 0x70	; 112
    59fa:	9e 4f       	sbci	r25, 0xFE	; 254
    59fc:	8d 5b       	subi	r24, 0xBD	; 189
    59fe:	9f 4f       	sbci	r25, 0xFF	; 255
    5a00:	fc 01       	movw	r30, r24
    5a02:	10 82       	st	Z, r1
    spielfeld[5].farbGruppe = FARBLOS;
    5a04:	89 81       	ldd	r24, Y+1	; 0x01
    5a06:	9a 81       	ldd	r25, Y+2	; 0x02
    5a08:	80 57       	subi	r24, 0x70	; 112
    5a0a:	9e 4f       	sbci	r25, 0xFE	; 254
    5a0c:	8c 5b       	subi	r24, 0xBC	; 188
    5a0e:	9f 4f       	sbci	r25, 0xFF	; 255
    5a10:	28 e0       	ldi	r18, 0x08	; 8
    5a12:	fc 01       	movw	r30, r24
    5a14:	20 83       	st	Z, r18
    spielfeld[5].farbgruppenFelder[0] = 5;
    5a16:	89 81       	ldd	r24, Y+1	; 0x01
    5a18:	9a 81       	ldd	r25, Y+2	; 0x02
    5a1a:	80 57       	subi	r24, 0x70	; 112
    5a1c:	9e 4f       	sbci	r25, 0xFE	; 254
    5a1e:	8b 5b       	subi	r24, 0xBB	; 187
    5a20:	9f 4f       	sbci	r25, 0xFF	; 255
    5a22:	25 e0       	ldi	r18, 0x05	; 5
    5a24:	fc 01       	movw	r30, r24
    5a26:	20 83       	st	Z, r18
    spielfeld[5].farbgruppenFelder[1] = 15;
    5a28:	89 81       	ldd	r24, Y+1	; 0x01
    5a2a:	9a 81       	ldd	r25, Y+2	; 0x02
    5a2c:	80 57       	subi	r24, 0x70	; 112
    5a2e:	9e 4f       	sbci	r25, 0xFE	; 254
    5a30:	8a 5b       	subi	r24, 0xBA	; 186
    5a32:	9f 4f       	sbci	r25, 0xFF	; 255
    5a34:	2f e0       	ldi	r18, 0x0F	; 15
    5a36:	fc 01       	movw	r30, r24
    5a38:	20 83       	st	Z, r18
    spielfeld[5].farbgruppenFelder[2] = 25;
    5a3a:	89 81       	ldd	r24, Y+1	; 0x01
    5a3c:	9a 81       	ldd	r25, Y+2	; 0x02
    5a3e:	80 57       	subi	r24, 0x70	; 112
    5a40:	9e 4f       	sbci	r25, 0xFE	; 254
    5a42:	89 5b       	subi	r24, 0xB9	; 185
    5a44:	9f 4f       	sbci	r25, 0xFF	; 255
    5a46:	29 e1       	ldi	r18, 0x19	; 25
    5a48:	fc 01       	movw	r30, r24
    5a4a:	20 83       	st	Z, r18
    spielfeld[5].farbgruppenFelder[3] = 35;
    5a4c:	89 81       	ldd	r24, Y+1	; 0x01
    5a4e:	9a 81       	ldd	r25, Y+2	; 0x02
    5a50:	80 57       	subi	r24, 0x70	; 112
    5a52:	9e 4f       	sbci	r25, 0xFE	; 254
    5a54:	88 5b       	subi	r24, 0xB8	; 184
    5a56:	9f 4f       	sbci	r25, 0xFF	; 255
    5a58:	23 e2       	ldi	r18, 0x23	; 35
    5a5a:	fc 01       	movw	r30, r24
    5a5c:	20 83       	st	Z, r18
    spielfeld[5].rgbNummer = 2;
    5a5e:	89 81       	ldd	r24, Y+1	; 0x01
    5a60:	9a 81       	ldd	r25, Y+2	; 0x02
    5a62:	80 57       	subi	r24, 0x70	; 112
    5a64:	9e 4f       	sbci	r25, 0xFE	; 254
    5a66:	85 5b       	subi	r24, 0xB5	; 181
    5a68:	9f 4f       	sbci	r25, 0xFF	; 255
    5a6a:	22 e0       	ldi	r18, 0x02	; 2
    5a6c:	fc 01       	movw	r30, r24
    5a6e:	20 83       	st	Z, r18
    spielfeld[5].feldBelastet = 0;  //wenn das Feld belastet ist = 1
    5a70:	89 81       	ldd	r24, Y+1	; 0x01
    5a72:	9a 81       	ldd	r25, Y+2	; 0x02
    5a74:	80 57       	subi	r24, 0x70	; 112
    5a76:	9e 4f       	sbci	r25, 0xFE	; 254
    5a78:	83 5b       	subi	r24, 0xB3	; 179
    5a7a:	9f 4f       	sbci	r25, 0xFF	; 255
    5a7c:	fc 01       	movw	r30, r24
    5a7e:	10 82       	st	Z, r1

    
    //Eigenschaften des Feldes: Raucherzelt
    strcpy(spielfeld[6].name, "Raucherzelt");
    5a80:	89 81       	ldd	r24, Y+1	; 0x01
    5a82:	9a 81       	ldd	r25, Y+2	; 0x02
    5a84:	80 52       	subi	r24, 0x20	; 32
    5a86:	9e 4f       	sbci	r25, 0xFE	; 254
    5a88:	9c 01       	movw	r18, r24
    5a8a:	8c e0       	ldi	r24, 0x0C	; 12
    5a8c:	ec e4       	ldi	r30, 0x4C	; 76
    5a8e:	f4 e0       	ldi	r31, 0x04	; 4
    5a90:	d9 01       	movw	r26, r18
    5a92:	01 90       	ld	r0, Z+
    5a94:	0d 92       	st	X+, r0
    5a96:	8a 95       	dec	r24
    5a98:	e1 f7       	brne	.-8      	; 0x5a92 <initialisiereSpielfeld+0x48e>
    spielfeld[6].typ = STRASSE;
    5a9a:	89 81       	ldd	r24, Y+1	; 0x01
    5a9c:	9a 81       	ldd	r25, Y+2	; 0x02
    5a9e:	80 52       	subi	r24, 0x20	; 32
    5aa0:	9e 4f       	sbci	r25, 0xFE	; 254
    5aa2:	fc 01       	movw	r30, r24
    5aa4:	12 aa       	std	Z+50, r1	; 0x32
    spielfeld[6].preis = 100;
    5aa6:	89 81       	ldd	r24, Y+1	; 0x01
    5aa8:	9a 81       	ldd	r25, Y+2	; 0x02
    5aaa:	80 52       	subi	r24, 0x20	; 32
    5aac:	9e 4f       	sbci	r25, 0xFE	; 254
    5aae:	24 e6       	ldi	r18, 0x64	; 100
    5ab0:	30 e0       	ldi	r19, 0x00	; 0
    5ab2:	fc 01       	movw	r30, r24
    5ab4:	34 ab       	std	Z+52, r19	; 0x34
    5ab6:	23 ab       	std	Z+51, r18	; 0x33
    spielfeld[6].mieten[0] = 6;     //Feld einzeln
    5ab8:	89 81       	ldd	r24, Y+1	; 0x01
    5aba:	9a 81       	ldd	r25, Y+2	; 0x02
    5abc:	80 52       	subi	r24, 0x20	; 32
    5abe:	9e 4f       	sbci	r25, 0xFE	; 254
    5ac0:	26 e0       	ldi	r18, 0x06	; 6
    5ac2:	30 e0       	ldi	r19, 0x00	; 0
    5ac4:	fc 01       	movw	r30, r24
    5ac6:	36 ab       	std	Z+54, r19	; 0x36
    5ac8:	25 ab       	std	Z+53, r18	; 0x35
    spielfeld[6].mieten[1] = 30;    //Feld mit 1 Haus
    5aca:	89 81       	ldd	r24, Y+1	; 0x01
    5acc:	9a 81       	ldd	r25, Y+2	; 0x02
    5ace:	80 52       	subi	r24, 0x20	; 32
    5ad0:	9e 4f       	sbci	r25, 0xFE	; 254
    5ad2:	2e e1       	ldi	r18, 0x1E	; 30
    5ad4:	30 e0       	ldi	r19, 0x00	; 0
    5ad6:	fc 01       	movw	r30, r24
    5ad8:	30 af       	std	Z+56, r19	; 0x38
    5ada:	27 ab       	std	Z+55, r18	; 0x37
    spielfeld[6].mieten[2] = 90;    //Feld mit 2 Häuser
    5adc:	89 81       	ldd	r24, Y+1	; 0x01
    5ade:	9a 81       	ldd	r25, Y+2	; 0x02
    5ae0:	80 52       	subi	r24, 0x20	; 32
    5ae2:	9e 4f       	sbci	r25, 0xFE	; 254
    5ae4:	2a e5       	ldi	r18, 0x5A	; 90
    5ae6:	30 e0       	ldi	r19, 0x00	; 0
    5ae8:	fc 01       	movw	r30, r24
    5aea:	32 af       	std	Z+58, r19	; 0x3a
    5aec:	21 af       	std	Z+57, r18	; 0x39
    spielfeld[6].mieten[3] = 270;   //Feld mit 3 Häuser
    5aee:	89 81       	ldd	r24, Y+1	; 0x01
    5af0:	9a 81       	ldd	r25, Y+2	; 0x02
    5af2:	80 52       	subi	r24, 0x20	; 32
    5af4:	9e 4f       	sbci	r25, 0xFE	; 254
    5af6:	2e e0       	ldi	r18, 0x0E	; 14
    5af8:	31 e0       	ldi	r19, 0x01	; 1
    5afa:	fc 01       	movw	r30, r24
    5afc:	34 af       	std	Z+60, r19	; 0x3c
    5afe:	23 af       	std	Z+59, r18	; 0x3b
    spielfeld[6].mieten[4] = 400;   //Feld mit 4 Häuser
    5b00:	89 81       	ldd	r24, Y+1	; 0x01
    5b02:	9a 81       	ldd	r25, Y+2	; 0x02
    5b04:	80 52       	subi	r24, 0x20	; 32
    5b06:	9e 4f       	sbci	r25, 0xFE	; 254
    5b08:	20 e9       	ldi	r18, 0x90	; 144
    5b0a:	31 e0       	ldi	r19, 0x01	; 1
    5b0c:	fc 01       	movw	r30, r24
    5b0e:	36 af       	std	Z+62, r19	; 0x3e
    5b10:	25 af       	std	Z+61, r18	; 0x3d
    spielfeld[6].mieten[5] = 550;   //Feld mit 5 Häuser
    5b12:	89 81       	ldd	r24, Y+1	; 0x01
    5b14:	9a 81       	ldd	r25, Y+2	; 0x02
    5b16:	80 52       	subi	r24, 0x20	; 32
    5b18:	9e 4f       	sbci	r25, 0xFE	; 254
    5b1a:	cf 96       	adiw	r24, 0x3f	; 63
    5b1c:	26 e2       	ldi	r18, 0x26	; 38
    5b1e:	32 e0       	ldi	r19, 0x02	; 2
    5b20:	fc 01       	movw	r30, r24
    5b22:	31 83       	std	Z+1, r19	; 0x01
    5b24:	20 83       	st	Z, r18
    spielfeld[6].mieten[6] = 12;    //Feld mit Farbgruppe
    5b26:	89 81       	ldd	r24, Y+1	; 0x01
    5b28:	9a 81       	ldd	r25, Y+2	; 0x02
    5b2a:	80 52       	subi	r24, 0x20	; 32
    5b2c:	9e 4f       	sbci	r25, 0xFE	; 254
    5b2e:	8f 5b       	subi	r24, 0xBF	; 191
    5b30:	9f 4f       	sbci	r25, 0xFF	; 255
    5b32:	2c e0       	ldi	r18, 0x0C	; 12
    5b34:	30 e0       	ldi	r19, 0x00	; 0
    5b36:	fc 01       	movw	r30, r24
    5b38:	31 83       	std	Z+1, r19	; 0x01
    5b3a:	20 83       	st	Z, r18
    spielfeld[6].besitzer = 0;
    5b3c:	89 81       	ldd	r24, Y+1	; 0x01
    5b3e:	9a 81       	ldd	r25, Y+2	; 0x02
    5b40:	80 52       	subi	r24, 0x20	; 32
    5b42:	9e 4f       	sbci	r25, 0xFE	; 254
    5b44:	8d 5b       	subi	r24, 0xBD	; 189
    5b46:	9f 4f       	sbci	r25, 0xFF	; 255
    5b48:	fc 01       	movw	r30, r24
    5b4a:	10 82       	st	Z, r1
    spielfeld[6].farbGruppe = HELLBLAU;
    5b4c:	89 81       	ldd	r24, Y+1	; 0x01
    5b4e:	9a 81       	ldd	r25, Y+2	; 0x02
    5b50:	80 52       	subi	r24, 0x20	; 32
    5b52:	9e 4f       	sbci	r25, 0xFE	; 254
    5b54:	8c 5b       	subi	r24, 0xBC	; 188
    5b56:	9f 4f       	sbci	r25, 0xFF	; 255
    5b58:	21 e0       	ldi	r18, 0x01	; 1
    5b5a:	fc 01       	movw	r30, r24
    5b5c:	20 83       	st	Z, r18
    spielfeld[6].farbgruppenFelder[0] = 6;
    5b5e:	89 81       	ldd	r24, Y+1	; 0x01
    5b60:	9a 81       	ldd	r25, Y+2	; 0x02
    5b62:	80 52       	subi	r24, 0x20	; 32
    5b64:	9e 4f       	sbci	r25, 0xFE	; 254
    5b66:	8b 5b       	subi	r24, 0xBB	; 187
    5b68:	9f 4f       	sbci	r25, 0xFF	; 255
    5b6a:	26 e0       	ldi	r18, 0x06	; 6
    5b6c:	fc 01       	movw	r30, r24
    5b6e:	20 83       	st	Z, r18
    spielfeld[6].farbgruppenFelder[1] = 8;
    5b70:	89 81       	ldd	r24, Y+1	; 0x01
    5b72:	9a 81       	ldd	r25, Y+2	; 0x02
    5b74:	80 52       	subi	r24, 0x20	; 32
    5b76:	9e 4f       	sbci	r25, 0xFE	; 254
    5b78:	8a 5b       	subi	r24, 0xBA	; 186
    5b7a:	9f 4f       	sbci	r25, 0xFF	; 255
    5b7c:	28 e0       	ldi	r18, 0x08	; 8
    5b7e:	fc 01       	movw	r30, r24
    5b80:	20 83       	st	Z, r18
    spielfeld[6].farbgruppenFelder[2] = 9;
    5b82:	89 81       	ldd	r24, Y+1	; 0x01
    5b84:	9a 81       	ldd	r25, Y+2	; 0x02
    5b86:	80 52       	subi	r24, 0x20	; 32
    5b88:	9e 4f       	sbci	r25, 0xFE	; 254
    5b8a:	89 5b       	subi	r24, 0xB9	; 185
    5b8c:	9f 4f       	sbci	r25, 0xFF	; 255
    5b8e:	29 e0       	ldi	r18, 0x09	; 9
    5b90:	fc 01       	movw	r30, r24
    5b92:	20 83       	st	Z, r18
    spielfeld[6].hausnummer = 2;
    5b94:	89 81       	ldd	r24, Y+1	; 0x01
    5b96:	9a 81       	ldd	r25, Y+2	; 0x02
    5b98:	80 52       	subi	r24, 0x20	; 32
    5b9a:	9e 4f       	sbci	r25, 0xFE	; 254
    5b9c:	87 5b       	subi	r24, 0xB7	; 183
    5b9e:	9f 4f       	sbci	r25, 0xFF	; 255
    5ba0:	22 e0       	ldi	r18, 0x02	; 2
    5ba2:	fc 01       	movw	r30, r24
    5ba4:	20 83       	st	Z, r18
    spielfeld[6].anzahlHaeuser = 0;
    5ba6:	89 81       	ldd	r24, Y+1	; 0x01
    5ba8:	9a 81       	ldd	r25, Y+2	; 0x02
    5baa:	80 52       	subi	r24, 0x20	; 32
    5bac:	9e 4f       	sbci	r25, 0xFE	; 254
    5bae:	86 5b       	subi	r24, 0xB6	; 182
    5bb0:	9f 4f       	sbci	r25, 0xFF	; 255
    5bb2:	fc 01       	movw	r30, r24
    5bb4:	10 82       	st	Z, r1
    spielfeld[6].kostenHaus = 50;
    5bb6:	89 81       	ldd	r24, Y+1	; 0x01
    5bb8:	9a 81       	ldd	r25, Y+2	; 0x02
    5bba:	80 52       	subi	r24, 0x20	; 32
    5bbc:	9e 4f       	sbci	r25, 0xFE	; 254
    5bbe:	84 5b       	subi	r24, 0xB4	; 180
    5bc0:	9f 4f       	sbci	r25, 0xFF	; 255
    5bc2:	22 e3       	ldi	r18, 0x32	; 50
    5bc4:	fc 01       	movw	r30, r24
    5bc6:	20 83       	st	Z, r18
    spielfeld[6].rgbNummer = 3;
    5bc8:	89 81       	ldd	r24, Y+1	; 0x01
    5bca:	9a 81       	ldd	r25, Y+2	; 0x02
    5bcc:	80 52       	subi	r24, 0x20	; 32
    5bce:	9e 4f       	sbci	r25, 0xFE	; 254
    5bd0:	85 5b       	subi	r24, 0xB5	; 181
    5bd2:	9f 4f       	sbci	r25, 0xFF	; 255
    5bd4:	23 e0       	ldi	r18, 0x03	; 3
    5bd6:	fc 01       	movw	r30, r24
    5bd8:	20 83       	st	Z, r18
    spielfeld[6].feldBelastet = 0;  //wenn das Feld belastet ist = 1
    5bda:	89 81       	ldd	r24, Y+1	; 0x01
    5bdc:	9a 81       	ldd	r25, Y+2	; 0x02
    5bde:	80 52       	subi	r24, 0x20	; 32
    5be0:	9e 4f       	sbci	r25, 0xFE	; 254
    5be2:	83 5b       	subi	r24, 0xB3	; 179
    5be4:	9f 4f       	sbci	r25, 0xFF	; 255
    5be6:	fc 01       	movw	r30, r24
    5be8:	10 82       	st	Z, r1
    
    
    //Eigenschaften des Feldes: Chance
    strcpy(spielfeld[7].name, "Chance");
    5bea:	89 81       	ldd	r24, Y+1	; 0x01
    5bec:	9a 81       	ldd	r25, Y+2	; 0x02
    5bee:	80 5d       	subi	r24, 0xD0	; 208
    5bf0:	9d 4f       	sbci	r25, 0xFD	; 253
    5bf2:	9c 01       	movw	r18, r24
    5bf4:	87 e0       	ldi	r24, 0x07	; 7
    5bf6:	e8 e5       	ldi	r30, 0x58	; 88
    5bf8:	f4 e0       	ldi	r31, 0x04	; 4
    5bfa:	d9 01       	movw	r26, r18
    5bfc:	01 90       	ld	r0, Z+
    5bfe:	0d 92       	st	X+, r0
    5c00:	8a 95       	dec	r24
    5c02:	e1 f7       	brne	.-8      	; 0x5bfc <initialisiereSpielfeld+0x5f8>
    spielfeld[7].typ = EREIGNISFELD;
    5c04:	89 81       	ldd	r24, Y+1	; 0x01
    5c06:	9a 81       	ldd	r25, Y+2	; 0x02
    5c08:	80 5d       	subi	r24, 0xD0	; 208
    5c0a:	9d 4f       	sbci	r25, 0xFD	; 253
    5c0c:	21 e0       	ldi	r18, 0x01	; 1
    5c0e:	fc 01       	movw	r30, r24
    5c10:	22 ab       	std	Z+50, r18	; 0x32
    
    //Eigenschaften des Feldes: Pausenraum
    strcpy(spielfeld[8].name, "Pausenraum");
    5c12:	89 81       	ldd	r24, Y+1	; 0x01
    5c14:	9a 81       	ldd	r25, Y+2	; 0x02
    5c16:	80 58       	subi	r24, 0x80	; 128
    5c18:	9d 4f       	sbci	r25, 0xFD	; 253
    5c1a:	9c 01       	movw	r18, r24
    5c1c:	8b e0       	ldi	r24, 0x0B	; 11
    5c1e:	ef e5       	ldi	r30, 0x5F	; 95
    5c20:	f4 e0       	ldi	r31, 0x04	; 4
    5c22:	d9 01       	movw	r26, r18
    5c24:	01 90       	ld	r0, Z+
    5c26:	0d 92       	st	X+, r0
    5c28:	8a 95       	dec	r24
    5c2a:	e1 f7       	brne	.-8      	; 0x5c24 <initialisiereSpielfeld+0x620>
    spielfeld[8].typ = STRASSE;
    5c2c:	89 81       	ldd	r24, Y+1	; 0x01
    5c2e:	9a 81       	ldd	r25, Y+2	; 0x02
    5c30:	80 58       	subi	r24, 0x80	; 128
    5c32:	9d 4f       	sbci	r25, 0xFD	; 253
    5c34:	fc 01       	movw	r30, r24
    5c36:	12 aa       	std	Z+50, r1	; 0x32
    spielfeld[8].preis = 100;
    5c38:	89 81       	ldd	r24, Y+1	; 0x01
    5c3a:	9a 81       	ldd	r25, Y+2	; 0x02
    5c3c:	80 58       	subi	r24, 0x80	; 128
    5c3e:	9d 4f       	sbci	r25, 0xFD	; 253
    5c40:	24 e6       	ldi	r18, 0x64	; 100
    5c42:	30 e0       	ldi	r19, 0x00	; 0
    5c44:	fc 01       	movw	r30, r24
    5c46:	34 ab       	std	Z+52, r19	; 0x34
    5c48:	23 ab       	std	Z+51, r18	; 0x33
    spielfeld[8].mieten[0] = 6;     //Feld einzeln
    5c4a:	89 81       	ldd	r24, Y+1	; 0x01
    5c4c:	9a 81       	ldd	r25, Y+2	; 0x02
    5c4e:	80 58       	subi	r24, 0x80	; 128
    5c50:	9d 4f       	sbci	r25, 0xFD	; 253
    5c52:	26 e0       	ldi	r18, 0x06	; 6
    5c54:	30 e0       	ldi	r19, 0x00	; 0
    5c56:	fc 01       	movw	r30, r24
    5c58:	36 ab       	std	Z+54, r19	; 0x36
    5c5a:	25 ab       	std	Z+53, r18	; 0x35
    spielfeld[8].mieten[1] = 30;    //Feld mit 1 Haus
    5c5c:	89 81       	ldd	r24, Y+1	; 0x01
    5c5e:	9a 81       	ldd	r25, Y+2	; 0x02
    5c60:	80 58       	subi	r24, 0x80	; 128
    5c62:	9d 4f       	sbci	r25, 0xFD	; 253
    5c64:	2e e1       	ldi	r18, 0x1E	; 30
    5c66:	30 e0       	ldi	r19, 0x00	; 0
    5c68:	fc 01       	movw	r30, r24
    5c6a:	30 af       	std	Z+56, r19	; 0x38
    5c6c:	27 ab       	std	Z+55, r18	; 0x37
    spielfeld[8].mieten[2] = 90;    //Feld mit 2 Häuser
    5c6e:	89 81       	ldd	r24, Y+1	; 0x01
    5c70:	9a 81       	ldd	r25, Y+2	; 0x02
    5c72:	80 58       	subi	r24, 0x80	; 128
    5c74:	9d 4f       	sbci	r25, 0xFD	; 253
    5c76:	2a e5       	ldi	r18, 0x5A	; 90
    5c78:	30 e0       	ldi	r19, 0x00	; 0
    5c7a:	fc 01       	movw	r30, r24
    5c7c:	32 af       	std	Z+58, r19	; 0x3a
    5c7e:	21 af       	std	Z+57, r18	; 0x39
    spielfeld[8].mieten[3] = 270;   //Feld mit 3 Häuser
    5c80:	89 81       	ldd	r24, Y+1	; 0x01
    5c82:	9a 81       	ldd	r25, Y+2	; 0x02
    5c84:	80 58       	subi	r24, 0x80	; 128
    5c86:	9d 4f       	sbci	r25, 0xFD	; 253
    5c88:	2e e0       	ldi	r18, 0x0E	; 14
    5c8a:	31 e0       	ldi	r19, 0x01	; 1
    5c8c:	fc 01       	movw	r30, r24
    5c8e:	34 af       	std	Z+60, r19	; 0x3c
    5c90:	23 af       	std	Z+59, r18	; 0x3b
    spielfeld[8].mieten[4] = 400;   //Feld mit 4 Häuser
    5c92:	89 81       	ldd	r24, Y+1	; 0x01
    5c94:	9a 81       	ldd	r25, Y+2	; 0x02
    5c96:	80 58       	subi	r24, 0x80	; 128
    5c98:	9d 4f       	sbci	r25, 0xFD	; 253
    5c9a:	20 e9       	ldi	r18, 0x90	; 144
    5c9c:	31 e0       	ldi	r19, 0x01	; 1
    5c9e:	fc 01       	movw	r30, r24
    5ca0:	36 af       	std	Z+62, r19	; 0x3e
    5ca2:	25 af       	std	Z+61, r18	; 0x3d
    spielfeld[8].mieten[5] = 550;   //Feld mit 5 Häuser
    5ca4:	89 81       	ldd	r24, Y+1	; 0x01
    5ca6:	9a 81       	ldd	r25, Y+2	; 0x02
    5ca8:	80 58       	subi	r24, 0x80	; 128
    5caa:	9d 4f       	sbci	r25, 0xFD	; 253
    5cac:	cf 96       	adiw	r24, 0x3f	; 63
    5cae:	26 e2       	ldi	r18, 0x26	; 38
    5cb0:	32 e0       	ldi	r19, 0x02	; 2
    5cb2:	fc 01       	movw	r30, r24
    5cb4:	31 83       	std	Z+1, r19	; 0x01
    5cb6:	20 83       	st	Z, r18
    spielfeld[8].mieten[6] = 12;    //Feld mit Farbgruppe
    5cb8:	89 81       	ldd	r24, Y+1	; 0x01
    5cba:	9a 81       	ldd	r25, Y+2	; 0x02
    5cbc:	80 58       	subi	r24, 0x80	; 128
    5cbe:	9d 4f       	sbci	r25, 0xFD	; 253
    5cc0:	8f 5b       	subi	r24, 0xBF	; 191
    5cc2:	9f 4f       	sbci	r25, 0xFF	; 255
    5cc4:	2c e0       	ldi	r18, 0x0C	; 12
    5cc6:	30 e0       	ldi	r19, 0x00	; 0
    5cc8:	fc 01       	movw	r30, r24
    5cca:	31 83       	std	Z+1, r19	; 0x01
    5ccc:	20 83       	st	Z, r18
    spielfeld[8].besitzer = 0;
    5cce:	89 81       	ldd	r24, Y+1	; 0x01
    5cd0:	9a 81       	ldd	r25, Y+2	; 0x02
    5cd2:	80 58       	subi	r24, 0x80	; 128
    5cd4:	9d 4f       	sbci	r25, 0xFD	; 253
    5cd6:	8d 5b       	subi	r24, 0xBD	; 189
    5cd8:	9f 4f       	sbci	r25, 0xFF	; 255
    5cda:	fc 01       	movw	r30, r24
    5cdc:	10 82       	st	Z, r1
    spielfeld[8].farbGruppe = HELLBLAU;
    5cde:	89 81       	ldd	r24, Y+1	; 0x01
    5ce0:	9a 81       	ldd	r25, Y+2	; 0x02
    5ce2:	80 58       	subi	r24, 0x80	; 128
    5ce4:	9d 4f       	sbci	r25, 0xFD	; 253
    5ce6:	8c 5b       	subi	r24, 0xBC	; 188
    5ce8:	9f 4f       	sbci	r25, 0xFF	; 255
    5cea:	21 e0       	ldi	r18, 0x01	; 1
    5cec:	fc 01       	movw	r30, r24
    5cee:	20 83       	st	Z, r18
    spielfeld[8].farbgruppenFelder[0] = 6;
    5cf0:	89 81       	ldd	r24, Y+1	; 0x01
    5cf2:	9a 81       	ldd	r25, Y+2	; 0x02
    5cf4:	80 58       	subi	r24, 0x80	; 128
    5cf6:	9d 4f       	sbci	r25, 0xFD	; 253
    5cf8:	8b 5b       	subi	r24, 0xBB	; 187
    5cfa:	9f 4f       	sbci	r25, 0xFF	; 255
    5cfc:	26 e0       	ldi	r18, 0x06	; 6
    5cfe:	fc 01       	movw	r30, r24
    5d00:	20 83       	st	Z, r18
    spielfeld[8].farbgruppenFelder[1] = 8;
    5d02:	89 81       	ldd	r24, Y+1	; 0x01
    5d04:	9a 81       	ldd	r25, Y+2	; 0x02
    5d06:	80 58       	subi	r24, 0x80	; 128
    5d08:	9d 4f       	sbci	r25, 0xFD	; 253
    5d0a:	8a 5b       	subi	r24, 0xBA	; 186
    5d0c:	9f 4f       	sbci	r25, 0xFF	; 255
    5d0e:	28 e0       	ldi	r18, 0x08	; 8
    5d10:	fc 01       	movw	r30, r24
    5d12:	20 83       	st	Z, r18
    spielfeld[8].farbgruppenFelder[2] = 9;
    5d14:	89 81       	ldd	r24, Y+1	; 0x01
    5d16:	9a 81       	ldd	r25, Y+2	; 0x02
    5d18:	80 58       	subi	r24, 0x80	; 128
    5d1a:	9d 4f       	sbci	r25, 0xFD	; 253
    5d1c:	89 5b       	subi	r24, 0xB9	; 185
    5d1e:	9f 4f       	sbci	r25, 0xFF	; 255
    5d20:	29 e0       	ldi	r18, 0x09	; 9
    5d22:	fc 01       	movw	r30, r24
    5d24:	20 83       	st	Z, r18
    spielfeld[8].hausnummer = 3;
    5d26:	89 81       	ldd	r24, Y+1	; 0x01
    5d28:	9a 81       	ldd	r25, Y+2	; 0x02
    5d2a:	80 58       	subi	r24, 0x80	; 128
    5d2c:	9d 4f       	sbci	r25, 0xFD	; 253
    5d2e:	87 5b       	subi	r24, 0xB7	; 183
    5d30:	9f 4f       	sbci	r25, 0xFF	; 255
    5d32:	23 e0       	ldi	r18, 0x03	; 3
    5d34:	fc 01       	movw	r30, r24
    5d36:	20 83       	st	Z, r18
    spielfeld[8].anzahlHaeuser = 0;
    5d38:	89 81       	ldd	r24, Y+1	; 0x01
    5d3a:	9a 81       	ldd	r25, Y+2	; 0x02
    5d3c:	80 58       	subi	r24, 0x80	; 128
    5d3e:	9d 4f       	sbci	r25, 0xFD	; 253
    5d40:	86 5b       	subi	r24, 0xB6	; 182
    5d42:	9f 4f       	sbci	r25, 0xFF	; 255
    5d44:	fc 01       	movw	r30, r24
    5d46:	10 82       	st	Z, r1
    spielfeld[8].kostenHaus = 50;
    5d48:	89 81       	ldd	r24, Y+1	; 0x01
    5d4a:	9a 81       	ldd	r25, Y+2	; 0x02
    5d4c:	80 58       	subi	r24, 0x80	; 128
    5d4e:	9d 4f       	sbci	r25, 0xFD	; 253
    5d50:	84 5b       	subi	r24, 0xB4	; 180
    5d52:	9f 4f       	sbci	r25, 0xFF	; 255
    5d54:	22 e3       	ldi	r18, 0x32	; 50
    5d56:	fc 01       	movw	r30, r24
    5d58:	20 83       	st	Z, r18
    spielfeld[8].rgbNummer = 4;
    5d5a:	89 81       	ldd	r24, Y+1	; 0x01
    5d5c:	9a 81       	ldd	r25, Y+2	; 0x02
    5d5e:	80 58       	subi	r24, 0x80	; 128
    5d60:	9d 4f       	sbci	r25, 0xFD	; 253
    5d62:	85 5b       	subi	r24, 0xB5	; 181
    5d64:	9f 4f       	sbci	r25, 0xFF	; 255
    5d66:	24 e0       	ldi	r18, 0x04	; 4
    5d68:	fc 01       	movw	r30, r24
    5d6a:	20 83       	st	Z, r18
    spielfeld[8].feldBelastet = 0;  //wenn das Feld belastet ist = 1
    5d6c:	89 81       	ldd	r24, Y+1	; 0x01
    5d6e:	9a 81       	ldd	r25, Y+2	; 0x02
    5d70:	80 58       	subi	r24, 0x80	; 128
    5d72:	9d 4f       	sbci	r25, 0xFD	; 253
    5d74:	83 5b       	subi	r24, 0xB3	; 179
    5d76:	9f 4f       	sbci	r25, 0xFF	; 255
    5d78:	fc 01       	movw	r30, r24
    5d7a:	10 82       	st	Z, r1
    

    
    //Eigenschaften des Feldes: Garderobe
    strcpy(spielfeld[9].name, "Garderobe");
    5d7c:	89 81       	ldd	r24, Y+1	; 0x01
    5d7e:	9a 81       	ldd	r25, Y+2	; 0x02
    5d80:	80 53       	subi	r24, 0x30	; 48
    5d82:	9d 4f       	sbci	r25, 0xFD	; 253
    5d84:	9c 01       	movw	r18, r24
    5d86:	8a e0       	ldi	r24, 0x0A	; 10
    5d88:	ea e6       	ldi	r30, 0x6A	; 106
    5d8a:	f4 e0       	ldi	r31, 0x04	; 4
    5d8c:	d9 01       	movw	r26, r18
    5d8e:	01 90       	ld	r0, Z+
    5d90:	0d 92       	st	X+, r0
    5d92:	8a 95       	dec	r24
    5d94:	e1 f7       	brne	.-8      	; 0x5d8e <initialisiereSpielfeld+0x78a>
    spielfeld[9].typ = STRASSE;
    5d96:	89 81       	ldd	r24, Y+1	; 0x01
    5d98:	9a 81       	ldd	r25, Y+2	; 0x02
    5d9a:	80 53       	subi	r24, 0x30	; 48
    5d9c:	9d 4f       	sbci	r25, 0xFD	; 253
    5d9e:	fc 01       	movw	r30, r24
    5da0:	12 aa       	std	Z+50, r1	; 0x32
    spielfeld[9].preis = 120;
    5da2:	89 81       	ldd	r24, Y+1	; 0x01
    5da4:	9a 81       	ldd	r25, Y+2	; 0x02
    5da6:	80 53       	subi	r24, 0x30	; 48
    5da8:	9d 4f       	sbci	r25, 0xFD	; 253
    5daa:	28 e7       	ldi	r18, 0x78	; 120
    5dac:	30 e0       	ldi	r19, 0x00	; 0
    5dae:	fc 01       	movw	r30, r24
    5db0:	34 ab       	std	Z+52, r19	; 0x34
    5db2:	23 ab       	std	Z+51, r18	; 0x33
    spielfeld[9].mieten[0] = 8;     //Feld einzeln
    5db4:	89 81       	ldd	r24, Y+1	; 0x01
    5db6:	9a 81       	ldd	r25, Y+2	; 0x02
    5db8:	80 53       	subi	r24, 0x30	; 48
    5dba:	9d 4f       	sbci	r25, 0xFD	; 253
    5dbc:	28 e0       	ldi	r18, 0x08	; 8
    5dbe:	30 e0       	ldi	r19, 0x00	; 0
    5dc0:	fc 01       	movw	r30, r24
    5dc2:	36 ab       	std	Z+54, r19	; 0x36
    5dc4:	25 ab       	std	Z+53, r18	; 0x35
    spielfeld[9].mieten[1] = 40;    //Feld mit 1 Haus
    5dc6:	89 81       	ldd	r24, Y+1	; 0x01
    5dc8:	9a 81       	ldd	r25, Y+2	; 0x02
    5dca:	80 53       	subi	r24, 0x30	; 48
    5dcc:	9d 4f       	sbci	r25, 0xFD	; 253
    5dce:	28 e2       	ldi	r18, 0x28	; 40
    5dd0:	30 e0       	ldi	r19, 0x00	; 0
    5dd2:	fc 01       	movw	r30, r24
    5dd4:	30 af       	std	Z+56, r19	; 0x38
    5dd6:	27 ab       	std	Z+55, r18	; 0x37
    spielfeld[9].mieten[2] = 100;   //Feld mit 2 Häuser
    5dd8:	89 81       	ldd	r24, Y+1	; 0x01
    5dda:	9a 81       	ldd	r25, Y+2	; 0x02
    5ddc:	80 53       	subi	r24, 0x30	; 48
    5dde:	9d 4f       	sbci	r25, 0xFD	; 253
    5de0:	24 e6       	ldi	r18, 0x64	; 100
    5de2:	30 e0       	ldi	r19, 0x00	; 0
    5de4:	fc 01       	movw	r30, r24
    5de6:	32 af       	std	Z+58, r19	; 0x3a
    5de8:	21 af       	std	Z+57, r18	; 0x39
    spielfeld[9].mieten[3] = 300;   //Feld mit 3 Häuser
    5dea:	89 81       	ldd	r24, Y+1	; 0x01
    5dec:	9a 81       	ldd	r25, Y+2	; 0x02
    5dee:	80 53       	subi	r24, 0x30	; 48
    5df0:	9d 4f       	sbci	r25, 0xFD	; 253
    5df2:	2c e2       	ldi	r18, 0x2C	; 44
    5df4:	31 e0       	ldi	r19, 0x01	; 1
    5df6:	fc 01       	movw	r30, r24
    5df8:	34 af       	std	Z+60, r19	; 0x3c
    5dfa:	23 af       	std	Z+59, r18	; 0x3b
    spielfeld[9].mieten[4] = 450;   //Feld mit 4 Häuser
    5dfc:	89 81       	ldd	r24, Y+1	; 0x01
    5dfe:	9a 81       	ldd	r25, Y+2	; 0x02
    5e00:	80 53       	subi	r24, 0x30	; 48
    5e02:	9d 4f       	sbci	r25, 0xFD	; 253
    5e04:	22 ec       	ldi	r18, 0xC2	; 194
    5e06:	31 e0       	ldi	r19, 0x01	; 1
    5e08:	fc 01       	movw	r30, r24
    5e0a:	36 af       	std	Z+62, r19	; 0x3e
    5e0c:	25 af       	std	Z+61, r18	; 0x3d
    spielfeld[9].mieten[5] = 600;   //Feld mit 5 Häuser
    5e0e:	89 81       	ldd	r24, Y+1	; 0x01
    5e10:	9a 81       	ldd	r25, Y+2	; 0x02
    5e12:	80 53       	subi	r24, 0x30	; 48
    5e14:	9d 4f       	sbci	r25, 0xFD	; 253
    5e16:	cf 96       	adiw	r24, 0x3f	; 63
    5e18:	28 e5       	ldi	r18, 0x58	; 88
    5e1a:	32 e0       	ldi	r19, 0x02	; 2
    5e1c:	fc 01       	movw	r30, r24
    5e1e:	31 83       	std	Z+1, r19	; 0x01
    5e20:	20 83       	st	Z, r18
    spielfeld[9].mieten[6] = 16;    //Feld mit Farbgruppe
    5e22:	89 81       	ldd	r24, Y+1	; 0x01
    5e24:	9a 81       	ldd	r25, Y+2	; 0x02
    5e26:	80 53       	subi	r24, 0x30	; 48
    5e28:	9d 4f       	sbci	r25, 0xFD	; 253
    5e2a:	8f 5b       	subi	r24, 0xBF	; 191
    5e2c:	9f 4f       	sbci	r25, 0xFF	; 255
    5e2e:	20 e1       	ldi	r18, 0x10	; 16
    5e30:	30 e0       	ldi	r19, 0x00	; 0
    5e32:	fc 01       	movw	r30, r24
    5e34:	31 83       	std	Z+1, r19	; 0x01
    5e36:	20 83       	st	Z, r18
    spielfeld[9].besitzer = 0;
    5e38:	89 81       	ldd	r24, Y+1	; 0x01
    5e3a:	9a 81       	ldd	r25, Y+2	; 0x02
    5e3c:	80 53       	subi	r24, 0x30	; 48
    5e3e:	9d 4f       	sbci	r25, 0xFD	; 253
    5e40:	8d 5b       	subi	r24, 0xBD	; 189
    5e42:	9f 4f       	sbci	r25, 0xFF	; 255
    5e44:	fc 01       	movw	r30, r24
    5e46:	10 82       	st	Z, r1
    spielfeld[9].farbGruppe = HELLBLAU;
    5e48:	89 81       	ldd	r24, Y+1	; 0x01
    5e4a:	9a 81       	ldd	r25, Y+2	; 0x02
    5e4c:	80 53       	subi	r24, 0x30	; 48
    5e4e:	9d 4f       	sbci	r25, 0xFD	; 253
    5e50:	8c 5b       	subi	r24, 0xBC	; 188
    5e52:	9f 4f       	sbci	r25, 0xFF	; 255
    5e54:	21 e0       	ldi	r18, 0x01	; 1
    5e56:	fc 01       	movw	r30, r24
    5e58:	20 83       	st	Z, r18
    spielfeld[9].farbgruppenFelder[0] = 6;
    5e5a:	89 81       	ldd	r24, Y+1	; 0x01
    5e5c:	9a 81       	ldd	r25, Y+2	; 0x02
    5e5e:	80 53       	subi	r24, 0x30	; 48
    5e60:	9d 4f       	sbci	r25, 0xFD	; 253
    5e62:	8b 5b       	subi	r24, 0xBB	; 187
    5e64:	9f 4f       	sbci	r25, 0xFF	; 255
    5e66:	26 e0       	ldi	r18, 0x06	; 6
    5e68:	fc 01       	movw	r30, r24
    5e6a:	20 83       	st	Z, r18
    spielfeld[9].farbgruppenFelder[1] = 8;
    5e6c:	89 81       	ldd	r24, Y+1	; 0x01
    5e6e:	9a 81       	ldd	r25, Y+2	; 0x02
    5e70:	80 53       	subi	r24, 0x30	; 48
    5e72:	9d 4f       	sbci	r25, 0xFD	; 253
    5e74:	8a 5b       	subi	r24, 0xBA	; 186
    5e76:	9f 4f       	sbci	r25, 0xFF	; 255
    5e78:	28 e0       	ldi	r18, 0x08	; 8
    5e7a:	fc 01       	movw	r30, r24
    5e7c:	20 83       	st	Z, r18
    spielfeld[9].farbgruppenFelder[2] = 9;
    5e7e:	89 81       	ldd	r24, Y+1	; 0x01
    5e80:	9a 81       	ldd	r25, Y+2	; 0x02
    5e82:	80 53       	subi	r24, 0x30	; 48
    5e84:	9d 4f       	sbci	r25, 0xFD	; 253
    5e86:	89 5b       	subi	r24, 0xB9	; 185
    5e88:	9f 4f       	sbci	r25, 0xFF	; 255
    5e8a:	29 e0       	ldi	r18, 0x09	; 9
    5e8c:	fc 01       	movw	r30, r24
    5e8e:	20 83       	st	Z, r18
    spielfeld[9].hausnummer = 4;
    5e90:	89 81       	ldd	r24, Y+1	; 0x01
    5e92:	9a 81       	ldd	r25, Y+2	; 0x02
    5e94:	80 53       	subi	r24, 0x30	; 48
    5e96:	9d 4f       	sbci	r25, 0xFD	; 253
    5e98:	87 5b       	subi	r24, 0xB7	; 183
    5e9a:	9f 4f       	sbci	r25, 0xFF	; 255
    5e9c:	24 e0       	ldi	r18, 0x04	; 4
    5e9e:	fc 01       	movw	r30, r24
    5ea0:	20 83       	st	Z, r18
    spielfeld[9].anzahlHaeuser = 0;
    5ea2:	89 81       	ldd	r24, Y+1	; 0x01
    5ea4:	9a 81       	ldd	r25, Y+2	; 0x02
    5ea6:	80 53       	subi	r24, 0x30	; 48
    5ea8:	9d 4f       	sbci	r25, 0xFD	; 253
    5eaa:	86 5b       	subi	r24, 0xB6	; 182
    5eac:	9f 4f       	sbci	r25, 0xFF	; 255
    5eae:	fc 01       	movw	r30, r24
    5eb0:	10 82       	st	Z, r1
    spielfeld[9].kostenHaus = 50;
    5eb2:	89 81       	ldd	r24, Y+1	; 0x01
    5eb4:	9a 81       	ldd	r25, Y+2	; 0x02
    5eb6:	80 53       	subi	r24, 0x30	; 48
    5eb8:	9d 4f       	sbci	r25, 0xFD	; 253
    5eba:	84 5b       	subi	r24, 0xB4	; 180
    5ebc:	9f 4f       	sbci	r25, 0xFF	; 255
    5ebe:	22 e3       	ldi	r18, 0x32	; 50
    5ec0:	fc 01       	movw	r30, r24
    5ec2:	20 83       	st	Z, r18
    spielfeld[9].rgbNummer = 5;
    5ec4:	89 81       	ldd	r24, Y+1	; 0x01
    5ec6:	9a 81       	ldd	r25, Y+2	; 0x02
    5ec8:	80 53       	subi	r24, 0x30	; 48
    5eca:	9d 4f       	sbci	r25, 0xFD	; 253
    5ecc:	85 5b       	subi	r24, 0xB5	; 181
    5ece:	9f 4f       	sbci	r25, 0xFF	; 255
    5ed0:	25 e0       	ldi	r18, 0x05	; 5
    5ed2:	fc 01       	movw	r30, r24
    5ed4:	20 83       	st	Z, r18
    spielfeld[9].feldBelastet = 0;  //wenn das Feld belastet ist = 1
    5ed6:	89 81       	ldd	r24, Y+1	; 0x01
    5ed8:	9a 81       	ldd	r25, Y+2	; 0x02
    5eda:	80 53       	subi	r24, 0x30	; 48
    5edc:	9d 4f       	sbci	r25, 0xFD	; 253
    5ede:	83 5b       	subi	r24, 0xB3	; 179
    5ee0:	9f 4f       	sbci	r25, 0xFF	; 255
    5ee2:	fc 01       	movw	r30, r24
    5ee4:	10 82       	st	Z, r1
    
    //Eigenschaften des Feldes: Gefängnis
    strcpy(spielfeld[10].name, "Gef"AE"ngnis");
    5ee6:	89 81       	ldd	r24, Y+1	; 0x01
    5ee8:	9a 81       	ldd	r25, Y+2	; 0x02
    5eea:	80 5e       	subi	r24, 0xE0	; 224
    5eec:	9c 4f       	sbci	r25, 0xFC	; 252
    5eee:	9c 01       	movw	r18, r24
    5ef0:	8a e0       	ldi	r24, 0x0A	; 10
    5ef2:	e4 e7       	ldi	r30, 0x74	; 116
    5ef4:	f4 e0       	ldi	r31, 0x04	; 4
    5ef6:	d9 01       	movw	r26, r18
    5ef8:	01 90       	ld	r0, Z+
    5efa:	0d 92       	st	X+, r0
    5efc:	8a 95       	dec	r24
    5efe:	e1 f7       	brne	.-8      	; 0x5ef8 <initialisiereSpielfeld+0x8f4>
    spielfeld[10].typ = GEFAENGNIS;
    5f00:	89 81       	ldd	r24, Y+1	; 0x01
    5f02:	9a 81       	ldd	r25, Y+2	; 0x02
    5f04:	80 5e       	subi	r24, 0xE0	; 224
    5f06:	9c 4f       	sbci	r25, 0xFC	; 252
    5f08:	24 e0       	ldi	r18, 0x04	; 4
    5f0a:	fc 01       	movw	r30, r24
    5f0c:	22 ab       	std	Z+50, r18	; 0x32
    
    
    
    
    //Eigenschaften des Feldes: Herren Wc
    strcpy(spielfeld[11].name, "Herren WC");
    5f0e:	89 81       	ldd	r24, Y+1	; 0x01
    5f10:	9a 81       	ldd	r25, Y+2	; 0x02
    5f12:	80 59       	subi	r24, 0x90	; 144
    5f14:	9c 4f       	sbci	r25, 0xFC	; 252
    5f16:	9c 01       	movw	r18, r24
    5f18:	8a e0       	ldi	r24, 0x0A	; 10
    5f1a:	ee e7       	ldi	r30, 0x7E	; 126
    5f1c:	f4 e0       	ldi	r31, 0x04	; 4
    5f1e:	d9 01       	movw	r26, r18
    5f20:	01 90       	ld	r0, Z+
    5f22:	0d 92       	st	X+, r0
    5f24:	8a 95       	dec	r24
    5f26:	e1 f7       	brne	.-8      	; 0x5f20 <initialisiereSpielfeld+0x91c>
    spielfeld[11].typ = STRASSE;
    5f28:	89 81       	ldd	r24, Y+1	; 0x01
    5f2a:	9a 81       	ldd	r25, Y+2	; 0x02
    5f2c:	80 59       	subi	r24, 0x90	; 144
    5f2e:	9c 4f       	sbci	r25, 0xFC	; 252
    5f30:	fc 01       	movw	r30, r24
    5f32:	12 aa       	std	Z+50, r1	; 0x32
    spielfeld[11].preis = 140;
    5f34:	89 81       	ldd	r24, Y+1	; 0x01
    5f36:	9a 81       	ldd	r25, Y+2	; 0x02
    5f38:	80 59       	subi	r24, 0x90	; 144
    5f3a:	9c 4f       	sbci	r25, 0xFC	; 252
    5f3c:	2c e8       	ldi	r18, 0x8C	; 140
    5f3e:	30 e0       	ldi	r19, 0x00	; 0
    5f40:	fc 01       	movw	r30, r24
    5f42:	34 ab       	std	Z+52, r19	; 0x34
    5f44:	23 ab       	std	Z+51, r18	; 0x33
    spielfeld[11].mieten[0] = 10;   //Feld einzeln
    5f46:	89 81       	ldd	r24, Y+1	; 0x01
    5f48:	9a 81       	ldd	r25, Y+2	; 0x02
    5f4a:	80 59       	subi	r24, 0x90	; 144
    5f4c:	9c 4f       	sbci	r25, 0xFC	; 252
    5f4e:	2a e0       	ldi	r18, 0x0A	; 10
    5f50:	30 e0       	ldi	r19, 0x00	; 0
    5f52:	fc 01       	movw	r30, r24
    5f54:	36 ab       	std	Z+54, r19	; 0x36
    5f56:	25 ab       	std	Z+53, r18	; 0x35
    spielfeld[11].mieten[1] = 50;   //Feld mit 1 Haus
    5f58:	89 81       	ldd	r24, Y+1	; 0x01
    5f5a:	9a 81       	ldd	r25, Y+2	; 0x02
    5f5c:	80 59       	subi	r24, 0x90	; 144
    5f5e:	9c 4f       	sbci	r25, 0xFC	; 252
    5f60:	22 e3       	ldi	r18, 0x32	; 50
    5f62:	30 e0       	ldi	r19, 0x00	; 0
    5f64:	fc 01       	movw	r30, r24
    5f66:	30 af       	std	Z+56, r19	; 0x38
    5f68:	27 ab       	std	Z+55, r18	; 0x37
    spielfeld[11].mieten[2] = 150;  //Feld mit 2 Häuser
    5f6a:	89 81       	ldd	r24, Y+1	; 0x01
    5f6c:	9a 81       	ldd	r25, Y+2	; 0x02
    5f6e:	80 59       	subi	r24, 0x90	; 144
    5f70:	9c 4f       	sbci	r25, 0xFC	; 252
    5f72:	26 e9       	ldi	r18, 0x96	; 150
    5f74:	30 e0       	ldi	r19, 0x00	; 0
    5f76:	fc 01       	movw	r30, r24
    5f78:	32 af       	std	Z+58, r19	; 0x3a
    5f7a:	21 af       	std	Z+57, r18	; 0x39
    spielfeld[11].mieten[3] = 450;  //Feld mit 3 Häuser
    5f7c:	89 81       	ldd	r24, Y+1	; 0x01
    5f7e:	9a 81       	ldd	r25, Y+2	; 0x02
    5f80:	80 59       	subi	r24, 0x90	; 144
    5f82:	9c 4f       	sbci	r25, 0xFC	; 252
    5f84:	22 ec       	ldi	r18, 0xC2	; 194
    5f86:	31 e0       	ldi	r19, 0x01	; 1
    5f88:	fc 01       	movw	r30, r24
    5f8a:	34 af       	std	Z+60, r19	; 0x3c
    5f8c:	23 af       	std	Z+59, r18	; 0x3b
    spielfeld[11].mieten[4] = 625;  //Feld mit 4 Häuser
    5f8e:	89 81       	ldd	r24, Y+1	; 0x01
    5f90:	9a 81       	ldd	r25, Y+2	; 0x02
    5f92:	80 59       	subi	r24, 0x90	; 144
    5f94:	9c 4f       	sbci	r25, 0xFC	; 252
    5f96:	21 e7       	ldi	r18, 0x71	; 113
    5f98:	32 e0       	ldi	r19, 0x02	; 2
    5f9a:	fc 01       	movw	r30, r24
    5f9c:	36 af       	std	Z+62, r19	; 0x3e
    5f9e:	25 af       	std	Z+61, r18	; 0x3d
    spielfeld[11].mieten[5] = 750;  //Feld mit 5 Häuser
    5fa0:	89 81       	ldd	r24, Y+1	; 0x01
    5fa2:	9a 81       	ldd	r25, Y+2	; 0x02
    5fa4:	80 59       	subi	r24, 0x90	; 144
    5fa6:	9c 4f       	sbci	r25, 0xFC	; 252
    5fa8:	cf 96       	adiw	r24, 0x3f	; 63
    5faa:	2e ee       	ldi	r18, 0xEE	; 238
    5fac:	32 e0       	ldi	r19, 0x02	; 2
    5fae:	fc 01       	movw	r30, r24
    5fb0:	31 83       	std	Z+1, r19	; 0x01
    5fb2:	20 83       	st	Z, r18
    spielfeld[11].mieten[6] = 20;   //Feld mit Farbgruppe
    5fb4:	89 81       	ldd	r24, Y+1	; 0x01
    5fb6:	9a 81       	ldd	r25, Y+2	; 0x02
    5fb8:	80 59       	subi	r24, 0x90	; 144
    5fba:	9c 4f       	sbci	r25, 0xFC	; 252
    5fbc:	8f 5b       	subi	r24, 0xBF	; 191
    5fbe:	9f 4f       	sbci	r25, 0xFF	; 255
    5fc0:	24 e1       	ldi	r18, 0x14	; 20
    5fc2:	30 e0       	ldi	r19, 0x00	; 0
    5fc4:	fc 01       	movw	r30, r24
    5fc6:	31 83       	std	Z+1, r19	; 0x01
    5fc8:	20 83       	st	Z, r18
    spielfeld[11].besitzer = 0;
    5fca:	89 81       	ldd	r24, Y+1	; 0x01
    5fcc:	9a 81       	ldd	r25, Y+2	; 0x02
    5fce:	80 59       	subi	r24, 0x90	; 144
    5fd0:	9c 4f       	sbci	r25, 0xFC	; 252
    5fd2:	8d 5b       	subi	r24, 0xBD	; 189
    5fd4:	9f 4f       	sbci	r25, 0xFF	; 255
    5fd6:	fc 01       	movw	r30, r24
    5fd8:	10 82       	st	Z, r1
    spielfeld[11].farbGruppe = ROSA;
    5fda:	89 81       	ldd	r24, Y+1	; 0x01
    5fdc:	9a 81       	ldd	r25, Y+2	; 0x02
    5fde:	80 59       	subi	r24, 0x90	; 144
    5fe0:	9c 4f       	sbci	r25, 0xFC	; 252
    5fe2:	8c 5b       	subi	r24, 0xBC	; 188
    5fe4:	9f 4f       	sbci	r25, 0xFF	; 255
    5fe6:	22 e0       	ldi	r18, 0x02	; 2
    5fe8:	fc 01       	movw	r30, r24
    5fea:	20 83       	st	Z, r18
    spielfeld[11].farbgruppenFelder[0] = 11;
    5fec:	89 81       	ldd	r24, Y+1	; 0x01
    5fee:	9a 81       	ldd	r25, Y+2	; 0x02
    5ff0:	80 59       	subi	r24, 0x90	; 144
    5ff2:	9c 4f       	sbci	r25, 0xFC	; 252
    5ff4:	8b 5b       	subi	r24, 0xBB	; 187
    5ff6:	9f 4f       	sbci	r25, 0xFF	; 255
    5ff8:	2b e0       	ldi	r18, 0x0B	; 11
    5ffa:	fc 01       	movw	r30, r24
    5ffc:	20 83       	st	Z, r18
    spielfeld[11].farbgruppenFelder[1] = 13;
    5ffe:	89 81       	ldd	r24, Y+1	; 0x01
    6000:	9a 81       	ldd	r25, Y+2	; 0x02
    6002:	80 59       	subi	r24, 0x90	; 144
    6004:	9c 4f       	sbci	r25, 0xFC	; 252
    6006:	8a 5b       	subi	r24, 0xBA	; 186
    6008:	9f 4f       	sbci	r25, 0xFF	; 255
    600a:	2d e0       	ldi	r18, 0x0D	; 13
    600c:	fc 01       	movw	r30, r24
    600e:	20 83       	st	Z, r18
    spielfeld[11].farbgruppenFelder[2] = 14;
    6010:	89 81       	ldd	r24, Y+1	; 0x01
    6012:	9a 81       	ldd	r25, Y+2	; 0x02
    6014:	80 59       	subi	r24, 0x90	; 144
    6016:	9c 4f       	sbci	r25, 0xFC	; 252
    6018:	89 5b       	subi	r24, 0xB9	; 185
    601a:	9f 4f       	sbci	r25, 0xFF	; 255
    601c:	2e e0       	ldi	r18, 0x0E	; 14
    601e:	fc 01       	movw	r30, r24
    6020:	20 83       	st	Z, r18
    spielfeld[11].hausnummer = 5;
    6022:	89 81       	ldd	r24, Y+1	; 0x01
    6024:	9a 81       	ldd	r25, Y+2	; 0x02
    6026:	80 59       	subi	r24, 0x90	; 144
    6028:	9c 4f       	sbci	r25, 0xFC	; 252
    602a:	87 5b       	subi	r24, 0xB7	; 183
    602c:	9f 4f       	sbci	r25, 0xFF	; 255
    602e:	25 e0       	ldi	r18, 0x05	; 5
    6030:	fc 01       	movw	r30, r24
    6032:	20 83       	st	Z, r18
    spielfeld[11].anzahlHaeuser = 0;
    6034:	89 81       	ldd	r24, Y+1	; 0x01
    6036:	9a 81       	ldd	r25, Y+2	; 0x02
    6038:	80 59       	subi	r24, 0x90	; 144
    603a:	9c 4f       	sbci	r25, 0xFC	; 252
    603c:	86 5b       	subi	r24, 0xB6	; 182
    603e:	9f 4f       	sbci	r25, 0xFF	; 255
    6040:	fc 01       	movw	r30, r24
    6042:	10 82       	st	Z, r1
    spielfeld[11].kostenHaus = 100;
    6044:	89 81       	ldd	r24, Y+1	; 0x01
    6046:	9a 81       	ldd	r25, Y+2	; 0x02
    6048:	80 59       	subi	r24, 0x90	; 144
    604a:	9c 4f       	sbci	r25, 0xFC	; 252
    604c:	84 5b       	subi	r24, 0xB4	; 180
    604e:	9f 4f       	sbci	r25, 0xFF	; 255
    6050:	24 e6       	ldi	r18, 0x64	; 100
    6052:	fc 01       	movw	r30, r24
    6054:	20 83       	st	Z, r18
    spielfeld[11].rgbNummer = 6;
    6056:	89 81       	ldd	r24, Y+1	; 0x01
    6058:	9a 81       	ldd	r25, Y+2	; 0x02
    605a:	80 59       	subi	r24, 0x90	; 144
    605c:	9c 4f       	sbci	r25, 0xFC	; 252
    605e:	85 5b       	subi	r24, 0xB5	; 181
    6060:	9f 4f       	sbci	r25, 0xFF	; 255
    6062:	26 e0       	ldi	r18, 0x06	; 6
    6064:	fc 01       	movw	r30, r24
    6066:	20 83       	st	Z, r18
    spielfeld[11].feldBelastet = 0;  //wenn das Feld belastet ist = 1
    6068:	89 81       	ldd	r24, Y+1	; 0x01
    606a:	9a 81       	ldd	r25, Y+2	; 0x02
    606c:	80 59       	subi	r24, 0x90	; 144
    606e:	9c 4f       	sbci	r25, 0xFC	; 252
    6070:	83 5b       	subi	r24, 0xB3	; 179
    6072:	9f 4f       	sbci	r25, 0xFF	; 255
    6074:	fc 01       	movw	r30, r24
    6076:	10 82       	st	Z, r1
    
    //Eigenschaften des Feldes: Informatikdienst
    strcpy(spielfeld[12].name, "Informatikdienst");
    6078:	89 81       	ldd	r24, Y+1	; 0x01
    607a:	9a 81       	ldd	r25, Y+2	; 0x02
    607c:	80 54       	subi	r24, 0x40	; 64
    607e:	9c 4f       	sbci	r25, 0xFC	; 252
    6080:	9c 01       	movw	r18, r24
    6082:	81 e1       	ldi	r24, 0x11	; 17
    6084:	e8 e8       	ldi	r30, 0x88	; 136
    6086:	f4 e0       	ldi	r31, 0x04	; 4
    6088:	d9 01       	movw	r26, r18
    608a:	01 90       	ld	r0, Z+
    608c:	0d 92       	st	X+, r0
    608e:	8a 95       	dec	r24
    6090:	e1 f7       	brne	.-8      	; 0x608a <initialisiereSpielfeld+0xa86>
    spielfeld[12].typ = WERK;
    6092:	89 81       	ldd	r24, Y+1	; 0x01
    6094:	9a 81       	ldd	r25, Y+2	; 0x02
    6096:	80 54       	subi	r24, 0x40	; 64
    6098:	9c 4f       	sbci	r25, 0xFC	; 252
    609a:	26 e0       	ldi	r18, 0x06	; 6
    609c:	fc 01       	movw	r30, r24
    609e:	22 ab       	std	Z+50, r18	; 0x32
    spielfeld[12].preis = 150;
    60a0:	89 81       	ldd	r24, Y+1	; 0x01
    60a2:	9a 81       	ldd	r25, Y+2	; 0x02
    60a4:	80 54       	subi	r24, 0x40	; 64
    60a6:	9c 4f       	sbci	r25, 0xFC	; 252
    60a8:	26 e9       	ldi	r18, 0x96	; 150
    60aa:	30 e0       	ldi	r19, 0x00	; 0
    60ac:	fc 01       	movw	r30, r24
    60ae:	34 ab       	std	Z+52, r19	; 0x34
    60b0:	23 ab       	std	Z+51, r18	; 0x33
    spielfeld[12].besitzer = 0;
    60b2:	89 81       	ldd	r24, Y+1	; 0x01
    60b4:	9a 81       	ldd	r25, Y+2	; 0x02
    60b6:	80 54       	subi	r24, 0x40	; 64
    60b8:	9c 4f       	sbci	r25, 0xFC	; 252
    60ba:	8d 5b       	subi	r24, 0xBD	; 189
    60bc:	9f 4f       	sbci	r25, 0xFF	; 255
    60be:	fc 01       	movw	r30, r24
    60c0:	10 82       	st	Z, r1
    spielfeld[12].farbGruppe = FARBLOS;
    60c2:	89 81       	ldd	r24, Y+1	; 0x01
    60c4:	9a 81       	ldd	r25, Y+2	; 0x02
    60c6:	80 54       	subi	r24, 0x40	; 64
    60c8:	9c 4f       	sbci	r25, 0xFC	; 252
    60ca:	8c 5b       	subi	r24, 0xBC	; 188
    60cc:	9f 4f       	sbci	r25, 0xFF	; 255
    60ce:	28 e0       	ldi	r18, 0x08	; 8
    60d0:	fc 01       	movw	r30, r24
    60d2:	20 83       	st	Z, r18
    spielfeld[12].rgbNummer = 7;
    60d4:	89 81       	ldd	r24, Y+1	; 0x01
    60d6:	9a 81       	ldd	r25, Y+2	; 0x02
    60d8:	80 54       	subi	r24, 0x40	; 64
    60da:	9c 4f       	sbci	r25, 0xFC	; 252
    60dc:	85 5b       	subi	r24, 0xB5	; 181
    60de:	9f 4f       	sbci	r25, 0xFF	; 255
    60e0:	27 e0       	ldi	r18, 0x07	; 7
    60e2:	fc 01       	movw	r30, r24
    60e4:	20 83       	st	Z, r18
    spielfeld[12].feldBelastet = 0;  //wenn das Feld belastet ist = 1
    60e6:	89 81       	ldd	r24, Y+1	; 0x01
    60e8:	9a 81       	ldd	r25, Y+2	; 0x02
    60ea:	80 54       	subi	r24, 0x40	; 64
    60ec:	9c 4f       	sbci	r25, 0xFC	; 252
    60ee:	83 5b       	subi	r24, 0xB3	; 179
    60f0:	9f 4f       	sbci	r25, 0xFF	; 255
    60f2:	fc 01       	movw	r30, r24
    60f4:	10 82       	st	Z, r1
    
    //Eigenschaften des Feldes: Frauen WC
    strcpy(spielfeld[13].name, "Frauen WC");
    60f6:	89 81       	ldd	r24, Y+1	; 0x01
    60f8:	9a 81       	ldd	r25, Y+2	; 0x02
    60fa:	80 5f       	subi	r24, 0xF0	; 240
    60fc:	9b 4f       	sbci	r25, 0xFB	; 251
    60fe:	9c 01       	movw	r18, r24
    6100:	8a e0       	ldi	r24, 0x0A	; 10
    6102:	e9 e9       	ldi	r30, 0x99	; 153
    6104:	f4 e0       	ldi	r31, 0x04	; 4
    6106:	d9 01       	movw	r26, r18
    6108:	01 90       	ld	r0, Z+
    610a:	0d 92       	st	X+, r0
    610c:	8a 95       	dec	r24
    610e:	e1 f7       	brne	.-8      	; 0x6108 <initialisiereSpielfeld+0xb04>
    spielfeld[13].typ = STRASSE;
    6110:	89 81       	ldd	r24, Y+1	; 0x01
    6112:	9a 81       	ldd	r25, Y+2	; 0x02
    6114:	80 5f       	subi	r24, 0xF0	; 240
    6116:	9b 4f       	sbci	r25, 0xFB	; 251
    6118:	fc 01       	movw	r30, r24
    611a:	12 aa       	std	Z+50, r1	; 0x32
    spielfeld[13].preis = 140;
    611c:	89 81       	ldd	r24, Y+1	; 0x01
    611e:	9a 81       	ldd	r25, Y+2	; 0x02
    6120:	80 5f       	subi	r24, 0xF0	; 240
    6122:	9b 4f       	sbci	r25, 0xFB	; 251
    6124:	2c e8       	ldi	r18, 0x8C	; 140
    6126:	30 e0       	ldi	r19, 0x00	; 0
    6128:	fc 01       	movw	r30, r24
    612a:	34 ab       	std	Z+52, r19	; 0x34
    612c:	23 ab       	std	Z+51, r18	; 0x33
    spielfeld[13].mieten[0] = 10;   //Feld einzeln
    612e:	89 81       	ldd	r24, Y+1	; 0x01
    6130:	9a 81       	ldd	r25, Y+2	; 0x02
    6132:	80 5f       	subi	r24, 0xF0	; 240
    6134:	9b 4f       	sbci	r25, 0xFB	; 251
    6136:	2a e0       	ldi	r18, 0x0A	; 10
    6138:	30 e0       	ldi	r19, 0x00	; 0
    613a:	fc 01       	movw	r30, r24
    613c:	36 ab       	std	Z+54, r19	; 0x36
    613e:	25 ab       	std	Z+53, r18	; 0x35
    spielfeld[13].mieten[1] = 50;   //Feld mit 1 Haus
    6140:	89 81       	ldd	r24, Y+1	; 0x01
    6142:	9a 81       	ldd	r25, Y+2	; 0x02
    6144:	80 5f       	subi	r24, 0xF0	; 240
    6146:	9b 4f       	sbci	r25, 0xFB	; 251
    6148:	22 e3       	ldi	r18, 0x32	; 50
    614a:	30 e0       	ldi	r19, 0x00	; 0
    614c:	fc 01       	movw	r30, r24
    614e:	30 af       	std	Z+56, r19	; 0x38
    6150:	27 ab       	std	Z+55, r18	; 0x37
    spielfeld[13].mieten[2] = 150;  //Feld mit 2 Häuser
    6152:	89 81       	ldd	r24, Y+1	; 0x01
    6154:	9a 81       	ldd	r25, Y+2	; 0x02
    6156:	80 5f       	subi	r24, 0xF0	; 240
    6158:	9b 4f       	sbci	r25, 0xFB	; 251
    615a:	26 e9       	ldi	r18, 0x96	; 150
    615c:	30 e0       	ldi	r19, 0x00	; 0
    615e:	fc 01       	movw	r30, r24
    6160:	32 af       	std	Z+58, r19	; 0x3a
    6162:	21 af       	std	Z+57, r18	; 0x39
    spielfeld[13].mieten[3] = 450;  //Feld mit 3 Häuser
    6164:	89 81       	ldd	r24, Y+1	; 0x01
    6166:	9a 81       	ldd	r25, Y+2	; 0x02
    6168:	80 5f       	subi	r24, 0xF0	; 240
    616a:	9b 4f       	sbci	r25, 0xFB	; 251
    616c:	22 ec       	ldi	r18, 0xC2	; 194
    616e:	31 e0       	ldi	r19, 0x01	; 1
    6170:	fc 01       	movw	r30, r24
    6172:	34 af       	std	Z+60, r19	; 0x3c
    6174:	23 af       	std	Z+59, r18	; 0x3b
    spielfeld[13].mieten[4] = 625;  //Feld mit 4 Häuser
    6176:	89 81       	ldd	r24, Y+1	; 0x01
    6178:	9a 81       	ldd	r25, Y+2	; 0x02
    617a:	80 5f       	subi	r24, 0xF0	; 240
    617c:	9b 4f       	sbci	r25, 0xFB	; 251
    617e:	21 e7       	ldi	r18, 0x71	; 113
    6180:	32 e0       	ldi	r19, 0x02	; 2
    6182:	fc 01       	movw	r30, r24
    6184:	36 af       	std	Z+62, r19	; 0x3e
    6186:	25 af       	std	Z+61, r18	; 0x3d
    spielfeld[13].mieten[5] = 750;  //Feld mit 5 Häuser
    6188:	89 81       	ldd	r24, Y+1	; 0x01
    618a:	9a 81       	ldd	r25, Y+2	; 0x02
    618c:	80 5f       	subi	r24, 0xF0	; 240
    618e:	9b 4f       	sbci	r25, 0xFB	; 251
    6190:	cf 96       	adiw	r24, 0x3f	; 63
    6192:	2e ee       	ldi	r18, 0xEE	; 238
    6194:	32 e0       	ldi	r19, 0x02	; 2
    6196:	fc 01       	movw	r30, r24
    6198:	31 83       	std	Z+1, r19	; 0x01
    619a:	20 83       	st	Z, r18
    spielfeld[13].mieten[6] = 20;   //Feld mit Farbgruppe
    619c:	89 81       	ldd	r24, Y+1	; 0x01
    619e:	9a 81       	ldd	r25, Y+2	; 0x02
    61a0:	80 5f       	subi	r24, 0xF0	; 240
    61a2:	9b 4f       	sbci	r25, 0xFB	; 251
    61a4:	8f 5b       	subi	r24, 0xBF	; 191
    61a6:	9f 4f       	sbci	r25, 0xFF	; 255
    61a8:	24 e1       	ldi	r18, 0x14	; 20
    61aa:	30 e0       	ldi	r19, 0x00	; 0
    61ac:	fc 01       	movw	r30, r24
    61ae:	31 83       	std	Z+1, r19	; 0x01
    61b0:	20 83       	st	Z, r18
    spielfeld[13].besitzer = 0;
    61b2:	89 81       	ldd	r24, Y+1	; 0x01
    61b4:	9a 81       	ldd	r25, Y+2	; 0x02
    61b6:	80 5f       	subi	r24, 0xF0	; 240
    61b8:	9b 4f       	sbci	r25, 0xFB	; 251
    61ba:	8d 5b       	subi	r24, 0xBD	; 189
    61bc:	9f 4f       	sbci	r25, 0xFF	; 255
    61be:	fc 01       	movw	r30, r24
    61c0:	10 82       	st	Z, r1
    spielfeld[13].farbGruppe = ROSA;
    61c2:	89 81       	ldd	r24, Y+1	; 0x01
    61c4:	9a 81       	ldd	r25, Y+2	; 0x02
    61c6:	80 5f       	subi	r24, 0xF0	; 240
    61c8:	9b 4f       	sbci	r25, 0xFB	; 251
    61ca:	8c 5b       	subi	r24, 0xBC	; 188
    61cc:	9f 4f       	sbci	r25, 0xFF	; 255
    61ce:	22 e0       	ldi	r18, 0x02	; 2
    61d0:	fc 01       	movw	r30, r24
    61d2:	20 83       	st	Z, r18
    spielfeld[13].farbgruppenFelder[0] = 11;
    61d4:	89 81       	ldd	r24, Y+1	; 0x01
    61d6:	9a 81       	ldd	r25, Y+2	; 0x02
    61d8:	80 5f       	subi	r24, 0xF0	; 240
    61da:	9b 4f       	sbci	r25, 0xFB	; 251
    61dc:	8b 5b       	subi	r24, 0xBB	; 187
    61de:	9f 4f       	sbci	r25, 0xFF	; 255
    61e0:	2b e0       	ldi	r18, 0x0B	; 11
    61e2:	fc 01       	movw	r30, r24
    61e4:	20 83       	st	Z, r18
    spielfeld[13].farbgruppenFelder[1] = 13;
    61e6:	89 81       	ldd	r24, Y+1	; 0x01
    61e8:	9a 81       	ldd	r25, Y+2	; 0x02
    61ea:	80 5f       	subi	r24, 0xF0	; 240
    61ec:	9b 4f       	sbci	r25, 0xFB	; 251
    61ee:	8a 5b       	subi	r24, 0xBA	; 186
    61f0:	9f 4f       	sbci	r25, 0xFF	; 255
    61f2:	2d e0       	ldi	r18, 0x0D	; 13
    61f4:	fc 01       	movw	r30, r24
    61f6:	20 83       	st	Z, r18
    spielfeld[13].farbgruppenFelder[2] = 14;
    61f8:	89 81       	ldd	r24, Y+1	; 0x01
    61fa:	9a 81       	ldd	r25, Y+2	; 0x02
    61fc:	80 5f       	subi	r24, 0xF0	; 240
    61fe:	9b 4f       	sbci	r25, 0xFB	; 251
    6200:	89 5b       	subi	r24, 0xB9	; 185
    6202:	9f 4f       	sbci	r25, 0xFF	; 255
    6204:	2e e0       	ldi	r18, 0x0E	; 14
    6206:	fc 01       	movw	r30, r24
    6208:	20 83       	st	Z, r18
    spielfeld[13].hausnummer = 6;
    620a:	89 81       	ldd	r24, Y+1	; 0x01
    620c:	9a 81       	ldd	r25, Y+2	; 0x02
    620e:	80 5f       	subi	r24, 0xF0	; 240
    6210:	9b 4f       	sbci	r25, 0xFB	; 251
    6212:	87 5b       	subi	r24, 0xB7	; 183
    6214:	9f 4f       	sbci	r25, 0xFF	; 255
    6216:	26 e0       	ldi	r18, 0x06	; 6
    6218:	fc 01       	movw	r30, r24
    621a:	20 83       	st	Z, r18
    spielfeld[13].anzahlHaeuser = 0;
    621c:	89 81       	ldd	r24, Y+1	; 0x01
    621e:	9a 81       	ldd	r25, Y+2	; 0x02
    6220:	80 5f       	subi	r24, 0xF0	; 240
    6222:	9b 4f       	sbci	r25, 0xFB	; 251
    6224:	86 5b       	subi	r24, 0xB6	; 182
    6226:	9f 4f       	sbci	r25, 0xFF	; 255
    6228:	fc 01       	movw	r30, r24
    622a:	10 82       	st	Z, r1
    spielfeld[13].kostenHaus = 100;
    622c:	89 81       	ldd	r24, Y+1	; 0x01
    622e:	9a 81       	ldd	r25, Y+2	; 0x02
    6230:	80 5f       	subi	r24, 0xF0	; 240
    6232:	9b 4f       	sbci	r25, 0xFB	; 251
    6234:	84 5b       	subi	r24, 0xB4	; 180
    6236:	9f 4f       	sbci	r25, 0xFF	; 255
    6238:	24 e6       	ldi	r18, 0x64	; 100
    623a:	fc 01       	movw	r30, r24
    623c:	20 83       	st	Z, r18
    spielfeld[13].rgbNummer = 8;
    623e:	89 81       	ldd	r24, Y+1	; 0x01
    6240:	9a 81       	ldd	r25, Y+2	; 0x02
    6242:	80 5f       	subi	r24, 0xF0	; 240
    6244:	9b 4f       	sbci	r25, 0xFB	; 251
    6246:	85 5b       	subi	r24, 0xB5	; 181
    6248:	9f 4f       	sbci	r25, 0xFF	; 255
    624a:	28 e0       	ldi	r18, 0x08	; 8
    624c:	fc 01       	movw	r30, r24
    624e:	20 83       	st	Z, r18
    spielfeld[13].feldBelastet = 0;  //wenn das Feld belastet ist = 1
    6250:	89 81       	ldd	r24, Y+1	; 0x01
    6252:	9a 81       	ldd	r25, Y+2	; 0x02
    6254:	80 5f       	subi	r24, 0xF0	; 240
    6256:	9b 4f       	sbci	r25, 0xFB	; 251
    6258:	83 5b       	subi	r24, 0xB3	; 179
    625a:	9f 4f       	sbci	r25, 0xFF	; 255
    625c:	fc 01       	movw	r30, r24
    625e:	10 82       	st	Z, r1
    
    //Eigenschaften des Feldes: Lehrer WC
    strcpy(spielfeld[14].name, "Lehrer WC");
    6260:	89 81       	ldd	r24, Y+1	; 0x01
    6262:	9a 81       	ldd	r25, Y+2	; 0x02
    6264:	80 5a       	subi	r24, 0xA0	; 160
    6266:	9b 4f       	sbci	r25, 0xFB	; 251
    6268:	9c 01       	movw	r18, r24
    626a:	8a e0       	ldi	r24, 0x0A	; 10
    626c:	e3 ea       	ldi	r30, 0xA3	; 163
    626e:	f4 e0       	ldi	r31, 0x04	; 4
    6270:	d9 01       	movw	r26, r18
    6272:	01 90       	ld	r0, Z+
    6274:	0d 92       	st	X+, r0
    6276:	8a 95       	dec	r24
    6278:	e1 f7       	brne	.-8      	; 0x6272 <initialisiereSpielfeld+0xc6e>
    spielfeld[14].typ = STRASSE;
    627a:	89 81       	ldd	r24, Y+1	; 0x01
    627c:	9a 81       	ldd	r25, Y+2	; 0x02
    627e:	80 5a       	subi	r24, 0xA0	; 160
    6280:	9b 4f       	sbci	r25, 0xFB	; 251
    6282:	fc 01       	movw	r30, r24
    6284:	12 aa       	std	Z+50, r1	; 0x32
    spielfeld[14].preis = 160;
    6286:	89 81       	ldd	r24, Y+1	; 0x01
    6288:	9a 81       	ldd	r25, Y+2	; 0x02
    628a:	80 5a       	subi	r24, 0xA0	; 160
    628c:	9b 4f       	sbci	r25, 0xFB	; 251
    628e:	20 ea       	ldi	r18, 0xA0	; 160
    6290:	30 e0       	ldi	r19, 0x00	; 0
    6292:	fc 01       	movw	r30, r24
    6294:	34 ab       	std	Z+52, r19	; 0x34
    6296:	23 ab       	std	Z+51, r18	; 0x33
    spielfeld[14].mieten[0] = 12;   //Feld einzeln
    6298:	89 81       	ldd	r24, Y+1	; 0x01
    629a:	9a 81       	ldd	r25, Y+2	; 0x02
    629c:	80 5a       	subi	r24, 0xA0	; 160
    629e:	9b 4f       	sbci	r25, 0xFB	; 251
    62a0:	2c e0       	ldi	r18, 0x0C	; 12
    62a2:	30 e0       	ldi	r19, 0x00	; 0
    62a4:	fc 01       	movw	r30, r24
    62a6:	36 ab       	std	Z+54, r19	; 0x36
    62a8:	25 ab       	std	Z+53, r18	; 0x35
    spielfeld[14].mieten[1] = 60;   //Feld mit 1 Haus
    62aa:	89 81       	ldd	r24, Y+1	; 0x01
    62ac:	9a 81       	ldd	r25, Y+2	; 0x02
    62ae:	80 5a       	subi	r24, 0xA0	; 160
    62b0:	9b 4f       	sbci	r25, 0xFB	; 251
    62b2:	2c e3       	ldi	r18, 0x3C	; 60
    62b4:	30 e0       	ldi	r19, 0x00	; 0
    62b6:	fc 01       	movw	r30, r24
    62b8:	30 af       	std	Z+56, r19	; 0x38
    62ba:	27 ab       	std	Z+55, r18	; 0x37
    spielfeld[14].mieten[2] = 180;  //Feld mit 2 Häuser
    62bc:	89 81       	ldd	r24, Y+1	; 0x01
    62be:	9a 81       	ldd	r25, Y+2	; 0x02
    62c0:	80 5a       	subi	r24, 0xA0	; 160
    62c2:	9b 4f       	sbci	r25, 0xFB	; 251
    62c4:	24 eb       	ldi	r18, 0xB4	; 180
    62c6:	30 e0       	ldi	r19, 0x00	; 0
    62c8:	fc 01       	movw	r30, r24
    62ca:	32 af       	std	Z+58, r19	; 0x3a
    62cc:	21 af       	std	Z+57, r18	; 0x39
    spielfeld[14].mieten[3] = 500;  //Feld mit 3 Häuser
    62ce:	89 81       	ldd	r24, Y+1	; 0x01
    62d0:	9a 81       	ldd	r25, Y+2	; 0x02
    62d2:	80 5a       	subi	r24, 0xA0	; 160
    62d4:	9b 4f       	sbci	r25, 0xFB	; 251
    62d6:	24 ef       	ldi	r18, 0xF4	; 244
    62d8:	31 e0       	ldi	r19, 0x01	; 1
    62da:	fc 01       	movw	r30, r24
    62dc:	34 af       	std	Z+60, r19	; 0x3c
    62de:	23 af       	std	Z+59, r18	; 0x3b
    spielfeld[14].mieten[4] = 700;  //Feld mit 4 Häuser
    62e0:	89 81       	ldd	r24, Y+1	; 0x01
    62e2:	9a 81       	ldd	r25, Y+2	; 0x02
    62e4:	80 5a       	subi	r24, 0xA0	; 160
    62e6:	9b 4f       	sbci	r25, 0xFB	; 251
    62e8:	2c eb       	ldi	r18, 0xBC	; 188
    62ea:	32 e0       	ldi	r19, 0x02	; 2
    62ec:	fc 01       	movw	r30, r24
    62ee:	36 af       	std	Z+62, r19	; 0x3e
    62f0:	25 af       	std	Z+61, r18	; 0x3d
    spielfeld[14].mieten[5] = 900;  //Feld mit 5 Häuser
    62f2:	89 81       	ldd	r24, Y+1	; 0x01
    62f4:	9a 81       	ldd	r25, Y+2	; 0x02
    62f6:	80 5a       	subi	r24, 0xA0	; 160
    62f8:	9b 4f       	sbci	r25, 0xFB	; 251
    62fa:	cf 96       	adiw	r24, 0x3f	; 63
    62fc:	24 e8       	ldi	r18, 0x84	; 132
    62fe:	33 e0       	ldi	r19, 0x03	; 3
    6300:	fc 01       	movw	r30, r24
    6302:	31 83       	std	Z+1, r19	; 0x01
    6304:	20 83       	st	Z, r18
    spielfeld[14].mieten[6] = 24;   //Feld mit Farbgruppe
    6306:	89 81       	ldd	r24, Y+1	; 0x01
    6308:	9a 81       	ldd	r25, Y+2	; 0x02
    630a:	80 5a       	subi	r24, 0xA0	; 160
    630c:	9b 4f       	sbci	r25, 0xFB	; 251
    630e:	8f 5b       	subi	r24, 0xBF	; 191
    6310:	9f 4f       	sbci	r25, 0xFF	; 255
    6312:	28 e1       	ldi	r18, 0x18	; 24
    6314:	30 e0       	ldi	r19, 0x00	; 0
    6316:	fc 01       	movw	r30, r24
    6318:	31 83       	std	Z+1, r19	; 0x01
    631a:	20 83       	st	Z, r18
    spielfeld[14].besitzer = 0;
    631c:	89 81       	ldd	r24, Y+1	; 0x01
    631e:	9a 81       	ldd	r25, Y+2	; 0x02
    6320:	80 5a       	subi	r24, 0xA0	; 160
    6322:	9b 4f       	sbci	r25, 0xFB	; 251
    6324:	8d 5b       	subi	r24, 0xBD	; 189
    6326:	9f 4f       	sbci	r25, 0xFF	; 255
    6328:	fc 01       	movw	r30, r24
    632a:	10 82       	st	Z, r1
    spielfeld[14].farbGruppe = ROSA;
    632c:	89 81       	ldd	r24, Y+1	; 0x01
    632e:	9a 81       	ldd	r25, Y+2	; 0x02
    6330:	80 5a       	subi	r24, 0xA0	; 160
    6332:	9b 4f       	sbci	r25, 0xFB	; 251
    6334:	8c 5b       	subi	r24, 0xBC	; 188
    6336:	9f 4f       	sbci	r25, 0xFF	; 255
    6338:	22 e0       	ldi	r18, 0x02	; 2
    633a:	fc 01       	movw	r30, r24
    633c:	20 83       	st	Z, r18
    spielfeld[14].farbgruppenFelder[0] = 11;
    633e:	89 81       	ldd	r24, Y+1	; 0x01
    6340:	9a 81       	ldd	r25, Y+2	; 0x02
    6342:	80 5a       	subi	r24, 0xA0	; 160
    6344:	9b 4f       	sbci	r25, 0xFB	; 251
    6346:	8b 5b       	subi	r24, 0xBB	; 187
    6348:	9f 4f       	sbci	r25, 0xFF	; 255
    634a:	2b e0       	ldi	r18, 0x0B	; 11
    634c:	fc 01       	movw	r30, r24
    634e:	20 83       	st	Z, r18
    spielfeld[14].farbgruppenFelder[1] = 13;
    6350:	89 81       	ldd	r24, Y+1	; 0x01
    6352:	9a 81       	ldd	r25, Y+2	; 0x02
    6354:	80 5a       	subi	r24, 0xA0	; 160
    6356:	9b 4f       	sbci	r25, 0xFB	; 251
    6358:	8a 5b       	subi	r24, 0xBA	; 186
    635a:	9f 4f       	sbci	r25, 0xFF	; 255
    635c:	2d e0       	ldi	r18, 0x0D	; 13
    635e:	fc 01       	movw	r30, r24
    6360:	20 83       	st	Z, r18
    spielfeld[14].farbgruppenFelder[2] = 14;
    6362:	89 81       	ldd	r24, Y+1	; 0x01
    6364:	9a 81       	ldd	r25, Y+2	; 0x02
    6366:	80 5a       	subi	r24, 0xA0	; 160
    6368:	9b 4f       	sbci	r25, 0xFB	; 251
    636a:	89 5b       	subi	r24, 0xB9	; 185
    636c:	9f 4f       	sbci	r25, 0xFF	; 255
    636e:	2e e0       	ldi	r18, 0x0E	; 14
    6370:	fc 01       	movw	r30, r24
    6372:	20 83       	st	Z, r18
    spielfeld[14].hausnummer = 7;
    6374:	89 81       	ldd	r24, Y+1	; 0x01
    6376:	9a 81       	ldd	r25, Y+2	; 0x02
    6378:	80 5a       	subi	r24, 0xA0	; 160
    637a:	9b 4f       	sbci	r25, 0xFB	; 251
    637c:	87 5b       	subi	r24, 0xB7	; 183
    637e:	9f 4f       	sbci	r25, 0xFF	; 255
    6380:	27 e0       	ldi	r18, 0x07	; 7
    6382:	fc 01       	movw	r30, r24
    6384:	20 83       	st	Z, r18
    spielfeld[14].anzahlHaeuser = 0;
    6386:	89 81       	ldd	r24, Y+1	; 0x01
    6388:	9a 81       	ldd	r25, Y+2	; 0x02
    638a:	80 5a       	subi	r24, 0xA0	; 160
    638c:	9b 4f       	sbci	r25, 0xFB	; 251
    638e:	86 5b       	subi	r24, 0xB6	; 182
    6390:	9f 4f       	sbci	r25, 0xFF	; 255
    6392:	fc 01       	movw	r30, r24
    6394:	10 82       	st	Z, r1
    spielfeld[14].kostenHaus = 100;
    6396:	89 81       	ldd	r24, Y+1	; 0x01
    6398:	9a 81       	ldd	r25, Y+2	; 0x02
    639a:	80 5a       	subi	r24, 0xA0	; 160
    639c:	9b 4f       	sbci	r25, 0xFB	; 251
    639e:	84 5b       	subi	r24, 0xB4	; 180
    63a0:	9f 4f       	sbci	r25, 0xFF	; 255
    63a2:	24 e6       	ldi	r18, 0x64	; 100
    63a4:	fc 01       	movw	r30, r24
    63a6:	20 83       	st	Z, r18
    spielfeld[14].rgbNummer = 9;
    63a8:	89 81       	ldd	r24, Y+1	; 0x01
    63aa:	9a 81       	ldd	r25, Y+2	; 0x02
    63ac:	80 5a       	subi	r24, 0xA0	; 160
    63ae:	9b 4f       	sbci	r25, 0xFB	; 251
    63b0:	85 5b       	subi	r24, 0xB5	; 181
    63b2:	9f 4f       	sbci	r25, 0xFF	; 255
    63b4:	29 e0       	ldi	r18, 0x09	; 9
    63b6:	fc 01       	movw	r30, r24
    63b8:	20 83       	st	Z, r18
    spielfeld[14].feldBelastet = 0;  //wenn das Feld belastet ist = 1
    63ba:	89 81       	ldd	r24, Y+1	; 0x01
    63bc:	9a 81       	ldd	r25, Y+2	; 0x02
    63be:	80 5a       	subi	r24, 0xA0	; 160
    63c0:	9b 4f       	sbci	r25, 0xFB	; 251
    63c2:	83 5b       	subi	r24, 0xB3	; 179
    63c4:	9f 4f       	sbci	r25, 0xFF	; 255
    63c6:	fc 01       	movw	r30, r24
    63c8:	10 82       	st	Z, r1
    
    //Eigenschaften des Feldes: Fotozentrum
    strcpy(spielfeld[15].name, "Fotozentrum");
    63ca:	89 81       	ldd	r24, Y+1	; 0x01
    63cc:	9a 81       	ldd	r25, Y+2	; 0x02
    63ce:	80 55       	subi	r24, 0x50	; 80
    63d0:	9b 4f       	sbci	r25, 0xFB	; 251
    63d2:	9c 01       	movw	r18, r24
    63d4:	8c e0       	ldi	r24, 0x0C	; 12
    63d6:	ed ea       	ldi	r30, 0xAD	; 173
    63d8:	f4 e0       	ldi	r31, 0x04	; 4
    63da:	d9 01       	movw	r26, r18
    63dc:	01 90       	ld	r0, Z+
    63de:	0d 92       	st	X+, r0
    63e0:	8a 95       	dec	r24
    63e2:	e1 f7       	brne	.-8      	; 0x63dc <initialisiereSpielfeld+0xdd8>
    spielfeld[15].typ = HALTESTELLE;
    63e4:	89 81       	ldd	r24, Y+1	; 0x01
    63e6:	9a 81       	ldd	r25, Y+2	; 0x02
    63e8:	80 55       	subi	r24, 0x50	; 80
    63ea:	9b 4f       	sbci	r25, 0xFB	; 251
    63ec:	27 e0       	ldi	r18, 0x07	; 7
    63ee:	fc 01       	movw	r30, r24
    63f0:	22 ab       	std	Z+50, r18	; 0x32
    spielfeld[15].preis = 200;
    63f2:	89 81       	ldd	r24, Y+1	; 0x01
    63f4:	9a 81       	ldd	r25, Y+2	; 0x02
    63f6:	80 55       	subi	r24, 0x50	; 80
    63f8:	9b 4f       	sbci	r25, 0xFB	; 251
    63fa:	28 ec       	ldi	r18, 0xC8	; 200
    63fc:	30 e0       	ldi	r19, 0x00	; 0
    63fe:	fc 01       	movw	r30, r24
    6400:	34 ab       	std	Z+52, r19	; 0x34
    6402:	23 ab       	std	Z+51, r18	; 0x33
    spielfeld[15].mieten[0] = 25;   //wenn man 1 Bahn besitzt
    6404:	89 81       	ldd	r24, Y+1	; 0x01
    6406:	9a 81       	ldd	r25, Y+2	; 0x02
    6408:	80 55       	subi	r24, 0x50	; 80
    640a:	9b 4f       	sbci	r25, 0xFB	; 251
    640c:	29 e1       	ldi	r18, 0x19	; 25
    640e:	30 e0       	ldi	r19, 0x00	; 0
    6410:	fc 01       	movw	r30, r24
    6412:	36 ab       	std	Z+54, r19	; 0x36
    6414:	25 ab       	std	Z+53, r18	; 0x35
    spielfeld[15].mieten[1] = 50;   //wenn man 2 Bahnen besitzt
    6416:	89 81       	ldd	r24, Y+1	; 0x01
    6418:	9a 81       	ldd	r25, Y+2	; 0x02
    641a:	80 55       	subi	r24, 0x50	; 80
    641c:	9b 4f       	sbci	r25, 0xFB	; 251
    641e:	22 e3       	ldi	r18, 0x32	; 50
    6420:	30 e0       	ldi	r19, 0x00	; 0
    6422:	fc 01       	movw	r30, r24
    6424:	30 af       	std	Z+56, r19	; 0x38
    6426:	27 ab       	std	Z+55, r18	; 0x37
    spielfeld[15].mieten[2] = 100;  //wenn man 3 Bahnen besitzt
    6428:	89 81       	ldd	r24, Y+1	; 0x01
    642a:	9a 81       	ldd	r25, Y+2	; 0x02
    642c:	80 55       	subi	r24, 0x50	; 80
    642e:	9b 4f       	sbci	r25, 0xFB	; 251
    6430:	24 e6       	ldi	r18, 0x64	; 100
    6432:	30 e0       	ldi	r19, 0x00	; 0
    6434:	fc 01       	movw	r30, r24
    6436:	32 af       	std	Z+58, r19	; 0x3a
    6438:	21 af       	std	Z+57, r18	; 0x39
    spielfeld[15].mieten[3] = 200;  //wenn man 4 Bahnen besitzt
    643a:	89 81       	ldd	r24, Y+1	; 0x01
    643c:	9a 81       	ldd	r25, Y+2	; 0x02
    643e:	80 55       	subi	r24, 0x50	; 80
    6440:	9b 4f       	sbci	r25, 0xFB	; 251
    6442:	28 ec       	ldi	r18, 0xC8	; 200
    6444:	30 e0       	ldi	r19, 0x00	; 0
    6446:	fc 01       	movw	r30, r24
    6448:	34 af       	std	Z+60, r19	; 0x3c
    644a:	23 af       	std	Z+59, r18	; 0x3b
    spielfeld[15].besitzer = 0;
    644c:	89 81       	ldd	r24, Y+1	; 0x01
    644e:	9a 81       	ldd	r25, Y+2	; 0x02
    6450:	80 55       	subi	r24, 0x50	; 80
    6452:	9b 4f       	sbci	r25, 0xFB	; 251
    6454:	8d 5b       	subi	r24, 0xBD	; 189
    6456:	9f 4f       	sbci	r25, 0xFF	; 255
    6458:	fc 01       	movw	r30, r24
    645a:	10 82       	st	Z, r1
    spielfeld[15].farbGruppe = FARBLOS;
    645c:	89 81       	ldd	r24, Y+1	; 0x01
    645e:	9a 81       	ldd	r25, Y+2	; 0x02
    6460:	80 55       	subi	r24, 0x50	; 80
    6462:	9b 4f       	sbci	r25, 0xFB	; 251
    6464:	8c 5b       	subi	r24, 0xBC	; 188
    6466:	9f 4f       	sbci	r25, 0xFF	; 255
    6468:	28 e0       	ldi	r18, 0x08	; 8
    646a:	fc 01       	movw	r30, r24
    646c:	20 83       	st	Z, r18
    spielfeld[15].farbgruppenFelder[0] = 5;
    646e:	89 81       	ldd	r24, Y+1	; 0x01
    6470:	9a 81       	ldd	r25, Y+2	; 0x02
    6472:	80 55       	subi	r24, 0x50	; 80
    6474:	9b 4f       	sbci	r25, 0xFB	; 251
    6476:	8b 5b       	subi	r24, 0xBB	; 187
    6478:	9f 4f       	sbci	r25, 0xFF	; 255
    647a:	25 e0       	ldi	r18, 0x05	; 5
    647c:	fc 01       	movw	r30, r24
    647e:	20 83       	st	Z, r18
    spielfeld[15].farbgruppenFelder[1] = 15;
    6480:	89 81       	ldd	r24, Y+1	; 0x01
    6482:	9a 81       	ldd	r25, Y+2	; 0x02
    6484:	80 55       	subi	r24, 0x50	; 80
    6486:	9b 4f       	sbci	r25, 0xFB	; 251
    6488:	8a 5b       	subi	r24, 0xBA	; 186
    648a:	9f 4f       	sbci	r25, 0xFF	; 255
    648c:	2f e0       	ldi	r18, 0x0F	; 15
    648e:	fc 01       	movw	r30, r24
    6490:	20 83       	st	Z, r18
    spielfeld[15].farbgruppenFelder[2] = 25;
    6492:	89 81       	ldd	r24, Y+1	; 0x01
    6494:	9a 81       	ldd	r25, Y+2	; 0x02
    6496:	80 55       	subi	r24, 0x50	; 80
    6498:	9b 4f       	sbci	r25, 0xFB	; 251
    649a:	89 5b       	subi	r24, 0xB9	; 185
    649c:	9f 4f       	sbci	r25, 0xFF	; 255
    649e:	29 e1       	ldi	r18, 0x19	; 25
    64a0:	fc 01       	movw	r30, r24
    64a2:	20 83       	st	Z, r18
    spielfeld[15].farbgruppenFelder[3] = 35;
    64a4:	89 81       	ldd	r24, Y+1	; 0x01
    64a6:	9a 81       	ldd	r25, Y+2	; 0x02
    64a8:	80 55       	subi	r24, 0x50	; 80
    64aa:	9b 4f       	sbci	r25, 0xFB	; 251
    64ac:	88 5b       	subi	r24, 0xB8	; 184
    64ae:	9f 4f       	sbci	r25, 0xFF	; 255
    64b0:	23 e2       	ldi	r18, 0x23	; 35
    64b2:	fc 01       	movw	r30, r24
    64b4:	20 83       	st	Z, r18
    spielfeld[15].rgbNummer = 10;
    64b6:	89 81       	ldd	r24, Y+1	; 0x01
    64b8:	9a 81       	ldd	r25, Y+2	; 0x02
    64ba:	80 55       	subi	r24, 0x50	; 80
    64bc:	9b 4f       	sbci	r25, 0xFB	; 251
    64be:	85 5b       	subi	r24, 0xB5	; 181
    64c0:	9f 4f       	sbci	r25, 0xFF	; 255
    64c2:	2a e0       	ldi	r18, 0x0A	; 10
    64c4:	fc 01       	movw	r30, r24
    64c6:	20 83       	st	Z, r18
    spielfeld[15].feldBelastet = 0;  //wenn das Feld belastet ist = 1
    64c8:	89 81       	ldd	r24, Y+1	; 0x01
    64ca:	9a 81       	ldd	r25, Y+2	; 0x02
    64cc:	80 55       	subi	r24, 0x50	; 80
    64ce:	9b 4f       	sbci	r25, 0xFB	; 251
    64d0:	83 5b       	subi	r24, 0xB3	; 179
    64d2:	9f 4f       	sbci	r25, 0xFF	; 255
    64d4:	fc 01       	movw	r30, r24
    64d6:	10 82       	st	Z, r1
    
    //Eigenschaften des Feldes: BFS Polimechaniker
    strcpy(spielfeld[16].name, "BFS PM");
    64d8:	89 81       	ldd	r24, Y+1	; 0x01
    64da:	9a 81       	ldd	r25, Y+2	; 0x02
    64dc:	9b 5f       	subi	r25, 0xFB	; 251
    64de:	9c 01       	movw	r18, r24
    64e0:	87 e0       	ldi	r24, 0x07	; 7
    64e2:	e9 eb       	ldi	r30, 0xB9	; 185
    64e4:	f4 e0       	ldi	r31, 0x04	; 4
    64e6:	d9 01       	movw	r26, r18
    64e8:	01 90       	ld	r0, Z+
    64ea:	0d 92       	st	X+, r0
    64ec:	8a 95       	dec	r24
    64ee:	e1 f7       	brne	.-8      	; 0x64e8 <initialisiereSpielfeld+0xee4>
    spielfeld[16].typ = STRASSE;
    64f0:	89 81       	ldd	r24, Y+1	; 0x01
    64f2:	9a 81       	ldd	r25, Y+2	; 0x02
    64f4:	9b 5f       	subi	r25, 0xFB	; 251
    64f6:	fc 01       	movw	r30, r24
    64f8:	12 aa       	std	Z+50, r1	; 0x32
    spielfeld[16].preis = 180;
    64fa:	89 81       	ldd	r24, Y+1	; 0x01
    64fc:	9a 81       	ldd	r25, Y+2	; 0x02
    64fe:	9b 5f       	subi	r25, 0xFB	; 251
    6500:	24 eb       	ldi	r18, 0xB4	; 180
    6502:	30 e0       	ldi	r19, 0x00	; 0
    6504:	fc 01       	movw	r30, r24
    6506:	34 ab       	std	Z+52, r19	; 0x34
    6508:	23 ab       	std	Z+51, r18	; 0x33
    spielfeld[16].mieten[0] = 14;   //Feld einzeln
    650a:	89 81       	ldd	r24, Y+1	; 0x01
    650c:	9a 81       	ldd	r25, Y+2	; 0x02
    650e:	9b 5f       	subi	r25, 0xFB	; 251
    6510:	2e e0       	ldi	r18, 0x0E	; 14
    6512:	30 e0       	ldi	r19, 0x00	; 0
    6514:	fc 01       	movw	r30, r24
    6516:	36 ab       	std	Z+54, r19	; 0x36
    6518:	25 ab       	std	Z+53, r18	; 0x35
    spielfeld[16].mieten[1] = 70;   //Feld mit 1 Haus
    651a:	89 81       	ldd	r24, Y+1	; 0x01
    651c:	9a 81       	ldd	r25, Y+2	; 0x02
    651e:	9b 5f       	subi	r25, 0xFB	; 251
    6520:	26 e4       	ldi	r18, 0x46	; 70
    6522:	30 e0       	ldi	r19, 0x00	; 0
    6524:	fc 01       	movw	r30, r24
    6526:	30 af       	std	Z+56, r19	; 0x38
    6528:	27 ab       	std	Z+55, r18	; 0x37
    spielfeld[16].mieten[2] = 200;  //Feld mit 2 Häuser
    652a:	89 81       	ldd	r24, Y+1	; 0x01
    652c:	9a 81       	ldd	r25, Y+2	; 0x02
    652e:	9b 5f       	subi	r25, 0xFB	; 251
    6530:	28 ec       	ldi	r18, 0xC8	; 200
    6532:	30 e0       	ldi	r19, 0x00	; 0
    6534:	fc 01       	movw	r30, r24
    6536:	32 af       	std	Z+58, r19	; 0x3a
    6538:	21 af       	std	Z+57, r18	; 0x39
    spielfeld[16].mieten[3] = 550;  //Feld mit 3 Häuser
    653a:	89 81       	ldd	r24, Y+1	; 0x01
    653c:	9a 81       	ldd	r25, Y+2	; 0x02
    653e:	9b 5f       	subi	r25, 0xFB	; 251
    6540:	26 e2       	ldi	r18, 0x26	; 38
    6542:	32 e0       	ldi	r19, 0x02	; 2
    6544:	fc 01       	movw	r30, r24
    6546:	34 af       	std	Z+60, r19	; 0x3c
    6548:	23 af       	std	Z+59, r18	; 0x3b
    spielfeld[16].mieten[4] = 750;  //Feld mit 4 Häuser
    654a:	89 81       	ldd	r24, Y+1	; 0x01
    654c:	9a 81       	ldd	r25, Y+2	; 0x02
    654e:	9b 5f       	subi	r25, 0xFB	; 251
    6550:	2e ee       	ldi	r18, 0xEE	; 238
    6552:	32 e0       	ldi	r19, 0x02	; 2
    6554:	fc 01       	movw	r30, r24
    6556:	36 af       	std	Z+62, r19	; 0x3e
    6558:	25 af       	std	Z+61, r18	; 0x3d
    spielfeld[16].mieten[5] = 950;  //Feld mit 5 Häuser
    655a:	89 81       	ldd	r24, Y+1	; 0x01
    655c:	9a 81       	ldd	r25, Y+2	; 0x02
    655e:	9b 5f       	subi	r25, 0xFB	; 251
    6560:	cf 96       	adiw	r24, 0x3f	; 63
    6562:	26 eb       	ldi	r18, 0xB6	; 182
    6564:	33 e0       	ldi	r19, 0x03	; 3
    6566:	fc 01       	movw	r30, r24
    6568:	31 83       	std	Z+1, r19	; 0x01
    656a:	20 83       	st	Z, r18
    spielfeld[16].mieten[6] = 28;   //Feld mit Farbgruppe
    656c:	89 81       	ldd	r24, Y+1	; 0x01
    656e:	9a 81       	ldd	r25, Y+2	; 0x02
    6570:	9b 5f       	subi	r25, 0xFB	; 251
    6572:	8f 5b       	subi	r24, 0xBF	; 191
    6574:	9f 4f       	sbci	r25, 0xFF	; 255
    6576:	2c e1       	ldi	r18, 0x1C	; 28
    6578:	30 e0       	ldi	r19, 0x00	; 0
    657a:	fc 01       	movw	r30, r24
    657c:	31 83       	std	Z+1, r19	; 0x01
    657e:	20 83       	st	Z, r18
    spielfeld[16].besitzer = 0;
    6580:	89 81       	ldd	r24, Y+1	; 0x01
    6582:	9a 81       	ldd	r25, Y+2	; 0x02
    6584:	9b 5f       	subi	r25, 0xFB	; 251
    6586:	8d 5b       	subi	r24, 0xBD	; 189
    6588:	9f 4f       	sbci	r25, 0xFF	; 255
    658a:	fc 01       	movw	r30, r24
    658c:	10 82       	st	Z, r1
    spielfeld[16].farbGruppe = ORANGE;
    658e:	89 81       	ldd	r24, Y+1	; 0x01
    6590:	9a 81       	ldd	r25, Y+2	; 0x02
    6592:	9b 5f       	subi	r25, 0xFB	; 251
    6594:	8c 5b       	subi	r24, 0xBC	; 188
    6596:	9f 4f       	sbci	r25, 0xFF	; 255
    6598:	23 e0       	ldi	r18, 0x03	; 3
    659a:	fc 01       	movw	r30, r24
    659c:	20 83       	st	Z, r18
    spielfeld[16].farbgruppenFelder[0] = 16;
    659e:	89 81       	ldd	r24, Y+1	; 0x01
    65a0:	9a 81       	ldd	r25, Y+2	; 0x02
    65a2:	9b 5f       	subi	r25, 0xFB	; 251
    65a4:	8b 5b       	subi	r24, 0xBB	; 187
    65a6:	9f 4f       	sbci	r25, 0xFF	; 255
    65a8:	20 e1       	ldi	r18, 0x10	; 16
    65aa:	fc 01       	movw	r30, r24
    65ac:	20 83       	st	Z, r18
    spielfeld[16].farbgruppenFelder[1] = 18;
    65ae:	89 81       	ldd	r24, Y+1	; 0x01
    65b0:	9a 81       	ldd	r25, Y+2	; 0x02
    65b2:	9b 5f       	subi	r25, 0xFB	; 251
    65b4:	8a 5b       	subi	r24, 0xBA	; 186
    65b6:	9f 4f       	sbci	r25, 0xFF	; 255
    65b8:	22 e1       	ldi	r18, 0x12	; 18
    65ba:	fc 01       	movw	r30, r24
    65bc:	20 83       	st	Z, r18
    spielfeld[16].farbgruppenFelder[2] = 19;
    65be:	89 81       	ldd	r24, Y+1	; 0x01
    65c0:	9a 81       	ldd	r25, Y+2	; 0x02
    65c2:	9b 5f       	subi	r25, 0xFB	; 251
    65c4:	89 5b       	subi	r24, 0xB9	; 185
    65c6:	9f 4f       	sbci	r25, 0xFF	; 255
    65c8:	23 e1       	ldi	r18, 0x13	; 19
    65ca:	fc 01       	movw	r30, r24
    65cc:	20 83       	st	Z, r18
    spielfeld[16].hausnummer = 8;
    65ce:	89 81       	ldd	r24, Y+1	; 0x01
    65d0:	9a 81       	ldd	r25, Y+2	; 0x02
    65d2:	9b 5f       	subi	r25, 0xFB	; 251
    65d4:	87 5b       	subi	r24, 0xB7	; 183
    65d6:	9f 4f       	sbci	r25, 0xFF	; 255
    65d8:	28 e0       	ldi	r18, 0x08	; 8
    65da:	fc 01       	movw	r30, r24
    65dc:	20 83       	st	Z, r18
    spielfeld[16].anzahlHaeuser = 0;
    65de:	89 81       	ldd	r24, Y+1	; 0x01
    65e0:	9a 81       	ldd	r25, Y+2	; 0x02
    65e2:	9b 5f       	subi	r25, 0xFB	; 251
    65e4:	86 5b       	subi	r24, 0xB6	; 182
    65e6:	9f 4f       	sbci	r25, 0xFF	; 255
    65e8:	fc 01       	movw	r30, r24
    65ea:	10 82       	st	Z, r1
    spielfeld[16].kostenHaus = 100;
    65ec:	89 81       	ldd	r24, Y+1	; 0x01
    65ee:	9a 81       	ldd	r25, Y+2	; 0x02
    65f0:	9b 5f       	subi	r25, 0xFB	; 251
    65f2:	84 5b       	subi	r24, 0xB4	; 180
    65f4:	9f 4f       	sbci	r25, 0xFF	; 255
    65f6:	24 e6       	ldi	r18, 0x64	; 100
    65f8:	fc 01       	movw	r30, r24
    65fa:	20 83       	st	Z, r18
    spielfeld[16].rgbNummer = 11;
    65fc:	89 81       	ldd	r24, Y+1	; 0x01
    65fe:	9a 81       	ldd	r25, Y+2	; 0x02
    6600:	9b 5f       	subi	r25, 0xFB	; 251
    6602:	85 5b       	subi	r24, 0xB5	; 181
    6604:	9f 4f       	sbci	r25, 0xFF	; 255
    6606:	2b e0       	ldi	r18, 0x0B	; 11
    6608:	fc 01       	movw	r30, r24
    660a:	20 83       	st	Z, r18
    spielfeld[16].feldBelastet = 0;  //wenn das Feld belastet ist = 1
    660c:	89 81       	ldd	r24, Y+1	; 0x01
    660e:	9a 81       	ldd	r25, Y+2	; 0x02
    6610:	9b 5f       	subi	r25, 0xFB	; 251
    6612:	83 5b       	subi	r24, 0xB3	; 179
    6614:	9f 4f       	sbci	r25, 0xFF	; 255
    6616:	fc 01       	movw	r30, r24
    6618:	10 82       	st	Z, r1
    
    //Eigenschaften des Feldes: Kanzlei
    strcpy(spielfeld[17].name, "Kanzlei");
    661a:	89 81       	ldd	r24, Y+1	; 0x01
    661c:	9a 81       	ldd	r25, Y+2	; 0x02
    661e:	80 5b       	subi	r24, 0xB0	; 176
    6620:	9a 4f       	sbci	r25, 0xFA	; 250
    6622:	9c 01       	movw	r18, r24
    6624:	88 e0       	ldi	r24, 0x08	; 8
    6626:	e0 ec       	ldi	r30, 0xC0	; 192
    6628:	f4 e0       	ldi	r31, 0x04	; 4
    662a:	d9 01       	movw	r26, r18
    662c:	01 90       	ld	r0, Z+
    662e:	0d 92       	st	X+, r0
    6630:	8a 95       	dec	r24
    6632:	e1 f7       	brne	.-8      	; 0x662c <initialisiereSpielfeld+0x1028>
    spielfeld[17].typ = EREIGNISFELD;
    6634:	89 81       	ldd	r24, Y+1	; 0x01
    6636:	9a 81       	ldd	r25, Y+2	; 0x02
    6638:	80 5b       	subi	r24, 0xB0	; 176
    663a:	9a 4f       	sbci	r25, 0xFA	; 250
    663c:	21 e0       	ldi	r18, 0x01	; 1
    663e:	fc 01       	movw	r30, r24
    6640:	22 ab       	std	Z+50, r18	; 0x32
    
    //Eigenschaften des Feldes: BFS Automatiker
    strcpy(spielfeld[18].name, "BFS AU");
    6642:	89 81       	ldd	r24, Y+1	; 0x01
    6644:	9a 81       	ldd	r25, Y+2	; 0x02
    6646:	80 56       	subi	r24, 0x60	; 96
    6648:	9a 4f       	sbci	r25, 0xFA	; 250
    664a:	9c 01       	movw	r18, r24
    664c:	87 e0       	ldi	r24, 0x07	; 7
    664e:	e8 ec       	ldi	r30, 0xC8	; 200
    6650:	f4 e0       	ldi	r31, 0x04	; 4
    6652:	d9 01       	movw	r26, r18
    6654:	01 90       	ld	r0, Z+
    6656:	0d 92       	st	X+, r0
    6658:	8a 95       	dec	r24
    665a:	e1 f7       	brne	.-8      	; 0x6654 <initialisiereSpielfeld+0x1050>
    spielfeld[18].typ = STRASSE;
    665c:	89 81       	ldd	r24, Y+1	; 0x01
    665e:	9a 81       	ldd	r25, Y+2	; 0x02
    6660:	80 56       	subi	r24, 0x60	; 96
    6662:	9a 4f       	sbci	r25, 0xFA	; 250
    6664:	fc 01       	movw	r30, r24
    6666:	12 aa       	std	Z+50, r1	; 0x32
    spielfeld[18].preis = 180;
    6668:	89 81       	ldd	r24, Y+1	; 0x01
    666a:	9a 81       	ldd	r25, Y+2	; 0x02
    666c:	80 56       	subi	r24, 0x60	; 96
    666e:	9a 4f       	sbci	r25, 0xFA	; 250
    6670:	24 eb       	ldi	r18, 0xB4	; 180
    6672:	30 e0       	ldi	r19, 0x00	; 0
    6674:	fc 01       	movw	r30, r24
    6676:	34 ab       	std	Z+52, r19	; 0x34
    6678:	23 ab       	std	Z+51, r18	; 0x33
    spielfeld[18].mieten[0] = 14;   //Feld einzeln
    667a:	89 81       	ldd	r24, Y+1	; 0x01
    667c:	9a 81       	ldd	r25, Y+2	; 0x02
    667e:	80 56       	subi	r24, 0x60	; 96
    6680:	9a 4f       	sbci	r25, 0xFA	; 250
    6682:	2e e0       	ldi	r18, 0x0E	; 14
    6684:	30 e0       	ldi	r19, 0x00	; 0
    6686:	fc 01       	movw	r30, r24
    6688:	36 ab       	std	Z+54, r19	; 0x36
    668a:	25 ab       	std	Z+53, r18	; 0x35
    spielfeld[18].mieten[1] = 70;   //Feld mit 1 Haus
    668c:	89 81       	ldd	r24, Y+1	; 0x01
    668e:	9a 81       	ldd	r25, Y+2	; 0x02
    6690:	80 56       	subi	r24, 0x60	; 96
    6692:	9a 4f       	sbci	r25, 0xFA	; 250
    6694:	26 e4       	ldi	r18, 0x46	; 70
    6696:	30 e0       	ldi	r19, 0x00	; 0
    6698:	fc 01       	movw	r30, r24
    669a:	30 af       	std	Z+56, r19	; 0x38
    669c:	27 ab       	std	Z+55, r18	; 0x37
    spielfeld[18].mieten[2] = 200;  //Feld mit 2 Häuser
    669e:	89 81       	ldd	r24, Y+1	; 0x01
    66a0:	9a 81       	ldd	r25, Y+2	; 0x02
    66a2:	80 56       	subi	r24, 0x60	; 96
    66a4:	9a 4f       	sbci	r25, 0xFA	; 250
    66a6:	28 ec       	ldi	r18, 0xC8	; 200
    66a8:	30 e0       	ldi	r19, 0x00	; 0
    66aa:	fc 01       	movw	r30, r24
    66ac:	32 af       	std	Z+58, r19	; 0x3a
    66ae:	21 af       	std	Z+57, r18	; 0x39
    spielfeld[18].mieten[3] = 550;  //Feld mit 3 Häuser
    66b0:	89 81       	ldd	r24, Y+1	; 0x01
    66b2:	9a 81       	ldd	r25, Y+2	; 0x02
    66b4:	80 56       	subi	r24, 0x60	; 96
    66b6:	9a 4f       	sbci	r25, 0xFA	; 250
    66b8:	26 e2       	ldi	r18, 0x26	; 38
    66ba:	32 e0       	ldi	r19, 0x02	; 2
    66bc:	fc 01       	movw	r30, r24
    66be:	34 af       	std	Z+60, r19	; 0x3c
    66c0:	23 af       	std	Z+59, r18	; 0x3b
    spielfeld[18].mieten[4] = 750;  //Feld mit 4 Häuser
    66c2:	89 81       	ldd	r24, Y+1	; 0x01
    66c4:	9a 81       	ldd	r25, Y+2	; 0x02
    66c6:	80 56       	subi	r24, 0x60	; 96
    66c8:	9a 4f       	sbci	r25, 0xFA	; 250
    66ca:	2e ee       	ldi	r18, 0xEE	; 238
    66cc:	32 e0       	ldi	r19, 0x02	; 2
    66ce:	fc 01       	movw	r30, r24
    66d0:	36 af       	std	Z+62, r19	; 0x3e
    66d2:	25 af       	std	Z+61, r18	; 0x3d
    spielfeld[18].mieten[5] = 950;  //Feld mit 5 Häuser
    66d4:	89 81       	ldd	r24, Y+1	; 0x01
    66d6:	9a 81       	ldd	r25, Y+2	; 0x02
    66d8:	80 56       	subi	r24, 0x60	; 96
    66da:	9a 4f       	sbci	r25, 0xFA	; 250
    66dc:	cf 96       	adiw	r24, 0x3f	; 63
    66de:	26 eb       	ldi	r18, 0xB6	; 182
    66e0:	33 e0       	ldi	r19, 0x03	; 3
    66e2:	fc 01       	movw	r30, r24
    66e4:	31 83       	std	Z+1, r19	; 0x01
    66e6:	20 83       	st	Z, r18
    spielfeld[18].mieten[6] = 28;   //Feld mit Farbgruppe
    66e8:	89 81       	ldd	r24, Y+1	; 0x01
    66ea:	9a 81       	ldd	r25, Y+2	; 0x02
    66ec:	80 56       	subi	r24, 0x60	; 96
    66ee:	9a 4f       	sbci	r25, 0xFA	; 250
    66f0:	8f 5b       	subi	r24, 0xBF	; 191
    66f2:	9f 4f       	sbci	r25, 0xFF	; 255
    66f4:	2c e1       	ldi	r18, 0x1C	; 28
    66f6:	30 e0       	ldi	r19, 0x00	; 0
    66f8:	fc 01       	movw	r30, r24
    66fa:	31 83       	std	Z+1, r19	; 0x01
    66fc:	20 83       	st	Z, r18
    spielfeld[18].besitzer = 0;
    66fe:	89 81       	ldd	r24, Y+1	; 0x01
    6700:	9a 81       	ldd	r25, Y+2	; 0x02
    6702:	80 56       	subi	r24, 0x60	; 96
    6704:	9a 4f       	sbci	r25, 0xFA	; 250
    6706:	8d 5b       	subi	r24, 0xBD	; 189
    6708:	9f 4f       	sbci	r25, 0xFF	; 255
    670a:	fc 01       	movw	r30, r24
    670c:	10 82       	st	Z, r1
    spielfeld[18].farbGruppe = ORANGE;
    670e:	89 81       	ldd	r24, Y+1	; 0x01
    6710:	9a 81       	ldd	r25, Y+2	; 0x02
    6712:	80 56       	subi	r24, 0x60	; 96
    6714:	9a 4f       	sbci	r25, 0xFA	; 250
    6716:	8c 5b       	subi	r24, 0xBC	; 188
    6718:	9f 4f       	sbci	r25, 0xFF	; 255
    671a:	23 e0       	ldi	r18, 0x03	; 3
    671c:	fc 01       	movw	r30, r24
    671e:	20 83       	st	Z, r18
    spielfeld[18].farbgruppenFelder[0] = 16;
    6720:	89 81       	ldd	r24, Y+1	; 0x01
    6722:	9a 81       	ldd	r25, Y+2	; 0x02
    6724:	80 56       	subi	r24, 0x60	; 96
    6726:	9a 4f       	sbci	r25, 0xFA	; 250
    6728:	8b 5b       	subi	r24, 0xBB	; 187
    672a:	9f 4f       	sbci	r25, 0xFF	; 255
    672c:	20 e1       	ldi	r18, 0x10	; 16
    672e:	fc 01       	movw	r30, r24
    6730:	20 83       	st	Z, r18
    spielfeld[18].farbgruppenFelder[1] = 18;
    6732:	89 81       	ldd	r24, Y+1	; 0x01
    6734:	9a 81       	ldd	r25, Y+2	; 0x02
    6736:	80 56       	subi	r24, 0x60	; 96
    6738:	9a 4f       	sbci	r25, 0xFA	; 250
    673a:	8a 5b       	subi	r24, 0xBA	; 186
    673c:	9f 4f       	sbci	r25, 0xFF	; 255
    673e:	22 e1       	ldi	r18, 0x12	; 18
    6740:	fc 01       	movw	r30, r24
    6742:	20 83       	st	Z, r18
    spielfeld[18].farbgruppenFelder[2] = 19;
    6744:	89 81       	ldd	r24, Y+1	; 0x01
    6746:	9a 81       	ldd	r25, Y+2	; 0x02
    6748:	80 56       	subi	r24, 0x60	; 96
    674a:	9a 4f       	sbci	r25, 0xFA	; 250
    674c:	89 5b       	subi	r24, 0xB9	; 185
    674e:	9f 4f       	sbci	r25, 0xFF	; 255
    6750:	23 e1       	ldi	r18, 0x13	; 19
    6752:	fc 01       	movw	r30, r24
    6754:	20 83       	st	Z, r18
    spielfeld[18].hausnummer = 9;
    6756:	89 81       	ldd	r24, Y+1	; 0x01
    6758:	9a 81       	ldd	r25, Y+2	; 0x02
    675a:	80 56       	subi	r24, 0x60	; 96
    675c:	9a 4f       	sbci	r25, 0xFA	; 250
    675e:	87 5b       	subi	r24, 0xB7	; 183
    6760:	9f 4f       	sbci	r25, 0xFF	; 255
    6762:	29 e0       	ldi	r18, 0x09	; 9
    6764:	fc 01       	movw	r30, r24
    6766:	20 83       	st	Z, r18
    spielfeld[18].anzahlHaeuser = 0;
    6768:	89 81       	ldd	r24, Y+1	; 0x01
    676a:	9a 81       	ldd	r25, Y+2	; 0x02
    676c:	80 56       	subi	r24, 0x60	; 96
    676e:	9a 4f       	sbci	r25, 0xFA	; 250
    6770:	86 5b       	subi	r24, 0xB6	; 182
    6772:	9f 4f       	sbci	r25, 0xFF	; 255
    6774:	fc 01       	movw	r30, r24
    6776:	10 82       	st	Z, r1
    spielfeld[18].kostenHaus = 100;
    6778:	89 81       	ldd	r24, Y+1	; 0x01
    677a:	9a 81       	ldd	r25, Y+2	; 0x02
    677c:	80 56       	subi	r24, 0x60	; 96
    677e:	9a 4f       	sbci	r25, 0xFA	; 250
    6780:	84 5b       	subi	r24, 0xB4	; 180
    6782:	9f 4f       	sbci	r25, 0xFF	; 255
    6784:	24 e6       	ldi	r18, 0x64	; 100
    6786:	fc 01       	movw	r30, r24
    6788:	20 83       	st	Z, r18
    spielfeld[18].rgbNummer = 12;
    678a:	89 81       	ldd	r24, Y+1	; 0x01
    678c:	9a 81       	ldd	r25, Y+2	; 0x02
    678e:	80 56       	subi	r24, 0x60	; 96
    6790:	9a 4f       	sbci	r25, 0xFA	; 250
    6792:	85 5b       	subi	r24, 0xB5	; 181
    6794:	9f 4f       	sbci	r25, 0xFF	; 255
    6796:	2c e0       	ldi	r18, 0x0C	; 12
    6798:	fc 01       	movw	r30, r24
    679a:	20 83       	st	Z, r18
    spielfeld[18].feldBelastet = 0;  //wenn das Feld belastet ist = 1
    679c:	89 81       	ldd	r24, Y+1	; 0x01
    679e:	9a 81       	ldd	r25, Y+2	; 0x02
    67a0:	80 56       	subi	r24, 0x60	; 96
    67a2:	9a 4f       	sbci	r25, 0xFA	; 250
    67a4:	83 5b       	subi	r24, 0xB3	; 179
    67a6:	9f 4f       	sbci	r25, 0xFF	; 255
    67a8:	fc 01       	movw	r30, r24
    67aa:	10 82       	st	Z, r1
    
    //Eigenschaften des Feldes: BFS Elektroniker
    strcpy(spielfeld[19].name, "BFS EK");
    67ac:	89 81       	ldd	r24, Y+1	; 0x01
    67ae:	9a 81       	ldd	r25, Y+2	; 0x02
    67b0:	80 51       	subi	r24, 0x10	; 16
    67b2:	9a 4f       	sbci	r25, 0xFA	; 250
    67b4:	9c 01       	movw	r18, r24
    67b6:	87 e0       	ldi	r24, 0x07	; 7
    67b8:	ef ec       	ldi	r30, 0xCF	; 207
    67ba:	f4 e0       	ldi	r31, 0x04	; 4
    67bc:	d9 01       	movw	r26, r18
    67be:	01 90       	ld	r0, Z+
    67c0:	0d 92       	st	X+, r0
    67c2:	8a 95       	dec	r24
    67c4:	e1 f7       	brne	.-8      	; 0x67be <initialisiereSpielfeld+0x11ba>
    spielfeld[19].typ = STRASSE;
    67c6:	89 81       	ldd	r24, Y+1	; 0x01
    67c8:	9a 81       	ldd	r25, Y+2	; 0x02
    67ca:	80 51       	subi	r24, 0x10	; 16
    67cc:	9a 4f       	sbci	r25, 0xFA	; 250
    67ce:	fc 01       	movw	r30, r24
    67d0:	12 aa       	std	Z+50, r1	; 0x32
    spielfeld[19].preis = 200;
    67d2:	89 81       	ldd	r24, Y+1	; 0x01
    67d4:	9a 81       	ldd	r25, Y+2	; 0x02
    67d6:	80 51       	subi	r24, 0x10	; 16
    67d8:	9a 4f       	sbci	r25, 0xFA	; 250
    67da:	28 ec       	ldi	r18, 0xC8	; 200
    67dc:	30 e0       	ldi	r19, 0x00	; 0
    67de:	fc 01       	movw	r30, r24
    67e0:	34 ab       	std	Z+52, r19	; 0x34
    67e2:	23 ab       	std	Z+51, r18	; 0x33
    spielfeld[19].mieten[0] = 16;   //Feld einzeln
    67e4:	89 81       	ldd	r24, Y+1	; 0x01
    67e6:	9a 81       	ldd	r25, Y+2	; 0x02
    67e8:	80 51       	subi	r24, 0x10	; 16
    67ea:	9a 4f       	sbci	r25, 0xFA	; 250
    67ec:	20 e1       	ldi	r18, 0x10	; 16
    67ee:	30 e0       	ldi	r19, 0x00	; 0
    67f0:	fc 01       	movw	r30, r24
    67f2:	36 ab       	std	Z+54, r19	; 0x36
    67f4:	25 ab       	std	Z+53, r18	; 0x35
    spielfeld[19].mieten[1] = 80;   //Feld mit 1 Haus
    67f6:	89 81       	ldd	r24, Y+1	; 0x01
    67f8:	9a 81       	ldd	r25, Y+2	; 0x02
    67fa:	80 51       	subi	r24, 0x10	; 16
    67fc:	9a 4f       	sbci	r25, 0xFA	; 250
    67fe:	20 e5       	ldi	r18, 0x50	; 80
    6800:	30 e0       	ldi	r19, 0x00	; 0
    6802:	fc 01       	movw	r30, r24
    6804:	30 af       	std	Z+56, r19	; 0x38
    6806:	27 ab       	std	Z+55, r18	; 0x37
    spielfeld[19].mieten[2] = 220;  //Feld mit 2 Häuser
    6808:	89 81       	ldd	r24, Y+1	; 0x01
    680a:	9a 81       	ldd	r25, Y+2	; 0x02
    680c:	80 51       	subi	r24, 0x10	; 16
    680e:	9a 4f       	sbci	r25, 0xFA	; 250
    6810:	2c ed       	ldi	r18, 0xDC	; 220
    6812:	30 e0       	ldi	r19, 0x00	; 0
    6814:	fc 01       	movw	r30, r24
    6816:	32 af       	std	Z+58, r19	; 0x3a
    6818:	21 af       	std	Z+57, r18	; 0x39
    spielfeld[19].mieten[3] = 600;  //Feld mit 3 Häuser
    681a:	89 81       	ldd	r24, Y+1	; 0x01
    681c:	9a 81       	ldd	r25, Y+2	; 0x02
    681e:	80 51       	subi	r24, 0x10	; 16
    6820:	9a 4f       	sbci	r25, 0xFA	; 250
    6822:	28 e5       	ldi	r18, 0x58	; 88
    6824:	32 e0       	ldi	r19, 0x02	; 2
    6826:	fc 01       	movw	r30, r24
    6828:	34 af       	std	Z+60, r19	; 0x3c
    682a:	23 af       	std	Z+59, r18	; 0x3b
    spielfeld[19].mieten[4] = 800;  //Feld mit 4 Häuser
    682c:	89 81       	ldd	r24, Y+1	; 0x01
    682e:	9a 81       	ldd	r25, Y+2	; 0x02
    6830:	80 51       	subi	r24, 0x10	; 16
    6832:	9a 4f       	sbci	r25, 0xFA	; 250
    6834:	20 e2       	ldi	r18, 0x20	; 32
    6836:	33 e0       	ldi	r19, 0x03	; 3
    6838:	fc 01       	movw	r30, r24
    683a:	36 af       	std	Z+62, r19	; 0x3e
    683c:	25 af       	std	Z+61, r18	; 0x3d
    spielfeld[19].mieten[5] = 1000; //Feld mit 5 Häuser
    683e:	89 81       	ldd	r24, Y+1	; 0x01
    6840:	9a 81       	ldd	r25, Y+2	; 0x02
    6842:	80 51       	subi	r24, 0x10	; 16
    6844:	9a 4f       	sbci	r25, 0xFA	; 250
    6846:	cf 96       	adiw	r24, 0x3f	; 63
    6848:	28 ee       	ldi	r18, 0xE8	; 232
    684a:	33 e0       	ldi	r19, 0x03	; 3
    684c:	fc 01       	movw	r30, r24
    684e:	31 83       	std	Z+1, r19	; 0x01
    6850:	20 83       	st	Z, r18
    spielfeld[19].mieten[6] = 32;   //Feld mit Farbgruppe
    6852:	89 81       	ldd	r24, Y+1	; 0x01
    6854:	9a 81       	ldd	r25, Y+2	; 0x02
    6856:	80 51       	subi	r24, 0x10	; 16
    6858:	9a 4f       	sbci	r25, 0xFA	; 250
    685a:	8f 5b       	subi	r24, 0xBF	; 191
    685c:	9f 4f       	sbci	r25, 0xFF	; 255
    685e:	20 e2       	ldi	r18, 0x20	; 32
    6860:	30 e0       	ldi	r19, 0x00	; 0
    6862:	fc 01       	movw	r30, r24
    6864:	31 83       	std	Z+1, r19	; 0x01
    6866:	20 83       	st	Z, r18
    spielfeld[19].besitzer = 0;
    6868:	89 81       	ldd	r24, Y+1	; 0x01
    686a:	9a 81       	ldd	r25, Y+2	; 0x02
    686c:	80 51       	subi	r24, 0x10	; 16
    686e:	9a 4f       	sbci	r25, 0xFA	; 250
    6870:	8d 5b       	subi	r24, 0xBD	; 189
    6872:	9f 4f       	sbci	r25, 0xFF	; 255
    6874:	fc 01       	movw	r30, r24
    6876:	10 82       	st	Z, r1
    spielfeld[19].farbGruppe = ORANGE;
    6878:	89 81       	ldd	r24, Y+1	; 0x01
    687a:	9a 81       	ldd	r25, Y+2	; 0x02
    687c:	80 51       	subi	r24, 0x10	; 16
    687e:	9a 4f       	sbci	r25, 0xFA	; 250
    6880:	8c 5b       	subi	r24, 0xBC	; 188
    6882:	9f 4f       	sbci	r25, 0xFF	; 255
    6884:	23 e0       	ldi	r18, 0x03	; 3
    6886:	fc 01       	movw	r30, r24
    6888:	20 83       	st	Z, r18
    spielfeld[19].farbgruppenFelder[0] = 16;
    688a:	89 81       	ldd	r24, Y+1	; 0x01
    688c:	9a 81       	ldd	r25, Y+2	; 0x02
    688e:	80 51       	subi	r24, 0x10	; 16
    6890:	9a 4f       	sbci	r25, 0xFA	; 250
    6892:	8b 5b       	subi	r24, 0xBB	; 187
    6894:	9f 4f       	sbci	r25, 0xFF	; 255
    6896:	20 e1       	ldi	r18, 0x10	; 16
    6898:	fc 01       	movw	r30, r24
    689a:	20 83       	st	Z, r18
    spielfeld[19].farbgruppenFelder[1] = 18;
    689c:	89 81       	ldd	r24, Y+1	; 0x01
    689e:	9a 81       	ldd	r25, Y+2	; 0x02
    68a0:	80 51       	subi	r24, 0x10	; 16
    68a2:	9a 4f       	sbci	r25, 0xFA	; 250
    68a4:	8a 5b       	subi	r24, 0xBA	; 186
    68a6:	9f 4f       	sbci	r25, 0xFF	; 255
    68a8:	22 e1       	ldi	r18, 0x12	; 18
    68aa:	fc 01       	movw	r30, r24
    68ac:	20 83       	st	Z, r18
    spielfeld[19].farbgruppenFelder[2] = 19;
    68ae:	89 81       	ldd	r24, Y+1	; 0x01
    68b0:	9a 81       	ldd	r25, Y+2	; 0x02
    68b2:	80 51       	subi	r24, 0x10	; 16
    68b4:	9a 4f       	sbci	r25, 0xFA	; 250
    68b6:	89 5b       	subi	r24, 0xB9	; 185
    68b8:	9f 4f       	sbci	r25, 0xFF	; 255
    68ba:	23 e1       	ldi	r18, 0x13	; 19
    68bc:	fc 01       	movw	r30, r24
    68be:	20 83       	st	Z, r18
    spielfeld[19].hausnummer = 10;
    68c0:	89 81       	ldd	r24, Y+1	; 0x01
    68c2:	9a 81       	ldd	r25, Y+2	; 0x02
    68c4:	80 51       	subi	r24, 0x10	; 16
    68c6:	9a 4f       	sbci	r25, 0xFA	; 250
    68c8:	87 5b       	subi	r24, 0xB7	; 183
    68ca:	9f 4f       	sbci	r25, 0xFF	; 255
    68cc:	2a e0       	ldi	r18, 0x0A	; 10
    68ce:	fc 01       	movw	r30, r24
    68d0:	20 83       	st	Z, r18
    spielfeld[19].anzahlHaeuser = 0;
    68d2:	89 81       	ldd	r24, Y+1	; 0x01
    68d4:	9a 81       	ldd	r25, Y+2	; 0x02
    68d6:	80 51       	subi	r24, 0x10	; 16
    68d8:	9a 4f       	sbci	r25, 0xFA	; 250
    68da:	86 5b       	subi	r24, 0xB6	; 182
    68dc:	9f 4f       	sbci	r25, 0xFF	; 255
    68de:	fc 01       	movw	r30, r24
    68e0:	10 82       	st	Z, r1
    spielfeld[19].kostenHaus = 100;
    68e2:	89 81       	ldd	r24, Y+1	; 0x01
    68e4:	9a 81       	ldd	r25, Y+2	; 0x02
    68e6:	80 51       	subi	r24, 0x10	; 16
    68e8:	9a 4f       	sbci	r25, 0xFA	; 250
    68ea:	84 5b       	subi	r24, 0xB4	; 180
    68ec:	9f 4f       	sbci	r25, 0xFF	; 255
    68ee:	24 e6       	ldi	r18, 0x64	; 100
    68f0:	fc 01       	movw	r30, r24
    68f2:	20 83       	st	Z, r18
    spielfeld[19].rgbNummer = 13;
    68f4:	89 81       	ldd	r24, Y+1	; 0x01
    68f6:	9a 81       	ldd	r25, Y+2	; 0x02
    68f8:	80 51       	subi	r24, 0x10	; 16
    68fa:	9a 4f       	sbci	r25, 0xFA	; 250
    68fc:	85 5b       	subi	r24, 0xB5	; 181
    68fe:	9f 4f       	sbci	r25, 0xFF	; 255
    6900:	2d e0       	ldi	r18, 0x0D	; 13
    6902:	fc 01       	movw	r30, r24
    6904:	20 83       	st	Z, r18
    spielfeld[19].feldBelastet = 0;  //wenn das Feld belastet ist = 1
    6906:	89 81       	ldd	r24, Y+1	; 0x01
    6908:	9a 81       	ldd	r25, Y+2	; 0x02
    690a:	80 51       	subi	r24, 0x10	; 16
    690c:	9a 4f       	sbci	r25, 0xFA	; 250
    690e:	83 5b       	subi	r24, 0xB3	; 179
    6910:	9f 4f       	sbci	r25, 0xFF	; 255
    6912:	fc 01       	movw	r30, r24
    6914:	10 82       	st	Z, r1
    
    //Eigenschaften des Feldes: Freiparken
    strcpy(spielfeld[20].name, "Freiparken");
    6916:	89 81       	ldd	r24, Y+1	; 0x01
    6918:	9a 81       	ldd	r25, Y+2	; 0x02
    691a:	80 5c       	subi	r24, 0xC0	; 192
    691c:	99 4f       	sbci	r25, 0xF9	; 249
    691e:	9c 01       	movw	r18, r24
    6920:	8b e0       	ldi	r24, 0x0B	; 11
    6922:	e6 ed       	ldi	r30, 0xD6	; 214
    6924:	f4 e0       	ldi	r31, 0x04	; 4
    6926:	d9 01       	movw	r26, r18
    6928:	01 90       	ld	r0, Z+
    692a:	0d 92       	st	X+, r0
    692c:	8a 95       	dec	r24
    692e:	e1 f7       	brne	.-8      	; 0x6928 <initialisiereSpielfeld+0x1324>
    spielfeld[20].typ = FREIPARKEN;
    6930:	89 81       	ldd	r24, Y+1	; 0x01
    6932:	9a 81       	ldd	r25, Y+2	; 0x02
    6934:	80 5c       	subi	r24, 0xC0	; 192
    6936:	99 4f       	sbci	r25, 0xF9	; 249
    6938:	23 e0       	ldi	r18, 0x03	; 3
    693a:	fc 01       	movw	r30, r24
    693c:	22 ab       	std	Z+50, r18	; 0x32
    
    //Eigenschaften des Feldes: Grundausbildung Automatiker
    strcpy(spielfeld[21].name, "GA AU");
    693e:	89 81       	ldd	r24, Y+1	; 0x01
    6940:	9a 81       	ldd	r25, Y+2	; 0x02
    6942:	80 57       	subi	r24, 0x70	; 112
    6944:	99 4f       	sbci	r25, 0xF9	; 249
    6946:	9c 01       	movw	r18, r24
    6948:	86 e0       	ldi	r24, 0x06	; 6
    694a:	e1 ee       	ldi	r30, 0xE1	; 225
    694c:	f4 e0       	ldi	r31, 0x04	; 4
    694e:	d9 01       	movw	r26, r18
    6950:	01 90       	ld	r0, Z+
    6952:	0d 92       	st	X+, r0
    6954:	8a 95       	dec	r24
    6956:	e1 f7       	brne	.-8      	; 0x6950 <initialisiereSpielfeld+0x134c>
    spielfeld[21].typ = STRASSE;
    6958:	89 81       	ldd	r24, Y+1	; 0x01
    695a:	9a 81       	ldd	r25, Y+2	; 0x02
    695c:	80 57       	subi	r24, 0x70	; 112
    695e:	99 4f       	sbci	r25, 0xF9	; 249
    6960:	fc 01       	movw	r30, r24
    6962:	12 aa       	std	Z+50, r1	; 0x32
    spielfeld[21].preis = 220;
    6964:	89 81       	ldd	r24, Y+1	; 0x01
    6966:	9a 81       	ldd	r25, Y+2	; 0x02
    6968:	80 57       	subi	r24, 0x70	; 112
    696a:	99 4f       	sbci	r25, 0xF9	; 249
    696c:	2c ed       	ldi	r18, 0xDC	; 220
    696e:	30 e0       	ldi	r19, 0x00	; 0
    6970:	fc 01       	movw	r30, r24
    6972:	34 ab       	std	Z+52, r19	; 0x34
    6974:	23 ab       	std	Z+51, r18	; 0x33
    spielfeld[21].mieten[0] = 18;   //Feld einzeln
    6976:	89 81       	ldd	r24, Y+1	; 0x01
    6978:	9a 81       	ldd	r25, Y+2	; 0x02
    697a:	80 57       	subi	r24, 0x70	; 112
    697c:	99 4f       	sbci	r25, 0xF9	; 249
    697e:	22 e1       	ldi	r18, 0x12	; 18
    6980:	30 e0       	ldi	r19, 0x00	; 0
    6982:	fc 01       	movw	r30, r24
    6984:	36 ab       	std	Z+54, r19	; 0x36
    6986:	25 ab       	std	Z+53, r18	; 0x35
    spielfeld[21].mieten[1] = 90;   //Feld mit 1 Haus
    6988:	89 81       	ldd	r24, Y+1	; 0x01
    698a:	9a 81       	ldd	r25, Y+2	; 0x02
    698c:	80 57       	subi	r24, 0x70	; 112
    698e:	99 4f       	sbci	r25, 0xF9	; 249
    6990:	2a e5       	ldi	r18, 0x5A	; 90
    6992:	30 e0       	ldi	r19, 0x00	; 0
    6994:	fc 01       	movw	r30, r24
    6996:	30 af       	std	Z+56, r19	; 0x38
    6998:	27 ab       	std	Z+55, r18	; 0x37
    spielfeld[21].mieten[2] = 250;  //Feld mit 2 Häuser
    699a:	89 81       	ldd	r24, Y+1	; 0x01
    699c:	9a 81       	ldd	r25, Y+2	; 0x02
    699e:	80 57       	subi	r24, 0x70	; 112
    69a0:	99 4f       	sbci	r25, 0xF9	; 249
    69a2:	2a ef       	ldi	r18, 0xFA	; 250
    69a4:	30 e0       	ldi	r19, 0x00	; 0
    69a6:	fc 01       	movw	r30, r24
    69a8:	32 af       	std	Z+58, r19	; 0x3a
    69aa:	21 af       	std	Z+57, r18	; 0x39
    spielfeld[21].mieten[3] = 700;  //Feld mit 3 Häuser
    69ac:	89 81       	ldd	r24, Y+1	; 0x01
    69ae:	9a 81       	ldd	r25, Y+2	; 0x02
    69b0:	80 57       	subi	r24, 0x70	; 112
    69b2:	99 4f       	sbci	r25, 0xF9	; 249
    69b4:	2c eb       	ldi	r18, 0xBC	; 188
    69b6:	32 e0       	ldi	r19, 0x02	; 2
    69b8:	fc 01       	movw	r30, r24
    69ba:	34 af       	std	Z+60, r19	; 0x3c
    69bc:	23 af       	std	Z+59, r18	; 0x3b
    spielfeld[21].mieten[4] = 875;  //Feld mit 4 Häuser
    69be:	89 81       	ldd	r24, Y+1	; 0x01
    69c0:	9a 81       	ldd	r25, Y+2	; 0x02
    69c2:	80 57       	subi	r24, 0x70	; 112
    69c4:	99 4f       	sbci	r25, 0xF9	; 249
    69c6:	2b e6       	ldi	r18, 0x6B	; 107
    69c8:	33 e0       	ldi	r19, 0x03	; 3
    69ca:	fc 01       	movw	r30, r24
    69cc:	36 af       	std	Z+62, r19	; 0x3e
    69ce:	25 af       	std	Z+61, r18	; 0x3d
    spielfeld[21].mieten[5] = 1050; //Feld mit 5 Häuser
    69d0:	89 81       	ldd	r24, Y+1	; 0x01
    69d2:	9a 81       	ldd	r25, Y+2	; 0x02
    69d4:	80 57       	subi	r24, 0x70	; 112
    69d6:	99 4f       	sbci	r25, 0xF9	; 249
    69d8:	cf 96       	adiw	r24, 0x3f	; 63
    69da:	2a e1       	ldi	r18, 0x1A	; 26
    69dc:	34 e0       	ldi	r19, 0x04	; 4
    69de:	fc 01       	movw	r30, r24
    69e0:	31 83       	std	Z+1, r19	; 0x01
    69e2:	20 83       	st	Z, r18
    spielfeld[21].mieten[6] = 36;   //Feld mit Farbgruppe
    69e4:	89 81       	ldd	r24, Y+1	; 0x01
    69e6:	9a 81       	ldd	r25, Y+2	; 0x02
    69e8:	80 57       	subi	r24, 0x70	; 112
    69ea:	99 4f       	sbci	r25, 0xF9	; 249
    69ec:	8f 5b       	subi	r24, 0xBF	; 191
    69ee:	9f 4f       	sbci	r25, 0xFF	; 255
    69f0:	24 e2       	ldi	r18, 0x24	; 36
    69f2:	30 e0       	ldi	r19, 0x00	; 0
    69f4:	fc 01       	movw	r30, r24
    69f6:	31 83       	std	Z+1, r19	; 0x01
    69f8:	20 83       	st	Z, r18
    spielfeld[21].besitzer = 0;
    69fa:	89 81       	ldd	r24, Y+1	; 0x01
    69fc:	9a 81       	ldd	r25, Y+2	; 0x02
    69fe:	80 57       	subi	r24, 0x70	; 112
    6a00:	99 4f       	sbci	r25, 0xF9	; 249
    6a02:	8d 5b       	subi	r24, 0xBD	; 189
    6a04:	9f 4f       	sbci	r25, 0xFF	; 255
    6a06:	fc 01       	movw	r30, r24
    6a08:	10 82       	st	Z, r1
    spielfeld[21].farbGruppe = ROT;
    6a0a:	89 81       	ldd	r24, Y+1	; 0x01
    6a0c:	9a 81       	ldd	r25, Y+2	; 0x02
    6a0e:	80 57       	subi	r24, 0x70	; 112
    6a10:	99 4f       	sbci	r25, 0xF9	; 249
    6a12:	8c 5b       	subi	r24, 0xBC	; 188
    6a14:	9f 4f       	sbci	r25, 0xFF	; 255
    6a16:	24 e0       	ldi	r18, 0x04	; 4
    6a18:	fc 01       	movw	r30, r24
    6a1a:	20 83       	st	Z, r18
    spielfeld[21].farbgruppenFelder[0] = 21;
    6a1c:	89 81       	ldd	r24, Y+1	; 0x01
    6a1e:	9a 81       	ldd	r25, Y+2	; 0x02
    6a20:	80 57       	subi	r24, 0x70	; 112
    6a22:	99 4f       	sbci	r25, 0xF9	; 249
    6a24:	8b 5b       	subi	r24, 0xBB	; 187
    6a26:	9f 4f       	sbci	r25, 0xFF	; 255
    6a28:	25 e1       	ldi	r18, 0x15	; 21
    6a2a:	fc 01       	movw	r30, r24
    6a2c:	20 83       	st	Z, r18
    spielfeld[21].farbgruppenFelder[1] = 23;
    6a2e:	89 81       	ldd	r24, Y+1	; 0x01
    6a30:	9a 81       	ldd	r25, Y+2	; 0x02
    6a32:	80 57       	subi	r24, 0x70	; 112
    6a34:	99 4f       	sbci	r25, 0xF9	; 249
    6a36:	8a 5b       	subi	r24, 0xBA	; 186
    6a38:	9f 4f       	sbci	r25, 0xFF	; 255
    6a3a:	27 e1       	ldi	r18, 0x17	; 23
    6a3c:	fc 01       	movw	r30, r24
    6a3e:	20 83       	st	Z, r18
    spielfeld[21].farbgruppenFelder[2] = 24;
    6a40:	89 81       	ldd	r24, Y+1	; 0x01
    6a42:	9a 81       	ldd	r25, Y+2	; 0x02
    6a44:	80 57       	subi	r24, 0x70	; 112
    6a46:	99 4f       	sbci	r25, 0xF9	; 249
    6a48:	89 5b       	subi	r24, 0xB9	; 185
    6a4a:	9f 4f       	sbci	r25, 0xFF	; 255
    6a4c:	28 e1       	ldi	r18, 0x18	; 24
    6a4e:	fc 01       	movw	r30, r24
    6a50:	20 83       	st	Z, r18
    spielfeld[21].hausnummer = 11;
    6a52:	89 81       	ldd	r24, Y+1	; 0x01
    6a54:	9a 81       	ldd	r25, Y+2	; 0x02
    6a56:	80 57       	subi	r24, 0x70	; 112
    6a58:	99 4f       	sbci	r25, 0xF9	; 249
    6a5a:	87 5b       	subi	r24, 0xB7	; 183
    6a5c:	9f 4f       	sbci	r25, 0xFF	; 255
    6a5e:	2b e0       	ldi	r18, 0x0B	; 11
    6a60:	fc 01       	movw	r30, r24
    6a62:	20 83       	st	Z, r18
    spielfeld[21].anzahlHaeuser = 0;
    6a64:	89 81       	ldd	r24, Y+1	; 0x01
    6a66:	9a 81       	ldd	r25, Y+2	; 0x02
    6a68:	80 57       	subi	r24, 0x70	; 112
    6a6a:	99 4f       	sbci	r25, 0xF9	; 249
    6a6c:	86 5b       	subi	r24, 0xB6	; 182
    6a6e:	9f 4f       	sbci	r25, 0xFF	; 255
    6a70:	fc 01       	movw	r30, r24
    6a72:	10 82       	st	Z, r1
    spielfeld[21].kostenHaus = 150;
    6a74:	89 81       	ldd	r24, Y+1	; 0x01
    6a76:	9a 81       	ldd	r25, Y+2	; 0x02
    6a78:	80 57       	subi	r24, 0x70	; 112
    6a7a:	99 4f       	sbci	r25, 0xF9	; 249
    6a7c:	84 5b       	subi	r24, 0xB4	; 180
    6a7e:	9f 4f       	sbci	r25, 0xFF	; 255
    6a80:	26 e9       	ldi	r18, 0x96	; 150
    6a82:	fc 01       	movw	r30, r24
    6a84:	20 83       	st	Z, r18
    spielfeld[21].rgbNummer = 14;
    6a86:	89 81       	ldd	r24, Y+1	; 0x01
    6a88:	9a 81       	ldd	r25, Y+2	; 0x02
    6a8a:	80 57       	subi	r24, 0x70	; 112
    6a8c:	99 4f       	sbci	r25, 0xF9	; 249
    6a8e:	85 5b       	subi	r24, 0xB5	; 181
    6a90:	9f 4f       	sbci	r25, 0xFF	; 255
    6a92:	2e e0       	ldi	r18, 0x0E	; 14
    6a94:	fc 01       	movw	r30, r24
    6a96:	20 83       	st	Z, r18
    spielfeld[21].feldBelastet = 0;  //wenn das Feld belastet ist = 1
    6a98:	89 81       	ldd	r24, Y+1	; 0x01
    6a9a:	9a 81       	ldd	r25, Y+2	; 0x02
    6a9c:	80 57       	subi	r24, 0x70	; 112
    6a9e:	99 4f       	sbci	r25, 0xF9	; 249
    6aa0:	83 5b       	subi	r24, 0xB3	; 179
    6aa2:	9f 4f       	sbci	r25, 0xFF	; 255
    6aa4:	fc 01       	movw	r30, r24
    6aa6:	10 82       	st	Z, r1
    
    //Eigenschaften des Feldes: Chance
    strcpy(spielfeld[22].name, "Chance");
    6aa8:	89 81       	ldd	r24, Y+1	; 0x01
    6aaa:	9a 81       	ldd	r25, Y+2	; 0x02
    6aac:	80 52       	subi	r24, 0x20	; 32
    6aae:	99 4f       	sbci	r25, 0xF9	; 249
    6ab0:	9c 01       	movw	r18, r24
    6ab2:	87 e0       	ldi	r24, 0x07	; 7
    6ab4:	e8 e5       	ldi	r30, 0x58	; 88
    6ab6:	f4 e0       	ldi	r31, 0x04	; 4
    6ab8:	d9 01       	movw	r26, r18
    6aba:	01 90       	ld	r0, Z+
    6abc:	0d 92       	st	X+, r0
    6abe:	8a 95       	dec	r24
    6ac0:	e1 f7       	brne	.-8      	; 0x6aba <initialisiereSpielfeld+0x14b6>
    spielfeld[22].typ = EREIGNISFELD;
    6ac2:	89 81       	ldd	r24, Y+1	; 0x01
    6ac4:	9a 81       	ldd	r25, Y+2	; 0x02
    6ac6:	80 52       	subi	r24, 0x20	; 32
    6ac8:	99 4f       	sbci	r25, 0xF9	; 249
    6aca:	21 e0       	ldi	r18, 0x01	; 1
    6acc:	fc 01       	movw	r30, r24
    6ace:	22 ab       	std	Z+50, r18	; 0x32
    
    //Eigenschaften des Feldes: Produkton Automatiker
    strcpy(spielfeld[23].name, "Produktion AU");
    6ad0:	89 81       	ldd	r24, Y+1	; 0x01
    6ad2:	9a 81       	ldd	r25, Y+2	; 0x02
    6ad4:	80 5d       	subi	r24, 0xD0	; 208
    6ad6:	98 4f       	sbci	r25, 0xF8	; 248
    6ad8:	9c 01       	movw	r18, r24
    6ada:	8e e0       	ldi	r24, 0x0E	; 14
    6adc:	e7 ee       	ldi	r30, 0xE7	; 231
    6ade:	f4 e0       	ldi	r31, 0x04	; 4
    6ae0:	d9 01       	movw	r26, r18
    6ae2:	01 90       	ld	r0, Z+
    6ae4:	0d 92       	st	X+, r0
    6ae6:	8a 95       	dec	r24
    6ae8:	e1 f7       	brne	.-8      	; 0x6ae2 <initialisiereSpielfeld+0x14de>
    spielfeld[23].typ = STRASSE;
    6aea:	89 81       	ldd	r24, Y+1	; 0x01
    6aec:	9a 81       	ldd	r25, Y+2	; 0x02
    6aee:	80 5d       	subi	r24, 0xD0	; 208
    6af0:	98 4f       	sbci	r25, 0xF8	; 248
    6af2:	fc 01       	movw	r30, r24
    6af4:	12 aa       	std	Z+50, r1	; 0x32
    spielfeld[23].preis = 220;
    6af6:	89 81       	ldd	r24, Y+1	; 0x01
    6af8:	9a 81       	ldd	r25, Y+2	; 0x02
    6afa:	80 5d       	subi	r24, 0xD0	; 208
    6afc:	98 4f       	sbci	r25, 0xF8	; 248
    6afe:	2c ed       	ldi	r18, 0xDC	; 220
    6b00:	30 e0       	ldi	r19, 0x00	; 0
    6b02:	fc 01       	movw	r30, r24
    6b04:	34 ab       	std	Z+52, r19	; 0x34
    6b06:	23 ab       	std	Z+51, r18	; 0x33
    spielfeld[23].mieten[0] = 18;   //Feld einzeln
    6b08:	89 81       	ldd	r24, Y+1	; 0x01
    6b0a:	9a 81       	ldd	r25, Y+2	; 0x02
    6b0c:	80 5d       	subi	r24, 0xD0	; 208
    6b0e:	98 4f       	sbci	r25, 0xF8	; 248
    6b10:	22 e1       	ldi	r18, 0x12	; 18
    6b12:	30 e0       	ldi	r19, 0x00	; 0
    6b14:	fc 01       	movw	r30, r24
    6b16:	36 ab       	std	Z+54, r19	; 0x36
    6b18:	25 ab       	std	Z+53, r18	; 0x35
    spielfeld[23].mieten[1] = 90;   //Feld mit 1 Haus
    6b1a:	89 81       	ldd	r24, Y+1	; 0x01
    6b1c:	9a 81       	ldd	r25, Y+2	; 0x02
    6b1e:	80 5d       	subi	r24, 0xD0	; 208
    6b20:	98 4f       	sbci	r25, 0xF8	; 248
    6b22:	2a e5       	ldi	r18, 0x5A	; 90
    6b24:	30 e0       	ldi	r19, 0x00	; 0
    6b26:	fc 01       	movw	r30, r24
    6b28:	30 af       	std	Z+56, r19	; 0x38
    6b2a:	27 ab       	std	Z+55, r18	; 0x37
    spielfeld[23].mieten[2] = 250;  //Feld mit 2 Häuser
    6b2c:	89 81       	ldd	r24, Y+1	; 0x01
    6b2e:	9a 81       	ldd	r25, Y+2	; 0x02
    6b30:	80 5d       	subi	r24, 0xD0	; 208
    6b32:	98 4f       	sbci	r25, 0xF8	; 248
    6b34:	2a ef       	ldi	r18, 0xFA	; 250
    6b36:	30 e0       	ldi	r19, 0x00	; 0
    6b38:	fc 01       	movw	r30, r24
    6b3a:	32 af       	std	Z+58, r19	; 0x3a
    6b3c:	21 af       	std	Z+57, r18	; 0x39
    spielfeld[23].mieten[3] = 700;  //Feld mit 3 Häuser
    6b3e:	89 81       	ldd	r24, Y+1	; 0x01
    6b40:	9a 81       	ldd	r25, Y+2	; 0x02
    6b42:	80 5d       	subi	r24, 0xD0	; 208
    6b44:	98 4f       	sbci	r25, 0xF8	; 248
    6b46:	2c eb       	ldi	r18, 0xBC	; 188
    6b48:	32 e0       	ldi	r19, 0x02	; 2
    6b4a:	fc 01       	movw	r30, r24
    6b4c:	34 af       	std	Z+60, r19	; 0x3c
    6b4e:	23 af       	std	Z+59, r18	; 0x3b
    spielfeld[23].mieten[4] = 875;  //Feld mit 4 Häuser
    6b50:	89 81       	ldd	r24, Y+1	; 0x01
    6b52:	9a 81       	ldd	r25, Y+2	; 0x02
    6b54:	80 5d       	subi	r24, 0xD0	; 208
    6b56:	98 4f       	sbci	r25, 0xF8	; 248
    6b58:	2b e6       	ldi	r18, 0x6B	; 107
    6b5a:	33 e0       	ldi	r19, 0x03	; 3
    6b5c:	fc 01       	movw	r30, r24
    6b5e:	36 af       	std	Z+62, r19	; 0x3e
    6b60:	25 af       	std	Z+61, r18	; 0x3d
    spielfeld[23].mieten[5] = 1050; //Feld mit 5 Häuser
    6b62:	89 81       	ldd	r24, Y+1	; 0x01
    6b64:	9a 81       	ldd	r25, Y+2	; 0x02
    6b66:	80 5d       	subi	r24, 0xD0	; 208
    6b68:	98 4f       	sbci	r25, 0xF8	; 248
    6b6a:	cf 96       	adiw	r24, 0x3f	; 63
    6b6c:	2a e1       	ldi	r18, 0x1A	; 26
    6b6e:	34 e0       	ldi	r19, 0x04	; 4
    6b70:	fc 01       	movw	r30, r24
    6b72:	31 83       	std	Z+1, r19	; 0x01
    6b74:	20 83       	st	Z, r18
    spielfeld[23].mieten[6] = 36;   //Feld mit Farbgruppe
    6b76:	89 81       	ldd	r24, Y+1	; 0x01
    6b78:	9a 81       	ldd	r25, Y+2	; 0x02
    6b7a:	80 5d       	subi	r24, 0xD0	; 208
    6b7c:	98 4f       	sbci	r25, 0xF8	; 248
    6b7e:	8f 5b       	subi	r24, 0xBF	; 191
    6b80:	9f 4f       	sbci	r25, 0xFF	; 255
    6b82:	24 e2       	ldi	r18, 0x24	; 36
    6b84:	30 e0       	ldi	r19, 0x00	; 0
    6b86:	fc 01       	movw	r30, r24
    6b88:	31 83       	std	Z+1, r19	; 0x01
    6b8a:	20 83       	st	Z, r18
    spielfeld[23].besitzer = 0;
    6b8c:	89 81       	ldd	r24, Y+1	; 0x01
    6b8e:	9a 81       	ldd	r25, Y+2	; 0x02
    6b90:	80 5d       	subi	r24, 0xD0	; 208
    6b92:	98 4f       	sbci	r25, 0xF8	; 248
    6b94:	8d 5b       	subi	r24, 0xBD	; 189
    6b96:	9f 4f       	sbci	r25, 0xFF	; 255
    6b98:	fc 01       	movw	r30, r24
    6b9a:	10 82       	st	Z, r1
    spielfeld[23].farbGruppe = ROT;
    6b9c:	89 81       	ldd	r24, Y+1	; 0x01
    6b9e:	9a 81       	ldd	r25, Y+2	; 0x02
    6ba0:	80 5d       	subi	r24, 0xD0	; 208
    6ba2:	98 4f       	sbci	r25, 0xF8	; 248
    6ba4:	8c 5b       	subi	r24, 0xBC	; 188
    6ba6:	9f 4f       	sbci	r25, 0xFF	; 255
    6ba8:	24 e0       	ldi	r18, 0x04	; 4
    6baa:	fc 01       	movw	r30, r24
    6bac:	20 83       	st	Z, r18
    spielfeld[23].farbgruppenFelder[0] = 21;
    6bae:	89 81       	ldd	r24, Y+1	; 0x01
    6bb0:	9a 81       	ldd	r25, Y+2	; 0x02
    6bb2:	80 5d       	subi	r24, 0xD0	; 208
    6bb4:	98 4f       	sbci	r25, 0xF8	; 248
    6bb6:	8b 5b       	subi	r24, 0xBB	; 187
    6bb8:	9f 4f       	sbci	r25, 0xFF	; 255
    6bba:	25 e1       	ldi	r18, 0x15	; 21
    6bbc:	fc 01       	movw	r30, r24
    6bbe:	20 83       	st	Z, r18
    spielfeld[23].farbgruppenFelder[1] = 23;
    6bc0:	89 81       	ldd	r24, Y+1	; 0x01
    6bc2:	9a 81       	ldd	r25, Y+2	; 0x02
    6bc4:	80 5d       	subi	r24, 0xD0	; 208
    6bc6:	98 4f       	sbci	r25, 0xF8	; 248
    6bc8:	8a 5b       	subi	r24, 0xBA	; 186
    6bca:	9f 4f       	sbci	r25, 0xFF	; 255
    6bcc:	27 e1       	ldi	r18, 0x17	; 23
    6bce:	fc 01       	movw	r30, r24
    6bd0:	20 83       	st	Z, r18
    spielfeld[23].farbgruppenFelder[2] = 24;
    6bd2:	89 81       	ldd	r24, Y+1	; 0x01
    6bd4:	9a 81       	ldd	r25, Y+2	; 0x02
    6bd6:	80 5d       	subi	r24, 0xD0	; 208
    6bd8:	98 4f       	sbci	r25, 0xF8	; 248
    6bda:	89 5b       	subi	r24, 0xB9	; 185
    6bdc:	9f 4f       	sbci	r25, 0xFF	; 255
    6bde:	28 e1       	ldi	r18, 0x18	; 24
    6be0:	fc 01       	movw	r30, r24
    6be2:	20 83       	st	Z, r18
    spielfeld[23].hausnummer = 12;
    6be4:	89 81       	ldd	r24, Y+1	; 0x01
    6be6:	9a 81       	ldd	r25, Y+2	; 0x02
    6be8:	80 5d       	subi	r24, 0xD0	; 208
    6bea:	98 4f       	sbci	r25, 0xF8	; 248
    6bec:	87 5b       	subi	r24, 0xB7	; 183
    6bee:	9f 4f       	sbci	r25, 0xFF	; 255
    6bf0:	2c e0       	ldi	r18, 0x0C	; 12
    6bf2:	fc 01       	movw	r30, r24
    6bf4:	20 83       	st	Z, r18
    spielfeld[23].anzahlHaeuser = 0;
    6bf6:	89 81       	ldd	r24, Y+1	; 0x01
    6bf8:	9a 81       	ldd	r25, Y+2	; 0x02
    6bfa:	80 5d       	subi	r24, 0xD0	; 208
    6bfc:	98 4f       	sbci	r25, 0xF8	; 248
    6bfe:	86 5b       	subi	r24, 0xB6	; 182
    6c00:	9f 4f       	sbci	r25, 0xFF	; 255
    6c02:	fc 01       	movw	r30, r24
    6c04:	10 82       	st	Z, r1
    spielfeld[23].kostenHaus = 150;
    6c06:	89 81       	ldd	r24, Y+1	; 0x01
    6c08:	9a 81       	ldd	r25, Y+2	; 0x02
    6c0a:	80 5d       	subi	r24, 0xD0	; 208
    6c0c:	98 4f       	sbci	r25, 0xF8	; 248
    6c0e:	84 5b       	subi	r24, 0xB4	; 180
    6c10:	9f 4f       	sbci	r25, 0xFF	; 255
    6c12:	26 e9       	ldi	r18, 0x96	; 150
    6c14:	fc 01       	movw	r30, r24
    6c16:	20 83       	st	Z, r18
    spielfeld[23].rgbNummer = 15;
    6c18:	89 81       	ldd	r24, Y+1	; 0x01
    6c1a:	9a 81       	ldd	r25, Y+2	; 0x02
    6c1c:	80 5d       	subi	r24, 0xD0	; 208
    6c1e:	98 4f       	sbci	r25, 0xF8	; 248
    6c20:	85 5b       	subi	r24, 0xB5	; 181
    6c22:	9f 4f       	sbci	r25, 0xFF	; 255
    6c24:	2f e0       	ldi	r18, 0x0F	; 15
    6c26:	fc 01       	movw	r30, r24
    6c28:	20 83       	st	Z, r18
    spielfeld[23].feldBelastet = 0;  //wenn das Feld belastet ist = 1
    6c2a:	89 81       	ldd	r24, Y+1	; 0x01
    6c2c:	9a 81       	ldd	r25, Y+2	; 0x02
    6c2e:	80 5d       	subi	r24, 0xD0	; 208
    6c30:	98 4f       	sbci	r25, 0xF8	; 248
    6c32:	83 5b       	subi	r24, 0xB3	; 179
    6c34:	9f 4f       	sbci	r25, 0xFF	; 255
    6c36:	fc 01       	movw	r30, r24
    6c38:	10 82       	st	Z, r1
    
    //Eigenschaften des Feldes: Mechatronik Labor
    strcpy(spielfeld[24].name, "Mechatr. Labor");
    6c3a:	89 81       	ldd	r24, Y+1	; 0x01
    6c3c:	9a 81       	ldd	r25, Y+2	; 0x02
    6c3e:	80 58       	subi	r24, 0x80	; 128
    6c40:	98 4f       	sbci	r25, 0xF8	; 248
    6c42:	9c 01       	movw	r18, r24
    6c44:	8f e0       	ldi	r24, 0x0F	; 15
    6c46:	e5 ef       	ldi	r30, 0xF5	; 245
    6c48:	f4 e0       	ldi	r31, 0x04	; 4
    6c4a:	d9 01       	movw	r26, r18
    6c4c:	01 90       	ld	r0, Z+
    6c4e:	0d 92       	st	X+, r0
    6c50:	8a 95       	dec	r24
    6c52:	e1 f7       	brne	.-8      	; 0x6c4c <initialisiereSpielfeld+0x1648>
    spielfeld[24].typ = STRASSE;
    6c54:	89 81       	ldd	r24, Y+1	; 0x01
    6c56:	9a 81       	ldd	r25, Y+2	; 0x02
    6c58:	80 58       	subi	r24, 0x80	; 128
    6c5a:	98 4f       	sbci	r25, 0xF8	; 248
    6c5c:	fc 01       	movw	r30, r24
    6c5e:	12 aa       	std	Z+50, r1	; 0x32
    spielfeld[24].preis = 240;
    6c60:	89 81       	ldd	r24, Y+1	; 0x01
    6c62:	9a 81       	ldd	r25, Y+2	; 0x02
    6c64:	80 58       	subi	r24, 0x80	; 128
    6c66:	98 4f       	sbci	r25, 0xF8	; 248
    6c68:	20 ef       	ldi	r18, 0xF0	; 240
    6c6a:	30 e0       	ldi	r19, 0x00	; 0
    6c6c:	fc 01       	movw	r30, r24
    6c6e:	34 ab       	std	Z+52, r19	; 0x34
    6c70:	23 ab       	std	Z+51, r18	; 0x33
    spielfeld[24].mieten[0] = 20;   //Feld einzeln
    6c72:	89 81       	ldd	r24, Y+1	; 0x01
    6c74:	9a 81       	ldd	r25, Y+2	; 0x02
    6c76:	80 58       	subi	r24, 0x80	; 128
    6c78:	98 4f       	sbci	r25, 0xF8	; 248
    6c7a:	24 e1       	ldi	r18, 0x14	; 20
    6c7c:	30 e0       	ldi	r19, 0x00	; 0
    6c7e:	fc 01       	movw	r30, r24
    6c80:	36 ab       	std	Z+54, r19	; 0x36
    6c82:	25 ab       	std	Z+53, r18	; 0x35
    spielfeld[24].mieten[1] = 100;  //Feld mit 1 Haus
    6c84:	89 81       	ldd	r24, Y+1	; 0x01
    6c86:	9a 81       	ldd	r25, Y+2	; 0x02
    6c88:	80 58       	subi	r24, 0x80	; 128
    6c8a:	98 4f       	sbci	r25, 0xF8	; 248
    6c8c:	24 e6       	ldi	r18, 0x64	; 100
    6c8e:	30 e0       	ldi	r19, 0x00	; 0
    6c90:	fc 01       	movw	r30, r24
    6c92:	30 af       	std	Z+56, r19	; 0x38
    6c94:	27 ab       	std	Z+55, r18	; 0x37
    spielfeld[24].mieten[2] = 300;  //Feld mit 2 Häuser
    6c96:	89 81       	ldd	r24, Y+1	; 0x01
    6c98:	9a 81       	ldd	r25, Y+2	; 0x02
    6c9a:	80 58       	subi	r24, 0x80	; 128
    6c9c:	98 4f       	sbci	r25, 0xF8	; 248
    6c9e:	2c e2       	ldi	r18, 0x2C	; 44
    6ca0:	31 e0       	ldi	r19, 0x01	; 1
    6ca2:	fc 01       	movw	r30, r24
    6ca4:	32 af       	std	Z+58, r19	; 0x3a
    6ca6:	21 af       	std	Z+57, r18	; 0x39
    spielfeld[24].mieten[3] = 750;  //Feld mit 3 Häuser
    6ca8:	89 81       	ldd	r24, Y+1	; 0x01
    6caa:	9a 81       	ldd	r25, Y+2	; 0x02
    6cac:	80 58       	subi	r24, 0x80	; 128
    6cae:	98 4f       	sbci	r25, 0xF8	; 248
    6cb0:	2e ee       	ldi	r18, 0xEE	; 238
    6cb2:	32 e0       	ldi	r19, 0x02	; 2
    6cb4:	fc 01       	movw	r30, r24
    6cb6:	34 af       	std	Z+60, r19	; 0x3c
    6cb8:	23 af       	std	Z+59, r18	; 0x3b
    spielfeld[24].mieten[4] = 925;  //Feld mit 4 Häuser
    6cba:	89 81       	ldd	r24, Y+1	; 0x01
    6cbc:	9a 81       	ldd	r25, Y+2	; 0x02
    6cbe:	80 58       	subi	r24, 0x80	; 128
    6cc0:	98 4f       	sbci	r25, 0xF8	; 248
    6cc2:	2d e9       	ldi	r18, 0x9D	; 157
    6cc4:	33 e0       	ldi	r19, 0x03	; 3
    6cc6:	fc 01       	movw	r30, r24
    6cc8:	36 af       	std	Z+62, r19	; 0x3e
    6cca:	25 af       	std	Z+61, r18	; 0x3d
    spielfeld[24].mieten[5] = 1100; //Feld mit 5 Häuser
    6ccc:	89 81       	ldd	r24, Y+1	; 0x01
    6cce:	9a 81       	ldd	r25, Y+2	; 0x02
    6cd0:	80 58       	subi	r24, 0x80	; 128
    6cd2:	98 4f       	sbci	r25, 0xF8	; 248
    6cd4:	cf 96       	adiw	r24, 0x3f	; 63
    6cd6:	2c e4       	ldi	r18, 0x4C	; 76
    6cd8:	34 e0       	ldi	r19, 0x04	; 4
    6cda:	fc 01       	movw	r30, r24
    6cdc:	31 83       	std	Z+1, r19	; 0x01
    6cde:	20 83       	st	Z, r18
    spielfeld[24].mieten[6] = 40;   //Feld mit Farbgruppe
    6ce0:	89 81       	ldd	r24, Y+1	; 0x01
    6ce2:	9a 81       	ldd	r25, Y+2	; 0x02
    6ce4:	80 58       	subi	r24, 0x80	; 128
    6ce6:	98 4f       	sbci	r25, 0xF8	; 248
    6ce8:	8f 5b       	subi	r24, 0xBF	; 191
    6cea:	9f 4f       	sbci	r25, 0xFF	; 255
    6cec:	28 e2       	ldi	r18, 0x28	; 40
    6cee:	30 e0       	ldi	r19, 0x00	; 0
    6cf0:	fc 01       	movw	r30, r24
    6cf2:	31 83       	std	Z+1, r19	; 0x01
    6cf4:	20 83       	st	Z, r18
    spielfeld[24].besitzer = 0;
    6cf6:	89 81       	ldd	r24, Y+1	; 0x01
    6cf8:	9a 81       	ldd	r25, Y+2	; 0x02
    6cfa:	80 58       	subi	r24, 0x80	; 128
    6cfc:	98 4f       	sbci	r25, 0xF8	; 248
    6cfe:	8d 5b       	subi	r24, 0xBD	; 189
    6d00:	9f 4f       	sbci	r25, 0xFF	; 255
    6d02:	fc 01       	movw	r30, r24
    6d04:	10 82       	st	Z, r1
    spielfeld[24].farbGruppe = ROT;
    6d06:	89 81       	ldd	r24, Y+1	; 0x01
    6d08:	9a 81       	ldd	r25, Y+2	; 0x02
    6d0a:	80 58       	subi	r24, 0x80	; 128
    6d0c:	98 4f       	sbci	r25, 0xF8	; 248
    6d0e:	8c 5b       	subi	r24, 0xBC	; 188
    6d10:	9f 4f       	sbci	r25, 0xFF	; 255
    6d12:	24 e0       	ldi	r18, 0x04	; 4
    6d14:	fc 01       	movw	r30, r24
    6d16:	20 83       	st	Z, r18
    spielfeld[24].farbgruppenFelder[0] = 21;
    6d18:	89 81       	ldd	r24, Y+1	; 0x01
    6d1a:	9a 81       	ldd	r25, Y+2	; 0x02
    6d1c:	80 58       	subi	r24, 0x80	; 128
    6d1e:	98 4f       	sbci	r25, 0xF8	; 248
    6d20:	8b 5b       	subi	r24, 0xBB	; 187
    6d22:	9f 4f       	sbci	r25, 0xFF	; 255
    6d24:	25 e1       	ldi	r18, 0x15	; 21
    6d26:	fc 01       	movw	r30, r24
    6d28:	20 83       	st	Z, r18
    spielfeld[24].farbgruppenFelder[1] = 23;
    6d2a:	89 81       	ldd	r24, Y+1	; 0x01
    6d2c:	9a 81       	ldd	r25, Y+2	; 0x02
    6d2e:	80 58       	subi	r24, 0x80	; 128
    6d30:	98 4f       	sbci	r25, 0xF8	; 248
    6d32:	8a 5b       	subi	r24, 0xBA	; 186
    6d34:	9f 4f       	sbci	r25, 0xFF	; 255
    6d36:	27 e1       	ldi	r18, 0x17	; 23
    6d38:	fc 01       	movw	r30, r24
    6d3a:	20 83       	st	Z, r18
    spielfeld[24].farbgruppenFelder[2] = 24;
    6d3c:	89 81       	ldd	r24, Y+1	; 0x01
    6d3e:	9a 81       	ldd	r25, Y+2	; 0x02
    6d40:	80 58       	subi	r24, 0x80	; 128
    6d42:	98 4f       	sbci	r25, 0xF8	; 248
    6d44:	89 5b       	subi	r24, 0xB9	; 185
    6d46:	9f 4f       	sbci	r25, 0xFF	; 255
    6d48:	28 e1       	ldi	r18, 0x18	; 24
    6d4a:	fc 01       	movw	r30, r24
    6d4c:	20 83       	st	Z, r18
    spielfeld[24].hausnummer = 13;
    6d4e:	89 81       	ldd	r24, Y+1	; 0x01
    6d50:	9a 81       	ldd	r25, Y+2	; 0x02
    6d52:	80 58       	subi	r24, 0x80	; 128
    6d54:	98 4f       	sbci	r25, 0xF8	; 248
    6d56:	87 5b       	subi	r24, 0xB7	; 183
    6d58:	9f 4f       	sbci	r25, 0xFF	; 255
    6d5a:	2d e0       	ldi	r18, 0x0D	; 13
    6d5c:	fc 01       	movw	r30, r24
    6d5e:	20 83       	st	Z, r18
    spielfeld[24].anzahlHaeuser = 0;
    6d60:	89 81       	ldd	r24, Y+1	; 0x01
    6d62:	9a 81       	ldd	r25, Y+2	; 0x02
    6d64:	80 58       	subi	r24, 0x80	; 128
    6d66:	98 4f       	sbci	r25, 0xF8	; 248
    6d68:	86 5b       	subi	r24, 0xB6	; 182
    6d6a:	9f 4f       	sbci	r25, 0xFF	; 255
    6d6c:	fc 01       	movw	r30, r24
    6d6e:	10 82       	st	Z, r1
    spielfeld[24].kostenHaus = 150;
    6d70:	89 81       	ldd	r24, Y+1	; 0x01
    6d72:	9a 81       	ldd	r25, Y+2	; 0x02
    6d74:	80 58       	subi	r24, 0x80	; 128
    6d76:	98 4f       	sbci	r25, 0xF8	; 248
    6d78:	84 5b       	subi	r24, 0xB4	; 180
    6d7a:	9f 4f       	sbci	r25, 0xFF	; 255
    6d7c:	26 e9       	ldi	r18, 0x96	; 150
    6d7e:	fc 01       	movw	r30, r24
    6d80:	20 83       	st	Z, r18
    spielfeld[24].rgbNummer = 16;
    6d82:	89 81       	ldd	r24, Y+1	; 0x01
    6d84:	9a 81       	ldd	r25, Y+2	; 0x02
    6d86:	80 58       	subi	r24, 0x80	; 128
    6d88:	98 4f       	sbci	r25, 0xF8	; 248
    6d8a:	85 5b       	subi	r24, 0xB5	; 181
    6d8c:	9f 4f       	sbci	r25, 0xFF	; 255
    6d8e:	20 e1       	ldi	r18, 0x10	; 16
    6d90:	fc 01       	movw	r30, r24
    6d92:	20 83       	st	Z, r18
    spielfeld[24].feldBelastet = 0;  //wenn das Feld belastet ist = 1
    6d94:	89 81       	ldd	r24, Y+1	; 0x01
    6d96:	9a 81       	ldd	r25, Y+2	; 0x02
    6d98:	80 58       	subi	r24, 0x80	; 128
    6d9a:	98 4f       	sbci	r25, 0xF8	; 248
    6d9c:	83 5b       	subi	r24, 0xB3	; 179
    6d9e:	9f 4f       	sbci	r25, 0xFF	; 255
    6da0:	fc 01       	movw	r30, r24
    6da2:	10 82       	st	Z, r1
    
    //Eigenschaften des Feldes: Technikum
    strcpy(spielfeld[25].name, "Technikum");
    6da4:	89 81       	ldd	r24, Y+1	; 0x01
    6da6:	9a 81       	ldd	r25, Y+2	; 0x02
    6da8:	80 53       	subi	r24, 0x30	; 48
    6daa:	98 4f       	sbci	r25, 0xF8	; 248
    6dac:	9c 01       	movw	r18, r24
    6dae:	8a e0       	ldi	r24, 0x0A	; 10
    6db0:	e4 e0       	ldi	r30, 0x04	; 4
    6db2:	f5 e0       	ldi	r31, 0x05	; 5
    6db4:	d9 01       	movw	r26, r18
    6db6:	01 90       	ld	r0, Z+
    6db8:	0d 92       	st	X+, r0
    6dba:	8a 95       	dec	r24
    6dbc:	e1 f7       	brne	.-8      	; 0x6db6 <initialisiereSpielfeld+0x17b2>
    spielfeld[25].typ = HALTESTELLE;
    6dbe:	89 81       	ldd	r24, Y+1	; 0x01
    6dc0:	9a 81       	ldd	r25, Y+2	; 0x02
    6dc2:	80 53       	subi	r24, 0x30	; 48
    6dc4:	98 4f       	sbci	r25, 0xF8	; 248
    6dc6:	27 e0       	ldi	r18, 0x07	; 7
    6dc8:	fc 01       	movw	r30, r24
    6dca:	22 ab       	std	Z+50, r18	; 0x32
    spielfeld[25].preis = 200;
    6dcc:	89 81       	ldd	r24, Y+1	; 0x01
    6dce:	9a 81       	ldd	r25, Y+2	; 0x02
    6dd0:	80 53       	subi	r24, 0x30	; 48
    6dd2:	98 4f       	sbci	r25, 0xF8	; 248
    6dd4:	28 ec       	ldi	r18, 0xC8	; 200
    6dd6:	30 e0       	ldi	r19, 0x00	; 0
    6dd8:	fc 01       	movw	r30, r24
    6dda:	34 ab       	std	Z+52, r19	; 0x34
    6ddc:	23 ab       	std	Z+51, r18	; 0x33
    spielfeld[25].mieten[0] = 25;   //wenn man 1 Bahn besitzt
    6dde:	89 81       	ldd	r24, Y+1	; 0x01
    6de0:	9a 81       	ldd	r25, Y+2	; 0x02
    6de2:	80 53       	subi	r24, 0x30	; 48
    6de4:	98 4f       	sbci	r25, 0xF8	; 248
    6de6:	29 e1       	ldi	r18, 0x19	; 25
    6de8:	30 e0       	ldi	r19, 0x00	; 0
    6dea:	fc 01       	movw	r30, r24
    6dec:	36 ab       	std	Z+54, r19	; 0x36
    6dee:	25 ab       	std	Z+53, r18	; 0x35
    spielfeld[25].mieten[1] = 50;   //wenn man 2 Bahnen besitzt
    6df0:	89 81       	ldd	r24, Y+1	; 0x01
    6df2:	9a 81       	ldd	r25, Y+2	; 0x02
    6df4:	80 53       	subi	r24, 0x30	; 48
    6df6:	98 4f       	sbci	r25, 0xF8	; 248
    6df8:	22 e3       	ldi	r18, 0x32	; 50
    6dfa:	30 e0       	ldi	r19, 0x00	; 0
    6dfc:	fc 01       	movw	r30, r24
    6dfe:	30 af       	std	Z+56, r19	; 0x38
    6e00:	27 ab       	std	Z+55, r18	; 0x37
    spielfeld[25].mieten[2] = 100;  //wenn man 3 Bahnen besitzt
    6e02:	89 81       	ldd	r24, Y+1	; 0x01
    6e04:	9a 81       	ldd	r25, Y+2	; 0x02
    6e06:	80 53       	subi	r24, 0x30	; 48
    6e08:	98 4f       	sbci	r25, 0xF8	; 248
    6e0a:	24 e6       	ldi	r18, 0x64	; 100
    6e0c:	30 e0       	ldi	r19, 0x00	; 0
    6e0e:	fc 01       	movw	r30, r24
    6e10:	32 af       	std	Z+58, r19	; 0x3a
    6e12:	21 af       	std	Z+57, r18	; 0x39
    spielfeld[25].mieten[3] = 200;  //wenn man 4 Bahnen besitzt
    6e14:	89 81       	ldd	r24, Y+1	; 0x01
    6e16:	9a 81       	ldd	r25, Y+2	; 0x02
    6e18:	80 53       	subi	r24, 0x30	; 48
    6e1a:	98 4f       	sbci	r25, 0xF8	; 248
    6e1c:	28 ec       	ldi	r18, 0xC8	; 200
    6e1e:	30 e0       	ldi	r19, 0x00	; 0
    6e20:	fc 01       	movw	r30, r24
    6e22:	34 af       	std	Z+60, r19	; 0x3c
    6e24:	23 af       	std	Z+59, r18	; 0x3b
    spielfeld[25].besitzer = 0;
    6e26:	89 81       	ldd	r24, Y+1	; 0x01
    6e28:	9a 81       	ldd	r25, Y+2	; 0x02
    6e2a:	80 53       	subi	r24, 0x30	; 48
    6e2c:	98 4f       	sbci	r25, 0xF8	; 248
    6e2e:	8d 5b       	subi	r24, 0xBD	; 189
    6e30:	9f 4f       	sbci	r25, 0xFF	; 255
    6e32:	fc 01       	movw	r30, r24
    6e34:	10 82       	st	Z, r1
    spielfeld[25].farbGruppe = FARBLOS;
    6e36:	89 81       	ldd	r24, Y+1	; 0x01
    6e38:	9a 81       	ldd	r25, Y+2	; 0x02
    6e3a:	80 53       	subi	r24, 0x30	; 48
    6e3c:	98 4f       	sbci	r25, 0xF8	; 248
    6e3e:	8c 5b       	subi	r24, 0xBC	; 188
    6e40:	9f 4f       	sbci	r25, 0xFF	; 255
    6e42:	28 e0       	ldi	r18, 0x08	; 8
    6e44:	fc 01       	movw	r30, r24
    6e46:	20 83       	st	Z, r18
    spielfeld[25].farbgruppenFelder[0] = 5;
    6e48:	89 81       	ldd	r24, Y+1	; 0x01
    6e4a:	9a 81       	ldd	r25, Y+2	; 0x02
    6e4c:	80 53       	subi	r24, 0x30	; 48
    6e4e:	98 4f       	sbci	r25, 0xF8	; 248
    6e50:	8b 5b       	subi	r24, 0xBB	; 187
    6e52:	9f 4f       	sbci	r25, 0xFF	; 255
    6e54:	25 e0       	ldi	r18, 0x05	; 5
    6e56:	fc 01       	movw	r30, r24
    6e58:	20 83       	st	Z, r18
    spielfeld[25].farbgruppenFelder[1] = 15;
    6e5a:	89 81       	ldd	r24, Y+1	; 0x01
    6e5c:	9a 81       	ldd	r25, Y+2	; 0x02
    6e5e:	80 53       	subi	r24, 0x30	; 48
    6e60:	98 4f       	sbci	r25, 0xF8	; 248
    6e62:	8a 5b       	subi	r24, 0xBA	; 186
    6e64:	9f 4f       	sbci	r25, 0xFF	; 255
    6e66:	2f e0       	ldi	r18, 0x0F	; 15
    6e68:	fc 01       	movw	r30, r24
    6e6a:	20 83       	st	Z, r18
    spielfeld[25].farbgruppenFelder[2] = 25;
    6e6c:	89 81       	ldd	r24, Y+1	; 0x01
    6e6e:	9a 81       	ldd	r25, Y+2	; 0x02
    6e70:	80 53       	subi	r24, 0x30	; 48
    6e72:	98 4f       	sbci	r25, 0xF8	; 248
    6e74:	89 5b       	subi	r24, 0xB9	; 185
    6e76:	9f 4f       	sbci	r25, 0xFF	; 255
    6e78:	29 e1       	ldi	r18, 0x19	; 25
    6e7a:	fc 01       	movw	r30, r24
    6e7c:	20 83       	st	Z, r18
    spielfeld[25].farbgruppenFelder[3] = 35;
    6e7e:	89 81       	ldd	r24, Y+1	; 0x01
    6e80:	9a 81       	ldd	r25, Y+2	; 0x02
    6e82:	80 53       	subi	r24, 0x30	; 48
    6e84:	98 4f       	sbci	r25, 0xF8	; 248
    6e86:	88 5b       	subi	r24, 0xB8	; 184
    6e88:	9f 4f       	sbci	r25, 0xFF	; 255
    6e8a:	23 e2       	ldi	r18, 0x23	; 35
    6e8c:	fc 01       	movw	r30, r24
    6e8e:	20 83       	st	Z, r18
    spielfeld[25].rgbNummer = 17;
    6e90:	89 81       	ldd	r24, Y+1	; 0x01
    6e92:	9a 81       	ldd	r25, Y+2	; 0x02
    6e94:	80 53       	subi	r24, 0x30	; 48
    6e96:	98 4f       	sbci	r25, 0xF8	; 248
    6e98:	85 5b       	subi	r24, 0xB5	; 181
    6e9a:	9f 4f       	sbci	r25, 0xFF	; 255
    6e9c:	21 e1       	ldi	r18, 0x11	; 17
    6e9e:	fc 01       	movw	r30, r24
    6ea0:	20 83       	st	Z, r18
    spielfeld[25].feldBelastet = 0;  //wenn das Feld belastet ist = 1
    6ea2:	89 81       	ldd	r24, Y+1	; 0x01
    6ea4:	9a 81       	ldd	r25, Y+2	; 0x02
    6ea6:	80 53       	subi	r24, 0x30	; 48
    6ea8:	98 4f       	sbci	r25, 0xF8	; 248
    6eaa:	83 5b       	subi	r24, 0xB3	; 179
    6eac:	9f 4f       	sbci	r25, 0xFF	; 255
    6eae:	fc 01       	movw	r30, r24
    6eb0:	10 82       	st	Z, r1
    
    //Eigenschaften des Feldes: Lager Polymechaniker
    strcpy(spielfeld[26].name, "Lager PM");
    6eb2:	89 81       	ldd	r24, Y+1	; 0x01
    6eb4:	9a 81       	ldd	r25, Y+2	; 0x02
    6eb6:	80 5e       	subi	r24, 0xE0	; 224
    6eb8:	97 4f       	sbci	r25, 0xF7	; 247
    6eba:	9c 01       	movw	r18, r24
    6ebc:	89 e0       	ldi	r24, 0x09	; 9
    6ebe:	ee e0       	ldi	r30, 0x0E	; 14
    6ec0:	f5 e0       	ldi	r31, 0x05	; 5
    6ec2:	d9 01       	movw	r26, r18
    6ec4:	01 90       	ld	r0, Z+
    6ec6:	0d 92       	st	X+, r0
    6ec8:	8a 95       	dec	r24
    6eca:	e1 f7       	brne	.-8      	; 0x6ec4 <initialisiereSpielfeld+0x18c0>
    spielfeld[26].typ = STRASSE;
    6ecc:	89 81       	ldd	r24, Y+1	; 0x01
    6ece:	9a 81       	ldd	r25, Y+2	; 0x02
    6ed0:	80 5e       	subi	r24, 0xE0	; 224
    6ed2:	97 4f       	sbci	r25, 0xF7	; 247
    6ed4:	fc 01       	movw	r30, r24
    6ed6:	12 aa       	std	Z+50, r1	; 0x32
    spielfeld[26].preis = 260;
    6ed8:	89 81       	ldd	r24, Y+1	; 0x01
    6eda:	9a 81       	ldd	r25, Y+2	; 0x02
    6edc:	80 5e       	subi	r24, 0xE0	; 224
    6ede:	97 4f       	sbci	r25, 0xF7	; 247
    6ee0:	24 e0       	ldi	r18, 0x04	; 4
    6ee2:	31 e0       	ldi	r19, 0x01	; 1
    6ee4:	fc 01       	movw	r30, r24
    6ee6:	34 ab       	std	Z+52, r19	; 0x34
    6ee8:	23 ab       	std	Z+51, r18	; 0x33
    spielfeld[26].mieten[0] = 22;   //Feld einzeln
    6eea:	89 81       	ldd	r24, Y+1	; 0x01
    6eec:	9a 81       	ldd	r25, Y+2	; 0x02
    6eee:	80 5e       	subi	r24, 0xE0	; 224
    6ef0:	97 4f       	sbci	r25, 0xF7	; 247
    6ef2:	26 e1       	ldi	r18, 0x16	; 22
    6ef4:	30 e0       	ldi	r19, 0x00	; 0
    6ef6:	fc 01       	movw	r30, r24
    6ef8:	36 ab       	std	Z+54, r19	; 0x36
    6efa:	25 ab       	std	Z+53, r18	; 0x35
    spielfeld[26].mieten[1] = 110;  //Feld mit 1 Haus
    6efc:	89 81       	ldd	r24, Y+1	; 0x01
    6efe:	9a 81       	ldd	r25, Y+2	; 0x02
    6f00:	80 5e       	subi	r24, 0xE0	; 224
    6f02:	97 4f       	sbci	r25, 0xF7	; 247
    6f04:	2e e6       	ldi	r18, 0x6E	; 110
    6f06:	30 e0       	ldi	r19, 0x00	; 0
    6f08:	fc 01       	movw	r30, r24
    6f0a:	30 af       	std	Z+56, r19	; 0x38
    6f0c:	27 ab       	std	Z+55, r18	; 0x37
    spielfeld[26].mieten[2] = 330;  //Feld mit 2 Häuser
    6f0e:	89 81       	ldd	r24, Y+1	; 0x01
    6f10:	9a 81       	ldd	r25, Y+2	; 0x02
    6f12:	80 5e       	subi	r24, 0xE0	; 224
    6f14:	97 4f       	sbci	r25, 0xF7	; 247
    6f16:	2a e4       	ldi	r18, 0x4A	; 74
    6f18:	31 e0       	ldi	r19, 0x01	; 1
    6f1a:	fc 01       	movw	r30, r24
    6f1c:	32 af       	std	Z+58, r19	; 0x3a
    6f1e:	21 af       	std	Z+57, r18	; 0x39
    spielfeld[26].mieten[3] = 800;  //Feld mit 3 Häuser
    6f20:	89 81       	ldd	r24, Y+1	; 0x01
    6f22:	9a 81       	ldd	r25, Y+2	; 0x02
    6f24:	80 5e       	subi	r24, 0xE0	; 224
    6f26:	97 4f       	sbci	r25, 0xF7	; 247
    6f28:	20 e2       	ldi	r18, 0x20	; 32
    6f2a:	33 e0       	ldi	r19, 0x03	; 3
    6f2c:	fc 01       	movw	r30, r24
    6f2e:	34 af       	std	Z+60, r19	; 0x3c
    6f30:	23 af       	std	Z+59, r18	; 0x3b
    spielfeld[26].mieten[4] = 975;  //Feld mit 4 Häuser
    6f32:	89 81       	ldd	r24, Y+1	; 0x01
    6f34:	9a 81       	ldd	r25, Y+2	; 0x02
    6f36:	80 5e       	subi	r24, 0xE0	; 224
    6f38:	97 4f       	sbci	r25, 0xF7	; 247
    6f3a:	2f ec       	ldi	r18, 0xCF	; 207
    6f3c:	33 e0       	ldi	r19, 0x03	; 3
    6f3e:	fc 01       	movw	r30, r24
    6f40:	36 af       	std	Z+62, r19	; 0x3e
    6f42:	25 af       	std	Z+61, r18	; 0x3d
    spielfeld[26].mieten[5] = 1150; //Feld mit 5 Häuser
    6f44:	89 81       	ldd	r24, Y+1	; 0x01
    6f46:	9a 81       	ldd	r25, Y+2	; 0x02
    6f48:	80 5e       	subi	r24, 0xE0	; 224
    6f4a:	97 4f       	sbci	r25, 0xF7	; 247
    6f4c:	cf 96       	adiw	r24, 0x3f	; 63
    6f4e:	2e e7       	ldi	r18, 0x7E	; 126
    6f50:	34 e0       	ldi	r19, 0x04	; 4
    6f52:	fc 01       	movw	r30, r24
    6f54:	31 83       	std	Z+1, r19	; 0x01
    6f56:	20 83       	st	Z, r18
    spielfeld[26].mieten[6] = 44;   //Feld mit Farbgruppe
    6f58:	89 81       	ldd	r24, Y+1	; 0x01
    6f5a:	9a 81       	ldd	r25, Y+2	; 0x02
    6f5c:	80 5e       	subi	r24, 0xE0	; 224
    6f5e:	97 4f       	sbci	r25, 0xF7	; 247
    6f60:	8f 5b       	subi	r24, 0xBF	; 191
    6f62:	9f 4f       	sbci	r25, 0xFF	; 255
    6f64:	2c e2       	ldi	r18, 0x2C	; 44
    6f66:	30 e0       	ldi	r19, 0x00	; 0
    6f68:	fc 01       	movw	r30, r24
    6f6a:	31 83       	std	Z+1, r19	; 0x01
    6f6c:	20 83       	st	Z, r18
    spielfeld[26].besitzer = 0;
    6f6e:	89 81       	ldd	r24, Y+1	; 0x01
    6f70:	9a 81       	ldd	r25, Y+2	; 0x02
    6f72:	80 5e       	subi	r24, 0xE0	; 224
    6f74:	97 4f       	sbci	r25, 0xF7	; 247
    6f76:	8d 5b       	subi	r24, 0xBD	; 189
    6f78:	9f 4f       	sbci	r25, 0xFF	; 255
    6f7a:	fc 01       	movw	r30, r24
    6f7c:	10 82       	st	Z, r1
    spielfeld[26].farbGruppe = GELB;
    6f7e:	89 81       	ldd	r24, Y+1	; 0x01
    6f80:	9a 81       	ldd	r25, Y+2	; 0x02
    6f82:	80 5e       	subi	r24, 0xE0	; 224
    6f84:	97 4f       	sbci	r25, 0xF7	; 247
    6f86:	8c 5b       	subi	r24, 0xBC	; 188
    6f88:	9f 4f       	sbci	r25, 0xFF	; 255
    6f8a:	25 e0       	ldi	r18, 0x05	; 5
    6f8c:	fc 01       	movw	r30, r24
    6f8e:	20 83       	st	Z, r18
    spielfeld[26].farbgruppenFelder[0] = 26;
    6f90:	89 81       	ldd	r24, Y+1	; 0x01
    6f92:	9a 81       	ldd	r25, Y+2	; 0x02
    6f94:	80 5e       	subi	r24, 0xE0	; 224
    6f96:	97 4f       	sbci	r25, 0xF7	; 247
    6f98:	8b 5b       	subi	r24, 0xBB	; 187
    6f9a:	9f 4f       	sbci	r25, 0xFF	; 255
    6f9c:	2a e1       	ldi	r18, 0x1A	; 26
    6f9e:	fc 01       	movw	r30, r24
    6fa0:	20 83       	st	Z, r18
    spielfeld[26].farbgruppenFelder[1] = 27;
    6fa2:	89 81       	ldd	r24, Y+1	; 0x01
    6fa4:	9a 81       	ldd	r25, Y+2	; 0x02
    6fa6:	80 5e       	subi	r24, 0xE0	; 224
    6fa8:	97 4f       	sbci	r25, 0xF7	; 247
    6faa:	8a 5b       	subi	r24, 0xBA	; 186
    6fac:	9f 4f       	sbci	r25, 0xFF	; 255
    6fae:	2b e1       	ldi	r18, 0x1B	; 27
    6fb0:	fc 01       	movw	r30, r24
    6fb2:	20 83       	st	Z, r18
    spielfeld[26].farbgruppenFelder[2] = 29;
    6fb4:	89 81       	ldd	r24, Y+1	; 0x01
    6fb6:	9a 81       	ldd	r25, Y+2	; 0x02
    6fb8:	80 5e       	subi	r24, 0xE0	; 224
    6fba:	97 4f       	sbci	r25, 0xF7	; 247
    6fbc:	89 5b       	subi	r24, 0xB9	; 185
    6fbe:	9f 4f       	sbci	r25, 0xFF	; 255
    6fc0:	2d e1       	ldi	r18, 0x1D	; 29
    6fc2:	fc 01       	movw	r30, r24
    6fc4:	20 83       	st	Z, r18
    spielfeld[26].hausnummer = 14;
    6fc6:	89 81       	ldd	r24, Y+1	; 0x01
    6fc8:	9a 81       	ldd	r25, Y+2	; 0x02
    6fca:	80 5e       	subi	r24, 0xE0	; 224
    6fcc:	97 4f       	sbci	r25, 0xF7	; 247
    6fce:	87 5b       	subi	r24, 0xB7	; 183
    6fd0:	9f 4f       	sbci	r25, 0xFF	; 255
    6fd2:	2e e0       	ldi	r18, 0x0E	; 14
    6fd4:	fc 01       	movw	r30, r24
    6fd6:	20 83       	st	Z, r18
    spielfeld[26].anzahlHaeuser = 0;
    6fd8:	89 81       	ldd	r24, Y+1	; 0x01
    6fda:	9a 81       	ldd	r25, Y+2	; 0x02
    6fdc:	80 5e       	subi	r24, 0xE0	; 224
    6fde:	97 4f       	sbci	r25, 0xF7	; 247
    6fe0:	86 5b       	subi	r24, 0xB6	; 182
    6fe2:	9f 4f       	sbci	r25, 0xFF	; 255
    6fe4:	fc 01       	movw	r30, r24
    6fe6:	10 82       	st	Z, r1
    spielfeld[26].kostenHaus = 150;
    6fe8:	89 81       	ldd	r24, Y+1	; 0x01
    6fea:	9a 81       	ldd	r25, Y+2	; 0x02
    6fec:	80 5e       	subi	r24, 0xE0	; 224
    6fee:	97 4f       	sbci	r25, 0xF7	; 247
    6ff0:	84 5b       	subi	r24, 0xB4	; 180
    6ff2:	9f 4f       	sbci	r25, 0xFF	; 255
    6ff4:	26 e9       	ldi	r18, 0x96	; 150
    6ff6:	fc 01       	movw	r30, r24
    6ff8:	20 83       	st	Z, r18
    spielfeld[26].rgbNummer = 18;
    6ffa:	89 81       	ldd	r24, Y+1	; 0x01
    6ffc:	9a 81       	ldd	r25, Y+2	; 0x02
    6ffe:	80 5e       	subi	r24, 0xE0	; 224
    7000:	97 4f       	sbci	r25, 0xF7	; 247
    7002:	85 5b       	subi	r24, 0xB5	; 181
    7004:	9f 4f       	sbci	r25, 0xFF	; 255
    7006:	22 e1       	ldi	r18, 0x12	; 18
    7008:	fc 01       	movw	r30, r24
    700a:	20 83       	st	Z, r18
    spielfeld[26].feldBelastet = 0;  //wenn das Feld belastet ist = 1
    700c:	89 81       	ldd	r24, Y+1	; 0x01
    700e:	9a 81       	ldd	r25, Y+2	; 0x02
    7010:	80 5e       	subi	r24, 0xE0	; 224
    7012:	97 4f       	sbci	r25, 0xF7	; 247
    7014:	83 5b       	subi	r24, 0xB3	; 179
    7016:	9f 4f       	sbci	r25, 0xFF	; 255
    7018:	fc 01       	movw	r30, r24
    701a:	10 82       	st	Z, r1
    
    //Eigenschaften des Feldes: Lager Automatiker
    strcpy(spielfeld[27].name, "Lager AU");
    701c:	89 81       	ldd	r24, Y+1	; 0x01
    701e:	9a 81       	ldd	r25, Y+2	; 0x02
    7020:	80 59       	subi	r24, 0x90	; 144
    7022:	97 4f       	sbci	r25, 0xF7	; 247
    7024:	9c 01       	movw	r18, r24
    7026:	89 e0       	ldi	r24, 0x09	; 9
    7028:	e7 e1       	ldi	r30, 0x17	; 23
    702a:	f5 e0       	ldi	r31, 0x05	; 5
    702c:	d9 01       	movw	r26, r18
    702e:	01 90       	ld	r0, Z+
    7030:	0d 92       	st	X+, r0
    7032:	8a 95       	dec	r24
    7034:	e1 f7       	brne	.-8      	; 0x702e <initialisiereSpielfeld+0x1a2a>
    spielfeld[27].typ = STRASSE;
    7036:	89 81       	ldd	r24, Y+1	; 0x01
    7038:	9a 81       	ldd	r25, Y+2	; 0x02
    703a:	80 59       	subi	r24, 0x90	; 144
    703c:	97 4f       	sbci	r25, 0xF7	; 247
    703e:	fc 01       	movw	r30, r24
    7040:	12 aa       	std	Z+50, r1	; 0x32
    spielfeld[27].preis = 260;
    7042:	89 81       	ldd	r24, Y+1	; 0x01
    7044:	9a 81       	ldd	r25, Y+2	; 0x02
    7046:	80 59       	subi	r24, 0x90	; 144
    7048:	97 4f       	sbci	r25, 0xF7	; 247
    704a:	24 e0       	ldi	r18, 0x04	; 4
    704c:	31 e0       	ldi	r19, 0x01	; 1
    704e:	fc 01       	movw	r30, r24
    7050:	34 ab       	std	Z+52, r19	; 0x34
    7052:	23 ab       	std	Z+51, r18	; 0x33
    spielfeld[27].mieten[0] = 22;   //Feld einzeln
    7054:	89 81       	ldd	r24, Y+1	; 0x01
    7056:	9a 81       	ldd	r25, Y+2	; 0x02
    7058:	80 59       	subi	r24, 0x90	; 144
    705a:	97 4f       	sbci	r25, 0xF7	; 247
    705c:	26 e1       	ldi	r18, 0x16	; 22
    705e:	30 e0       	ldi	r19, 0x00	; 0
    7060:	fc 01       	movw	r30, r24
    7062:	36 ab       	std	Z+54, r19	; 0x36
    7064:	25 ab       	std	Z+53, r18	; 0x35
    spielfeld[27].mieten[1] = 110;  //Feld mit 1 Haus
    7066:	89 81       	ldd	r24, Y+1	; 0x01
    7068:	9a 81       	ldd	r25, Y+2	; 0x02
    706a:	80 59       	subi	r24, 0x90	; 144
    706c:	97 4f       	sbci	r25, 0xF7	; 247
    706e:	2e e6       	ldi	r18, 0x6E	; 110
    7070:	30 e0       	ldi	r19, 0x00	; 0
    7072:	fc 01       	movw	r30, r24
    7074:	30 af       	std	Z+56, r19	; 0x38
    7076:	27 ab       	std	Z+55, r18	; 0x37
    spielfeld[27].mieten[2] = 330;  //Feld mit 2 Häuser
    7078:	89 81       	ldd	r24, Y+1	; 0x01
    707a:	9a 81       	ldd	r25, Y+2	; 0x02
    707c:	80 59       	subi	r24, 0x90	; 144
    707e:	97 4f       	sbci	r25, 0xF7	; 247
    7080:	2a e4       	ldi	r18, 0x4A	; 74
    7082:	31 e0       	ldi	r19, 0x01	; 1
    7084:	fc 01       	movw	r30, r24
    7086:	32 af       	std	Z+58, r19	; 0x3a
    7088:	21 af       	std	Z+57, r18	; 0x39
    spielfeld[27].mieten[3] = 800;  //Feld mit 3 Häuser
    708a:	89 81       	ldd	r24, Y+1	; 0x01
    708c:	9a 81       	ldd	r25, Y+2	; 0x02
    708e:	80 59       	subi	r24, 0x90	; 144
    7090:	97 4f       	sbci	r25, 0xF7	; 247
    7092:	20 e2       	ldi	r18, 0x20	; 32
    7094:	33 e0       	ldi	r19, 0x03	; 3
    7096:	fc 01       	movw	r30, r24
    7098:	34 af       	std	Z+60, r19	; 0x3c
    709a:	23 af       	std	Z+59, r18	; 0x3b
    spielfeld[27].mieten[4] = 975;  //Feld mit 4 Häuser
    709c:	89 81       	ldd	r24, Y+1	; 0x01
    709e:	9a 81       	ldd	r25, Y+2	; 0x02
    70a0:	80 59       	subi	r24, 0x90	; 144
    70a2:	97 4f       	sbci	r25, 0xF7	; 247
    70a4:	2f ec       	ldi	r18, 0xCF	; 207
    70a6:	33 e0       	ldi	r19, 0x03	; 3
    70a8:	fc 01       	movw	r30, r24
    70aa:	36 af       	std	Z+62, r19	; 0x3e
    70ac:	25 af       	std	Z+61, r18	; 0x3d
    spielfeld[27].mieten[5] = 1150; //Feld mit 5 Häuser
    70ae:	89 81       	ldd	r24, Y+1	; 0x01
    70b0:	9a 81       	ldd	r25, Y+2	; 0x02
    70b2:	80 59       	subi	r24, 0x90	; 144
    70b4:	97 4f       	sbci	r25, 0xF7	; 247
    70b6:	cf 96       	adiw	r24, 0x3f	; 63
    70b8:	2e e7       	ldi	r18, 0x7E	; 126
    70ba:	34 e0       	ldi	r19, 0x04	; 4
    70bc:	fc 01       	movw	r30, r24
    70be:	31 83       	std	Z+1, r19	; 0x01
    70c0:	20 83       	st	Z, r18
    spielfeld[27].mieten[6] = 44;   //Feld mit Farbgruppe
    70c2:	89 81       	ldd	r24, Y+1	; 0x01
    70c4:	9a 81       	ldd	r25, Y+2	; 0x02
    70c6:	80 59       	subi	r24, 0x90	; 144
    70c8:	97 4f       	sbci	r25, 0xF7	; 247
    70ca:	8f 5b       	subi	r24, 0xBF	; 191
    70cc:	9f 4f       	sbci	r25, 0xFF	; 255
    70ce:	2c e2       	ldi	r18, 0x2C	; 44
    70d0:	30 e0       	ldi	r19, 0x00	; 0
    70d2:	fc 01       	movw	r30, r24
    70d4:	31 83       	std	Z+1, r19	; 0x01
    70d6:	20 83       	st	Z, r18
    spielfeld[27].besitzer = 0;
    70d8:	89 81       	ldd	r24, Y+1	; 0x01
    70da:	9a 81       	ldd	r25, Y+2	; 0x02
    70dc:	80 59       	subi	r24, 0x90	; 144
    70de:	97 4f       	sbci	r25, 0xF7	; 247
    70e0:	8d 5b       	subi	r24, 0xBD	; 189
    70e2:	9f 4f       	sbci	r25, 0xFF	; 255
    70e4:	fc 01       	movw	r30, r24
    70e6:	10 82       	st	Z, r1
    spielfeld[27].farbGruppe = GELB;
    70e8:	89 81       	ldd	r24, Y+1	; 0x01
    70ea:	9a 81       	ldd	r25, Y+2	; 0x02
    70ec:	80 59       	subi	r24, 0x90	; 144
    70ee:	97 4f       	sbci	r25, 0xF7	; 247
    70f0:	8c 5b       	subi	r24, 0xBC	; 188
    70f2:	9f 4f       	sbci	r25, 0xFF	; 255
    70f4:	25 e0       	ldi	r18, 0x05	; 5
    70f6:	fc 01       	movw	r30, r24
    70f8:	20 83       	st	Z, r18
    spielfeld[27].farbgruppenFelder[0] = 26;
    70fa:	89 81       	ldd	r24, Y+1	; 0x01
    70fc:	9a 81       	ldd	r25, Y+2	; 0x02
    70fe:	80 59       	subi	r24, 0x90	; 144
    7100:	97 4f       	sbci	r25, 0xF7	; 247
    7102:	8b 5b       	subi	r24, 0xBB	; 187
    7104:	9f 4f       	sbci	r25, 0xFF	; 255
    7106:	2a e1       	ldi	r18, 0x1A	; 26
    7108:	fc 01       	movw	r30, r24
    710a:	20 83       	st	Z, r18
    spielfeld[27].farbgruppenFelder[1] = 27;
    710c:	89 81       	ldd	r24, Y+1	; 0x01
    710e:	9a 81       	ldd	r25, Y+2	; 0x02
    7110:	80 59       	subi	r24, 0x90	; 144
    7112:	97 4f       	sbci	r25, 0xF7	; 247
    7114:	8a 5b       	subi	r24, 0xBA	; 186
    7116:	9f 4f       	sbci	r25, 0xFF	; 255
    7118:	2b e1       	ldi	r18, 0x1B	; 27
    711a:	fc 01       	movw	r30, r24
    711c:	20 83       	st	Z, r18
    spielfeld[27].farbgruppenFelder[2] = 29;
    711e:	89 81       	ldd	r24, Y+1	; 0x01
    7120:	9a 81       	ldd	r25, Y+2	; 0x02
    7122:	80 59       	subi	r24, 0x90	; 144
    7124:	97 4f       	sbci	r25, 0xF7	; 247
    7126:	89 5b       	subi	r24, 0xB9	; 185
    7128:	9f 4f       	sbci	r25, 0xFF	; 255
    712a:	2d e1       	ldi	r18, 0x1D	; 29
    712c:	fc 01       	movw	r30, r24
    712e:	20 83       	st	Z, r18
    spielfeld[27].hausnummer = 15;
    7130:	89 81       	ldd	r24, Y+1	; 0x01
    7132:	9a 81       	ldd	r25, Y+2	; 0x02
    7134:	80 59       	subi	r24, 0x90	; 144
    7136:	97 4f       	sbci	r25, 0xF7	; 247
    7138:	87 5b       	subi	r24, 0xB7	; 183
    713a:	9f 4f       	sbci	r25, 0xFF	; 255
    713c:	2f e0       	ldi	r18, 0x0F	; 15
    713e:	fc 01       	movw	r30, r24
    7140:	20 83       	st	Z, r18
    spielfeld[27].anzahlHaeuser = 0;
    7142:	89 81       	ldd	r24, Y+1	; 0x01
    7144:	9a 81       	ldd	r25, Y+2	; 0x02
    7146:	80 59       	subi	r24, 0x90	; 144
    7148:	97 4f       	sbci	r25, 0xF7	; 247
    714a:	86 5b       	subi	r24, 0xB6	; 182
    714c:	9f 4f       	sbci	r25, 0xFF	; 255
    714e:	fc 01       	movw	r30, r24
    7150:	10 82       	st	Z, r1
    spielfeld[27].kostenHaus = 150;
    7152:	89 81       	ldd	r24, Y+1	; 0x01
    7154:	9a 81       	ldd	r25, Y+2	; 0x02
    7156:	80 59       	subi	r24, 0x90	; 144
    7158:	97 4f       	sbci	r25, 0xF7	; 247
    715a:	84 5b       	subi	r24, 0xB4	; 180
    715c:	9f 4f       	sbci	r25, 0xFF	; 255
    715e:	26 e9       	ldi	r18, 0x96	; 150
    7160:	fc 01       	movw	r30, r24
    7162:	20 83       	st	Z, r18
    spielfeld[27].rgbNummer = 19;
    7164:	89 81       	ldd	r24, Y+1	; 0x01
    7166:	9a 81       	ldd	r25, Y+2	; 0x02
    7168:	80 59       	subi	r24, 0x90	; 144
    716a:	97 4f       	sbci	r25, 0xF7	; 247
    716c:	85 5b       	subi	r24, 0xB5	; 181
    716e:	9f 4f       	sbci	r25, 0xFF	; 255
    7170:	23 e1       	ldi	r18, 0x13	; 19
    7172:	fc 01       	movw	r30, r24
    7174:	20 83       	st	Z, r18
    spielfeld[27].feldBelastet = 0;  //wenn das Feld belastet ist = 1
    7176:	89 81       	ldd	r24, Y+1	; 0x01
    7178:	9a 81       	ldd	r25, Y+2	; 0x02
    717a:	80 59       	subi	r24, 0x90	; 144
    717c:	97 4f       	sbci	r25, 0xF7	; 247
    717e:	83 5b       	subi	r24, 0xB3	; 179
    7180:	9f 4f       	sbci	r25, 0xFF	; 255
    7182:	fc 01       	movw	r30, r24
    7184:	10 82       	st	Z, r1
    
    //Eigenschaften des Feldes: Putzdienst
    strcpy(spielfeld[28].name, "Putzdienst");
    7186:	89 81       	ldd	r24, Y+1	; 0x01
    7188:	9a 81       	ldd	r25, Y+2	; 0x02
    718a:	80 54       	subi	r24, 0x40	; 64
    718c:	97 4f       	sbci	r25, 0xF7	; 247
    718e:	9c 01       	movw	r18, r24
    7190:	8b e0       	ldi	r24, 0x0B	; 11
    7192:	e0 e2       	ldi	r30, 0x20	; 32
    7194:	f5 e0       	ldi	r31, 0x05	; 5
    7196:	d9 01       	movw	r26, r18
    7198:	01 90       	ld	r0, Z+
    719a:	0d 92       	st	X+, r0
    719c:	8a 95       	dec	r24
    719e:	e1 f7       	brne	.-8      	; 0x7198 <initialisiereSpielfeld+0x1b94>
    spielfeld[28].typ = WERK;
    71a0:	89 81       	ldd	r24, Y+1	; 0x01
    71a2:	9a 81       	ldd	r25, Y+2	; 0x02
    71a4:	80 54       	subi	r24, 0x40	; 64
    71a6:	97 4f       	sbci	r25, 0xF7	; 247
    71a8:	26 e0       	ldi	r18, 0x06	; 6
    71aa:	fc 01       	movw	r30, r24
    71ac:	22 ab       	std	Z+50, r18	; 0x32
    spielfeld[28].preis = 150;
    71ae:	89 81       	ldd	r24, Y+1	; 0x01
    71b0:	9a 81       	ldd	r25, Y+2	; 0x02
    71b2:	80 54       	subi	r24, 0x40	; 64
    71b4:	97 4f       	sbci	r25, 0xF7	; 247
    71b6:	26 e9       	ldi	r18, 0x96	; 150
    71b8:	30 e0       	ldi	r19, 0x00	; 0
    71ba:	fc 01       	movw	r30, r24
    71bc:	34 ab       	std	Z+52, r19	; 0x34
    71be:	23 ab       	std	Z+51, r18	; 0x33
    spielfeld[28].besitzer = 0;
    71c0:	89 81       	ldd	r24, Y+1	; 0x01
    71c2:	9a 81       	ldd	r25, Y+2	; 0x02
    71c4:	80 54       	subi	r24, 0x40	; 64
    71c6:	97 4f       	sbci	r25, 0xF7	; 247
    71c8:	8d 5b       	subi	r24, 0xBD	; 189
    71ca:	9f 4f       	sbci	r25, 0xFF	; 255
    71cc:	fc 01       	movw	r30, r24
    71ce:	10 82       	st	Z, r1
    spielfeld[28].farbGruppe = FARBLOS;
    71d0:	89 81       	ldd	r24, Y+1	; 0x01
    71d2:	9a 81       	ldd	r25, Y+2	; 0x02
    71d4:	80 54       	subi	r24, 0x40	; 64
    71d6:	97 4f       	sbci	r25, 0xF7	; 247
    71d8:	8c 5b       	subi	r24, 0xBC	; 188
    71da:	9f 4f       	sbci	r25, 0xFF	; 255
    71dc:	28 e0       	ldi	r18, 0x08	; 8
    71de:	fc 01       	movw	r30, r24
    71e0:	20 83       	st	Z, r18
    spielfeld[28].rgbNummer = 20;
    71e2:	89 81       	ldd	r24, Y+1	; 0x01
    71e4:	9a 81       	ldd	r25, Y+2	; 0x02
    71e6:	80 54       	subi	r24, 0x40	; 64
    71e8:	97 4f       	sbci	r25, 0xF7	; 247
    71ea:	85 5b       	subi	r24, 0xB5	; 181
    71ec:	9f 4f       	sbci	r25, 0xFF	; 255
    71ee:	24 e1       	ldi	r18, 0x14	; 20
    71f0:	fc 01       	movw	r30, r24
    71f2:	20 83       	st	Z, r18
    spielfeld[28].feldBelastet = 0;  //wenn das Feld belastet ist = 1
    71f4:	89 81       	ldd	r24, Y+1	; 0x01
    71f6:	9a 81       	ldd	r25, Y+2	; 0x02
    71f8:	80 54       	subi	r24, 0x40	; 64
    71fa:	97 4f       	sbci	r25, 0xF7	; 247
    71fc:	83 5b       	subi	r24, 0xB3	; 179
    71fe:	9f 4f       	sbci	r25, 0xFF	; 255
    7200:	fc 01       	movw	r30, r24
    7202:	10 82       	st	Z, r1
    
    //Eigenschaften des Feldes: Lager Elektroniker
    strcpy(spielfeld[29].name, "Lager EK");
    7204:	89 81       	ldd	r24, Y+1	; 0x01
    7206:	9a 81       	ldd	r25, Y+2	; 0x02
    7208:	80 5f       	subi	r24, 0xF0	; 240
    720a:	96 4f       	sbci	r25, 0xF6	; 246
    720c:	9c 01       	movw	r18, r24
    720e:	89 e0       	ldi	r24, 0x09	; 9
    7210:	eb e2       	ldi	r30, 0x2B	; 43
    7212:	f5 e0       	ldi	r31, 0x05	; 5
    7214:	d9 01       	movw	r26, r18
    7216:	01 90       	ld	r0, Z+
    7218:	0d 92       	st	X+, r0
    721a:	8a 95       	dec	r24
    721c:	e1 f7       	brne	.-8      	; 0x7216 <initialisiereSpielfeld+0x1c12>
    spielfeld[29].typ = STRASSE;
    721e:	89 81       	ldd	r24, Y+1	; 0x01
    7220:	9a 81       	ldd	r25, Y+2	; 0x02
    7222:	80 5f       	subi	r24, 0xF0	; 240
    7224:	96 4f       	sbci	r25, 0xF6	; 246
    7226:	fc 01       	movw	r30, r24
    7228:	12 aa       	std	Z+50, r1	; 0x32
    spielfeld[29].preis = 280;
    722a:	89 81       	ldd	r24, Y+1	; 0x01
    722c:	9a 81       	ldd	r25, Y+2	; 0x02
    722e:	80 5f       	subi	r24, 0xF0	; 240
    7230:	96 4f       	sbci	r25, 0xF6	; 246
    7232:	28 e1       	ldi	r18, 0x18	; 24
    7234:	31 e0       	ldi	r19, 0x01	; 1
    7236:	fc 01       	movw	r30, r24
    7238:	34 ab       	std	Z+52, r19	; 0x34
    723a:	23 ab       	std	Z+51, r18	; 0x33
    spielfeld[29].mieten[0] = 24;   //Feld einzeln
    723c:	89 81       	ldd	r24, Y+1	; 0x01
    723e:	9a 81       	ldd	r25, Y+2	; 0x02
    7240:	80 5f       	subi	r24, 0xF0	; 240
    7242:	96 4f       	sbci	r25, 0xF6	; 246
    7244:	28 e1       	ldi	r18, 0x18	; 24
    7246:	30 e0       	ldi	r19, 0x00	; 0
    7248:	fc 01       	movw	r30, r24
    724a:	36 ab       	std	Z+54, r19	; 0x36
    724c:	25 ab       	std	Z+53, r18	; 0x35
    spielfeld[29].mieten[1] = 120;  //Feld mit 1 Haus
    724e:	89 81       	ldd	r24, Y+1	; 0x01
    7250:	9a 81       	ldd	r25, Y+2	; 0x02
    7252:	80 5f       	subi	r24, 0xF0	; 240
    7254:	96 4f       	sbci	r25, 0xF6	; 246
    7256:	28 e7       	ldi	r18, 0x78	; 120
    7258:	30 e0       	ldi	r19, 0x00	; 0
    725a:	fc 01       	movw	r30, r24
    725c:	30 af       	std	Z+56, r19	; 0x38
    725e:	27 ab       	std	Z+55, r18	; 0x37
    spielfeld[29].mieten[2] = 360;  //Feld mit 2 Häuser
    7260:	89 81       	ldd	r24, Y+1	; 0x01
    7262:	9a 81       	ldd	r25, Y+2	; 0x02
    7264:	80 5f       	subi	r24, 0xF0	; 240
    7266:	96 4f       	sbci	r25, 0xF6	; 246
    7268:	28 e6       	ldi	r18, 0x68	; 104
    726a:	31 e0       	ldi	r19, 0x01	; 1
    726c:	fc 01       	movw	r30, r24
    726e:	32 af       	std	Z+58, r19	; 0x3a
    7270:	21 af       	std	Z+57, r18	; 0x39
    spielfeld[29].mieten[3] = 850;  //Feld mit 3 Häuser
    7272:	89 81       	ldd	r24, Y+1	; 0x01
    7274:	9a 81       	ldd	r25, Y+2	; 0x02
    7276:	80 5f       	subi	r24, 0xF0	; 240
    7278:	96 4f       	sbci	r25, 0xF6	; 246
    727a:	22 e5       	ldi	r18, 0x52	; 82
    727c:	33 e0       	ldi	r19, 0x03	; 3
    727e:	fc 01       	movw	r30, r24
    7280:	34 af       	std	Z+60, r19	; 0x3c
    7282:	23 af       	std	Z+59, r18	; 0x3b
    spielfeld[29].mieten[4] = 1025; //Feld mit 4 Häuser
    7284:	89 81       	ldd	r24, Y+1	; 0x01
    7286:	9a 81       	ldd	r25, Y+2	; 0x02
    7288:	80 5f       	subi	r24, 0xF0	; 240
    728a:	96 4f       	sbci	r25, 0xF6	; 246
    728c:	21 e0       	ldi	r18, 0x01	; 1
    728e:	34 e0       	ldi	r19, 0x04	; 4
    7290:	fc 01       	movw	r30, r24
    7292:	36 af       	std	Z+62, r19	; 0x3e
    7294:	25 af       	std	Z+61, r18	; 0x3d
    spielfeld[29].mieten[5] = 1200; //Feld mit 5 Häuser
    7296:	89 81       	ldd	r24, Y+1	; 0x01
    7298:	9a 81       	ldd	r25, Y+2	; 0x02
    729a:	80 5f       	subi	r24, 0xF0	; 240
    729c:	96 4f       	sbci	r25, 0xF6	; 246
    729e:	cf 96       	adiw	r24, 0x3f	; 63
    72a0:	20 eb       	ldi	r18, 0xB0	; 176
    72a2:	34 e0       	ldi	r19, 0x04	; 4
    72a4:	fc 01       	movw	r30, r24
    72a6:	31 83       	std	Z+1, r19	; 0x01
    72a8:	20 83       	st	Z, r18
    spielfeld[29].mieten[6] = 48;   //Feld mit Farbgruppe
    72aa:	89 81       	ldd	r24, Y+1	; 0x01
    72ac:	9a 81       	ldd	r25, Y+2	; 0x02
    72ae:	80 5f       	subi	r24, 0xF0	; 240
    72b0:	96 4f       	sbci	r25, 0xF6	; 246
    72b2:	8f 5b       	subi	r24, 0xBF	; 191
    72b4:	9f 4f       	sbci	r25, 0xFF	; 255
    72b6:	20 e3       	ldi	r18, 0x30	; 48
    72b8:	30 e0       	ldi	r19, 0x00	; 0
    72ba:	fc 01       	movw	r30, r24
    72bc:	31 83       	std	Z+1, r19	; 0x01
    72be:	20 83       	st	Z, r18
    spielfeld[29].besitzer = 0;
    72c0:	89 81       	ldd	r24, Y+1	; 0x01
    72c2:	9a 81       	ldd	r25, Y+2	; 0x02
    72c4:	80 5f       	subi	r24, 0xF0	; 240
    72c6:	96 4f       	sbci	r25, 0xF6	; 246
    72c8:	8d 5b       	subi	r24, 0xBD	; 189
    72ca:	9f 4f       	sbci	r25, 0xFF	; 255
    72cc:	fc 01       	movw	r30, r24
    72ce:	10 82       	st	Z, r1
    spielfeld[29].farbGruppe = GELB;
    72d0:	89 81       	ldd	r24, Y+1	; 0x01
    72d2:	9a 81       	ldd	r25, Y+2	; 0x02
    72d4:	80 5f       	subi	r24, 0xF0	; 240
    72d6:	96 4f       	sbci	r25, 0xF6	; 246
    72d8:	8c 5b       	subi	r24, 0xBC	; 188
    72da:	9f 4f       	sbci	r25, 0xFF	; 255
    72dc:	25 e0       	ldi	r18, 0x05	; 5
    72de:	fc 01       	movw	r30, r24
    72e0:	20 83       	st	Z, r18
    spielfeld[29].farbgruppenFelder[0] = 26;
    72e2:	89 81       	ldd	r24, Y+1	; 0x01
    72e4:	9a 81       	ldd	r25, Y+2	; 0x02
    72e6:	80 5f       	subi	r24, 0xF0	; 240
    72e8:	96 4f       	sbci	r25, 0xF6	; 246
    72ea:	8b 5b       	subi	r24, 0xBB	; 187
    72ec:	9f 4f       	sbci	r25, 0xFF	; 255
    72ee:	2a e1       	ldi	r18, 0x1A	; 26
    72f0:	fc 01       	movw	r30, r24
    72f2:	20 83       	st	Z, r18
    spielfeld[29].farbgruppenFelder[1] = 27;
    72f4:	89 81       	ldd	r24, Y+1	; 0x01
    72f6:	9a 81       	ldd	r25, Y+2	; 0x02
    72f8:	80 5f       	subi	r24, 0xF0	; 240
    72fa:	96 4f       	sbci	r25, 0xF6	; 246
    72fc:	8a 5b       	subi	r24, 0xBA	; 186
    72fe:	9f 4f       	sbci	r25, 0xFF	; 255
    7300:	2b e1       	ldi	r18, 0x1B	; 27
    7302:	fc 01       	movw	r30, r24
    7304:	20 83       	st	Z, r18
    spielfeld[29].farbgruppenFelder[2] = 29;
    7306:	89 81       	ldd	r24, Y+1	; 0x01
    7308:	9a 81       	ldd	r25, Y+2	; 0x02
    730a:	80 5f       	subi	r24, 0xF0	; 240
    730c:	96 4f       	sbci	r25, 0xF6	; 246
    730e:	89 5b       	subi	r24, 0xB9	; 185
    7310:	9f 4f       	sbci	r25, 0xFF	; 255
    7312:	2d e1       	ldi	r18, 0x1D	; 29
    7314:	fc 01       	movw	r30, r24
    7316:	20 83       	st	Z, r18
    spielfeld[29].hausnummer = 16;
    7318:	89 81       	ldd	r24, Y+1	; 0x01
    731a:	9a 81       	ldd	r25, Y+2	; 0x02
    731c:	80 5f       	subi	r24, 0xF0	; 240
    731e:	96 4f       	sbci	r25, 0xF6	; 246
    7320:	87 5b       	subi	r24, 0xB7	; 183
    7322:	9f 4f       	sbci	r25, 0xFF	; 255
    7324:	20 e1       	ldi	r18, 0x10	; 16
    7326:	fc 01       	movw	r30, r24
    7328:	20 83       	st	Z, r18
    spielfeld[29].anzahlHaeuser = 0;
    732a:	89 81       	ldd	r24, Y+1	; 0x01
    732c:	9a 81       	ldd	r25, Y+2	; 0x02
    732e:	80 5f       	subi	r24, 0xF0	; 240
    7330:	96 4f       	sbci	r25, 0xF6	; 246
    7332:	86 5b       	subi	r24, 0xB6	; 182
    7334:	9f 4f       	sbci	r25, 0xFF	; 255
    7336:	fc 01       	movw	r30, r24
    7338:	10 82       	st	Z, r1
    spielfeld[29].kostenHaus = 150;
    733a:	89 81       	ldd	r24, Y+1	; 0x01
    733c:	9a 81       	ldd	r25, Y+2	; 0x02
    733e:	80 5f       	subi	r24, 0xF0	; 240
    7340:	96 4f       	sbci	r25, 0xF6	; 246
    7342:	84 5b       	subi	r24, 0xB4	; 180
    7344:	9f 4f       	sbci	r25, 0xFF	; 255
    7346:	26 e9       	ldi	r18, 0x96	; 150
    7348:	fc 01       	movw	r30, r24
    734a:	20 83       	st	Z, r18
    spielfeld[29].rgbNummer = 21;
    734c:	89 81       	ldd	r24, Y+1	; 0x01
    734e:	9a 81       	ldd	r25, Y+2	; 0x02
    7350:	80 5f       	subi	r24, 0xF0	; 240
    7352:	96 4f       	sbci	r25, 0xF6	; 246
    7354:	85 5b       	subi	r24, 0xB5	; 181
    7356:	9f 4f       	sbci	r25, 0xFF	; 255
    7358:	25 e1       	ldi	r18, 0x15	; 21
    735a:	fc 01       	movw	r30, r24
    735c:	20 83       	st	Z, r18
    spielfeld[29].feldBelastet = 0;  //wenn das Feld belastet ist = 1
    735e:	89 81       	ldd	r24, Y+1	; 0x01
    7360:	9a 81       	ldd	r25, Y+2	; 0x02
    7362:	80 5f       	subi	r24, 0xF0	; 240
    7364:	96 4f       	sbci	r25, 0xF6	; 246
    7366:	83 5b       	subi	r24, 0xB3	; 179
    7368:	9f 4f       	sbci	r25, 0xFF	; 255
    736a:	fc 01       	movw	r30, r24
    736c:	10 82       	st	Z, r1
    
    //Eigenschaften des Feldes: Geh ins Gefängnis
    strcpy(spielfeld[30].name, "Geh ins Gefaengnis");
    736e:	89 81       	ldd	r24, Y+1	; 0x01
    7370:	9a 81       	ldd	r25, Y+2	; 0x02
    7372:	80 5a       	subi	r24, 0xA0	; 160
    7374:	96 4f       	sbci	r25, 0xF6	; 246
    7376:	9c 01       	movw	r18, r24
    7378:	83 e1       	ldi	r24, 0x13	; 19
    737a:	e4 e3       	ldi	r30, 0x34	; 52
    737c:	f5 e0       	ldi	r31, 0x05	; 5
    737e:	d9 01       	movw	r26, r18
    7380:	01 90       	ld	r0, Z+
    7382:	0d 92       	st	X+, r0
    7384:	8a 95       	dec	r24
    7386:	e1 f7       	brne	.-8      	; 0x7380 <initialisiereSpielfeld+0x1d7c>
    spielfeld[30].typ = GEH_INS_GEFAENGNIS;
    7388:	89 81       	ldd	r24, Y+1	; 0x01
    738a:	9a 81       	ldd	r25, Y+2	; 0x02
    738c:	80 5a       	subi	r24, 0xA0	; 160
    738e:	96 4f       	sbci	r25, 0xF6	; 246
    7390:	25 e0       	ldi	r18, 0x05	; 5
    7392:	fc 01       	movw	r30, r24
    7394:	22 ab       	std	Z+50, r18	; 0x32
    
    //Eigenschaften des Feldes: Grundausbildung Elektroniker
    strcpy(spielfeld[31].name, "GA EK");
    7396:	89 81       	ldd	r24, Y+1	; 0x01
    7398:	9a 81       	ldd	r25, Y+2	; 0x02
    739a:	80 55       	subi	r24, 0x50	; 80
    739c:	96 4f       	sbci	r25, 0xF6	; 246
    739e:	9c 01       	movw	r18, r24
    73a0:	86 e0       	ldi	r24, 0x06	; 6
    73a2:	e7 e4       	ldi	r30, 0x47	; 71
    73a4:	f5 e0       	ldi	r31, 0x05	; 5
    73a6:	d9 01       	movw	r26, r18
    73a8:	01 90       	ld	r0, Z+
    73aa:	0d 92       	st	X+, r0
    73ac:	8a 95       	dec	r24
    73ae:	e1 f7       	brne	.-8      	; 0x73a8 <initialisiereSpielfeld+0x1da4>
    spielfeld[31].typ = STRASSE;
    73b0:	89 81       	ldd	r24, Y+1	; 0x01
    73b2:	9a 81       	ldd	r25, Y+2	; 0x02
    73b4:	80 55       	subi	r24, 0x50	; 80
    73b6:	96 4f       	sbci	r25, 0xF6	; 246
    73b8:	fc 01       	movw	r30, r24
    73ba:	12 aa       	std	Z+50, r1	; 0x32
    spielfeld[31].preis = 300;
    73bc:	89 81       	ldd	r24, Y+1	; 0x01
    73be:	9a 81       	ldd	r25, Y+2	; 0x02
    73c0:	80 55       	subi	r24, 0x50	; 80
    73c2:	96 4f       	sbci	r25, 0xF6	; 246
    73c4:	2c e2       	ldi	r18, 0x2C	; 44
    73c6:	31 e0       	ldi	r19, 0x01	; 1
    73c8:	fc 01       	movw	r30, r24
    73ca:	34 ab       	std	Z+52, r19	; 0x34
    73cc:	23 ab       	std	Z+51, r18	; 0x33
    spielfeld[31].mieten[0] = 26;   //Feld einzeln
    73ce:	89 81       	ldd	r24, Y+1	; 0x01
    73d0:	9a 81       	ldd	r25, Y+2	; 0x02
    73d2:	80 55       	subi	r24, 0x50	; 80
    73d4:	96 4f       	sbci	r25, 0xF6	; 246
    73d6:	2a e1       	ldi	r18, 0x1A	; 26
    73d8:	30 e0       	ldi	r19, 0x00	; 0
    73da:	fc 01       	movw	r30, r24
    73dc:	36 ab       	std	Z+54, r19	; 0x36
    73de:	25 ab       	std	Z+53, r18	; 0x35
    spielfeld[31].mieten[1] = 130;  //Feld mit 1 Haus
    73e0:	89 81       	ldd	r24, Y+1	; 0x01
    73e2:	9a 81       	ldd	r25, Y+2	; 0x02
    73e4:	80 55       	subi	r24, 0x50	; 80
    73e6:	96 4f       	sbci	r25, 0xF6	; 246
    73e8:	22 e8       	ldi	r18, 0x82	; 130
    73ea:	30 e0       	ldi	r19, 0x00	; 0
    73ec:	fc 01       	movw	r30, r24
    73ee:	30 af       	std	Z+56, r19	; 0x38
    73f0:	27 ab       	std	Z+55, r18	; 0x37
    spielfeld[31].mieten[2] = 390;  //Feld mit 2 Häuser
    73f2:	89 81       	ldd	r24, Y+1	; 0x01
    73f4:	9a 81       	ldd	r25, Y+2	; 0x02
    73f6:	80 55       	subi	r24, 0x50	; 80
    73f8:	96 4f       	sbci	r25, 0xF6	; 246
    73fa:	26 e8       	ldi	r18, 0x86	; 134
    73fc:	31 e0       	ldi	r19, 0x01	; 1
    73fe:	fc 01       	movw	r30, r24
    7400:	32 af       	std	Z+58, r19	; 0x3a
    7402:	21 af       	std	Z+57, r18	; 0x39
    spielfeld[31].mieten[3] = 900;  //Feld mit 3 Häuser
    7404:	89 81       	ldd	r24, Y+1	; 0x01
    7406:	9a 81       	ldd	r25, Y+2	; 0x02
    7408:	80 55       	subi	r24, 0x50	; 80
    740a:	96 4f       	sbci	r25, 0xF6	; 246
    740c:	24 e8       	ldi	r18, 0x84	; 132
    740e:	33 e0       	ldi	r19, 0x03	; 3
    7410:	fc 01       	movw	r30, r24
    7412:	34 af       	std	Z+60, r19	; 0x3c
    7414:	23 af       	std	Z+59, r18	; 0x3b
    spielfeld[31].mieten[4] = 1100; //Feld mit 4 Häuser
    7416:	89 81       	ldd	r24, Y+1	; 0x01
    7418:	9a 81       	ldd	r25, Y+2	; 0x02
    741a:	80 55       	subi	r24, 0x50	; 80
    741c:	96 4f       	sbci	r25, 0xF6	; 246
    741e:	2c e4       	ldi	r18, 0x4C	; 76
    7420:	34 e0       	ldi	r19, 0x04	; 4
    7422:	fc 01       	movw	r30, r24
    7424:	36 af       	std	Z+62, r19	; 0x3e
    7426:	25 af       	std	Z+61, r18	; 0x3d
    spielfeld[31].mieten[5] = 1275; //Feld mit 5 Häuser
    7428:	89 81       	ldd	r24, Y+1	; 0x01
    742a:	9a 81       	ldd	r25, Y+2	; 0x02
    742c:	80 55       	subi	r24, 0x50	; 80
    742e:	96 4f       	sbci	r25, 0xF6	; 246
    7430:	cf 96       	adiw	r24, 0x3f	; 63
    7432:	2b ef       	ldi	r18, 0xFB	; 251
    7434:	34 e0       	ldi	r19, 0x04	; 4
    7436:	fc 01       	movw	r30, r24
    7438:	31 83       	std	Z+1, r19	; 0x01
    743a:	20 83       	st	Z, r18
    spielfeld[31].mieten[6] = 52;   //Feld mit Farbgruppe
    743c:	89 81       	ldd	r24, Y+1	; 0x01
    743e:	9a 81       	ldd	r25, Y+2	; 0x02
    7440:	80 55       	subi	r24, 0x50	; 80
    7442:	96 4f       	sbci	r25, 0xF6	; 246
    7444:	8f 5b       	subi	r24, 0xBF	; 191
    7446:	9f 4f       	sbci	r25, 0xFF	; 255
    7448:	24 e3       	ldi	r18, 0x34	; 52
    744a:	30 e0       	ldi	r19, 0x00	; 0
    744c:	fc 01       	movw	r30, r24
    744e:	31 83       	std	Z+1, r19	; 0x01
    7450:	20 83       	st	Z, r18
    spielfeld[31].besitzer = 0;
    7452:	89 81       	ldd	r24, Y+1	; 0x01
    7454:	9a 81       	ldd	r25, Y+2	; 0x02
    7456:	80 55       	subi	r24, 0x50	; 80
    7458:	96 4f       	sbci	r25, 0xF6	; 246
    745a:	8d 5b       	subi	r24, 0xBD	; 189
    745c:	9f 4f       	sbci	r25, 0xFF	; 255
    745e:	fc 01       	movw	r30, r24
    7460:	10 82       	st	Z, r1
    spielfeld[31].farbGruppe = GRUEN;
    7462:	89 81       	ldd	r24, Y+1	; 0x01
    7464:	9a 81       	ldd	r25, Y+2	; 0x02
    7466:	80 55       	subi	r24, 0x50	; 80
    7468:	96 4f       	sbci	r25, 0xF6	; 246
    746a:	8c 5b       	subi	r24, 0xBC	; 188
    746c:	9f 4f       	sbci	r25, 0xFF	; 255
    746e:	26 e0       	ldi	r18, 0x06	; 6
    7470:	fc 01       	movw	r30, r24
    7472:	20 83       	st	Z, r18
    spielfeld[31].farbgruppenFelder[0] = 31;
    7474:	89 81       	ldd	r24, Y+1	; 0x01
    7476:	9a 81       	ldd	r25, Y+2	; 0x02
    7478:	80 55       	subi	r24, 0x50	; 80
    747a:	96 4f       	sbci	r25, 0xF6	; 246
    747c:	8b 5b       	subi	r24, 0xBB	; 187
    747e:	9f 4f       	sbci	r25, 0xFF	; 255
    7480:	2f e1       	ldi	r18, 0x1F	; 31
    7482:	fc 01       	movw	r30, r24
    7484:	20 83       	st	Z, r18
    spielfeld[31].farbgruppenFelder[1] = 32;
    7486:	89 81       	ldd	r24, Y+1	; 0x01
    7488:	9a 81       	ldd	r25, Y+2	; 0x02
    748a:	80 55       	subi	r24, 0x50	; 80
    748c:	96 4f       	sbci	r25, 0xF6	; 246
    748e:	8a 5b       	subi	r24, 0xBA	; 186
    7490:	9f 4f       	sbci	r25, 0xFF	; 255
    7492:	20 e2       	ldi	r18, 0x20	; 32
    7494:	fc 01       	movw	r30, r24
    7496:	20 83       	st	Z, r18
    spielfeld[31].farbgruppenFelder[2] = 34;
    7498:	89 81       	ldd	r24, Y+1	; 0x01
    749a:	9a 81       	ldd	r25, Y+2	; 0x02
    749c:	80 55       	subi	r24, 0x50	; 80
    749e:	96 4f       	sbci	r25, 0xF6	; 246
    74a0:	89 5b       	subi	r24, 0xB9	; 185
    74a2:	9f 4f       	sbci	r25, 0xFF	; 255
    74a4:	22 e2       	ldi	r18, 0x22	; 34
    74a6:	fc 01       	movw	r30, r24
    74a8:	20 83       	st	Z, r18
    spielfeld[31].hausnummer = 17;
    74aa:	89 81       	ldd	r24, Y+1	; 0x01
    74ac:	9a 81       	ldd	r25, Y+2	; 0x02
    74ae:	80 55       	subi	r24, 0x50	; 80
    74b0:	96 4f       	sbci	r25, 0xF6	; 246
    74b2:	87 5b       	subi	r24, 0xB7	; 183
    74b4:	9f 4f       	sbci	r25, 0xFF	; 255
    74b6:	21 e1       	ldi	r18, 0x11	; 17
    74b8:	fc 01       	movw	r30, r24
    74ba:	20 83       	st	Z, r18
    spielfeld[31].anzahlHaeuser = 0;
    74bc:	89 81       	ldd	r24, Y+1	; 0x01
    74be:	9a 81       	ldd	r25, Y+2	; 0x02
    74c0:	80 55       	subi	r24, 0x50	; 80
    74c2:	96 4f       	sbci	r25, 0xF6	; 246
    74c4:	86 5b       	subi	r24, 0xB6	; 182
    74c6:	9f 4f       	sbci	r25, 0xFF	; 255
    74c8:	fc 01       	movw	r30, r24
    74ca:	10 82       	st	Z, r1
    spielfeld[31].kostenHaus = 200;
    74cc:	89 81       	ldd	r24, Y+1	; 0x01
    74ce:	9a 81       	ldd	r25, Y+2	; 0x02
    74d0:	80 55       	subi	r24, 0x50	; 80
    74d2:	96 4f       	sbci	r25, 0xF6	; 246
    74d4:	84 5b       	subi	r24, 0xB4	; 180
    74d6:	9f 4f       	sbci	r25, 0xFF	; 255
    74d8:	28 ec       	ldi	r18, 0xC8	; 200
    74da:	fc 01       	movw	r30, r24
    74dc:	20 83       	st	Z, r18
    spielfeld[31].rgbNummer = 22;
    74de:	89 81       	ldd	r24, Y+1	; 0x01
    74e0:	9a 81       	ldd	r25, Y+2	; 0x02
    74e2:	80 55       	subi	r24, 0x50	; 80
    74e4:	96 4f       	sbci	r25, 0xF6	; 246
    74e6:	85 5b       	subi	r24, 0xB5	; 181
    74e8:	9f 4f       	sbci	r25, 0xFF	; 255
    74ea:	26 e1       	ldi	r18, 0x16	; 22
    74ec:	fc 01       	movw	r30, r24
    74ee:	20 83       	st	Z, r18
    spielfeld[31].feldBelastet = 0;  //wenn das Feld belastet ist = 1
    74f0:	89 81       	ldd	r24, Y+1	; 0x01
    74f2:	9a 81       	ldd	r25, Y+2	; 0x02
    74f4:	80 55       	subi	r24, 0x50	; 80
    74f6:	96 4f       	sbci	r25, 0xF6	; 246
    74f8:	83 5b       	subi	r24, 0xB3	; 179
    74fa:	9f 4f       	sbci	r25, 0xFF	; 255
    74fc:	fc 01       	movw	r30, r24
    74fe:	10 82       	st	Z, r1
    
    //Eigenschaften des Feldes: Produktion Elektroniker
    strcpy(spielfeld[32].name, "Produktion EK");
    7500:	89 81       	ldd	r24, Y+1	; 0x01
    7502:	9a 81       	ldd	r25, Y+2	; 0x02
    7504:	96 5f       	subi	r25, 0xF6	; 246
    7506:	9c 01       	movw	r18, r24
    7508:	8e e0       	ldi	r24, 0x0E	; 14
    750a:	ed e4       	ldi	r30, 0x4D	; 77
    750c:	f5 e0       	ldi	r31, 0x05	; 5
    750e:	d9 01       	movw	r26, r18
    7510:	01 90       	ld	r0, Z+
    7512:	0d 92       	st	X+, r0
    7514:	8a 95       	dec	r24
    7516:	e1 f7       	brne	.-8      	; 0x7510 <initialisiereSpielfeld+0x1f0c>
    spielfeld[32].typ = STRASSE;
    7518:	89 81       	ldd	r24, Y+1	; 0x01
    751a:	9a 81       	ldd	r25, Y+2	; 0x02
    751c:	96 5f       	subi	r25, 0xF6	; 246
    751e:	fc 01       	movw	r30, r24
    7520:	12 aa       	std	Z+50, r1	; 0x32
    spielfeld[32].preis = 300;
    7522:	89 81       	ldd	r24, Y+1	; 0x01
    7524:	9a 81       	ldd	r25, Y+2	; 0x02
    7526:	96 5f       	subi	r25, 0xF6	; 246
    7528:	2c e2       	ldi	r18, 0x2C	; 44
    752a:	31 e0       	ldi	r19, 0x01	; 1
    752c:	fc 01       	movw	r30, r24
    752e:	34 ab       	std	Z+52, r19	; 0x34
    7530:	23 ab       	std	Z+51, r18	; 0x33
    spielfeld[32].mieten[0] = 26;   //Feld einzeln
    7532:	89 81       	ldd	r24, Y+1	; 0x01
    7534:	9a 81       	ldd	r25, Y+2	; 0x02
    7536:	96 5f       	subi	r25, 0xF6	; 246
    7538:	2a e1       	ldi	r18, 0x1A	; 26
    753a:	30 e0       	ldi	r19, 0x00	; 0
    753c:	fc 01       	movw	r30, r24
    753e:	36 ab       	std	Z+54, r19	; 0x36
    7540:	25 ab       	std	Z+53, r18	; 0x35
    spielfeld[32].mieten[1] = 130;  //Feld mit 1 Haus
    7542:	89 81       	ldd	r24, Y+1	; 0x01
    7544:	9a 81       	ldd	r25, Y+2	; 0x02
    7546:	96 5f       	subi	r25, 0xF6	; 246
    7548:	22 e8       	ldi	r18, 0x82	; 130
    754a:	30 e0       	ldi	r19, 0x00	; 0
    754c:	fc 01       	movw	r30, r24
    754e:	30 af       	std	Z+56, r19	; 0x38
    7550:	27 ab       	std	Z+55, r18	; 0x37
    spielfeld[32].mieten[2] = 390;  //Feld mit 2 Häuser
    7552:	89 81       	ldd	r24, Y+1	; 0x01
    7554:	9a 81       	ldd	r25, Y+2	; 0x02
    7556:	96 5f       	subi	r25, 0xF6	; 246
    7558:	26 e8       	ldi	r18, 0x86	; 134
    755a:	31 e0       	ldi	r19, 0x01	; 1
    755c:	fc 01       	movw	r30, r24
    755e:	32 af       	std	Z+58, r19	; 0x3a
    7560:	21 af       	std	Z+57, r18	; 0x39
    spielfeld[32].mieten[3] = 900;  //Feld mit 3 Häuser
    7562:	89 81       	ldd	r24, Y+1	; 0x01
    7564:	9a 81       	ldd	r25, Y+2	; 0x02
    7566:	96 5f       	subi	r25, 0xF6	; 246
    7568:	24 e8       	ldi	r18, 0x84	; 132
    756a:	33 e0       	ldi	r19, 0x03	; 3
    756c:	fc 01       	movw	r30, r24
    756e:	34 af       	std	Z+60, r19	; 0x3c
    7570:	23 af       	std	Z+59, r18	; 0x3b
    spielfeld[32].mieten[4] = 1100; //Feld mit 4 Häuser
    7572:	89 81       	ldd	r24, Y+1	; 0x01
    7574:	9a 81       	ldd	r25, Y+2	; 0x02
    7576:	96 5f       	subi	r25, 0xF6	; 246
    7578:	2c e4       	ldi	r18, 0x4C	; 76
    757a:	34 e0       	ldi	r19, 0x04	; 4
    757c:	fc 01       	movw	r30, r24
    757e:	36 af       	std	Z+62, r19	; 0x3e
    7580:	25 af       	std	Z+61, r18	; 0x3d
    spielfeld[32].mieten[5] = 1275; //Feld mit 5 Häuser
    7582:	89 81       	ldd	r24, Y+1	; 0x01
    7584:	9a 81       	ldd	r25, Y+2	; 0x02
    7586:	96 5f       	subi	r25, 0xF6	; 246
    7588:	cf 96       	adiw	r24, 0x3f	; 63
    758a:	2b ef       	ldi	r18, 0xFB	; 251
    758c:	34 e0       	ldi	r19, 0x04	; 4
    758e:	fc 01       	movw	r30, r24
    7590:	31 83       	std	Z+1, r19	; 0x01
    7592:	20 83       	st	Z, r18
    spielfeld[32].mieten[6] = 52;   //Feld mit Farbgruppe
    7594:	89 81       	ldd	r24, Y+1	; 0x01
    7596:	9a 81       	ldd	r25, Y+2	; 0x02
    7598:	96 5f       	subi	r25, 0xF6	; 246
    759a:	8f 5b       	subi	r24, 0xBF	; 191
    759c:	9f 4f       	sbci	r25, 0xFF	; 255
    759e:	24 e3       	ldi	r18, 0x34	; 52
    75a0:	30 e0       	ldi	r19, 0x00	; 0
    75a2:	fc 01       	movw	r30, r24
    75a4:	31 83       	std	Z+1, r19	; 0x01
    75a6:	20 83       	st	Z, r18
    spielfeld[32].besitzer = 0;
    75a8:	89 81       	ldd	r24, Y+1	; 0x01
    75aa:	9a 81       	ldd	r25, Y+2	; 0x02
    75ac:	96 5f       	subi	r25, 0xF6	; 246
    75ae:	8d 5b       	subi	r24, 0xBD	; 189
    75b0:	9f 4f       	sbci	r25, 0xFF	; 255
    75b2:	fc 01       	movw	r30, r24
    75b4:	10 82       	st	Z, r1
    spielfeld[32].farbGruppe = GRUEN;
    75b6:	89 81       	ldd	r24, Y+1	; 0x01
    75b8:	9a 81       	ldd	r25, Y+2	; 0x02
    75ba:	96 5f       	subi	r25, 0xF6	; 246
    75bc:	8c 5b       	subi	r24, 0xBC	; 188
    75be:	9f 4f       	sbci	r25, 0xFF	; 255
    75c0:	26 e0       	ldi	r18, 0x06	; 6
    75c2:	fc 01       	movw	r30, r24
    75c4:	20 83       	st	Z, r18
    spielfeld[32].farbgruppenFelder[0] = 31;
    75c6:	89 81       	ldd	r24, Y+1	; 0x01
    75c8:	9a 81       	ldd	r25, Y+2	; 0x02
    75ca:	96 5f       	subi	r25, 0xF6	; 246
    75cc:	8b 5b       	subi	r24, 0xBB	; 187
    75ce:	9f 4f       	sbci	r25, 0xFF	; 255
    75d0:	2f e1       	ldi	r18, 0x1F	; 31
    75d2:	fc 01       	movw	r30, r24
    75d4:	20 83       	st	Z, r18
    spielfeld[32].farbgruppenFelder[1] = 32;
    75d6:	89 81       	ldd	r24, Y+1	; 0x01
    75d8:	9a 81       	ldd	r25, Y+2	; 0x02
    75da:	96 5f       	subi	r25, 0xF6	; 246
    75dc:	8a 5b       	subi	r24, 0xBA	; 186
    75de:	9f 4f       	sbci	r25, 0xFF	; 255
    75e0:	20 e2       	ldi	r18, 0x20	; 32
    75e2:	fc 01       	movw	r30, r24
    75e4:	20 83       	st	Z, r18
    spielfeld[32].farbgruppenFelder[2] = 34;
    75e6:	89 81       	ldd	r24, Y+1	; 0x01
    75e8:	9a 81       	ldd	r25, Y+2	; 0x02
    75ea:	96 5f       	subi	r25, 0xF6	; 246
    75ec:	89 5b       	subi	r24, 0xB9	; 185
    75ee:	9f 4f       	sbci	r25, 0xFF	; 255
    75f0:	22 e2       	ldi	r18, 0x22	; 34
    75f2:	fc 01       	movw	r30, r24
    75f4:	20 83       	st	Z, r18
    spielfeld[32].hausnummer = 18;
    75f6:	89 81       	ldd	r24, Y+1	; 0x01
    75f8:	9a 81       	ldd	r25, Y+2	; 0x02
    75fa:	96 5f       	subi	r25, 0xF6	; 246
    75fc:	87 5b       	subi	r24, 0xB7	; 183
    75fe:	9f 4f       	sbci	r25, 0xFF	; 255
    7600:	22 e1       	ldi	r18, 0x12	; 18
    7602:	fc 01       	movw	r30, r24
    7604:	20 83       	st	Z, r18
    spielfeld[32].anzahlHaeuser = 0;
    7606:	89 81       	ldd	r24, Y+1	; 0x01
    7608:	9a 81       	ldd	r25, Y+2	; 0x02
    760a:	96 5f       	subi	r25, 0xF6	; 246
    760c:	86 5b       	subi	r24, 0xB6	; 182
    760e:	9f 4f       	sbci	r25, 0xFF	; 255
    7610:	fc 01       	movw	r30, r24
    7612:	10 82       	st	Z, r1
    spielfeld[32].kostenHaus = 200;
    7614:	89 81       	ldd	r24, Y+1	; 0x01
    7616:	9a 81       	ldd	r25, Y+2	; 0x02
    7618:	96 5f       	subi	r25, 0xF6	; 246
    761a:	84 5b       	subi	r24, 0xB4	; 180
    761c:	9f 4f       	sbci	r25, 0xFF	; 255
    761e:	28 ec       	ldi	r18, 0xC8	; 200
    7620:	fc 01       	movw	r30, r24
    7622:	20 83       	st	Z, r18
    spielfeld[32].rgbNummer = 23;
    7624:	89 81       	ldd	r24, Y+1	; 0x01
    7626:	9a 81       	ldd	r25, Y+2	; 0x02
    7628:	96 5f       	subi	r25, 0xF6	; 246
    762a:	85 5b       	subi	r24, 0xB5	; 181
    762c:	9f 4f       	sbci	r25, 0xFF	; 255
    762e:	27 e1       	ldi	r18, 0x17	; 23
    7630:	fc 01       	movw	r30, r24
    7632:	20 83       	st	Z, r18
    spielfeld[32].feldBelastet = 0;  //wenn das Feld belastet ist = 1
    7634:	89 81       	ldd	r24, Y+1	; 0x01
    7636:	9a 81       	ldd	r25, Y+2	; 0x02
    7638:	96 5f       	subi	r25, 0xF6	; 246
    763a:	83 5b       	subi	r24, 0xB3	; 179
    763c:	9f 4f       	sbci	r25, 0xFF	; 255
    763e:	fc 01       	movw	r30, r24
    7640:	10 82       	st	Z, r1
    
    //Eigenschaften des Feldes: Kanzlei
    strcpy(spielfeld[33].name, "Kanzlei");
    7642:	89 81       	ldd	r24, Y+1	; 0x01
    7644:	9a 81       	ldd	r25, Y+2	; 0x02
    7646:	80 5b       	subi	r24, 0xB0	; 176
    7648:	95 4f       	sbci	r25, 0xF5	; 245
    764a:	9c 01       	movw	r18, r24
    764c:	88 e0       	ldi	r24, 0x08	; 8
    764e:	e0 ec       	ldi	r30, 0xC0	; 192
    7650:	f4 e0       	ldi	r31, 0x04	; 4
    7652:	d9 01       	movw	r26, r18
    7654:	01 90       	ld	r0, Z+
    7656:	0d 92       	st	X+, r0
    7658:	8a 95       	dec	r24
    765a:	e1 f7       	brne	.-8      	; 0x7654 <initialisiereSpielfeld+0x2050>
    spielfeld[33].typ = EREIGNISFELD;
    765c:	89 81       	ldd	r24, Y+1	; 0x01
    765e:	9a 81       	ldd	r25, Y+2	; 0x02
    7660:	80 5b       	subi	r24, 0xB0	; 176
    7662:	95 4f       	sbci	r25, 0xF5	; 245
    7664:	21 e0       	ldi	r18, 0x01	; 1
    7666:	fc 01       	movw	r30, r24
    7668:	22 ab       	std	Z+50, r18	; 0x32
    
    //Eigenschaften des Feldes: Entwicklung Elektroniker
    strcpy(spielfeld[34].name, "Entwicklung EK");
    766a:	89 81       	ldd	r24, Y+1	; 0x01
    766c:	9a 81       	ldd	r25, Y+2	; 0x02
    766e:	80 56       	subi	r24, 0x60	; 96
    7670:	95 4f       	sbci	r25, 0xF5	; 245
    7672:	9c 01       	movw	r18, r24
    7674:	8f e0       	ldi	r24, 0x0F	; 15
    7676:	eb e5       	ldi	r30, 0x5B	; 91
    7678:	f5 e0       	ldi	r31, 0x05	; 5
    767a:	d9 01       	movw	r26, r18
    767c:	01 90       	ld	r0, Z+
    767e:	0d 92       	st	X+, r0
    7680:	8a 95       	dec	r24
    7682:	e1 f7       	brne	.-8      	; 0x767c <initialisiereSpielfeld+0x2078>
    spielfeld[34].typ = STRASSE;
    7684:	89 81       	ldd	r24, Y+1	; 0x01
    7686:	9a 81       	ldd	r25, Y+2	; 0x02
    7688:	80 56       	subi	r24, 0x60	; 96
    768a:	95 4f       	sbci	r25, 0xF5	; 245
    768c:	fc 01       	movw	r30, r24
    768e:	12 aa       	std	Z+50, r1	; 0x32
    spielfeld[34].preis = 320;
    7690:	89 81       	ldd	r24, Y+1	; 0x01
    7692:	9a 81       	ldd	r25, Y+2	; 0x02
    7694:	80 56       	subi	r24, 0x60	; 96
    7696:	95 4f       	sbci	r25, 0xF5	; 245
    7698:	20 e4       	ldi	r18, 0x40	; 64
    769a:	31 e0       	ldi	r19, 0x01	; 1
    769c:	fc 01       	movw	r30, r24
    769e:	34 ab       	std	Z+52, r19	; 0x34
    76a0:	23 ab       	std	Z+51, r18	; 0x33
    spielfeld[34].mieten[0] = 28;   //Feld einzeln
    76a2:	89 81       	ldd	r24, Y+1	; 0x01
    76a4:	9a 81       	ldd	r25, Y+2	; 0x02
    76a6:	80 56       	subi	r24, 0x60	; 96
    76a8:	95 4f       	sbci	r25, 0xF5	; 245
    76aa:	2c e1       	ldi	r18, 0x1C	; 28
    76ac:	30 e0       	ldi	r19, 0x00	; 0
    76ae:	fc 01       	movw	r30, r24
    76b0:	36 ab       	std	Z+54, r19	; 0x36
    76b2:	25 ab       	std	Z+53, r18	; 0x35
    spielfeld[34].mieten[1] = 150;  //Feld mit 1 Haus
    76b4:	89 81       	ldd	r24, Y+1	; 0x01
    76b6:	9a 81       	ldd	r25, Y+2	; 0x02
    76b8:	80 56       	subi	r24, 0x60	; 96
    76ba:	95 4f       	sbci	r25, 0xF5	; 245
    76bc:	26 e9       	ldi	r18, 0x96	; 150
    76be:	30 e0       	ldi	r19, 0x00	; 0
    76c0:	fc 01       	movw	r30, r24
    76c2:	30 af       	std	Z+56, r19	; 0x38
    76c4:	27 ab       	std	Z+55, r18	; 0x37
    spielfeld[34].mieten[2] = 450;  //Feld mit 2 Häuser
    76c6:	89 81       	ldd	r24, Y+1	; 0x01
    76c8:	9a 81       	ldd	r25, Y+2	; 0x02
    76ca:	80 56       	subi	r24, 0x60	; 96
    76cc:	95 4f       	sbci	r25, 0xF5	; 245
    76ce:	22 ec       	ldi	r18, 0xC2	; 194
    76d0:	31 e0       	ldi	r19, 0x01	; 1
    76d2:	fc 01       	movw	r30, r24
    76d4:	32 af       	std	Z+58, r19	; 0x3a
    76d6:	21 af       	std	Z+57, r18	; 0x39
    spielfeld[34].mieten[3] = 1000; //Feld mit 3 Häuser
    76d8:	89 81       	ldd	r24, Y+1	; 0x01
    76da:	9a 81       	ldd	r25, Y+2	; 0x02
    76dc:	80 56       	subi	r24, 0x60	; 96
    76de:	95 4f       	sbci	r25, 0xF5	; 245
    76e0:	28 ee       	ldi	r18, 0xE8	; 232
    76e2:	33 e0       	ldi	r19, 0x03	; 3
    76e4:	fc 01       	movw	r30, r24
    76e6:	34 af       	std	Z+60, r19	; 0x3c
    76e8:	23 af       	std	Z+59, r18	; 0x3b
    spielfeld[34].mieten[4] = 1200; //Feld mit 4 Häuser
    76ea:	89 81       	ldd	r24, Y+1	; 0x01
    76ec:	9a 81       	ldd	r25, Y+2	; 0x02
    76ee:	80 56       	subi	r24, 0x60	; 96
    76f0:	95 4f       	sbci	r25, 0xF5	; 245
    76f2:	20 eb       	ldi	r18, 0xB0	; 176
    76f4:	34 e0       	ldi	r19, 0x04	; 4
    76f6:	fc 01       	movw	r30, r24
    76f8:	36 af       	std	Z+62, r19	; 0x3e
    76fa:	25 af       	std	Z+61, r18	; 0x3d
    spielfeld[34].mieten[5] = 1400; //Feld mit 5 Häuser
    76fc:	89 81       	ldd	r24, Y+1	; 0x01
    76fe:	9a 81       	ldd	r25, Y+2	; 0x02
    7700:	80 56       	subi	r24, 0x60	; 96
    7702:	95 4f       	sbci	r25, 0xF5	; 245
    7704:	cf 96       	adiw	r24, 0x3f	; 63
    7706:	28 e7       	ldi	r18, 0x78	; 120
    7708:	35 e0       	ldi	r19, 0x05	; 5
    770a:	fc 01       	movw	r30, r24
    770c:	31 83       	std	Z+1, r19	; 0x01
    770e:	20 83       	st	Z, r18
    spielfeld[34].mieten[6] = 56;   //Feld mit Farbgruppe
    7710:	89 81       	ldd	r24, Y+1	; 0x01
    7712:	9a 81       	ldd	r25, Y+2	; 0x02
    7714:	80 56       	subi	r24, 0x60	; 96
    7716:	95 4f       	sbci	r25, 0xF5	; 245
    7718:	8f 5b       	subi	r24, 0xBF	; 191
    771a:	9f 4f       	sbci	r25, 0xFF	; 255
    771c:	28 e3       	ldi	r18, 0x38	; 56
    771e:	30 e0       	ldi	r19, 0x00	; 0
    7720:	fc 01       	movw	r30, r24
    7722:	31 83       	std	Z+1, r19	; 0x01
    7724:	20 83       	st	Z, r18
    spielfeld[34].besitzer = 0;
    7726:	89 81       	ldd	r24, Y+1	; 0x01
    7728:	9a 81       	ldd	r25, Y+2	; 0x02
    772a:	80 56       	subi	r24, 0x60	; 96
    772c:	95 4f       	sbci	r25, 0xF5	; 245
    772e:	8d 5b       	subi	r24, 0xBD	; 189
    7730:	9f 4f       	sbci	r25, 0xFF	; 255
    7732:	fc 01       	movw	r30, r24
    7734:	10 82       	st	Z, r1
    spielfeld[34].farbGruppe = GRUEN;
    7736:	89 81       	ldd	r24, Y+1	; 0x01
    7738:	9a 81       	ldd	r25, Y+2	; 0x02
    773a:	80 56       	subi	r24, 0x60	; 96
    773c:	95 4f       	sbci	r25, 0xF5	; 245
    773e:	8c 5b       	subi	r24, 0xBC	; 188
    7740:	9f 4f       	sbci	r25, 0xFF	; 255
    7742:	26 e0       	ldi	r18, 0x06	; 6
    7744:	fc 01       	movw	r30, r24
    7746:	20 83       	st	Z, r18
    spielfeld[34].farbgruppenFelder[0] = 31;
    7748:	89 81       	ldd	r24, Y+1	; 0x01
    774a:	9a 81       	ldd	r25, Y+2	; 0x02
    774c:	80 56       	subi	r24, 0x60	; 96
    774e:	95 4f       	sbci	r25, 0xF5	; 245
    7750:	8b 5b       	subi	r24, 0xBB	; 187
    7752:	9f 4f       	sbci	r25, 0xFF	; 255
    7754:	2f e1       	ldi	r18, 0x1F	; 31
    7756:	fc 01       	movw	r30, r24
    7758:	20 83       	st	Z, r18
    spielfeld[34].farbgruppenFelder[1] = 32;
    775a:	89 81       	ldd	r24, Y+1	; 0x01
    775c:	9a 81       	ldd	r25, Y+2	; 0x02
    775e:	80 56       	subi	r24, 0x60	; 96
    7760:	95 4f       	sbci	r25, 0xF5	; 245
    7762:	8a 5b       	subi	r24, 0xBA	; 186
    7764:	9f 4f       	sbci	r25, 0xFF	; 255
    7766:	20 e2       	ldi	r18, 0x20	; 32
    7768:	fc 01       	movw	r30, r24
    776a:	20 83       	st	Z, r18
    spielfeld[34].farbgruppenFelder[2] = 34;
    776c:	89 81       	ldd	r24, Y+1	; 0x01
    776e:	9a 81       	ldd	r25, Y+2	; 0x02
    7770:	80 56       	subi	r24, 0x60	; 96
    7772:	95 4f       	sbci	r25, 0xF5	; 245
    7774:	89 5b       	subi	r24, 0xB9	; 185
    7776:	9f 4f       	sbci	r25, 0xFF	; 255
    7778:	22 e2       	ldi	r18, 0x22	; 34
    777a:	fc 01       	movw	r30, r24
    777c:	20 83       	st	Z, r18
    spielfeld[34].hausnummer = 19;
    777e:	89 81       	ldd	r24, Y+1	; 0x01
    7780:	9a 81       	ldd	r25, Y+2	; 0x02
    7782:	80 56       	subi	r24, 0x60	; 96
    7784:	95 4f       	sbci	r25, 0xF5	; 245
    7786:	87 5b       	subi	r24, 0xB7	; 183
    7788:	9f 4f       	sbci	r25, 0xFF	; 255
    778a:	23 e1       	ldi	r18, 0x13	; 19
    778c:	fc 01       	movw	r30, r24
    778e:	20 83       	st	Z, r18
    spielfeld[34].anzahlHaeuser = 0;
    7790:	89 81       	ldd	r24, Y+1	; 0x01
    7792:	9a 81       	ldd	r25, Y+2	; 0x02
    7794:	80 56       	subi	r24, 0x60	; 96
    7796:	95 4f       	sbci	r25, 0xF5	; 245
    7798:	86 5b       	subi	r24, 0xB6	; 182
    779a:	9f 4f       	sbci	r25, 0xFF	; 255
    779c:	fc 01       	movw	r30, r24
    779e:	10 82       	st	Z, r1
    spielfeld[34].kostenHaus = 200;
    77a0:	89 81       	ldd	r24, Y+1	; 0x01
    77a2:	9a 81       	ldd	r25, Y+2	; 0x02
    77a4:	80 56       	subi	r24, 0x60	; 96
    77a6:	95 4f       	sbci	r25, 0xF5	; 245
    77a8:	84 5b       	subi	r24, 0xB4	; 180
    77aa:	9f 4f       	sbci	r25, 0xFF	; 255
    77ac:	28 ec       	ldi	r18, 0xC8	; 200
    77ae:	fc 01       	movw	r30, r24
    77b0:	20 83       	st	Z, r18
    spielfeld[34].rgbNummer = 24;
    77b2:	89 81       	ldd	r24, Y+1	; 0x01
    77b4:	9a 81       	ldd	r25, Y+2	; 0x02
    77b6:	80 56       	subi	r24, 0x60	; 96
    77b8:	95 4f       	sbci	r25, 0xF5	; 245
    77ba:	85 5b       	subi	r24, 0xB5	; 181
    77bc:	9f 4f       	sbci	r25, 0xFF	; 255
    77be:	28 e1       	ldi	r18, 0x18	; 24
    77c0:	fc 01       	movw	r30, r24
    77c2:	20 83       	st	Z, r18
    spielfeld[34].feldBelastet = 0;  //wenn das Feld belastet ist = 1
    77c4:	89 81       	ldd	r24, Y+1	; 0x01
    77c6:	9a 81       	ldd	r25, Y+2	; 0x02
    77c8:	80 56       	subi	r24, 0x60	; 96
    77ca:	95 4f       	sbci	r25, 0xF5	; 245
    77cc:	83 5b       	subi	r24, 0xB3	; 179
    77ce:	9f 4f       	sbci	r25, 0xFF	; 255
    77d0:	fc 01       	movw	r30, r24
    77d2:	10 82       	st	Z, r1
    
    //Eigenschaften des Feldes: Gewerbeschule
    strcpy(spielfeld[35].name, "Gewerbeschule");
    77d4:	89 81       	ldd	r24, Y+1	; 0x01
    77d6:	9a 81       	ldd	r25, Y+2	; 0x02
    77d8:	80 51       	subi	r24, 0x10	; 16
    77da:	95 4f       	sbci	r25, 0xF5	; 245
    77dc:	9c 01       	movw	r18, r24
    77de:	8e e0       	ldi	r24, 0x0E	; 14
    77e0:	ea e6       	ldi	r30, 0x6A	; 106
    77e2:	f5 e0       	ldi	r31, 0x05	; 5
    77e4:	d9 01       	movw	r26, r18
    77e6:	01 90       	ld	r0, Z+
    77e8:	0d 92       	st	X+, r0
    77ea:	8a 95       	dec	r24
    77ec:	e1 f7       	brne	.-8      	; 0x77e6 <initialisiereSpielfeld+0x21e2>
    spielfeld[35].typ = HALTESTELLE;
    77ee:	89 81       	ldd	r24, Y+1	; 0x01
    77f0:	9a 81       	ldd	r25, Y+2	; 0x02
    77f2:	80 51       	subi	r24, 0x10	; 16
    77f4:	95 4f       	sbci	r25, 0xF5	; 245
    77f6:	27 e0       	ldi	r18, 0x07	; 7
    77f8:	fc 01       	movw	r30, r24
    77fa:	22 ab       	std	Z+50, r18	; 0x32
    spielfeld[35].preis = 200;
    77fc:	89 81       	ldd	r24, Y+1	; 0x01
    77fe:	9a 81       	ldd	r25, Y+2	; 0x02
    7800:	80 51       	subi	r24, 0x10	; 16
    7802:	95 4f       	sbci	r25, 0xF5	; 245
    7804:	28 ec       	ldi	r18, 0xC8	; 200
    7806:	30 e0       	ldi	r19, 0x00	; 0
    7808:	fc 01       	movw	r30, r24
    780a:	34 ab       	std	Z+52, r19	; 0x34
    780c:	23 ab       	std	Z+51, r18	; 0x33
    spielfeld[35].mieten[0] = 25;   //wenn man 1 Bahn besitzt
    780e:	89 81       	ldd	r24, Y+1	; 0x01
    7810:	9a 81       	ldd	r25, Y+2	; 0x02
    7812:	80 51       	subi	r24, 0x10	; 16
    7814:	95 4f       	sbci	r25, 0xF5	; 245
    7816:	29 e1       	ldi	r18, 0x19	; 25
    7818:	30 e0       	ldi	r19, 0x00	; 0
    781a:	fc 01       	movw	r30, r24
    781c:	36 ab       	std	Z+54, r19	; 0x36
    781e:	25 ab       	std	Z+53, r18	; 0x35
    spielfeld[35].mieten[1] = 50;   //wenn man 2 Bahnen besitzt
    7820:	89 81       	ldd	r24, Y+1	; 0x01
    7822:	9a 81       	ldd	r25, Y+2	; 0x02
    7824:	80 51       	subi	r24, 0x10	; 16
    7826:	95 4f       	sbci	r25, 0xF5	; 245
    7828:	22 e3       	ldi	r18, 0x32	; 50
    782a:	30 e0       	ldi	r19, 0x00	; 0
    782c:	fc 01       	movw	r30, r24
    782e:	30 af       	std	Z+56, r19	; 0x38
    7830:	27 ab       	std	Z+55, r18	; 0x37
    spielfeld[35].mieten[2] = 100;  //wenn man 3 Bahnen besitzt
    7832:	89 81       	ldd	r24, Y+1	; 0x01
    7834:	9a 81       	ldd	r25, Y+2	; 0x02
    7836:	80 51       	subi	r24, 0x10	; 16
    7838:	95 4f       	sbci	r25, 0xF5	; 245
    783a:	24 e6       	ldi	r18, 0x64	; 100
    783c:	30 e0       	ldi	r19, 0x00	; 0
    783e:	fc 01       	movw	r30, r24
    7840:	32 af       	std	Z+58, r19	; 0x3a
    7842:	21 af       	std	Z+57, r18	; 0x39
    spielfeld[35].mieten[3] = 200;  //wenn man 4 Bahnen besitzt
    7844:	89 81       	ldd	r24, Y+1	; 0x01
    7846:	9a 81       	ldd	r25, Y+2	; 0x02
    7848:	80 51       	subi	r24, 0x10	; 16
    784a:	95 4f       	sbci	r25, 0xF5	; 245
    784c:	28 ec       	ldi	r18, 0xC8	; 200
    784e:	30 e0       	ldi	r19, 0x00	; 0
    7850:	fc 01       	movw	r30, r24
    7852:	34 af       	std	Z+60, r19	; 0x3c
    7854:	23 af       	std	Z+59, r18	; 0x3b
    spielfeld[35].besitzer = 0;
    7856:	89 81       	ldd	r24, Y+1	; 0x01
    7858:	9a 81       	ldd	r25, Y+2	; 0x02
    785a:	80 51       	subi	r24, 0x10	; 16
    785c:	95 4f       	sbci	r25, 0xF5	; 245
    785e:	8d 5b       	subi	r24, 0xBD	; 189
    7860:	9f 4f       	sbci	r25, 0xFF	; 255
    7862:	fc 01       	movw	r30, r24
    7864:	10 82       	st	Z, r1
    spielfeld[35].farbGruppe = FARBLOS;
    7866:	89 81       	ldd	r24, Y+1	; 0x01
    7868:	9a 81       	ldd	r25, Y+2	; 0x02
    786a:	80 51       	subi	r24, 0x10	; 16
    786c:	95 4f       	sbci	r25, 0xF5	; 245
    786e:	8c 5b       	subi	r24, 0xBC	; 188
    7870:	9f 4f       	sbci	r25, 0xFF	; 255
    7872:	28 e0       	ldi	r18, 0x08	; 8
    7874:	fc 01       	movw	r30, r24
    7876:	20 83       	st	Z, r18
    spielfeld[35].farbgruppenFelder[0] = 5;
    7878:	89 81       	ldd	r24, Y+1	; 0x01
    787a:	9a 81       	ldd	r25, Y+2	; 0x02
    787c:	80 51       	subi	r24, 0x10	; 16
    787e:	95 4f       	sbci	r25, 0xF5	; 245
    7880:	8b 5b       	subi	r24, 0xBB	; 187
    7882:	9f 4f       	sbci	r25, 0xFF	; 255
    7884:	25 e0       	ldi	r18, 0x05	; 5
    7886:	fc 01       	movw	r30, r24
    7888:	20 83       	st	Z, r18
    spielfeld[35].farbgruppenFelder[1] = 15;
    788a:	89 81       	ldd	r24, Y+1	; 0x01
    788c:	9a 81       	ldd	r25, Y+2	; 0x02
    788e:	80 51       	subi	r24, 0x10	; 16
    7890:	95 4f       	sbci	r25, 0xF5	; 245
    7892:	8a 5b       	subi	r24, 0xBA	; 186
    7894:	9f 4f       	sbci	r25, 0xFF	; 255
    7896:	2f e0       	ldi	r18, 0x0F	; 15
    7898:	fc 01       	movw	r30, r24
    789a:	20 83       	st	Z, r18
    spielfeld[35].farbgruppenFelder[2] = 25;
    789c:	89 81       	ldd	r24, Y+1	; 0x01
    789e:	9a 81       	ldd	r25, Y+2	; 0x02
    78a0:	80 51       	subi	r24, 0x10	; 16
    78a2:	95 4f       	sbci	r25, 0xF5	; 245
    78a4:	89 5b       	subi	r24, 0xB9	; 185
    78a6:	9f 4f       	sbci	r25, 0xFF	; 255
    78a8:	29 e1       	ldi	r18, 0x19	; 25
    78aa:	fc 01       	movw	r30, r24
    78ac:	20 83       	st	Z, r18
    spielfeld[35].farbgruppenFelder[3] = 35;
    78ae:	89 81       	ldd	r24, Y+1	; 0x01
    78b0:	9a 81       	ldd	r25, Y+2	; 0x02
    78b2:	80 51       	subi	r24, 0x10	; 16
    78b4:	95 4f       	sbci	r25, 0xF5	; 245
    78b6:	88 5b       	subi	r24, 0xB8	; 184
    78b8:	9f 4f       	sbci	r25, 0xFF	; 255
    78ba:	23 e2       	ldi	r18, 0x23	; 35
    78bc:	fc 01       	movw	r30, r24
    78be:	20 83       	st	Z, r18
    spielfeld[35].rgbNummer = 25;
    78c0:	89 81       	ldd	r24, Y+1	; 0x01
    78c2:	9a 81       	ldd	r25, Y+2	; 0x02
    78c4:	80 51       	subi	r24, 0x10	; 16
    78c6:	95 4f       	sbci	r25, 0xF5	; 245
    78c8:	85 5b       	subi	r24, 0xB5	; 181
    78ca:	9f 4f       	sbci	r25, 0xFF	; 255
    78cc:	29 e1       	ldi	r18, 0x19	; 25
    78ce:	fc 01       	movw	r30, r24
    78d0:	20 83       	st	Z, r18
    spielfeld[35].feldBelastet = 0;  //wenn das Feld belastet ist = 1
    78d2:	89 81       	ldd	r24, Y+1	; 0x01
    78d4:	9a 81       	ldd	r25, Y+2	; 0x02
    78d6:	80 51       	subi	r24, 0x10	; 16
    78d8:	95 4f       	sbci	r25, 0xF5	; 245
    78da:	83 5b       	subi	r24, 0xB3	; 179
    78dc:	9f 4f       	sbci	r25, 0xFF	; 255
    78de:	fc 01       	movw	r30, r24
    78e0:	10 82       	st	Z, r1
    
    //Eigenschaften des Feldes: Chance
    strcpy(spielfeld[36].name, "Chance");
    78e2:	89 81       	ldd	r24, Y+1	; 0x01
    78e4:	9a 81       	ldd	r25, Y+2	; 0x02
    78e6:	80 5c       	subi	r24, 0xC0	; 192
    78e8:	94 4f       	sbci	r25, 0xF4	; 244
    78ea:	9c 01       	movw	r18, r24
    78ec:	87 e0       	ldi	r24, 0x07	; 7
    78ee:	e8 e5       	ldi	r30, 0x58	; 88
    78f0:	f4 e0       	ldi	r31, 0x04	; 4
    78f2:	d9 01       	movw	r26, r18
    78f4:	01 90       	ld	r0, Z+
    78f6:	0d 92       	st	X+, r0
    78f8:	8a 95       	dec	r24
    78fa:	e1 f7       	brne	.-8      	; 0x78f4 <initialisiereSpielfeld+0x22f0>
    spielfeld[36].typ = EREIGNISFELD;
    78fc:	89 81       	ldd	r24, Y+1	; 0x01
    78fe:	9a 81       	ldd	r25, Y+2	; 0x02
    7900:	80 5c       	subi	r24, 0xC0	; 192
    7902:	94 4f       	sbci	r25, 0xF4	; 244
    7904:	21 e0       	ldi	r18, 0x01	; 1
    7906:	fc 01       	movw	r30, r24
    7908:	22 ab       	std	Z+50, r18	; 0x32
    
    //Eigenschaften des Feldes: Grundausbildung Polymechaniker
    strcpy(spielfeld[37].name, "GA PM");
    790a:	89 81       	ldd	r24, Y+1	; 0x01
    790c:	9a 81       	ldd	r25, Y+2	; 0x02
    790e:	80 57       	subi	r24, 0x70	; 112
    7910:	94 4f       	sbci	r25, 0xF4	; 244
    7912:	9c 01       	movw	r18, r24
    7914:	86 e0       	ldi	r24, 0x06	; 6
    7916:	e8 e7       	ldi	r30, 0x78	; 120
    7918:	f5 e0       	ldi	r31, 0x05	; 5
    791a:	d9 01       	movw	r26, r18
    791c:	01 90       	ld	r0, Z+
    791e:	0d 92       	st	X+, r0
    7920:	8a 95       	dec	r24
    7922:	e1 f7       	brne	.-8      	; 0x791c <initialisiereSpielfeld+0x2318>
    spielfeld[37].typ = STRASSE;
    7924:	89 81       	ldd	r24, Y+1	; 0x01
    7926:	9a 81       	ldd	r25, Y+2	; 0x02
    7928:	80 57       	subi	r24, 0x70	; 112
    792a:	94 4f       	sbci	r25, 0xF4	; 244
    792c:	fc 01       	movw	r30, r24
    792e:	12 aa       	std	Z+50, r1	; 0x32
    spielfeld[37].preis = 350;
    7930:	89 81       	ldd	r24, Y+1	; 0x01
    7932:	9a 81       	ldd	r25, Y+2	; 0x02
    7934:	80 57       	subi	r24, 0x70	; 112
    7936:	94 4f       	sbci	r25, 0xF4	; 244
    7938:	2e e5       	ldi	r18, 0x5E	; 94
    793a:	31 e0       	ldi	r19, 0x01	; 1
    793c:	fc 01       	movw	r30, r24
    793e:	34 ab       	std	Z+52, r19	; 0x34
    7940:	23 ab       	std	Z+51, r18	; 0x33
    spielfeld[37].mieten[0] = 35;   //Feld einzeln
    7942:	89 81       	ldd	r24, Y+1	; 0x01
    7944:	9a 81       	ldd	r25, Y+2	; 0x02
    7946:	80 57       	subi	r24, 0x70	; 112
    7948:	94 4f       	sbci	r25, 0xF4	; 244
    794a:	23 e2       	ldi	r18, 0x23	; 35
    794c:	30 e0       	ldi	r19, 0x00	; 0
    794e:	fc 01       	movw	r30, r24
    7950:	36 ab       	std	Z+54, r19	; 0x36
    7952:	25 ab       	std	Z+53, r18	; 0x35
    spielfeld[37].mieten[1] = 175;  //Feld mit 1 Haus
    7954:	89 81       	ldd	r24, Y+1	; 0x01
    7956:	9a 81       	ldd	r25, Y+2	; 0x02
    7958:	80 57       	subi	r24, 0x70	; 112
    795a:	94 4f       	sbci	r25, 0xF4	; 244
    795c:	2f ea       	ldi	r18, 0xAF	; 175
    795e:	30 e0       	ldi	r19, 0x00	; 0
    7960:	fc 01       	movw	r30, r24
    7962:	30 af       	std	Z+56, r19	; 0x38
    7964:	27 ab       	std	Z+55, r18	; 0x37
    spielfeld[37].mieten[2] = 500;  //Feld mit 2 Häuser
    7966:	89 81       	ldd	r24, Y+1	; 0x01
    7968:	9a 81       	ldd	r25, Y+2	; 0x02
    796a:	80 57       	subi	r24, 0x70	; 112
    796c:	94 4f       	sbci	r25, 0xF4	; 244
    796e:	24 ef       	ldi	r18, 0xF4	; 244
    7970:	31 e0       	ldi	r19, 0x01	; 1
    7972:	fc 01       	movw	r30, r24
    7974:	32 af       	std	Z+58, r19	; 0x3a
    7976:	21 af       	std	Z+57, r18	; 0x39
    spielfeld[37].mieten[3] = 1100; //Feld mit 3 Häuser
    7978:	89 81       	ldd	r24, Y+1	; 0x01
    797a:	9a 81       	ldd	r25, Y+2	; 0x02
    797c:	80 57       	subi	r24, 0x70	; 112
    797e:	94 4f       	sbci	r25, 0xF4	; 244
    7980:	2c e4       	ldi	r18, 0x4C	; 76
    7982:	34 e0       	ldi	r19, 0x04	; 4
    7984:	fc 01       	movw	r30, r24
    7986:	34 af       	std	Z+60, r19	; 0x3c
    7988:	23 af       	std	Z+59, r18	; 0x3b
    spielfeld[37].mieten[4] = 1300; //Feld mit 4 Häuser
    798a:	89 81       	ldd	r24, Y+1	; 0x01
    798c:	9a 81       	ldd	r25, Y+2	; 0x02
    798e:	80 57       	subi	r24, 0x70	; 112
    7990:	94 4f       	sbci	r25, 0xF4	; 244
    7992:	24 e1       	ldi	r18, 0x14	; 20
    7994:	35 e0       	ldi	r19, 0x05	; 5
    7996:	fc 01       	movw	r30, r24
    7998:	36 af       	std	Z+62, r19	; 0x3e
    799a:	25 af       	std	Z+61, r18	; 0x3d
    spielfeld[37].mieten[5] = 1500; //Feld mit 5 Häuser
    799c:	89 81       	ldd	r24, Y+1	; 0x01
    799e:	9a 81       	ldd	r25, Y+2	; 0x02
    79a0:	80 57       	subi	r24, 0x70	; 112
    79a2:	94 4f       	sbci	r25, 0xF4	; 244
    79a4:	cf 96       	adiw	r24, 0x3f	; 63
    79a6:	2c ed       	ldi	r18, 0xDC	; 220
    79a8:	35 e0       	ldi	r19, 0x05	; 5
    79aa:	fc 01       	movw	r30, r24
    79ac:	31 83       	std	Z+1, r19	; 0x01
    79ae:	20 83       	st	Z, r18
    spielfeld[37].mieten[6] = 70;   //Feld mit Farbgruppe
    79b0:	89 81       	ldd	r24, Y+1	; 0x01
    79b2:	9a 81       	ldd	r25, Y+2	; 0x02
    79b4:	80 57       	subi	r24, 0x70	; 112
    79b6:	94 4f       	sbci	r25, 0xF4	; 244
    79b8:	8f 5b       	subi	r24, 0xBF	; 191
    79ba:	9f 4f       	sbci	r25, 0xFF	; 255
    79bc:	26 e4       	ldi	r18, 0x46	; 70
    79be:	30 e0       	ldi	r19, 0x00	; 0
    79c0:	fc 01       	movw	r30, r24
    79c2:	31 83       	std	Z+1, r19	; 0x01
    79c4:	20 83       	st	Z, r18
    spielfeld[37].besitzer = 1;
    79c6:	89 81       	ldd	r24, Y+1	; 0x01
    79c8:	9a 81       	ldd	r25, Y+2	; 0x02
    79ca:	80 57       	subi	r24, 0x70	; 112
    79cc:	94 4f       	sbci	r25, 0xF4	; 244
    79ce:	8d 5b       	subi	r24, 0xBD	; 189
    79d0:	9f 4f       	sbci	r25, 0xFF	; 255
    79d2:	21 e0       	ldi	r18, 0x01	; 1
    79d4:	fc 01       	movw	r30, r24
    79d6:	20 83       	st	Z, r18
    spielfeld[37].farbGruppe = BLAU;
    79d8:	89 81       	ldd	r24, Y+1	; 0x01
    79da:	9a 81       	ldd	r25, Y+2	; 0x02
    79dc:	80 57       	subi	r24, 0x70	; 112
    79de:	94 4f       	sbci	r25, 0xF4	; 244
    79e0:	8c 5b       	subi	r24, 0xBC	; 188
    79e2:	9f 4f       	sbci	r25, 0xFF	; 255
    79e4:	27 e0       	ldi	r18, 0x07	; 7
    79e6:	fc 01       	movw	r30, r24
    79e8:	20 83       	st	Z, r18
    spielfeld[37].farbgruppenFelder[0] = 37;
    79ea:	89 81       	ldd	r24, Y+1	; 0x01
    79ec:	9a 81       	ldd	r25, Y+2	; 0x02
    79ee:	80 57       	subi	r24, 0x70	; 112
    79f0:	94 4f       	sbci	r25, 0xF4	; 244
    79f2:	8b 5b       	subi	r24, 0xBB	; 187
    79f4:	9f 4f       	sbci	r25, 0xFF	; 255
    79f6:	25 e2       	ldi	r18, 0x25	; 37
    79f8:	fc 01       	movw	r30, r24
    79fa:	20 83       	st	Z, r18
    spielfeld[37].farbgruppenFelder[1] = 39;
    79fc:	89 81       	ldd	r24, Y+1	; 0x01
    79fe:	9a 81       	ldd	r25, Y+2	; 0x02
    7a00:	80 57       	subi	r24, 0x70	; 112
    7a02:	94 4f       	sbci	r25, 0xF4	; 244
    7a04:	8a 5b       	subi	r24, 0xBA	; 186
    7a06:	9f 4f       	sbci	r25, 0xFF	; 255
    7a08:	27 e2       	ldi	r18, 0x27	; 39
    7a0a:	fc 01       	movw	r30, r24
    7a0c:	20 83       	st	Z, r18
    spielfeld[37].farbgruppenFelder[2] = 0;
    7a0e:	89 81       	ldd	r24, Y+1	; 0x01
    7a10:	9a 81       	ldd	r25, Y+2	; 0x02
    7a12:	80 57       	subi	r24, 0x70	; 112
    7a14:	94 4f       	sbci	r25, 0xF4	; 244
    7a16:	89 5b       	subi	r24, 0xB9	; 185
    7a18:	9f 4f       	sbci	r25, 0xFF	; 255
    7a1a:	fc 01       	movw	r30, r24
    7a1c:	10 82       	st	Z, r1
    spielfeld[37].hausnummer = 20;
    7a1e:	89 81       	ldd	r24, Y+1	; 0x01
    7a20:	9a 81       	ldd	r25, Y+2	; 0x02
    7a22:	80 57       	subi	r24, 0x70	; 112
    7a24:	94 4f       	sbci	r25, 0xF4	; 244
    7a26:	87 5b       	subi	r24, 0xB7	; 183
    7a28:	9f 4f       	sbci	r25, 0xFF	; 255
    7a2a:	24 e1       	ldi	r18, 0x14	; 20
    7a2c:	fc 01       	movw	r30, r24
    7a2e:	20 83       	st	Z, r18
    spielfeld[37].anzahlHaeuser = 0;
    7a30:	89 81       	ldd	r24, Y+1	; 0x01
    7a32:	9a 81       	ldd	r25, Y+2	; 0x02
    7a34:	80 57       	subi	r24, 0x70	; 112
    7a36:	94 4f       	sbci	r25, 0xF4	; 244
    7a38:	86 5b       	subi	r24, 0xB6	; 182
    7a3a:	9f 4f       	sbci	r25, 0xFF	; 255
    7a3c:	fc 01       	movw	r30, r24
    7a3e:	10 82       	st	Z, r1
    spielfeld[37].kostenHaus = 200;
    7a40:	89 81       	ldd	r24, Y+1	; 0x01
    7a42:	9a 81       	ldd	r25, Y+2	; 0x02
    7a44:	80 57       	subi	r24, 0x70	; 112
    7a46:	94 4f       	sbci	r25, 0xF4	; 244
    7a48:	84 5b       	subi	r24, 0xB4	; 180
    7a4a:	9f 4f       	sbci	r25, 0xFF	; 255
    7a4c:	28 ec       	ldi	r18, 0xC8	; 200
    7a4e:	fc 01       	movw	r30, r24
    7a50:	20 83       	st	Z, r18
    spielfeld[37].rgbNummer = 26;
    7a52:	89 81       	ldd	r24, Y+1	; 0x01
    7a54:	9a 81       	ldd	r25, Y+2	; 0x02
    7a56:	80 57       	subi	r24, 0x70	; 112
    7a58:	94 4f       	sbci	r25, 0xF4	; 244
    7a5a:	85 5b       	subi	r24, 0xB5	; 181
    7a5c:	9f 4f       	sbci	r25, 0xFF	; 255
    7a5e:	2a e1       	ldi	r18, 0x1A	; 26
    7a60:	fc 01       	movw	r30, r24
    7a62:	20 83       	st	Z, r18
    spielfeld[37].feldBelastet = 0;  //wenn das Feld belastet ist = 1
    7a64:	89 81       	ldd	r24, Y+1	; 0x01
    7a66:	9a 81       	ldd	r25, Y+2	; 0x02
    7a68:	80 57       	subi	r24, 0x70	; 112
    7a6a:	94 4f       	sbci	r25, 0xF4	; 244
    7a6c:	83 5b       	subi	r24, 0xB3	; 179
    7a6e:	9f 4f       	sbci	r25, 0xFF	; 255
    7a70:	fc 01       	movw	r30, r24
    7a72:	10 82       	st	Z, r1
    
    //Eigenschaften des Feldes: Schulmaterialkosten
    strcpy(spielfeld[38].name, "Schulmaterial");
    7a74:	89 81       	ldd	r24, Y+1	; 0x01
    7a76:	9a 81       	ldd	r25, Y+2	; 0x02
    7a78:	80 52       	subi	r24, 0x20	; 32
    7a7a:	94 4f       	sbci	r25, 0xF4	; 244
    7a7c:	9c 01       	movw	r18, r24
    7a7e:	8e e0       	ldi	r24, 0x0E	; 14
    7a80:	ee e7       	ldi	r30, 0x7E	; 126
    7a82:	f5 e0       	ldi	r31, 0x05	; 5
    7a84:	d9 01       	movw	r26, r18
    7a86:	01 90       	ld	r0, Z+
    7a88:	0d 92       	st	X+, r0
    7a8a:	8a 95       	dec	r24
    7a8c:	e1 f7       	brne	.-8      	; 0x7a86 <initialisiereSpielfeld+0x2482>
    spielfeld[38].typ = STEUERFELD;
    7a8e:	89 81       	ldd	r24, Y+1	; 0x01
    7a90:	9a 81       	ldd	r25, Y+2	; 0x02
    7a92:	80 52       	subi	r24, 0x20	; 32
    7a94:	94 4f       	sbci	r25, 0xF4	; 244
    7a96:	22 e0       	ldi	r18, 0x02	; 2
    7a98:	fc 01       	movw	r30, r24
    7a9a:	22 ab       	std	Z+50, r18	; 0x32
    spielfeld[38].preis = 100;
    7a9c:	89 81       	ldd	r24, Y+1	; 0x01
    7a9e:	9a 81       	ldd	r25, Y+2	; 0x02
    7aa0:	80 52       	subi	r24, 0x20	; 32
    7aa2:	94 4f       	sbci	r25, 0xF4	; 244
    7aa4:	24 e6       	ldi	r18, 0x64	; 100
    7aa6:	30 e0       	ldi	r19, 0x00	; 0
    7aa8:	fc 01       	movw	r30, r24
    7aaa:	34 ab       	std	Z+52, r19	; 0x34
    7aac:	23 ab       	std	Z+51, r18	; 0x33
    
    //Eigenschaften des Feldes: Produktion Polymechaniker
    strcpy(spielfeld[39].name, "Produktion PM");
    7aae:	89 81       	ldd	r24, Y+1	; 0x01
    7ab0:	9a 81       	ldd	r25, Y+2	; 0x02
    7ab2:	80 5d       	subi	r24, 0xD0	; 208
    7ab4:	93 4f       	sbci	r25, 0xF3	; 243
    7ab6:	9c 01       	movw	r18, r24
    7ab8:	8e e0       	ldi	r24, 0x0E	; 14
    7aba:	ec e8       	ldi	r30, 0x8C	; 140
    7abc:	f5 e0       	ldi	r31, 0x05	; 5
    7abe:	d9 01       	movw	r26, r18
    7ac0:	01 90       	ld	r0, Z+
    7ac2:	0d 92       	st	X+, r0
    7ac4:	8a 95       	dec	r24
    7ac6:	e1 f7       	brne	.-8      	; 0x7ac0 <initialisiereSpielfeld+0x24bc>
    spielfeld[39].typ = STRASSE;
    7ac8:	89 81       	ldd	r24, Y+1	; 0x01
    7aca:	9a 81       	ldd	r25, Y+2	; 0x02
    7acc:	80 5d       	subi	r24, 0xD0	; 208
    7ace:	93 4f       	sbci	r25, 0xF3	; 243
    7ad0:	fc 01       	movw	r30, r24
    7ad2:	12 aa       	std	Z+50, r1	; 0x32
    spielfeld[39].preis = 400;
    7ad4:	89 81       	ldd	r24, Y+1	; 0x01
    7ad6:	9a 81       	ldd	r25, Y+2	; 0x02
    7ad8:	80 5d       	subi	r24, 0xD0	; 208
    7ada:	93 4f       	sbci	r25, 0xF3	; 243
    7adc:	20 e9       	ldi	r18, 0x90	; 144
    7ade:	31 e0       	ldi	r19, 0x01	; 1
    7ae0:	fc 01       	movw	r30, r24
    7ae2:	34 ab       	std	Z+52, r19	; 0x34
    7ae4:	23 ab       	std	Z+51, r18	; 0x33
    spielfeld[39].mieten[0] = 50;   //Feld einzeln
    7ae6:	89 81       	ldd	r24, Y+1	; 0x01
    7ae8:	9a 81       	ldd	r25, Y+2	; 0x02
    7aea:	80 5d       	subi	r24, 0xD0	; 208
    7aec:	93 4f       	sbci	r25, 0xF3	; 243
    7aee:	22 e3       	ldi	r18, 0x32	; 50
    7af0:	30 e0       	ldi	r19, 0x00	; 0
    7af2:	fc 01       	movw	r30, r24
    7af4:	36 ab       	std	Z+54, r19	; 0x36
    7af6:	25 ab       	std	Z+53, r18	; 0x35
    spielfeld[39].mieten[1] = 200;  //Feld mit 1 Haus
    7af8:	89 81       	ldd	r24, Y+1	; 0x01
    7afa:	9a 81       	ldd	r25, Y+2	; 0x02
    7afc:	80 5d       	subi	r24, 0xD0	; 208
    7afe:	93 4f       	sbci	r25, 0xF3	; 243
    7b00:	28 ec       	ldi	r18, 0xC8	; 200
    7b02:	30 e0       	ldi	r19, 0x00	; 0
    7b04:	fc 01       	movw	r30, r24
    7b06:	30 af       	std	Z+56, r19	; 0x38
    7b08:	27 ab       	std	Z+55, r18	; 0x37
    spielfeld[39].mieten[2] = 600;  //Feld mit 2 Häuser
    7b0a:	89 81       	ldd	r24, Y+1	; 0x01
    7b0c:	9a 81       	ldd	r25, Y+2	; 0x02
    7b0e:	80 5d       	subi	r24, 0xD0	; 208
    7b10:	93 4f       	sbci	r25, 0xF3	; 243
    7b12:	28 e5       	ldi	r18, 0x58	; 88
    7b14:	32 e0       	ldi	r19, 0x02	; 2
    7b16:	fc 01       	movw	r30, r24
    7b18:	32 af       	std	Z+58, r19	; 0x3a
    7b1a:	21 af       	std	Z+57, r18	; 0x39
    spielfeld[39].mieten[3] = 1400; //Feld mit 3 Häuser
    7b1c:	89 81       	ldd	r24, Y+1	; 0x01
    7b1e:	9a 81       	ldd	r25, Y+2	; 0x02
    7b20:	80 5d       	subi	r24, 0xD0	; 208
    7b22:	93 4f       	sbci	r25, 0xF3	; 243
    7b24:	28 e7       	ldi	r18, 0x78	; 120
    7b26:	35 e0       	ldi	r19, 0x05	; 5
    7b28:	fc 01       	movw	r30, r24
    7b2a:	34 af       	std	Z+60, r19	; 0x3c
    7b2c:	23 af       	std	Z+59, r18	; 0x3b
    spielfeld[39].mieten[4] = 1700; //Feld mit 4 Häuser
    7b2e:	89 81       	ldd	r24, Y+1	; 0x01
    7b30:	9a 81       	ldd	r25, Y+2	; 0x02
    7b32:	80 5d       	subi	r24, 0xD0	; 208
    7b34:	93 4f       	sbci	r25, 0xF3	; 243
    7b36:	24 ea       	ldi	r18, 0xA4	; 164
    7b38:	36 e0       	ldi	r19, 0x06	; 6
    7b3a:	fc 01       	movw	r30, r24
    7b3c:	36 af       	std	Z+62, r19	; 0x3e
    7b3e:	25 af       	std	Z+61, r18	; 0x3d
    spielfeld[39].mieten[5] = 2000; //Feld mit 5 Häuser
    7b40:	89 81       	ldd	r24, Y+1	; 0x01
    7b42:	9a 81       	ldd	r25, Y+2	; 0x02
    7b44:	80 5d       	subi	r24, 0xD0	; 208
    7b46:	93 4f       	sbci	r25, 0xF3	; 243
    7b48:	cf 96       	adiw	r24, 0x3f	; 63
    7b4a:	20 ed       	ldi	r18, 0xD0	; 208
    7b4c:	37 e0       	ldi	r19, 0x07	; 7
    7b4e:	fc 01       	movw	r30, r24
    7b50:	31 83       	std	Z+1, r19	; 0x01
    7b52:	20 83       	st	Z, r18
    spielfeld[39].mieten[6] = 100;   //Feld mit Farbgruppe
    7b54:	89 81       	ldd	r24, Y+1	; 0x01
    7b56:	9a 81       	ldd	r25, Y+2	; 0x02
    7b58:	80 5d       	subi	r24, 0xD0	; 208
    7b5a:	93 4f       	sbci	r25, 0xF3	; 243
    7b5c:	8f 5b       	subi	r24, 0xBF	; 191
    7b5e:	9f 4f       	sbci	r25, 0xFF	; 255
    7b60:	24 e6       	ldi	r18, 0x64	; 100
    7b62:	30 e0       	ldi	r19, 0x00	; 0
    7b64:	fc 01       	movw	r30, r24
    7b66:	31 83       	std	Z+1, r19	; 0x01
    7b68:	20 83       	st	Z, r18
    spielfeld[39].besitzer = 1;
    7b6a:	89 81       	ldd	r24, Y+1	; 0x01
    7b6c:	9a 81       	ldd	r25, Y+2	; 0x02
    7b6e:	80 5d       	subi	r24, 0xD0	; 208
    7b70:	93 4f       	sbci	r25, 0xF3	; 243
    7b72:	8d 5b       	subi	r24, 0xBD	; 189
    7b74:	9f 4f       	sbci	r25, 0xFF	; 255
    7b76:	21 e0       	ldi	r18, 0x01	; 1
    7b78:	fc 01       	movw	r30, r24
    7b7a:	20 83       	st	Z, r18
    spielfeld[39].farbGruppe = BLAU;
    7b7c:	89 81       	ldd	r24, Y+1	; 0x01
    7b7e:	9a 81       	ldd	r25, Y+2	; 0x02
    7b80:	80 5d       	subi	r24, 0xD0	; 208
    7b82:	93 4f       	sbci	r25, 0xF3	; 243
    7b84:	8c 5b       	subi	r24, 0xBC	; 188
    7b86:	9f 4f       	sbci	r25, 0xFF	; 255
    7b88:	27 e0       	ldi	r18, 0x07	; 7
    7b8a:	fc 01       	movw	r30, r24
    7b8c:	20 83       	st	Z, r18
    spielfeld[39].farbgruppenFelder[0] = 37;
    7b8e:	89 81       	ldd	r24, Y+1	; 0x01
    7b90:	9a 81       	ldd	r25, Y+2	; 0x02
    7b92:	80 5d       	subi	r24, 0xD0	; 208
    7b94:	93 4f       	sbci	r25, 0xF3	; 243
    7b96:	8b 5b       	subi	r24, 0xBB	; 187
    7b98:	9f 4f       	sbci	r25, 0xFF	; 255
    7b9a:	25 e2       	ldi	r18, 0x25	; 37
    7b9c:	fc 01       	movw	r30, r24
    7b9e:	20 83       	st	Z, r18
    spielfeld[39].farbgruppenFelder[1] = 37;
    7ba0:	89 81       	ldd	r24, Y+1	; 0x01
    7ba2:	9a 81       	ldd	r25, Y+2	; 0x02
    7ba4:	80 5d       	subi	r24, 0xD0	; 208
    7ba6:	93 4f       	sbci	r25, 0xF3	; 243
    7ba8:	8a 5b       	subi	r24, 0xBA	; 186
    7baa:	9f 4f       	sbci	r25, 0xFF	; 255
    7bac:	25 e2       	ldi	r18, 0x25	; 37
    7bae:	fc 01       	movw	r30, r24
    7bb0:	20 83       	st	Z, r18
    spielfeld[39].farbgruppenFelder[2] = 37;
    7bb2:	89 81       	ldd	r24, Y+1	; 0x01
    7bb4:	9a 81       	ldd	r25, Y+2	; 0x02
    7bb6:	80 5d       	subi	r24, 0xD0	; 208
    7bb8:	93 4f       	sbci	r25, 0xF3	; 243
    7bba:	89 5b       	subi	r24, 0xB9	; 185
    7bbc:	9f 4f       	sbci	r25, 0xFF	; 255
    7bbe:	25 e2       	ldi	r18, 0x25	; 37
    7bc0:	fc 01       	movw	r30, r24
    7bc2:	20 83       	st	Z, r18
    spielfeld[39].farbgruppenFelder[3] = 39;
    7bc4:	89 81       	ldd	r24, Y+1	; 0x01
    7bc6:	9a 81       	ldd	r25, Y+2	; 0x02
    7bc8:	80 5d       	subi	r24, 0xD0	; 208
    7bca:	93 4f       	sbci	r25, 0xF3	; 243
    7bcc:	88 5b       	subi	r24, 0xB8	; 184
    7bce:	9f 4f       	sbci	r25, 0xFF	; 255
    7bd0:	27 e2       	ldi	r18, 0x27	; 39
    7bd2:	fc 01       	movw	r30, r24
    7bd4:	20 83       	st	Z, r18
    spielfeld[39].hausnummer = 21;
    7bd6:	89 81       	ldd	r24, Y+1	; 0x01
    7bd8:	9a 81       	ldd	r25, Y+2	; 0x02
    7bda:	80 5d       	subi	r24, 0xD0	; 208
    7bdc:	93 4f       	sbci	r25, 0xF3	; 243
    7bde:	87 5b       	subi	r24, 0xB7	; 183
    7be0:	9f 4f       	sbci	r25, 0xFF	; 255
    7be2:	25 e1       	ldi	r18, 0x15	; 21
    7be4:	fc 01       	movw	r30, r24
    7be6:	20 83       	st	Z, r18
    spielfeld[39].anzahlHaeuser = 0;
    7be8:	89 81       	ldd	r24, Y+1	; 0x01
    7bea:	9a 81       	ldd	r25, Y+2	; 0x02
    7bec:	80 5d       	subi	r24, 0xD0	; 208
    7bee:	93 4f       	sbci	r25, 0xF3	; 243
    7bf0:	86 5b       	subi	r24, 0xB6	; 182
    7bf2:	9f 4f       	sbci	r25, 0xFF	; 255
    7bf4:	fc 01       	movw	r30, r24
    7bf6:	10 82       	st	Z, r1
    spielfeld[39].kostenHaus = 200;
    7bf8:	89 81       	ldd	r24, Y+1	; 0x01
    7bfa:	9a 81       	ldd	r25, Y+2	; 0x02
    7bfc:	80 5d       	subi	r24, 0xD0	; 208
    7bfe:	93 4f       	sbci	r25, 0xF3	; 243
    7c00:	84 5b       	subi	r24, 0xB4	; 180
    7c02:	9f 4f       	sbci	r25, 0xFF	; 255
    7c04:	28 ec       	ldi	r18, 0xC8	; 200
    7c06:	fc 01       	movw	r30, r24
    7c08:	20 83       	st	Z, r18
    spielfeld[39].rgbNummer = 27;
    7c0a:	89 81       	ldd	r24, Y+1	; 0x01
    7c0c:	9a 81       	ldd	r25, Y+2	; 0x02
    7c0e:	80 5d       	subi	r24, 0xD0	; 208
    7c10:	93 4f       	sbci	r25, 0xF3	; 243
    7c12:	85 5b       	subi	r24, 0xB5	; 181
    7c14:	9f 4f       	sbci	r25, 0xFF	; 255
    7c16:	2b e1       	ldi	r18, 0x1B	; 27
    7c18:	fc 01       	movw	r30, r24
    7c1a:	20 83       	st	Z, r18
    spielfeld[39].feldBelastet = 0;  //wenn das Feld belastet ist = 1
    7c1c:	89 81       	ldd	r24, Y+1	; 0x01
    7c1e:	9a 81       	ldd	r25, Y+2	; 0x02
    7c20:	80 5d       	subi	r24, 0xD0	; 208
    7c22:	93 4f       	sbci	r25, 0xF3	; 243
    7c24:	83 5b       	subi	r24, 0xB3	; 179
    7c26:	9f 4f       	sbci	r25, 0xFF	; 255
    7c28:	fc 01       	movw	r30, r24
    7c2a:	10 82       	st	Z, r1
}
    7c2c:	00 00       	nop
    7c2e:	0f 90       	pop	r0
    7c30:	0f 90       	pop	r0
    7c32:	df 91       	pop	r29
    7c34:	cf 91       	pop	r28
    7c36:	08 95       	ret

00007c38 <geldUeberweisen>:



uint8_t geldUeberweisen(uint8_t zahler, uint8_t empfaenger, uint16_t betrag, uint8_t schritt)
{
    7c38:	cf 93       	push	r28
    7c3a:	df 93       	push	r29
    7c3c:	cd b7       	in	r28, 0x3d	; 61
    7c3e:	de b7       	in	r29, 0x3e	; 62
    7c40:	2b 97       	sbiw	r28, 0x0b	; 11
    7c42:	0f b6       	in	r0, 0x3f	; 63
    7c44:	f8 94       	cli
    7c46:	de bf       	out	0x3e, r29	; 62
    7c48:	0f be       	out	0x3f, r0	; 63
    7c4a:	cd bf       	out	0x3d, r28	; 61
    7c4c:	8f 83       	std	Y+7, r24	; 0x07
    7c4e:	68 87       	std	Y+8, r22	; 0x08
    7c50:	5a 87       	std	Y+10, r21	; 0x0a
    7c52:	49 87       	std	Y+9, r20	; 0x09
    7c54:	2b 87       	std	Y+11, r18	; 0x0b
    if (empfaenger && zahler) //wenn der empfänger nicht spieler 0 ist
    7c56:	88 85       	ldd	r24, Y+8	; 0x08
    7c58:	88 23       	and	r24, r24
    7c5a:	09 f4       	brne	.+2      	; 0x7c5e <geldUeberweisen+0x26>
    7c5c:	78 c0       	rjmp	.+240    	; 0x7d4e <geldUeberweisen+0x116>
    7c5e:	8f 81       	ldd	r24, Y+7	; 0x07
    7c60:	88 23       	and	r24, r24
    7c62:	09 f4       	brne	.+2      	; 0x7c66 <geldUeberweisen+0x2e>
    7c64:	74 c0       	rjmp	.+232    	; 0x7d4e <geldUeberweisen+0x116>
    {
        //wenn der Zahlende Spieler genug geld hat
        if (spielerInfo[zahler].geld >= betrag)
    7c66:	8f 81       	ldd	r24, Y+7	; 0x07
    7c68:	28 2f       	mov	r18, r24
    7c6a:	30 e0       	ldi	r19, 0x00	; 0
    7c6c:	45 e3       	ldi	r20, 0x35	; 53
    7c6e:	42 9f       	mul	r20, r18
    7c70:	c0 01       	movw	r24, r0
    7c72:	43 9f       	mul	r20, r19
    7c74:	90 0d       	add	r25, r0
    7c76:	11 24       	eor	r1, r1
    7c78:	87 56       	subi	r24, 0x67	; 103
    7c7a:	99 4f       	sbci	r25, 0xF9	; 249
    7c7c:	fc 01       	movw	r30, r24
    7c7e:	20 81       	ld	r18, Z
    7c80:	31 81       	ldd	r19, Z+1	; 0x01
    7c82:	89 85       	ldd	r24, Y+9	; 0x09
    7c84:	9a 85       	ldd	r25, Y+10	; 0x0a
    7c86:	28 17       	cp	r18, r24
    7c88:	39 07       	cpc	r19, r25
    7c8a:	08 f4       	brcc	.+2      	; 0x7c8e <geldUeberweisen+0x56>
    7c8c:	5e c0       	rjmp	.+188    	; 0x7d4a <geldUeberweisen+0x112>
        {
            for (uint16_t i = 0; i < betrag; i = i + schritt)
    7c8e:	1a 82       	std	Y+2, r1	; 0x02
    7c90:	19 82       	std	Y+1, r1	; 0x01
    7c92:	51 c0       	rjmp	.+162    	; 0x7d36 <geldUeberweisen+0xfe>
            {
                spielerInfo[zahler].geld -= schritt;
    7c94:	8f 81       	ldd	r24, Y+7	; 0x07
    7c96:	48 2f       	mov	r20, r24
    7c98:	50 e0       	ldi	r21, 0x00	; 0
    7c9a:	8f 81       	ldd	r24, Y+7	; 0x07
    7c9c:	28 2f       	mov	r18, r24
    7c9e:	30 e0       	ldi	r19, 0x00	; 0
    7ca0:	65 e3       	ldi	r22, 0x35	; 53
    7ca2:	62 9f       	mul	r22, r18
    7ca4:	c0 01       	movw	r24, r0
    7ca6:	63 9f       	mul	r22, r19
    7ca8:	90 0d       	add	r25, r0
    7caa:	11 24       	eor	r1, r1
    7cac:	87 56       	subi	r24, 0x67	; 103
    7cae:	99 4f       	sbci	r25, 0xF9	; 249
    7cb0:	fc 01       	movw	r30, r24
    7cb2:	20 81       	ld	r18, Z
    7cb4:	31 81       	ldd	r19, Z+1	; 0x01
    7cb6:	8b 85       	ldd	r24, Y+11	; 0x0b
    7cb8:	88 2f       	mov	r24, r24
    7cba:	90 e0       	ldi	r25, 0x00	; 0
    7cbc:	28 1b       	sub	r18, r24
    7cbe:	39 0b       	sbc	r19, r25
    7cc0:	65 e3       	ldi	r22, 0x35	; 53
    7cc2:	64 9f       	mul	r22, r20
    7cc4:	c0 01       	movw	r24, r0
    7cc6:	65 9f       	mul	r22, r21
    7cc8:	90 0d       	add	r25, r0
    7cca:	11 24       	eor	r1, r1
    7ccc:	87 56       	subi	r24, 0x67	; 103
    7cce:	99 4f       	sbci	r25, 0xF9	; 249
    7cd0:	fc 01       	movw	r30, r24
    7cd2:	31 83       	std	Z+1, r19	; 0x01
    7cd4:	20 83       	st	Z, r18
                spielerInfo[empfaenger].geld += schritt;
    7cd6:	88 85       	ldd	r24, Y+8	; 0x08
    7cd8:	48 2f       	mov	r20, r24
    7cda:	50 e0       	ldi	r21, 0x00	; 0
    7cdc:	88 85       	ldd	r24, Y+8	; 0x08
    7cde:	28 2f       	mov	r18, r24
    7ce0:	30 e0       	ldi	r19, 0x00	; 0
    7ce2:	65 e3       	ldi	r22, 0x35	; 53
    7ce4:	62 9f       	mul	r22, r18
    7ce6:	c0 01       	movw	r24, r0
    7ce8:	63 9f       	mul	r22, r19
    7cea:	90 0d       	add	r25, r0
    7cec:	11 24       	eor	r1, r1
    7cee:	87 56       	subi	r24, 0x67	; 103
    7cf0:	99 4f       	sbci	r25, 0xF9	; 249
    7cf2:	fc 01       	movw	r30, r24
    7cf4:	20 81       	ld	r18, Z
    7cf6:	31 81       	ldd	r19, Z+1	; 0x01
    7cf8:	8b 85       	ldd	r24, Y+11	; 0x0b
    7cfa:	88 2f       	mov	r24, r24
    7cfc:	90 e0       	ldi	r25, 0x00	; 0
    7cfe:	28 0f       	add	r18, r24
    7d00:	39 1f       	adc	r19, r25
    7d02:	65 e3       	ldi	r22, 0x35	; 53
    7d04:	64 9f       	mul	r22, r20
    7d06:	c0 01       	movw	r24, r0
    7d08:	65 9f       	mul	r22, r21
    7d0a:	90 0d       	add	r25, r0
    7d0c:	11 24       	eor	r1, r1
    7d0e:	87 56       	subi	r24, 0x67	; 103
    7d10:	99 4f       	sbci	r25, 0xF9	; 249
    7d12:	fc 01       	movw	r30, r24
    7d14:	31 83       	std	Z+1, r19	; 0x01
    7d16:	20 83       	st	Z, r18
                updateKontostand(anzahlSpieler,spielerInfo);
    7d18:	80 91 04 02 	lds	r24, 0x0204	; 0x800204 <anzahlSpieler>
    7d1c:	67 e6       	ldi	r22, 0x67	; 103
    7d1e:	76 e0       	ldi	r23, 0x06	; 6
    7d20:	0e 94 dc 22 	call	0x45b8	; 0x45b8 <updateKontostand>
    if (empfaenger && zahler) //wenn der empfänger nicht spieler 0 ist
    {
        //wenn der Zahlende Spieler genug geld hat
        if (spielerInfo[zahler].geld >= betrag)
        {
            for (uint16_t i = 0; i < betrag; i = i + schritt)
    7d24:	8b 85       	ldd	r24, Y+11	; 0x0b
    7d26:	88 2f       	mov	r24, r24
    7d28:	90 e0       	ldi	r25, 0x00	; 0
    7d2a:	29 81       	ldd	r18, Y+1	; 0x01
    7d2c:	3a 81       	ldd	r19, Y+2	; 0x02
    7d2e:	82 0f       	add	r24, r18
    7d30:	93 1f       	adc	r25, r19
    7d32:	9a 83       	std	Y+2, r25	; 0x02
    7d34:	89 83       	std	Y+1, r24	; 0x01
    7d36:	29 81       	ldd	r18, Y+1	; 0x01
    7d38:	3a 81       	ldd	r19, Y+2	; 0x02
    7d3a:	89 85       	ldd	r24, Y+9	; 0x09
    7d3c:	9a 85       	ldd	r25, Y+10	; 0x0a
    7d3e:	28 17       	cp	r18, r24
    7d40:	39 07       	cpc	r19, r25
    7d42:	08 f4       	brcc	.+2      	; 0x7d46 <geldUeberweisen+0x10e>
    7d44:	a7 cf       	rjmp	.-178    	; 0x7c94 <geldUeberweisen+0x5c>
            {
                spielerInfo[zahler].geld -= schritt;
                spielerInfo[empfaenger].geld += schritt;
                updateKontostand(anzahlSpieler,spielerInfo);
            }
            return 1; //zahlung erfolgreich
    7d46:	81 e0       	ldi	r24, 0x01	; 1
    7d48:	96 c0       	rjmp	.+300    	; 0x7e76 <geldUeberweisen+0x23e>
        }
        else //wenn es sich der Spieler nicht leisten kann
        {
            return 2; //zahlung fehlgeschlagen
    7d4a:	82 e0       	ldi	r24, 0x02	; 2
    7d4c:	94 c0       	rjmp	.+296    	; 0x7e76 <geldUeberweisen+0x23e>
        }
    }
    else if (!empfaenger) //wenn spieler 0 als empfänger eingegeben wurde, wird an die Bank überwiesen
    7d4e:	88 85       	ldd	r24, Y+8	; 0x08
    7d50:	88 23       	and	r24, r24
    7d52:	09 f0       	breq	.+2      	; 0x7d56 <geldUeberweisen+0x11e>
    7d54:	51 c0       	rjmp	.+162    	; 0x7df8 <geldUeberweisen+0x1c0>
    {
        //wenn der Zahlende Spieler genug geld hat
        if (spielerInfo[zahler].geld >= betrag)
    7d56:	8f 81       	ldd	r24, Y+7	; 0x07
    7d58:	28 2f       	mov	r18, r24
    7d5a:	30 e0       	ldi	r19, 0x00	; 0
    7d5c:	45 e3       	ldi	r20, 0x35	; 53
    7d5e:	42 9f       	mul	r20, r18
    7d60:	c0 01       	movw	r24, r0
    7d62:	43 9f       	mul	r20, r19
    7d64:	90 0d       	add	r25, r0
    7d66:	11 24       	eor	r1, r1
    7d68:	87 56       	subi	r24, 0x67	; 103
    7d6a:	99 4f       	sbci	r25, 0xF9	; 249
    7d6c:	fc 01       	movw	r30, r24
    7d6e:	20 81       	ld	r18, Z
    7d70:	31 81       	ldd	r19, Z+1	; 0x01
    7d72:	89 85       	ldd	r24, Y+9	; 0x09
    7d74:	9a 85       	ldd	r25, Y+10	; 0x0a
    7d76:	28 17       	cp	r18, r24
    7d78:	39 07       	cpc	r19, r25
    7d7a:	e0 f1       	brcs	.+120    	; 0x7df4 <geldUeberweisen+0x1bc>
        {
            for (uint16_t i = 0; i < betrag; i = i + schritt)
    7d7c:	1c 82       	std	Y+4, r1	; 0x04
    7d7e:	1b 82       	std	Y+3, r1	; 0x03
    7d80:	30 c0       	rjmp	.+96     	; 0x7de2 <geldUeberweisen+0x1aa>
            {
                spielerInfo[zahler].geld -= schritt;
    7d82:	8f 81       	ldd	r24, Y+7	; 0x07
    7d84:	48 2f       	mov	r20, r24
    7d86:	50 e0       	ldi	r21, 0x00	; 0
    7d88:	8f 81       	ldd	r24, Y+7	; 0x07
    7d8a:	28 2f       	mov	r18, r24
    7d8c:	30 e0       	ldi	r19, 0x00	; 0
    7d8e:	65 e3       	ldi	r22, 0x35	; 53
    7d90:	62 9f       	mul	r22, r18
    7d92:	c0 01       	movw	r24, r0
    7d94:	63 9f       	mul	r22, r19
    7d96:	90 0d       	add	r25, r0
    7d98:	11 24       	eor	r1, r1
    7d9a:	87 56       	subi	r24, 0x67	; 103
    7d9c:	99 4f       	sbci	r25, 0xF9	; 249
    7d9e:	fc 01       	movw	r30, r24
    7da0:	20 81       	ld	r18, Z
    7da2:	31 81       	ldd	r19, Z+1	; 0x01
    7da4:	8b 85       	ldd	r24, Y+11	; 0x0b
    7da6:	88 2f       	mov	r24, r24
    7da8:	90 e0       	ldi	r25, 0x00	; 0
    7daa:	28 1b       	sub	r18, r24
    7dac:	39 0b       	sbc	r19, r25
    7dae:	65 e3       	ldi	r22, 0x35	; 53
    7db0:	64 9f       	mul	r22, r20
    7db2:	c0 01       	movw	r24, r0
    7db4:	65 9f       	mul	r22, r21
    7db6:	90 0d       	add	r25, r0
    7db8:	11 24       	eor	r1, r1
    7dba:	87 56       	subi	r24, 0x67	; 103
    7dbc:	99 4f       	sbci	r25, 0xF9	; 249
    7dbe:	fc 01       	movw	r30, r24
    7dc0:	31 83       	std	Z+1, r19	; 0x01
    7dc2:	20 83       	st	Z, r18
                updateKontostand(anzahlSpieler,spielerInfo);
    7dc4:	80 91 04 02 	lds	r24, 0x0204	; 0x800204 <anzahlSpieler>
    7dc8:	67 e6       	ldi	r22, 0x67	; 103
    7dca:	76 e0       	ldi	r23, 0x06	; 6
    7dcc:	0e 94 dc 22 	call	0x45b8	; 0x45b8 <updateKontostand>
    else if (!empfaenger) //wenn spieler 0 als empfänger eingegeben wurde, wird an die Bank überwiesen
    {
        //wenn der Zahlende Spieler genug geld hat
        if (spielerInfo[zahler].geld >= betrag)
        {
            for (uint16_t i = 0; i < betrag; i = i + schritt)
    7dd0:	8b 85       	ldd	r24, Y+11	; 0x0b
    7dd2:	88 2f       	mov	r24, r24
    7dd4:	90 e0       	ldi	r25, 0x00	; 0
    7dd6:	2b 81       	ldd	r18, Y+3	; 0x03
    7dd8:	3c 81       	ldd	r19, Y+4	; 0x04
    7dda:	82 0f       	add	r24, r18
    7ddc:	93 1f       	adc	r25, r19
    7dde:	9c 83       	std	Y+4, r25	; 0x04
    7de0:	8b 83       	std	Y+3, r24	; 0x03
    7de2:	2b 81       	ldd	r18, Y+3	; 0x03
    7de4:	3c 81       	ldd	r19, Y+4	; 0x04
    7de6:	89 85       	ldd	r24, Y+9	; 0x09
    7de8:	9a 85       	ldd	r25, Y+10	; 0x0a
    7dea:	28 17       	cp	r18, r24
    7dec:	39 07       	cpc	r19, r25
    7dee:	48 f2       	brcs	.-110    	; 0x7d82 <geldUeberweisen+0x14a>
            {
                spielerInfo[zahler].geld -= schritt;
                updateKontostand(anzahlSpieler,spielerInfo);
            }
            return 1; //zahlung erfolgreich
    7df0:	81 e0       	ldi	r24, 0x01	; 1
    7df2:	41 c0       	rjmp	.+130    	; 0x7e76 <geldUeberweisen+0x23e>
        }
        else //wenn es sich der Spieler nicht leisten kann
        {
            return 2; //zahlung fehlgeschlagen
    7df4:	82 e0       	ldi	r24, 0x02	; 2
    7df6:	3f c0       	rjmp	.+126    	; 0x7e76 <geldUeberweisen+0x23e>
        }
    }
    else if (!zahler)//wenn spieler 0 als zahler eingegeben wurde, kommt das Geld von der Bank
    7df8:	8f 81       	ldd	r24, Y+7	; 0x07
    7dfa:	88 23       	and	r24, r24
    7dfc:	e1 f5       	brne	.+120    	; 0x7e76 <geldUeberweisen+0x23e>
    {
        for (uint16_t i = 0; i < betrag; i = i + schritt)
    7dfe:	1e 82       	std	Y+6, r1	; 0x06
    7e00:	1d 82       	std	Y+5, r1	; 0x05
    7e02:	30 c0       	rjmp	.+96     	; 0x7e64 <geldUeberweisen+0x22c>
        {
            spielerInfo[empfaenger].geld += schritt;
    7e04:	88 85       	ldd	r24, Y+8	; 0x08
    7e06:	48 2f       	mov	r20, r24
    7e08:	50 e0       	ldi	r21, 0x00	; 0
    7e0a:	88 85       	ldd	r24, Y+8	; 0x08
    7e0c:	28 2f       	mov	r18, r24
    7e0e:	30 e0       	ldi	r19, 0x00	; 0
    7e10:	65 e3       	ldi	r22, 0x35	; 53
    7e12:	62 9f       	mul	r22, r18
    7e14:	c0 01       	movw	r24, r0
    7e16:	63 9f       	mul	r22, r19
    7e18:	90 0d       	add	r25, r0
    7e1a:	11 24       	eor	r1, r1
    7e1c:	87 56       	subi	r24, 0x67	; 103
    7e1e:	99 4f       	sbci	r25, 0xF9	; 249
    7e20:	fc 01       	movw	r30, r24
    7e22:	20 81       	ld	r18, Z
    7e24:	31 81       	ldd	r19, Z+1	; 0x01
    7e26:	8b 85       	ldd	r24, Y+11	; 0x0b
    7e28:	88 2f       	mov	r24, r24
    7e2a:	90 e0       	ldi	r25, 0x00	; 0
    7e2c:	28 0f       	add	r18, r24
    7e2e:	39 1f       	adc	r19, r25
    7e30:	65 e3       	ldi	r22, 0x35	; 53
    7e32:	64 9f       	mul	r22, r20
    7e34:	c0 01       	movw	r24, r0
    7e36:	65 9f       	mul	r22, r21
    7e38:	90 0d       	add	r25, r0
    7e3a:	11 24       	eor	r1, r1
    7e3c:	87 56       	subi	r24, 0x67	; 103
    7e3e:	99 4f       	sbci	r25, 0xF9	; 249
    7e40:	fc 01       	movw	r30, r24
    7e42:	31 83       	std	Z+1, r19	; 0x01
    7e44:	20 83       	st	Z, r18
            updateKontostand(anzahlSpieler,spielerInfo);
    7e46:	80 91 04 02 	lds	r24, 0x0204	; 0x800204 <anzahlSpieler>
    7e4a:	67 e6       	ldi	r22, 0x67	; 103
    7e4c:	76 e0       	ldi	r23, 0x06	; 6
    7e4e:	0e 94 dc 22 	call	0x45b8	; 0x45b8 <updateKontostand>
            return 2; //zahlung fehlgeschlagen
        }
    }
    else if (!zahler)//wenn spieler 0 als zahler eingegeben wurde, kommt das Geld von der Bank
    {
        for (uint16_t i = 0; i < betrag; i = i + schritt)
    7e52:	8b 85       	ldd	r24, Y+11	; 0x0b
    7e54:	88 2f       	mov	r24, r24
    7e56:	90 e0       	ldi	r25, 0x00	; 0
    7e58:	2d 81       	ldd	r18, Y+5	; 0x05
    7e5a:	3e 81       	ldd	r19, Y+6	; 0x06
    7e5c:	82 0f       	add	r24, r18
    7e5e:	93 1f       	adc	r25, r19
    7e60:	9e 83       	std	Y+6, r25	; 0x06
    7e62:	8d 83       	std	Y+5, r24	; 0x05
    7e64:	2d 81       	ldd	r18, Y+5	; 0x05
    7e66:	3e 81       	ldd	r19, Y+6	; 0x06
    7e68:	89 85       	ldd	r24, Y+9	; 0x09
    7e6a:	9a 85       	ldd	r25, Y+10	; 0x0a
    7e6c:	28 17       	cp	r18, r24
    7e6e:	39 07       	cpc	r19, r25
    7e70:	48 f2       	brcs	.-110    	; 0x7e04 <geldUeberweisen+0x1cc>
        {
            spielerInfo[empfaenger].geld += schritt;
            updateKontostand(anzahlSpieler,spielerInfo);
        }
        return 1; //zahlung erfolgreich
    7e72:	81 e0       	ldi	r24, 0x01	; 1
    7e74:	00 c0       	rjmp	.+0      	; 0x7e76 <geldUeberweisen+0x23e>
    }
    
    7e76:	2b 96       	adiw	r28, 0x0b	; 11
    7e78:	0f b6       	in	r0, 0x3f	; 63
    7e7a:	f8 94       	cli
    7e7c:	de bf       	out	0x3e, r29	; 62
    7e7e:	0f be       	out	0x3f, r0	; 63
    7e80:	cd bf       	out	0x3d, r28	; 61
    7e82:	df 91       	pop	r29
    7e84:	cf 91       	pop	r28
    7e86:	08 95       	ret

00007e88 <SPI_init>:
#include "SPI.h"

void SPI_init(void)
{
	// SPI einschalten und konfigurieren
	SPCR = SPCR | (1 << SPE) | (1 << MSTR) | (1 << SPR0);
    7e88:	8c b5       	in	r24, 0x2c	; 44
    7e8a:	81 65       	ori	r24, 0x51	; 81
    7e8c:	8c bd       	out	0x2c, r24	; 44
	// SPI clock setzen
	SPSR = SPSR | (1 << SPI2X);
    7e8e:	8d b5       	in	r24, 0x2d	; 45
    7e90:	81 60       	ori	r24, 0x01	; 1
    7e92:	8d bd       	out	0x2d, r24	; 45
    7e94:	08 95       	ret

00007e96 <SPI_init_all_USART>:
}

void SPI_init_all_USART(uint8_t baud)
{
	UBRR0 = 0;
    7e96:	e4 ec       	ldi	r30, 0xC4	; 196
    7e98:	f0 e0       	ldi	r31, 0x00	; 0
    7e9a:	11 82       	std	Z+1, r1	; 0x01
    7e9c:	10 82       	st	Z, r1
	/* Set MSPI mode of operation and SPI data mode 0. */
	UCSR0C = (1<<UMSEL01)|(1<<UMSEL00)|(0<<2)|(0<<UCPOL0);
    7e9e:	30 ec       	ldi	r19, 0xC0	; 192
    7ea0:	30 93 c2 00 	sts	0x00C2, r19	; 0x8000c2 <__TEXT_REGION_LENGTH__+0x7c00c2>
	/* Enable receiver and transmitter. */
	UCSR0B = (1<<RXEN0)|(1<<TXEN0);	
    7ea4:	28 e1       	ldi	r18, 0x18	; 24
    7ea6:	20 93 c1 00 	sts	0x00C1, r18	; 0x8000c1 <__TEXT_REGION_LENGTH__+0x7c00c1>
	UBRR0 = baud;
    7eaa:	90 e0       	ldi	r25, 0x00	; 0
    7eac:	91 83       	std	Z+1, r25	; 0x01
    7eae:	80 83       	st	Z, r24
	UCSR1C = (1<<UMSEL11)|(1<<UMSEL10)|(0<<2)|(0<<UCPOL1);
	/ * Enable receiver and transmitter. * /
	UCSR1B = (1<<RXEN1)|(1<<TXEN1);
	UBRR1 = baud;*/
	
	UBRR2 = 0;
    7eb0:	e4 ed       	ldi	r30, 0xD4	; 212
    7eb2:	f0 e0       	ldi	r31, 0x00	; 0
    7eb4:	11 82       	std	Z+1, r1	; 0x01
    7eb6:	10 82       	st	Z, r1
	/* Set MSPI mode of operation and SPI data mode 0. */
	UCSR2C = (1<<UMSEL21)|(1<<UMSEL20)|(0<<2)|(0<<UCPOL2);
    7eb8:	30 93 d2 00 	sts	0x00D2, r19	; 0x8000d2 <__TEXT_REGION_LENGTH__+0x7c00d2>
	/* Enable receiver and transmitter. */
	UCSR2B = (1<<RXEN2)|(1<<TXEN2);
    7ebc:	20 93 d1 00 	sts	0x00D1, r18	; 0x8000d1 <__TEXT_REGION_LENGTH__+0x7c00d1>
	UBRR2 = baud;
    7ec0:	91 83       	std	Z+1, r25	; 0x01
    7ec2:	80 83       	st	Z, r24
		
	UBRR3 = 0;
    7ec4:	e4 e3       	ldi	r30, 0x34	; 52
    7ec6:	f1 e0       	ldi	r31, 0x01	; 1
    7ec8:	11 82       	std	Z+1, r1	; 0x01
    7eca:	10 82       	st	Z, r1
	/* Set MSPI mode of operation and SPI data mode 0. */
	UCSR3C = (1<<UMSEL31)|(1<<UMSEL30)|(0<<2)|(0<<UCPOL3);
    7ecc:	30 93 32 01 	sts	0x0132, r19	; 0x800132 <__TEXT_REGION_LENGTH__+0x7c0132>
	/* Enable receiver and transmitter. */
	UCSR3B = (1<<RXEN3)|(1<<TXEN3);
    7ed0:	20 93 31 01 	sts	0x0131, r18	; 0x800131 <__TEXT_REGION_LENGTH__+0x7c0131>
	UBRR3 = baud;
    7ed4:	91 83       	std	Z+1, r25	; 0x01
    7ed6:	80 83       	st	Z, r24
    7ed8:	08 95       	ret

00007eda <SPI_init_all>:
}

void SPI_init_all(uint16_t baud)
{
    7eda:	cf 93       	push	r28
    7edc:	c8 2f       	mov	r28, r24
	SPI_init();
    7ede:	d4 df       	rcall	.-88     	; 0x7e88 <SPI_init>
	SPI_init_all_USART(baud);
    7ee0:	8c 2f       	mov	r24, r28
    7ee2:	d9 df       	rcall	.-78     	; 0x7e96 <SPI_init_all_USART>
}
    7ee4:	cf 91       	pop	r28
    7ee6:	08 95       	ret

00007ee8 <Send2SPI>:
*
*
\*********************************************************************************/
void Send2SPI (uint8_t wert)
{
	SPDR = wert;					// 8Bits senden
    7ee8:	8e bd       	out	0x2e, r24	; 46
	while(!(SPSR & (1 << SPIF)));	// warten bis sendung erfolgte
    7eea:	0d b4       	in	r0, 0x2d	; 45
    7eec:	07 fe       	sbrs	r0, 7
    7eee:	fd cf       	rjmp	.-6      	; 0x7eea <Send2SPI+0x2>
}
    7ef0:	08 95       	ret

00007ef2 <USART0_Transmit>:

void USART0_Transmit(uint8_t data)
{
	/* Wait for empty transmit buffer */
	while (!( UCSR0A & (1<<UDRE0)));
    7ef2:	90 91 c0 00 	lds	r25, 0x00C0	; 0x8000c0 <__TEXT_REGION_LENGTH__+0x7c00c0>
    7ef6:	95 ff       	sbrs	r25, 5
    7ef8:	fc cf       	rjmp	.-8      	; 0x7ef2 <USART0_Transmit>
	/* Put data into buffer, sends the data */
	UDR0 = data;
    7efa:	80 93 c6 00 	sts	0x00C6, r24	; 0x8000c6 <__TEXT_REGION_LENGTH__+0x7c00c6>
	/* Wait for data to be received */
	while (!(UCSR0A & (1<<RXC0)));
    7efe:	80 91 c0 00 	lds	r24, 0x00C0	; 0x8000c0 <__TEXT_REGION_LENGTH__+0x7c00c0>
    7f02:	88 23       	and	r24, r24
    7f04:	e4 f7       	brge	.-8      	; 0x7efe <USART0_Transmit+0xc>
}
    7f06:	08 95       	ret

00007f08 <USART1_Transmit>:

void USART1_Transmit(uint8_t data)
{
	/* Wait for empty transmit buffer */
	while (!( UCSR1A & (1<<UDRE1)));
    7f08:	90 91 c8 00 	lds	r25, 0x00C8	; 0x8000c8 <__TEXT_REGION_LENGTH__+0x7c00c8>
    7f0c:	95 ff       	sbrs	r25, 5
    7f0e:	fc cf       	rjmp	.-8      	; 0x7f08 <USART1_Transmit>
	/* Put data into buffer, sends the data */
	UDR1 = data;
    7f10:	80 93 ce 00 	sts	0x00CE, r24	; 0x8000ce <__TEXT_REGION_LENGTH__+0x7c00ce>
	/* Wait for data to be received */
	while (!(UCSR1A & (1<<RXC1)));
    7f14:	80 91 c8 00 	lds	r24, 0x00C8	; 0x8000c8 <__TEXT_REGION_LENGTH__+0x7c00c8>
    7f18:	88 23       	and	r24, r24
    7f1a:	e4 f7       	brge	.-8      	; 0x7f14 <USART1_Transmit+0xc>
}
    7f1c:	08 95       	ret

00007f1e <USART2_Transmit>:

void USART2_Transmit(uint8_t data)
{
	/* Wait for empty transmit buffer */
	while (!( UCSR2A & (1<<UDRE2)));
    7f1e:	90 91 d0 00 	lds	r25, 0x00D0	; 0x8000d0 <__TEXT_REGION_LENGTH__+0x7c00d0>
    7f22:	95 ff       	sbrs	r25, 5
    7f24:	fc cf       	rjmp	.-8      	; 0x7f1e <USART2_Transmit>
	/* Put data into buffer, sends the data */
	UDR2 = data;
    7f26:	80 93 d6 00 	sts	0x00D6, r24	; 0x8000d6 <__TEXT_REGION_LENGTH__+0x7c00d6>
	/* Wait for data to be received */
	while (!(UCSR2A & (1<<RXC2)));
    7f2a:	80 91 d0 00 	lds	r24, 0x00D0	; 0x8000d0 <__TEXT_REGION_LENGTH__+0x7c00d0>
    7f2e:	88 23       	and	r24, r24
    7f30:	e4 f7       	brge	.-8      	; 0x7f2a <USART2_Transmit+0xc>
}
    7f32:	08 95       	ret

00007f34 <USART3_Transmit>:

void USART3_Transmit(uint8_t data)
{
	/* Wait for empty transmit buffer */
	while (!( UCSR3A & (1<<UDRE3)));
    7f34:	90 91 30 01 	lds	r25, 0x0130	; 0x800130 <__TEXT_REGION_LENGTH__+0x7c0130>
    7f38:	95 ff       	sbrs	r25, 5
    7f3a:	fc cf       	rjmp	.-8      	; 0x7f34 <USART3_Transmit>
	/* Put data into buffer, sends the data */
	UDR3 = data;
    7f3c:	80 93 36 01 	sts	0x0136, r24	; 0x800136 <__TEXT_REGION_LENGTH__+0x7c0136>
	/* Wait for data to be received */
	while (!(UCSR3A & (1<<RXC3)));
    7f40:	80 91 30 01 	lds	r24, 0x0130	; 0x800130 <__TEXT_REGION_LENGTH__+0x7c0130>
    7f44:	88 23       	and	r24, r24
    7f46:	e4 f7       	brge	.-8      	; 0x7f40 <USART3_Transmit+0xc>
}
    7f48:	08 95       	ret

00007f4a <USART_Transmit>:

void USART_Transmit(uint8_t usart_wahl, uint8_t data)
{
	switch (usart_wahl)
    7f4a:	81 30       	cpi	r24, 0x01	; 1
    7f4c:	49 f0       	breq	.+18     	; 0x7f60 <USART_Transmit+0x16>
    7f4e:	28 f0       	brcs	.+10     	; 0x7f5a <USART_Transmit+0x10>
    7f50:	82 30       	cpi	r24, 0x02	; 2
    7f52:	49 f0       	breq	.+18     	; 0x7f66 <USART_Transmit+0x1c>
    7f54:	83 30       	cpi	r24, 0x03	; 3
    7f56:	51 f0       	breq	.+20     	; 0x7f6c <USART_Transmit+0x22>
    7f58:	08 95       	ret
	{
		case 0:		USART0_Transmit(data);
    7f5a:	86 2f       	mov	r24, r22
    7f5c:	ca cf       	rjmp	.-108    	; 0x7ef2 <USART0_Transmit>
					break;
    7f5e:	08 95       	ret
		case 1:		USART1_Transmit(data);
    7f60:	86 2f       	mov	r24, r22
    7f62:	d2 cf       	rjmp	.-92     	; 0x7f08 <USART1_Transmit>
					break;
		case 2:		USART2_Transmit(data);
    7f64:	08 95       	ret
    7f66:	86 2f       	mov	r24, r22
					break;
    7f68:	da cf       	rjmp	.-76     	; 0x7f1e <USART2_Transmit>
		case 3:		USART3_Transmit(data);
    7f6a:	08 95       	ret
    7f6c:	86 2f       	mov	r24, r22
    7f6e:	e2 cf       	rjmp	.-60     	; 0x7f34 <USART3_Transmit>
    7f70:	08 95       	ret

00007f72 <led_strip_write>:
  0 pulse  = 400 ns
  1 pulse  = 850 ns
  "period" = 1300 ns
 */
void __attribute__((noinline)) led_strip_write(rgb_color * colors) 
{
    7f72:	fc 01       	movw	r30, r24
  unsigned int count = LED_COUNT;
  // Set the pin to be an output driving low.
  LED_STRIP_PORT &= ~(1<<LED_STRIP_PIN);
    7f74:	82 b1       	in	r24, 0x02	; 2
    7f76:	8e 7f       	andi	r24, 0xFE	; 254
    7f78:	82 b9       	out	0x02, r24	; 2
  LED_STRIP_DDR |= (1<<LED_STRIP_PIN);
    7f7a:	81 b1       	in	r24, 0x01	; 1
    7f7c:	81 60       	ori	r24, 0x01	; 1
    7f7e:	81 b9       	out	0x01, r24	; 1

  cli();   // Disable interrupts temporarily because we don't want our pulse timing to be messed up.
    7f80:	f8 94       	cli
  1 pulse  = 850 ns
  "period" = 1300 ns
 */
void __attribute__((noinline)) led_strip_write(rgb_color * colors) 
{
  unsigned int count = LED_COUNT;
    7f82:	2c e1       	ldi	r18, 0x1C	; 28
    7f84:	30 e0       	ldi	r19, 0x00	; 0
  // Set the pin to be an output driving low.
  LED_STRIP_PORT &= ~(1<<LED_STRIP_PIN);
  LED_STRIP_DDR |= (1<<LED_STRIP_PIN);

  cli();   // Disable interrupts temporarily because we don't want our pulse timing to be messed up.
  while(count--)
    7f86:	21 c0       	rjmp	.+66     	; 0x7fca <led_strip_asm_end23+0x2>
  {
    // Send a color to the LED strip.
    // The assembly below also increments the 'colors' pointer,
    // it will be pointing to the next color at the end of this loop.
    asm volatile(
    7f88:	01 90       	ld	r0, Z+
    7f8a:	00 80       	ld	r0, Z
    7f8c:	07 d0       	rcall	.+14     	; 0x7f9c <send_led_strip_byte23>
    7f8e:	02 90       	ld	r0, -Z
    7f90:	05 d0       	rcall	.+10     	; 0x7f9c <send_led_strip_byte23>
    7f92:	01 90       	ld	r0, Z+
    7f94:	01 90       	ld	r0, Z+
    7f96:	01 90       	ld	r0, Z+
    7f98:	01 d0       	rcall	.+2      	; 0x7f9c <send_led_strip_byte23>
    7f9a:	16 c0       	rjmp	.+44     	; 0x7fc8 <led_strip_asm_end23>

00007f9c <send_led_strip_byte23>:
    7f9c:	07 d0       	rcall	.+14     	; 0x7fac <send_led_strip_bit23>
    7f9e:	06 d0       	rcall	.+12     	; 0x7fac <send_led_strip_bit23>
    7fa0:	05 d0       	rcall	.+10     	; 0x7fac <send_led_strip_bit23>
    7fa2:	04 d0       	rcall	.+8      	; 0x7fac <send_led_strip_bit23>
    7fa4:	03 d0       	rcall	.+6      	; 0x7fac <send_led_strip_bit23>
    7fa6:	02 d0       	rcall	.+4      	; 0x7fac <send_led_strip_bit23>
    7fa8:	01 d0       	rcall	.+2      	; 0x7fac <send_led_strip_bit23>
    7faa:	00 c0       	rjmp	.+0      	; 0x7fac <send_led_strip_bit23>

00007fac <send_led_strip_bit23>:
    7fac:	10 9a       	sbi	0x02, 0	; 2
    7fae:	00 1c       	adc	r0, r0
    7fb0:	00 00       	nop
    7fb2:	00 00       	nop
    7fb4:	08 f0       	brcs	.+2      	; 0x7fb8 <send_led_strip_bit23+0xc>
    7fb6:	10 98       	cbi	0x02, 0	; 2
	...
    7fc0:	00 00       	nop
    7fc2:	08 f4       	brcc	.+2      	; 0x7fc6 <send_led_strip_bit23+0x1a>
    7fc4:	10 98       	cbi	0x02, 0	; 2
    7fc6:	08 95       	ret

00007fc8 <led_strip_asm_end23>:
  // Set the pin to be an output driving low.
  LED_STRIP_PORT &= ~(1<<LED_STRIP_PIN);
  LED_STRIP_DDR |= (1<<LED_STRIP_PIN);

  cli();   // Disable interrupts temporarily because we don't want our pulse timing to be messed up.
  while(count--)
    7fc8:	9a 01       	movw	r18, r20
    7fca:	a9 01       	movw	r20, r18
    7fcc:	41 50       	subi	r20, 0x01	; 1
    7fce:	51 09       	sbc	r21, r1
    7fd0:	23 2b       	or	r18, r19
    7fd2:	09 f0       	breq	.+2      	; 0x7fd6 <led_strip_asm_end23+0xe>
    7fd4:	d9 cf       	rjmp	.-78     	; 0x7f88 <led_strip_write+0x16>
    );

    // Uncomment the line below to temporarily enable interrupts between each color.
    //sei(); asm volatile("nop\n"); cli();
  }
  sei();          // Re-enable interrupts now that we are done.
    7fd6:	78 94       	sei
    7fd8:	80 eb       	ldi	r24, 0xB0	; 176
    7fda:	94 e0       	ldi	r25, 0x04	; 4
    7fdc:	01 97       	sbiw	r24, 0x01	; 1
    7fde:	f1 f7       	brne	.-4      	; 0x7fdc <led_strip_asm_end23+0x14>
    7fe0:	08 95       	ret

00007fe2 <__cmpsf2>:
    7fe2:	d4 d0       	rcall	.+424    	; 0x818c <__fp_cmp>
    7fe4:	08 f4       	brcc	.+2      	; 0x7fe8 <__cmpsf2+0x6>
    7fe6:	81 e0       	ldi	r24, 0x01	; 1
    7fe8:	08 95       	ret

00007fea <__divsf3>:
    7fea:	0c d0       	rcall	.+24     	; 0x8004 <__divsf3x>
    7fec:	0a c1       	rjmp	.+532    	; 0x8202 <__fp_round>
    7fee:	02 d1       	rcall	.+516    	; 0x81f4 <__fp_pscB>
    7ff0:	40 f0       	brcs	.+16     	; 0x8002 <__divsf3+0x18>
    7ff2:	f9 d0       	rcall	.+498    	; 0x81e6 <__fp_pscA>
    7ff4:	30 f0       	brcs	.+12     	; 0x8002 <__divsf3+0x18>
    7ff6:	21 f4       	brne	.+8      	; 0x8000 <__divsf3+0x16>
    7ff8:	5f 3f       	cpi	r21, 0xFF	; 255
    7ffa:	19 f0       	breq	.+6      	; 0x8002 <__divsf3+0x18>
    7ffc:	eb c0       	rjmp	.+470    	; 0x81d4 <__fp_inf>
    7ffe:	51 11       	cpse	r21, r1
    8000:	34 c1       	rjmp	.+616    	; 0x826a <__fp_szero>
    8002:	ee c0       	rjmp	.+476    	; 0x81e0 <__fp_nan>

00008004 <__divsf3x>:
    8004:	0f d1       	rcall	.+542    	; 0x8224 <__fp_split3>
    8006:	98 f3       	brcs	.-26     	; 0x7fee <__divsf3+0x4>

00008008 <__divsf3_pse>:
    8008:	99 23       	and	r25, r25
    800a:	c9 f3       	breq	.-14     	; 0x7ffe <__divsf3+0x14>
    800c:	55 23       	and	r21, r21
    800e:	b1 f3       	breq	.-20     	; 0x7ffc <__divsf3+0x12>
    8010:	95 1b       	sub	r25, r21
    8012:	55 0b       	sbc	r21, r21
    8014:	bb 27       	eor	r27, r27
    8016:	aa 27       	eor	r26, r26
    8018:	62 17       	cp	r22, r18
    801a:	73 07       	cpc	r23, r19
    801c:	84 07       	cpc	r24, r20
    801e:	38 f0       	brcs	.+14     	; 0x802e <__divsf3_pse+0x26>
    8020:	9f 5f       	subi	r25, 0xFF	; 255
    8022:	5f 4f       	sbci	r21, 0xFF	; 255
    8024:	22 0f       	add	r18, r18
    8026:	33 1f       	adc	r19, r19
    8028:	44 1f       	adc	r20, r20
    802a:	aa 1f       	adc	r26, r26
    802c:	a9 f3       	breq	.-22     	; 0x8018 <__divsf3_pse+0x10>
    802e:	33 d0       	rcall	.+102    	; 0x8096 <__divsf3_pse+0x8e>
    8030:	0e 2e       	mov	r0, r30
    8032:	3a f0       	brmi	.+14     	; 0x8042 <__divsf3_pse+0x3a>
    8034:	e0 e8       	ldi	r30, 0x80	; 128
    8036:	30 d0       	rcall	.+96     	; 0x8098 <__divsf3_pse+0x90>
    8038:	91 50       	subi	r25, 0x01	; 1
    803a:	50 40       	sbci	r21, 0x00	; 0
    803c:	e6 95       	lsr	r30
    803e:	00 1c       	adc	r0, r0
    8040:	ca f7       	brpl	.-14     	; 0x8034 <__divsf3_pse+0x2c>
    8042:	29 d0       	rcall	.+82     	; 0x8096 <__divsf3_pse+0x8e>
    8044:	fe 2f       	mov	r31, r30
    8046:	27 d0       	rcall	.+78     	; 0x8096 <__divsf3_pse+0x8e>
    8048:	66 0f       	add	r22, r22
    804a:	77 1f       	adc	r23, r23
    804c:	88 1f       	adc	r24, r24
    804e:	bb 1f       	adc	r27, r27
    8050:	26 17       	cp	r18, r22
    8052:	37 07       	cpc	r19, r23
    8054:	48 07       	cpc	r20, r24
    8056:	ab 07       	cpc	r26, r27
    8058:	b0 e8       	ldi	r27, 0x80	; 128
    805a:	09 f0       	breq	.+2      	; 0x805e <__divsf3_pse+0x56>
    805c:	bb 0b       	sbc	r27, r27
    805e:	80 2d       	mov	r24, r0
    8060:	bf 01       	movw	r22, r30
    8062:	ff 27       	eor	r31, r31
    8064:	93 58       	subi	r25, 0x83	; 131
    8066:	5f 4f       	sbci	r21, 0xFF	; 255
    8068:	2a f0       	brmi	.+10     	; 0x8074 <__divsf3_pse+0x6c>
    806a:	9e 3f       	cpi	r25, 0xFE	; 254
    806c:	51 05       	cpc	r21, r1
    806e:	68 f0       	brcs	.+26     	; 0x808a <__divsf3_pse+0x82>
    8070:	b1 c0       	rjmp	.+354    	; 0x81d4 <__fp_inf>
    8072:	fb c0       	rjmp	.+502    	; 0x826a <__fp_szero>
    8074:	5f 3f       	cpi	r21, 0xFF	; 255
    8076:	ec f3       	brlt	.-6      	; 0x8072 <__divsf3_pse+0x6a>
    8078:	98 3e       	cpi	r25, 0xE8	; 232
    807a:	dc f3       	brlt	.-10     	; 0x8072 <__divsf3_pse+0x6a>
    807c:	86 95       	lsr	r24
    807e:	77 95       	ror	r23
    8080:	67 95       	ror	r22
    8082:	b7 95       	ror	r27
    8084:	f7 95       	ror	r31
    8086:	9f 5f       	subi	r25, 0xFF	; 255
    8088:	c9 f7       	brne	.-14     	; 0x807c <__divsf3_pse+0x74>
    808a:	88 0f       	add	r24, r24
    808c:	91 1d       	adc	r25, r1
    808e:	96 95       	lsr	r25
    8090:	87 95       	ror	r24
    8092:	97 f9       	bld	r25, 7
    8094:	08 95       	ret
    8096:	e1 e0       	ldi	r30, 0x01	; 1
    8098:	66 0f       	add	r22, r22
    809a:	77 1f       	adc	r23, r23
    809c:	88 1f       	adc	r24, r24
    809e:	bb 1f       	adc	r27, r27
    80a0:	62 17       	cp	r22, r18
    80a2:	73 07       	cpc	r23, r19
    80a4:	84 07       	cpc	r24, r20
    80a6:	ba 07       	cpc	r27, r26
    80a8:	20 f0       	brcs	.+8      	; 0x80b2 <__divsf3_pse+0xaa>
    80aa:	62 1b       	sub	r22, r18
    80ac:	73 0b       	sbc	r23, r19
    80ae:	84 0b       	sbc	r24, r20
    80b0:	ba 0b       	sbc	r27, r26
    80b2:	ee 1f       	adc	r30, r30
    80b4:	88 f7       	brcc	.-30     	; 0x8098 <__divsf3_pse+0x90>
    80b6:	e0 95       	com	r30
    80b8:	08 95       	ret

000080ba <__fixunssfsi>:
    80ba:	bc d0       	rcall	.+376    	; 0x8234 <__fp_splitA>
    80bc:	88 f0       	brcs	.+34     	; 0x80e0 <__fixunssfsi+0x26>
    80be:	9f 57       	subi	r25, 0x7F	; 127
    80c0:	90 f0       	brcs	.+36     	; 0x80e6 <__fixunssfsi+0x2c>
    80c2:	b9 2f       	mov	r27, r25
    80c4:	99 27       	eor	r25, r25
    80c6:	b7 51       	subi	r27, 0x17	; 23
    80c8:	a0 f0       	brcs	.+40     	; 0x80f2 <__fixunssfsi+0x38>
    80ca:	d1 f0       	breq	.+52     	; 0x8100 <__fixunssfsi+0x46>
    80cc:	66 0f       	add	r22, r22
    80ce:	77 1f       	adc	r23, r23
    80d0:	88 1f       	adc	r24, r24
    80d2:	99 1f       	adc	r25, r25
    80d4:	1a f0       	brmi	.+6      	; 0x80dc <__fixunssfsi+0x22>
    80d6:	ba 95       	dec	r27
    80d8:	c9 f7       	brne	.-14     	; 0x80cc <__fixunssfsi+0x12>
    80da:	12 c0       	rjmp	.+36     	; 0x8100 <__fixunssfsi+0x46>
    80dc:	b1 30       	cpi	r27, 0x01	; 1
    80de:	81 f0       	breq	.+32     	; 0x8100 <__fixunssfsi+0x46>
    80e0:	c3 d0       	rcall	.+390    	; 0x8268 <__fp_zero>
    80e2:	b1 e0       	ldi	r27, 0x01	; 1
    80e4:	08 95       	ret
    80e6:	c0 c0       	rjmp	.+384    	; 0x8268 <__fp_zero>
    80e8:	67 2f       	mov	r22, r23
    80ea:	78 2f       	mov	r23, r24
    80ec:	88 27       	eor	r24, r24
    80ee:	b8 5f       	subi	r27, 0xF8	; 248
    80f0:	39 f0       	breq	.+14     	; 0x8100 <__fixunssfsi+0x46>
    80f2:	b9 3f       	cpi	r27, 0xF9	; 249
    80f4:	cc f3       	brlt	.-14     	; 0x80e8 <__fixunssfsi+0x2e>
    80f6:	86 95       	lsr	r24
    80f8:	77 95       	ror	r23
    80fa:	67 95       	ror	r22
    80fc:	b3 95       	inc	r27
    80fe:	d9 f7       	brne	.-10     	; 0x80f6 <__fixunssfsi+0x3c>
    8100:	3e f4       	brtc	.+14     	; 0x8110 <__fixunssfsi+0x56>
    8102:	90 95       	com	r25
    8104:	80 95       	com	r24
    8106:	70 95       	com	r23
    8108:	61 95       	neg	r22
    810a:	7f 4f       	sbci	r23, 0xFF	; 255
    810c:	8f 4f       	sbci	r24, 0xFF	; 255
    810e:	9f 4f       	sbci	r25, 0xFF	; 255
    8110:	08 95       	ret

00008112 <__floatunsisf>:
    8112:	e8 94       	clt
    8114:	09 c0       	rjmp	.+18     	; 0x8128 <__floatsisf+0x12>

00008116 <__floatsisf>:
    8116:	97 fb       	bst	r25, 7
    8118:	3e f4       	brtc	.+14     	; 0x8128 <__floatsisf+0x12>
    811a:	90 95       	com	r25
    811c:	80 95       	com	r24
    811e:	70 95       	com	r23
    8120:	61 95       	neg	r22
    8122:	7f 4f       	sbci	r23, 0xFF	; 255
    8124:	8f 4f       	sbci	r24, 0xFF	; 255
    8126:	9f 4f       	sbci	r25, 0xFF	; 255
    8128:	99 23       	and	r25, r25
    812a:	a9 f0       	breq	.+42     	; 0x8156 <__floatsisf+0x40>
    812c:	f9 2f       	mov	r31, r25
    812e:	96 e9       	ldi	r25, 0x96	; 150
    8130:	bb 27       	eor	r27, r27
    8132:	93 95       	inc	r25
    8134:	f6 95       	lsr	r31
    8136:	87 95       	ror	r24
    8138:	77 95       	ror	r23
    813a:	67 95       	ror	r22
    813c:	b7 95       	ror	r27
    813e:	f1 11       	cpse	r31, r1
    8140:	f8 cf       	rjmp	.-16     	; 0x8132 <__floatsisf+0x1c>
    8142:	fa f4       	brpl	.+62     	; 0x8182 <__floatsisf+0x6c>
    8144:	bb 0f       	add	r27, r27
    8146:	11 f4       	brne	.+4      	; 0x814c <__floatsisf+0x36>
    8148:	60 ff       	sbrs	r22, 0
    814a:	1b c0       	rjmp	.+54     	; 0x8182 <__floatsisf+0x6c>
    814c:	6f 5f       	subi	r22, 0xFF	; 255
    814e:	7f 4f       	sbci	r23, 0xFF	; 255
    8150:	8f 4f       	sbci	r24, 0xFF	; 255
    8152:	9f 4f       	sbci	r25, 0xFF	; 255
    8154:	16 c0       	rjmp	.+44     	; 0x8182 <__floatsisf+0x6c>
    8156:	88 23       	and	r24, r24
    8158:	11 f0       	breq	.+4      	; 0x815e <__floatsisf+0x48>
    815a:	96 e9       	ldi	r25, 0x96	; 150
    815c:	11 c0       	rjmp	.+34     	; 0x8180 <__floatsisf+0x6a>
    815e:	77 23       	and	r23, r23
    8160:	21 f0       	breq	.+8      	; 0x816a <__floatsisf+0x54>
    8162:	9e e8       	ldi	r25, 0x8E	; 142
    8164:	87 2f       	mov	r24, r23
    8166:	76 2f       	mov	r23, r22
    8168:	05 c0       	rjmp	.+10     	; 0x8174 <__floatsisf+0x5e>
    816a:	66 23       	and	r22, r22
    816c:	71 f0       	breq	.+28     	; 0x818a <__floatsisf+0x74>
    816e:	96 e8       	ldi	r25, 0x86	; 134
    8170:	86 2f       	mov	r24, r22
    8172:	70 e0       	ldi	r23, 0x00	; 0
    8174:	60 e0       	ldi	r22, 0x00	; 0
    8176:	2a f0       	brmi	.+10     	; 0x8182 <__floatsisf+0x6c>
    8178:	9a 95       	dec	r25
    817a:	66 0f       	add	r22, r22
    817c:	77 1f       	adc	r23, r23
    817e:	88 1f       	adc	r24, r24
    8180:	da f7       	brpl	.-10     	; 0x8178 <__floatsisf+0x62>
    8182:	88 0f       	add	r24, r24
    8184:	96 95       	lsr	r25
    8186:	87 95       	ror	r24
    8188:	97 f9       	bld	r25, 7
    818a:	08 95       	ret

0000818c <__fp_cmp>:
    818c:	99 0f       	add	r25, r25
    818e:	00 08       	sbc	r0, r0
    8190:	55 0f       	add	r21, r21
    8192:	aa 0b       	sbc	r26, r26
    8194:	e0 e8       	ldi	r30, 0x80	; 128
    8196:	fe ef       	ldi	r31, 0xFE	; 254
    8198:	16 16       	cp	r1, r22
    819a:	17 06       	cpc	r1, r23
    819c:	e8 07       	cpc	r30, r24
    819e:	f9 07       	cpc	r31, r25
    81a0:	c0 f0       	brcs	.+48     	; 0x81d2 <__fp_cmp+0x46>
    81a2:	12 16       	cp	r1, r18
    81a4:	13 06       	cpc	r1, r19
    81a6:	e4 07       	cpc	r30, r20
    81a8:	f5 07       	cpc	r31, r21
    81aa:	98 f0       	brcs	.+38     	; 0x81d2 <__fp_cmp+0x46>
    81ac:	62 1b       	sub	r22, r18
    81ae:	73 0b       	sbc	r23, r19
    81b0:	84 0b       	sbc	r24, r20
    81b2:	95 0b       	sbc	r25, r21
    81b4:	39 f4       	brne	.+14     	; 0x81c4 <__fp_cmp+0x38>
    81b6:	0a 26       	eor	r0, r26
    81b8:	61 f0       	breq	.+24     	; 0x81d2 <__fp_cmp+0x46>
    81ba:	23 2b       	or	r18, r19
    81bc:	24 2b       	or	r18, r20
    81be:	25 2b       	or	r18, r21
    81c0:	21 f4       	brne	.+8      	; 0x81ca <__fp_cmp+0x3e>
    81c2:	08 95       	ret
    81c4:	0a 26       	eor	r0, r26
    81c6:	09 f4       	brne	.+2      	; 0x81ca <__fp_cmp+0x3e>
    81c8:	a1 40       	sbci	r26, 0x01	; 1
    81ca:	a6 95       	lsr	r26
    81cc:	8f ef       	ldi	r24, 0xFF	; 255
    81ce:	81 1d       	adc	r24, r1
    81d0:	81 1d       	adc	r24, r1
    81d2:	08 95       	ret

000081d4 <__fp_inf>:
    81d4:	97 f9       	bld	r25, 7
    81d6:	9f 67       	ori	r25, 0x7F	; 127
    81d8:	80 e8       	ldi	r24, 0x80	; 128
    81da:	70 e0       	ldi	r23, 0x00	; 0
    81dc:	60 e0       	ldi	r22, 0x00	; 0
    81de:	08 95       	ret

000081e0 <__fp_nan>:
    81e0:	9f ef       	ldi	r25, 0xFF	; 255
    81e2:	80 ec       	ldi	r24, 0xC0	; 192
    81e4:	08 95       	ret

000081e6 <__fp_pscA>:
    81e6:	00 24       	eor	r0, r0
    81e8:	0a 94       	dec	r0
    81ea:	16 16       	cp	r1, r22
    81ec:	17 06       	cpc	r1, r23
    81ee:	18 06       	cpc	r1, r24
    81f0:	09 06       	cpc	r0, r25
    81f2:	08 95       	ret

000081f4 <__fp_pscB>:
    81f4:	00 24       	eor	r0, r0
    81f6:	0a 94       	dec	r0
    81f8:	12 16       	cp	r1, r18
    81fa:	13 06       	cpc	r1, r19
    81fc:	14 06       	cpc	r1, r20
    81fe:	05 06       	cpc	r0, r21
    8200:	08 95       	ret

00008202 <__fp_round>:
    8202:	09 2e       	mov	r0, r25
    8204:	03 94       	inc	r0
    8206:	00 0c       	add	r0, r0
    8208:	11 f4       	brne	.+4      	; 0x820e <__fp_round+0xc>
    820a:	88 23       	and	r24, r24
    820c:	52 f0       	brmi	.+20     	; 0x8222 <__fp_round+0x20>
    820e:	bb 0f       	add	r27, r27
    8210:	40 f4       	brcc	.+16     	; 0x8222 <__fp_round+0x20>
    8212:	bf 2b       	or	r27, r31
    8214:	11 f4       	brne	.+4      	; 0x821a <__fp_round+0x18>
    8216:	60 ff       	sbrs	r22, 0
    8218:	04 c0       	rjmp	.+8      	; 0x8222 <__fp_round+0x20>
    821a:	6f 5f       	subi	r22, 0xFF	; 255
    821c:	7f 4f       	sbci	r23, 0xFF	; 255
    821e:	8f 4f       	sbci	r24, 0xFF	; 255
    8220:	9f 4f       	sbci	r25, 0xFF	; 255
    8222:	08 95       	ret

00008224 <__fp_split3>:
    8224:	57 fd       	sbrc	r21, 7
    8226:	90 58       	subi	r25, 0x80	; 128
    8228:	44 0f       	add	r20, r20
    822a:	55 1f       	adc	r21, r21
    822c:	59 f0       	breq	.+22     	; 0x8244 <__fp_splitA+0x10>
    822e:	5f 3f       	cpi	r21, 0xFF	; 255
    8230:	71 f0       	breq	.+28     	; 0x824e <__fp_splitA+0x1a>
    8232:	47 95       	ror	r20

00008234 <__fp_splitA>:
    8234:	88 0f       	add	r24, r24
    8236:	97 fb       	bst	r25, 7
    8238:	99 1f       	adc	r25, r25
    823a:	61 f0       	breq	.+24     	; 0x8254 <__fp_splitA+0x20>
    823c:	9f 3f       	cpi	r25, 0xFF	; 255
    823e:	79 f0       	breq	.+30     	; 0x825e <__fp_splitA+0x2a>
    8240:	87 95       	ror	r24
    8242:	08 95       	ret
    8244:	12 16       	cp	r1, r18
    8246:	13 06       	cpc	r1, r19
    8248:	14 06       	cpc	r1, r20
    824a:	55 1f       	adc	r21, r21
    824c:	f2 cf       	rjmp	.-28     	; 0x8232 <__fp_split3+0xe>
    824e:	46 95       	lsr	r20
    8250:	f1 df       	rcall	.-30     	; 0x8234 <__fp_splitA>
    8252:	08 c0       	rjmp	.+16     	; 0x8264 <__fp_splitA+0x30>
    8254:	16 16       	cp	r1, r22
    8256:	17 06       	cpc	r1, r23
    8258:	18 06       	cpc	r1, r24
    825a:	99 1f       	adc	r25, r25
    825c:	f1 cf       	rjmp	.-30     	; 0x8240 <__fp_splitA+0xc>
    825e:	86 95       	lsr	r24
    8260:	71 05       	cpc	r23, r1
    8262:	61 05       	cpc	r22, r1
    8264:	08 94       	sec
    8266:	08 95       	ret

00008268 <__fp_zero>:
    8268:	e8 94       	clt

0000826a <__fp_szero>:
    826a:	bb 27       	eor	r27, r27
    826c:	66 27       	eor	r22, r22
    826e:	77 27       	eor	r23, r23
    8270:	cb 01       	movw	r24, r22
    8272:	97 f9       	bld	r25, 7
    8274:	08 95       	ret

00008276 <__gesf2>:
    8276:	8a df       	rcall	.-236    	; 0x818c <__fp_cmp>
    8278:	08 f4       	brcc	.+2      	; 0x827c <__gesf2+0x6>
    827a:	8f ef       	ldi	r24, 0xFF	; 255
    827c:	08 95       	ret

0000827e <__mulsf3>:
    827e:	0b d0       	rcall	.+22     	; 0x8296 <__mulsf3x>
    8280:	c0 cf       	rjmp	.-128    	; 0x8202 <__fp_round>
    8282:	b1 df       	rcall	.-158    	; 0x81e6 <__fp_pscA>
    8284:	28 f0       	brcs	.+10     	; 0x8290 <__mulsf3+0x12>
    8286:	b6 df       	rcall	.-148    	; 0x81f4 <__fp_pscB>
    8288:	18 f0       	brcs	.+6      	; 0x8290 <__mulsf3+0x12>
    828a:	95 23       	and	r25, r21
    828c:	09 f0       	breq	.+2      	; 0x8290 <__mulsf3+0x12>
    828e:	a2 cf       	rjmp	.-188    	; 0x81d4 <__fp_inf>
    8290:	a7 cf       	rjmp	.-178    	; 0x81e0 <__fp_nan>
    8292:	11 24       	eor	r1, r1
    8294:	ea cf       	rjmp	.-44     	; 0x826a <__fp_szero>

00008296 <__mulsf3x>:
    8296:	c6 df       	rcall	.-116    	; 0x8224 <__fp_split3>
    8298:	a0 f3       	brcs	.-24     	; 0x8282 <__mulsf3+0x4>

0000829a <__mulsf3_pse>:
    829a:	95 9f       	mul	r25, r21
    829c:	d1 f3       	breq	.-12     	; 0x8292 <__mulsf3+0x14>
    829e:	95 0f       	add	r25, r21
    82a0:	50 e0       	ldi	r21, 0x00	; 0
    82a2:	55 1f       	adc	r21, r21
    82a4:	62 9f       	mul	r22, r18
    82a6:	f0 01       	movw	r30, r0
    82a8:	72 9f       	mul	r23, r18
    82aa:	bb 27       	eor	r27, r27
    82ac:	f0 0d       	add	r31, r0
    82ae:	b1 1d       	adc	r27, r1
    82b0:	63 9f       	mul	r22, r19
    82b2:	aa 27       	eor	r26, r26
    82b4:	f0 0d       	add	r31, r0
    82b6:	b1 1d       	adc	r27, r1
    82b8:	aa 1f       	adc	r26, r26
    82ba:	64 9f       	mul	r22, r20
    82bc:	66 27       	eor	r22, r22
    82be:	b0 0d       	add	r27, r0
    82c0:	a1 1d       	adc	r26, r1
    82c2:	66 1f       	adc	r22, r22
    82c4:	82 9f       	mul	r24, r18
    82c6:	22 27       	eor	r18, r18
    82c8:	b0 0d       	add	r27, r0
    82ca:	a1 1d       	adc	r26, r1
    82cc:	62 1f       	adc	r22, r18
    82ce:	73 9f       	mul	r23, r19
    82d0:	b0 0d       	add	r27, r0
    82d2:	a1 1d       	adc	r26, r1
    82d4:	62 1f       	adc	r22, r18
    82d6:	83 9f       	mul	r24, r19
    82d8:	a0 0d       	add	r26, r0
    82da:	61 1d       	adc	r22, r1
    82dc:	22 1f       	adc	r18, r18
    82de:	74 9f       	mul	r23, r20
    82e0:	33 27       	eor	r19, r19
    82e2:	a0 0d       	add	r26, r0
    82e4:	61 1d       	adc	r22, r1
    82e6:	23 1f       	adc	r18, r19
    82e8:	84 9f       	mul	r24, r20
    82ea:	60 0d       	add	r22, r0
    82ec:	21 1d       	adc	r18, r1
    82ee:	82 2f       	mov	r24, r18
    82f0:	76 2f       	mov	r23, r22
    82f2:	6a 2f       	mov	r22, r26
    82f4:	11 24       	eor	r1, r1
    82f6:	9f 57       	subi	r25, 0x7F	; 127
    82f8:	50 40       	sbci	r21, 0x00	; 0
    82fa:	8a f0       	brmi	.+34     	; 0x831e <__mulsf3_pse+0x84>
    82fc:	e1 f0       	breq	.+56     	; 0x8336 <__mulsf3_pse+0x9c>
    82fe:	88 23       	and	r24, r24
    8300:	4a f0       	brmi	.+18     	; 0x8314 <__mulsf3_pse+0x7a>
    8302:	ee 0f       	add	r30, r30
    8304:	ff 1f       	adc	r31, r31
    8306:	bb 1f       	adc	r27, r27
    8308:	66 1f       	adc	r22, r22
    830a:	77 1f       	adc	r23, r23
    830c:	88 1f       	adc	r24, r24
    830e:	91 50       	subi	r25, 0x01	; 1
    8310:	50 40       	sbci	r21, 0x00	; 0
    8312:	a9 f7       	brne	.-22     	; 0x82fe <__mulsf3_pse+0x64>
    8314:	9e 3f       	cpi	r25, 0xFE	; 254
    8316:	51 05       	cpc	r21, r1
    8318:	70 f0       	brcs	.+28     	; 0x8336 <__mulsf3_pse+0x9c>
    831a:	5c cf       	rjmp	.-328    	; 0x81d4 <__fp_inf>
    831c:	a6 cf       	rjmp	.-180    	; 0x826a <__fp_szero>
    831e:	5f 3f       	cpi	r21, 0xFF	; 255
    8320:	ec f3       	brlt	.-6      	; 0x831c <__mulsf3_pse+0x82>
    8322:	98 3e       	cpi	r25, 0xE8	; 232
    8324:	dc f3       	brlt	.-10     	; 0x831c <__mulsf3_pse+0x82>
    8326:	86 95       	lsr	r24
    8328:	77 95       	ror	r23
    832a:	67 95       	ror	r22
    832c:	b7 95       	ror	r27
    832e:	f7 95       	ror	r31
    8330:	e7 95       	ror	r30
    8332:	9f 5f       	subi	r25, 0xFF	; 255
    8334:	c1 f7       	brne	.-16     	; 0x8326 <__mulsf3_pse+0x8c>
    8336:	fe 2b       	or	r31, r30
    8338:	88 0f       	add	r24, r24
    833a:	91 1d       	adc	r25, r1
    833c:	96 95       	lsr	r25
    833e:	87 95       	ror	r24
    8340:	97 f9       	bld	r25, 7
    8342:	08 95       	ret

00008344 <__udivmodqi4>:
    8344:	99 1b       	sub	r25, r25
    8346:	79 e0       	ldi	r23, 0x09	; 9
    8348:	04 c0       	rjmp	.+8      	; 0x8352 <__udivmodqi4_ep>

0000834a <__udivmodqi4_loop>:
    834a:	99 1f       	adc	r25, r25
    834c:	96 17       	cp	r25, r22
    834e:	08 f0       	brcs	.+2      	; 0x8352 <__udivmodqi4_ep>
    8350:	96 1b       	sub	r25, r22

00008352 <__udivmodqi4_ep>:
    8352:	88 1f       	adc	r24, r24
    8354:	7a 95       	dec	r23
    8356:	c9 f7       	brne	.-14     	; 0x834a <__udivmodqi4_loop>
    8358:	80 95       	com	r24
    835a:	08 95       	ret

0000835c <__divmodhi4>:
    835c:	97 fb       	bst	r25, 7
    835e:	07 2e       	mov	r0, r23
    8360:	16 f4       	brtc	.+4      	; 0x8366 <__divmodhi4+0xa>
    8362:	00 94       	com	r0
    8364:	06 d0       	rcall	.+12     	; 0x8372 <__divmodhi4_neg1>
    8366:	77 fd       	sbrc	r23, 7
    8368:	08 d0       	rcall	.+16     	; 0x837a <__divmodhi4_neg2>
    836a:	22 d0       	rcall	.+68     	; 0x83b0 <__udivmodhi4>
    836c:	07 fc       	sbrc	r0, 7
    836e:	05 d0       	rcall	.+10     	; 0x837a <__divmodhi4_neg2>
    8370:	3e f4       	brtc	.+14     	; 0x8380 <__divmodhi4_exit>

00008372 <__divmodhi4_neg1>:
    8372:	90 95       	com	r25
    8374:	81 95       	neg	r24
    8376:	9f 4f       	sbci	r25, 0xFF	; 255
    8378:	08 95       	ret

0000837a <__divmodhi4_neg2>:
    837a:	70 95       	com	r23
    837c:	61 95       	neg	r22
    837e:	7f 4f       	sbci	r23, 0xFF	; 255

00008380 <__divmodhi4_exit>:
    8380:	08 95       	ret

00008382 <__tablejump2__>:
    8382:	ee 0f       	add	r30, r30
    8384:	ff 1f       	adc	r31, r31
    8386:	88 1f       	adc	r24, r24
    8388:	8b bf       	out	0x3b, r24	; 59
    838a:	07 90       	elpm	r0, Z+
    838c:	f6 91       	elpm	r31, Z
    838e:	e0 2d       	mov	r30, r0
    8390:	19 94       	eijmp

00008392 <__umulhisi3>:
    8392:	a2 9f       	mul	r26, r18
    8394:	b0 01       	movw	r22, r0
    8396:	b3 9f       	mul	r27, r19
    8398:	c0 01       	movw	r24, r0
    839a:	a3 9f       	mul	r26, r19
    839c:	70 0d       	add	r23, r0
    839e:	81 1d       	adc	r24, r1
    83a0:	11 24       	eor	r1, r1
    83a2:	91 1d       	adc	r25, r1
    83a4:	b2 9f       	mul	r27, r18
    83a6:	70 0d       	add	r23, r0
    83a8:	81 1d       	adc	r24, r1
    83aa:	11 24       	eor	r1, r1
    83ac:	91 1d       	adc	r25, r1
    83ae:	08 95       	ret

000083b0 <__udivmodhi4>:
    83b0:	aa 1b       	sub	r26, r26
    83b2:	bb 1b       	sub	r27, r27
    83b4:	51 e1       	ldi	r21, 0x11	; 17
    83b6:	07 c0       	rjmp	.+14     	; 0x83c6 <__udivmodhi4_ep>

000083b8 <__udivmodhi4_loop>:
    83b8:	aa 1f       	adc	r26, r26
    83ba:	bb 1f       	adc	r27, r27
    83bc:	a6 17       	cp	r26, r22
    83be:	b7 07       	cpc	r27, r23
    83c0:	10 f0       	brcs	.+4      	; 0x83c6 <__udivmodhi4_ep>
    83c2:	a6 1b       	sub	r26, r22
    83c4:	b7 0b       	sbc	r27, r23

000083c6 <__udivmodhi4_ep>:
    83c6:	88 1f       	adc	r24, r24
    83c8:	99 1f       	adc	r25, r25
    83ca:	5a 95       	dec	r21
    83cc:	a9 f7       	brne	.-22     	; 0x83b8 <__udivmodhi4_loop>
    83ce:	80 95       	com	r24
    83d0:	90 95       	com	r25
    83d2:	bc 01       	movw	r22, r24
    83d4:	cd 01       	movw	r24, r26
    83d6:	08 95       	ret

000083d8 <do_rand>:
    83d8:	8f 92       	push	r8
    83da:	9f 92       	push	r9
    83dc:	af 92       	push	r10
    83de:	bf 92       	push	r11
    83e0:	cf 92       	push	r12
    83e2:	df 92       	push	r13
    83e4:	ef 92       	push	r14
    83e6:	ff 92       	push	r15
    83e8:	cf 93       	push	r28
    83ea:	df 93       	push	r29
    83ec:	ec 01       	movw	r28, r24
    83ee:	68 81       	ld	r22, Y
    83f0:	79 81       	ldd	r23, Y+1	; 0x01
    83f2:	8a 81       	ldd	r24, Y+2	; 0x02
    83f4:	9b 81       	ldd	r25, Y+3	; 0x03
    83f6:	61 15       	cp	r22, r1
    83f8:	71 05       	cpc	r23, r1
    83fa:	81 05       	cpc	r24, r1
    83fc:	91 05       	cpc	r25, r1
    83fe:	21 f4       	brne	.+8      	; 0x8408 <do_rand+0x30>
    8400:	64 e2       	ldi	r22, 0x24	; 36
    8402:	79 ed       	ldi	r23, 0xD9	; 217
    8404:	8b e5       	ldi	r24, 0x5B	; 91
    8406:	97 e0       	ldi	r25, 0x07	; 7
    8408:	2d e1       	ldi	r18, 0x1D	; 29
    840a:	33 ef       	ldi	r19, 0xF3	; 243
    840c:	41 e0       	ldi	r20, 0x01	; 1
    840e:	50 e0       	ldi	r21, 0x00	; 0
    8410:	13 d3       	rcall	.+1574   	; 0x8a38 <__divmodsi4>
    8412:	49 01       	movw	r8, r18
    8414:	5a 01       	movw	r10, r20
    8416:	9b 01       	movw	r18, r22
    8418:	ac 01       	movw	r20, r24
    841a:	a7 ea       	ldi	r26, 0xA7	; 167
    841c:	b1 e4       	ldi	r27, 0x41	; 65
    841e:	28 d3       	rcall	.+1616   	; 0x8a70 <__muluhisi3>
    8420:	6b 01       	movw	r12, r22
    8422:	7c 01       	movw	r14, r24
    8424:	ac ee       	ldi	r26, 0xEC	; 236
    8426:	b4 ef       	ldi	r27, 0xF4	; 244
    8428:	a5 01       	movw	r20, r10
    842a:	94 01       	movw	r18, r8
    842c:	2d d3       	rcall	.+1626   	; 0x8a88 <__mulohisi3>
    842e:	dc 01       	movw	r26, r24
    8430:	cb 01       	movw	r24, r22
    8432:	8c 0d       	add	r24, r12
    8434:	9d 1d       	adc	r25, r13
    8436:	ae 1d       	adc	r26, r14
    8438:	bf 1d       	adc	r27, r15
    843a:	b7 ff       	sbrs	r27, 7
    843c:	03 c0       	rjmp	.+6      	; 0x8444 <do_rand+0x6c>
    843e:	01 97       	sbiw	r24, 0x01	; 1
    8440:	a1 09       	sbc	r26, r1
    8442:	b0 48       	sbci	r27, 0x80	; 128
    8444:	88 83       	st	Y, r24
    8446:	99 83       	std	Y+1, r25	; 0x01
    8448:	aa 83       	std	Y+2, r26	; 0x02
    844a:	bb 83       	std	Y+3, r27	; 0x03
    844c:	9f 77       	andi	r25, 0x7F	; 127
    844e:	df 91       	pop	r29
    8450:	cf 91       	pop	r28
    8452:	ff 90       	pop	r15
    8454:	ef 90       	pop	r14
    8456:	df 90       	pop	r13
    8458:	cf 90       	pop	r12
    845a:	bf 90       	pop	r11
    845c:	af 90       	pop	r10
    845e:	9f 90       	pop	r9
    8460:	8f 90       	pop	r8
    8462:	08 95       	ret

00008464 <rand_r>:
    8464:	b9 cf       	rjmp	.-142    	; 0x83d8 <do_rand>

00008466 <rand>:
    8466:	80 e0       	ldi	r24, 0x00	; 0
    8468:	92 e0       	ldi	r25, 0x02	; 2
    846a:	b6 cf       	rjmp	.-148    	; 0x83d8 <do_rand>

0000846c <srand>:
    846c:	a0 e0       	ldi	r26, 0x00	; 0
    846e:	b0 e0       	ldi	r27, 0x00	; 0
    8470:	80 93 00 02 	sts	0x0200, r24	; 0x800200 <__DATA_REGION_ORIGIN__>
    8474:	90 93 01 02 	sts	0x0201, r25	; 0x800201 <__DATA_REGION_ORIGIN__+0x1>
    8478:	a0 93 02 02 	sts	0x0202, r26	; 0x800202 <__DATA_REGION_ORIGIN__+0x2>
    847c:	b0 93 03 02 	sts	0x0203, r27	; 0x800203 <__DATA_REGION_ORIGIN__+0x3>
    8480:	08 95       	ret

00008482 <sprintf>:
    8482:	0f 93       	push	r16
    8484:	1f 93       	push	r17
    8486:	cf 93       	push	r28
    8488:	df 93       	push	r29
    848a:	cd b7       	in	r28, 0x3d	; 61
    848c:	de b7       	in	r29, 0x3e	; 62
    848e:	2e 97       	sbiw	r28, 0x0e	; 14
    8490:	0f b6       	in	r0, 0x3f	; 63
    8492:	f8 94       	cli
    8494:	de bf       	out	0x3e, r29	; 62
    8496:	0f be       	out	0x3f, r0	; 63
    8498:	cd bf       	out	0x3d, r28	; 61
    849a:	0e 89       	ldd	r16, Y+22	; 0x16
    849c:	1f 89       	ldd	r17, Y+23	; 0x17
    849e:	86 e0       	ldi	r24, 0x06	; 6
    84a0:	8c 83       	std	Y+4, r24	; 0x04
    84a2:	1a 83       	std	Y+2, r17	; 0x02
    84a4:	09 83       	std	Y+1, r16	; 0x01
    84a6:	8f ef       	ldi	r24, 0xFF	; 255
    84a8:	9f e7       	ldi	r25, 0x7F	; 127
    84aa:	9e 83       	std	Y+6, r25	; 0x06
    84ac:	8d 83       	std	Y+5, r24	; 0x05
    84ae:	ae 01       	movw	r20, r28
    84b0:	46 5e       	subi	r20, 0xE6	; 230
    84b2:	5f 4f       	sbci	r21, 0xFF	; 255
    84b4:	68 8d       	ldd	r22, Y+24	; 0x18
    84b6:	79 8d       	ldd	r23, Y+25	; 0x19
    84b8:	ce 01       	movw	r24, r28
    84ba:	01 96       	adiw	r24, 0x01	; 1
    84bc:	10 d0       	rcall	.+32     	; 0x84de <vfprintf>
    84be:	ef 81       	ldd	r30, Y+7	; 0x07
    84c0:	f8 85       	ldd	r31, Y+8	; 0x08
    84c2:	e0 0f       	add	r30, r16
    84c4:	f1 1f       	adc	r31, r17
    84c6:	10 82       	st	Z, r1
    84c8:	2e 96       	adiw	r28, 0x0e	; 14
    84ca:	0f b6       	in	r0, 0x3f	; 63
    84cc:	f8 94       	cli
    84ce:	de bf       	out	0x3e, r29	; 62
    84d0:	0f be       	out	0x3f, r0	; 63
    84d2:	cd bf       	out	0x3d, r28	; 61
    84d4:	df 91       	pop	r29
    84d6:	cf 91       	pop	r28
    84d8:	1f 91       	pop	r17
    84da:	0f 91       	pop	r16
    84dc:	08 95       	ret

000084de <vfprintf>:
    84de:	2f 92       	push	r2
    84e0:	3f 92       	push	r3
    84e2:	4f 92       	push	r4
    84e4:	5f 92       	push	r5
    84e6:	6f 92       	push	r6
    84e8:	7f 92       	push	r7
    84ea:	8f 92       	push	r8
    84ec:	9f 92       	push	r9
    84ee:	af 92       	push	r10
    84f0:	bf 92       	push	r11
    84f2:	cf 92       	push	r12
    84f4:	df 92       	push	r13
    84f6:	ef 92       	push	r14
    84f8:	ff 92       	push	r15
    84fa:	0f 93       	push	r16
    84fc:	1f 93       	push	r17
    84fe:	cf 93       	push	r28
    8500:	df 93       	push	r29
    8502:	cd b7       	in	r28, 0x3d	; 61
    8504:	de b7       	in	r29, 0x3e	; 62
    8506:	2b 97       	sbiw	r28, 0x0b	; 11
    8508:	0f b6       	in	r0, 0x3f	; 63
    850a:	f8 94       	cli
    850c:	de bf       	out	0x3e, r29	; 62
    850e:	0f be       	out	0x3f, r0	; 63
    8510:	cd bf       	out	0x3d, r28	; 61
    8512:	6c 01       	movw	r12, r24
    8514:	7b 01       	movw	r14, r22
    8516:	8a 01       	movw	r16, r20
    8518:	fc 01       	movw	r30, r24
    851a:	17 82       	std	Z+7, r1	; 0x07
    851c:	16 82       	std	Z+6, r1	; 0x06
    851e:	83 81       	ldd	r24, Z+3	; 0x03
    8520:	81 ff       	sbrs	r24, 1
    8522:	bf c1       	rjmp	.+894    	; 0x88a2 <vfprintf+0x3c4>
    8524:	ce 01       	movw	r24, r28
    8526:	01 96       	adiw	r24, 0x01	; 1
    8528:	3c 01       	movw	r6, r24
    852a:	f6 01       	movw	r30, r12
    852c:	93 81       	ldd	r25, Z+3	; 0x03
    852e:	f7 01       	movw	r30, r14
    8530:	93 fd       	sbrc	r25, 3
    8532:	85 91       	lpm	r24, Z+
    8534:	93 ff       	sbrs	r25, 3
    8536:	81 91       	ld	r24, Z+
    8538:	7f 01       	movw	r14, r30
    853a:	88 23       	and	r24, r24
    853c:	09 f4       	brne	.+2      	; 0x8540 <vfprintf+0x62>
    853e:	ad c1       	rjmp	.+858    	; 0x889a <vfprintf+0x3bc>
    8540:	85 32       	cpi	r24, 0x25	; 37
    8542:	39 f4       	brne	.+14     	; 0x8552 <vfprintf+0x74>
    8544:	93 fd       	sbrc	r25, 3
    8546:	85 91       	lpm	r24, Z+
    8548:	93 ff       	sbrs	r25, 3
    854a:	81 91       	ld	r24, Z+
    854c:	7f 01       	movw	r14, r30
    854e:	85 32       	cpi	r24, 0x25	; 37
    8550:	21 f4       	brne	.+8      	; 0x855a <vfprintf+0x7c>
    8552:	b6 01       	movw	r22, r12
    8554:	90 e0       	ldi	r25, 0x00	; 0
    8556:	d6 d1       	rcall	.+940    	; 0x8904 <fputc>
    8558:	e8 cf       	rjmp	.-48     	; 0x852a <vfprintf+0x4c>
    855a:	91 2c       	mov	r9, r1
    855c:	21 2c       	mov	r2, r1
    855e:	31 2c       	mov	r3, r1
    8560:	ff e1       	ldi	r31, 0x1F	; 31
    8562:	f3 15       	cp	r31, r3
    8564:	d8 f0       	brcs	.+54     	; 0x859c <vfprintf+0xbe>
    8566:	8b 32       	cpi	r24, 0x2B	; 43
    8568:	79 f0       	breq	.+30     	; 0x8588 <vfprintf+0xaa>
    856a:	38 f4       	brcc	.+14     	; 0x857a <vfprintf+0x9c>
    856c:	80 32       	cpi	r24, 0x20	; 32
    856e:	79 f0       	breq	.+30     	; 0x858e <vfprintf+0xb0>
    8570:	83 32       	cpi	r24, 0x23	; 35
    8572:	a1 f4       	brne	.+40     	; 0x859c <vfprintf+0xbe>
    8574:	23 2d       	mov	r18, r3
    8576:	20 61       	ori	r18, 0x10	; 16
    8578:	1d c0       	rjmp	.+58     	; 0x85b4 <vfprintf+0xd6>
    857a:	8d 32       	cpi	r24, 0x2D	; 45
    857c:	61 f0       	breq	.+24     	; 0x8596 <vfprintf+0xb8>
    857e:	80 33       	cpi	r24, 0x30	; 48
    8580:	69 f4       	brne	.+26     	; 0x859c <vfprintf+0xbe>
    8582:	23 2d       	mov	r18, r3
    8584:	21 60       	ori	r18, 0x01	; 1
    8586:	16 c0       	rjmp	.+44     	; 0x85b4 <vfprintf+0xd6>
    8588:	83 2d       	mov	r24, r3
    858a:	82 60       	ori	r24, 0x02	; 2
    858c:	38 2e       	mov	r3, r24
    858e:	e3 2d       	mov	r30, r3
    8590:	e4 60       	ori	r30, 0x04	; 4
    8592:	3e 2e       	mov	r3, r30
    8594:	2a c0       	rjmp	.+84     	; 0x85ea <vfprintf+0x10c>
    8596:	f3 2d       	mov	r31, r3
    8598:	f8 60       	ori	r31, 0x08	; 8
    859a:	1d c0       	rjmp	.+58     	; 0x85d6 <vfprintf+0xf8>
    859c:	37 fc       	sbrc	r3, 7
    859e:	2d c0       	rjmp	.+90     	; 0x85fa <vfprintf+0x11c>
    85a0:	20 ed       	ldi	r18, 0xD0	; 208
    85a2:	28 0f       	add	r18, r24
    85a4:	2a 30       	cpi	r18, 0x0A	; 10
    85a6:	40 f0       	brcs	.+16     	; 0x85b8 <vfprintf+0xda>
    85a8:	8e 32       	cpi	r24, 0x2E	; 46
    85aa:	b9 f4       	brne	.+46     	; 0x85da <vfprintf+0xfc>
    85ac:	36 fc       	sbrc	r3, 6
    85ae:	75 c1       	rjmp	.+746    	; 0x889a <vfprintf+0x3bc>
    85b0:	23 2d       	mov	r18, r3
    85b2:	20 64       	ori	r18, 0x40	; 64
    85b4:	32 2e       	mov	r3, r18
    85b6:	19 c0       	rjmp	.+50     	; 0x85ea <vfprintf+0x10c>
    85b8:	36 fe       	sbrs	r3, 6
    85ba:	06 c0       	rjmp	.+12     	; 0x85c8 <vfprintf+0xea>
    85bc:	8a e0       	ldi	r24, 0x0A	; 10
    85be:	98 9e       	mul	r9, r24
    85c0:	20 0d       	add	r18, r0
    85c2:	11 24       	eor	r1, r1
    85c4:	92 2e       	mov	r9, r18
    85c6:	11 c0       	rjmp	.+34     	; 0x85ea <vfprintf+0x10c>
    85c8:	ea e0       	ldi	r30, 0x0A	; 10
    85ca:	2e 9e       	mul	r2, r30
    85cc:	20 0d       	add	r18, r0
    85ce:	11 24       	eor	r1, r1
    85d0:	22 2e       	mov	r2, r18
    85d2:	f3 2d       	mov	r31, r3
    85d4:	f0 62       	ori	r31, 0x20	; 32
    85d6:	3f 2e       	mov	r3, r31
    85d8:	08 c0       	rjmp	.+16     	; 0x85ea <vfprintf+0x10c>
    85da:	8c 36       	cpi	r24, 0x6C	; 108
    85dc:	21 f4       	brne	.+8      	; 0x85e6 <vfprintf+0x108>
    85de:	83 2d       	mov	r24, r3
    85e0:	80 68       	ori	r24, 0x80	; 128
    85e2:	38 2e       	mov	r3, r24
    85e4:	02 c0       	rjmp	.+4      	; 0x85ea <vfprintf+0x10c>
    85e6:	88 36       	cpi	r24, 0x68	; 104
    85e8:	41 f4       	brne	.+16     	; 0x85fa <vfprintf+0x11c>
    85ea:	f7 01       	movw	r30, r14
    85ec:	93 fd       	sbrc	r25, 3
    85ee:	85 91       	lpm	r24, Z+
    85f0:	93 ff       	sbrs	r25, 3
    85f2:	81 91       	ld	r24, Z+
    85f4:	7f 01       	movw	r14, r30
    85f6:	81 11       	cpse	r24, r1
    85f8:	b3 cf       	rjmp	.-154    	; 0x8560 <vfprintf+0x82>
    85fa:	98 2f       	mov	r25, r24
    85fc:	9f 7d       	andi	r25, 0xDF	; 223
    85fe:	95 54       	subi	r25, 0x45	; 69
    8600:	93 30       	cpi	r25, 0x03	; 3
    8602:	28 f4       	brcc	.+10     	; 0x860e <vfprintf+0x130>
    8604:	0c 5f       	subi	r16, 0xFC	; 252
    8606:	1f 4f       	sbci	r17, 0xFF	; 255
    8608:	9f e3       	ldi	r25, 0x3F	; 63
    860a:	99 83       	std	Y+1, r25	; 0x01
    860c:	0d c0       	rjmp	.+26     	; 0x8628 <vfprintf+0x14a>
    860e:	83 36       	cpi	r24, 0x63	; 99
    8610:	31 f0       	breq	.+12     	; 0x861e <vfprintf+0x140>
    8612:	83 37       	cpi	r24, 0x73	; 115
    8614:	71 f0       	breq	.+28     	; 0x8632 <vfprintf+0x154>
    8616:	83 35       	cpi	r24, 0x53	; 83
    8618:	09 f0       	breq	.+2      	; 0x861c <vfprintf+0x13e>
    861a:	55 c0       	rjmp	.+170    	; 0x86c6 <vfprintf+0x1e8>
    861c:	20 c0       	rjmp	.+64     	; 0x865e <vfprintf+0x180>
    861e:	f8 01       	movw	r30, r16
    8620:	80 81       	ld	r24, Z
    8622:	89 83       	std	Y+1, r24	; 0x01
    8624:	0e 5f       	subi	r16, 0xFE	; 254
    8626:	1f 4f       	sbci	r17, 0xFF	; 255
    8628:	88 24       	eor	r8, r8
    862a:	83 94       	inc	r8
    862c:	91 2c       	mov	r9, r1
    862e:	53 01       	movw	r10, r6
    8630:	12 c0       	rjmp	.+36     	; 0x8656 <vfprintf+0x178>
    8632:	28 01       	movw	r4, r16
    8634:	f2 e0       	ldi	r31, 0x02	; 2
    8636:	4f 0e       	add	r4, r31
    8638:	51 1c       	adc	r5, r1
    863a:	f8 01       	movw	r30, r16
    863c:	a0 80       	ld	r10, Z
    863e:	b1 80       	ldd	r11, Z+1	; 0x01
    8640:	36 fe       	sbrs	r3, 6
    8642:	03 c0       	rjmp	.+6      	; 0x864a <vfprintf+0x16c>
    8644:	69 2d       	mov	r22, r9
    8646:	70 e0       	ldi	r23, 0x00	; 0
    8648:	02 c0       	rjmp	.+4      	; 0x864e <vfprintf+0x170>
    864a:	6f ef       	ldi	r22, 0xFF	; 255
    864c:	7f ef       	ldi	r23, 0xFF	; 255
    864e:	c5 01       	movw	r24, r10
    8650:	4e d1       	rcall	.+668    	; 0x88ee <strnlen>
    8652:	4c 01       	movw	r8, r24
    8654:	82 01       	movw	r16, r4
    8656:	f3 2d       	mov	r31, r3
    8658:	ff 77       	andi	r31, 0x7F	; 127
    865a:	3f 2e       	mov	r3, r31
    865c:	15 c0       	rjmp	.+42     	; 0x8688 <vfprintf+0x1aa>
    865e:	28 01       	movw	r4, r16
    8660:	22 e0       	ldi	r18, 0x02	; 2
    8662:	42 0e       	add	r4, r18
    8664:	51 1c       	adc	r5, r1
    8666:	f8 01       	movw	r30, r16
    8668:	a0 80       	ld	r10, Z
    866a:	b1 80       	ldd	r11, Z+1	; 0x01
    866c:	36 fe       	sbrs	r3, 6
    866e:	03 c0       	rjmp	.+6      	; 0x8676 <vfprintf+0x198>
    8670:	69 2d       	mov	r22, r9
    8672:	70 e0       	ldi	r23, 0x00	; 0
    8674:	02 c0       	rjmp	.+4      	; 0x867a <vfprintf+0x19c>
    8676:	6f ef       	ldi	r22, 0xFF	; 255
    8678:	7f ef       	ldi	r23, 0xFF	; 255
    867a:	c5 01       	movw	r24, r10
    867c:	2d d1       	rcall	.+602    	; 0x88d8 <strnlen_P>
    867e:	4c 01       	movw	r8, r24
    8680:	f3 2d       	mov	r31, r3
    8682:	f0 68       	ori	r31, 0x80	; 128
    8684:	3f 2e       	mov	r3, r31
    8686:	82 01       	movw	r16, r4
    8688:	33 fc       	sbrc	r3, 3
    868a:	19 c0       	rjmp	.+50     	; 0x86be <vfprintf+0x1e0>
    868c:	82 2d       	mov	r24, r2
    868e:	90 e0       	ldi	r25, 0x00	; 0
    8690:	88 16       	cp	r8, r24
    8692:	99 06       	cpc	r9, r25
    8694:	a0 f4       	brcc	.+40     	; 0x86be <vfprintf+0x1e0>
    8696:	b6 01       	movw	r22, r12
    8698:	80 e2       	ldi	r24, 0x20	; 32
    869a:	90 e0       	ldi	r25, 0x00	; 0
    869c:	33 d1       	rcall	.+614    	; 0x8904 <fputc>
    869e:	2a 94       	dec	r2
    86a0:	f5 cf       	rjmp	.-22     	; 0x868c <vfprintf+0x1ae>
    86a2:	f5 01       	movw	r30, r10
    86a4:	37 fc       	sbrc	r3, 7
    86a6:	85 91       	lpm	r24, Z+
    86a8:	37 fe       	sbrs	r3, 7
    86aa:	81 91       	ld	r24, Z+
    86ac:	5f 01       	movw	r10, r30
    86ae:	b6 01       	movw	r22, r12
    86b0:	90 e0       	ldi	r25, 0x00	; 0
    86b2:	28 d1       	rcall	.+592    	; 0x8904 <fputc>
    86b4:	21 10       	cpse	r2, r1
    86b6:	2a 94       	dec	r2
    86b8:	21 e0       	ldi	r18, 0x01	; 1
    86ba:	82 1a       	sub	r8, r18
    86bc:	91 08       	sbc	r9, r1
    86be:	81 14       	cp	r8, r1
    86c0:	91 04       	cpc	r9, r1
    86c2:	79 f7       	brne	.-34     	; 0x86a2 <vfprintf+0x1c4>
    86c4:	e1 c0       	rjmp	.+450    	; 0x8888 <vfprintf+0x3aa>
    86c6:	84 36       	cpi	r24, 0x64	; 100
    86c8:	11 f0       	breq	.+4      	; 0x86ce <vfprintf+0x1f0>
    86ca:	89 36       	cpi	r24, 0x69	; 105
    86cc:	39 f5       	brne	.+78     	; 0x871c <vfprintf+0x23e>
    86ce:	f8 01       	movw	r30, r16
    86d0:	37 fe       	sbrs	r3, 7
    86d2:	07 c0       	rjmp	.+14     	; 0x86e2 <vfprintf+0x204>
    86d4:	60 81       	ld	r22, Z
    86d6:	71 81       	ldd	r23, Z+1	; 0x01
    86d8:	82 81       	ldd	r24, Z+2	; 0x02
    86da:	93 81       	ldd	r25, Z+3	; 0x03
    86dc:	0c 5f       	subi	r16, 0xFC	; 252
    86de:	1f 4f       	sbci	r17, 0xFF	; 255
    86e0:	08 c0       	rjmp	.+16     	; 0x86f2 <vfprintf+0x214>
    86e2:	60 81       	ld	r22, Z
    86e4:	71 81       	ldd	r23, Z+1	; 0x01
    86e6:	07 2e       	mov	r0, r23
    86e8:	00 0c       	add	r0, r0
    86ea:	88 0b       	sbc	r24, r24
    86ec:	99 0b       	sbc	r25, r25
    86ee:	0e 5f       	subi	r16, 0xFE	; 254
    86f0:	1f 4f       	sbci	r17, 0xFF	; 255
    86f2:	f3 2d       	mov	r31, r3
    86f4:	ff 76       	andi	r31, 0x6F	; 111
    86f6:	3f 2e       	mov	r3, r31
    86f8:	97 ff       	sbrs	r25, 7
    86fa:	09 c0       	rjmp	.+18     	; 0x870e <vfprintf+0x230>
    86fc:	90 95       	com	r25
    86fe:	80 95       	com	r24
    8700:	70 95       	com	r23
    8702:	61 95       	neg	r22
    8704:	7f 4f       	sbci	r23, 0xFF	; 255
    8706:	8f 4f       	sbci	r24, 0xFF	; 255
    8708:	9f 4f       	sbci	r25, 0xFF	; 255
    870a:	f0 68       	ori	r31, 0x80	; 128
    870c:	3f 2e       	mov	r3, r31
    870e:	2a e0       	ldi	r18, 0x0A	; 10
    8710:	30 e0       	ldi	r19, 0x00	; 0
    8712:	a3 01       	movw	r20, r6
    8714:	33 d1       	rcall	.+614    	; 0x897c <__ultoa_invert>
    8716:	88 2e       	mov	r8, r24
    8718:	86 18       	sub	r8, r6
    871a:	44 c0       	rjmp	.+136    	; 0x87a4 <vfprintf+0x2c6>
    871c:	85 37       	cpi	r24, 0x75	; 117
    871e:	31 f4       	brne	.+12     	; 0x872c <vfprintf+0x24e>
    8720:	23 2d       	mov	r18, r3
    8722:	2f 7e       	andi	r18, 0xEF	; 239
    8724:	b2 2e       	mov	r11, r18
    8726:	2a e0       	ldi	r18, 0x0A	; 10
    8728:	30 e0       	ldi	r19, 0x00	; 0
    872a:	25 c0       	rjmp	.+74     	; 0x8776 <vfprintf+0x298>
    872c:	93 2d       	mov	r25, r3
    872e:	99 7f       	andi	r25, 0xF9	; 249
    8730:	b9 2e       	mov	r11, r25
    8732:	8f 36       	cpi	r24, 0x6F	; 111
    8734:	c1 f0       	breq	.+48     	; 0x8766 <vfprintf+0x288>
    8736:	18 f4       	brcc	.+6      	; 0x873e <vfprintf+0x260>
    8738:	88 35       	cpi	r24, 0x58	; 88
    873a:	79 f0       	breq	.+30     	; 0x875a <vfprintf+0x27c>
    873c:	ae c0       	rjmp	.+348    	; 0x889a <vfprintf+0x3bc>
    873e:	80 37       	cpi	r24, 0x70	; 112
    8740:	19 f0       	breq	.+6      	; 0x8748 <vfprintf+0x26a>
    8742:	88 37       	cpi	r24, 0x78	; 120
    8744:	21 f0       	breq	.+8      	; 0x874e <vfprintf+0x270>
    8746:	a9 c0       	rjmp	.+338    	; 0x889a <vfprintf+0x3bc>
    8748:	e9 2f       	mov	r30, r25
    874a:	e0 61       	ori	r30, 0x10	; 16
    874c:	be 2e       	mov	r11, r30
    874e:	b4 fe       	sbrs	r11, 4
    8750:	0d c0       	rjmp	.+26     	; 0x876c <vfprintf+0x28e>
    8752:	fb 2d       	mov	r31, r11
    8754:	f4 60       	ori	r31, 0x04	; 4
    8756:	bf 2e       	mov	r11, r31
    8758:	09 c0       	rjmp	.+18     	; 0x876c <vfprintf+0x28e>
    875a:	34 fe       	sbrs	r3, 4
    875c:	0a c0       	rjmp	.+20     	; 0x8772 <vfprintf+0x294>
    875e:	29 2f       	mov	r18, r25
    8760:	26 60       	ori	r18, 0x06	; 6
    8762:	b2 2e       	mov	r11, r18
    8764:	06 c0       	rjmp	.+12     	; 0x8772 <vfprintf+0x294>
    8766:	28 e0       	ldi	r18, 0x08	; 8
    8768:	30 e0       	ldi	r19, 0x00	; 0
    876a:	05 c0       	rjmp	.+10     	; 0x8776 <vfprintf+0x298>
    876c:	20 e1       	ldi	r18, 0x10	; 16
    876e:	30 e0       	ldi	r19, 0x00	; 0
    8770:	02 c0       	rjmp	.+4      	; 0x8776 <vfprintf+0x298>
    8772:	20 e1       	ldi	r18, 0x10	; 16
    8774:	32 e0       	ldi	r19, 0x02	; 2
    8776:	f8 01       	movw	r30, r16
    8778:	b7 fe       	sbrs	r11, 7
    877a:	07 c0       	rjmp	.+14     	; 0x878a <vfprintf+0x2ac>
    877c:	60 81       	ld	r22, Z
    877e:	71 81       	ldd	r23, Z+1	; 0x01
    8780:	82 81       	ldd	r24, Z+2	; 0x02
    8782:	93 81       	ldd	r25, Z+3	; 0x03
    8784:	0c 5f       	subi	r16, 0xFC	; 252
    8786:	1f 4f       	sbci	r17, 0xFF	; 255
    8788:	06 c0       	rjmp	.+12     	; 0x8796 <vfprintf+0x2b8>
    878a:	60 81       	ld	r22, Z
    878c:	71 81       	ldd	r23, Z+1	; 0x01
    878e:	80 e0       	ldi	r24, 0x00	; 0
    8790:	90 e0       	ldi	r25, 0x00	; 0
    8792:	0e 5f       	subi	r16, 0xFE	; 254
    8794:	1f 4f       	sbci	r17, 0xFF	; 255
    8796:	a3 01       	movw	r20, r6
    8798:	f1 d0       	rcall	.+482    	; 0x897c <__ultoa_invert>
    879a:	88 2e       	mov	r8, r24
    879c:	86 18       	sub	r8, r6
    879e:	fb 2d       	mov	r31, r11
    87a0:	ff 77       	andi	r31, 0x7F	; 127
    87a2:	3f 2e       	mov	r3, r31
    87a4:	36 fe       	sbrs	r3, 6
    87a6:	0d c0       	rjmp	.+26     	; 0x87c2 <vfprintf+0x2e4>
    87a8:	23 2d       	mov	r18, r3
    87aa:	2e 7f       	andi	r18, 0xFE	; 254
    87ac:	a2 2e       	mov	r10, r18
    87ae:	89 14       	cp	r8, r9
    87b0:	58 f4       	brcc	.+22     	; 0x87c8 <vfprintf+0x2ea>
    87b2:	34 fe       	sbrs	r3, 4
    87b4:	0b c0       	rjmp	.+22     	; 0x87cc <vfprintf+0x2ee>
    87b6:	32 fc       	sbrc	r3, 2
    87b8:	09 c0       	rjmp	.+18     	; 0x87cc <vfprintf+0x2ee>
    87ba:	83 2d       	mov	r24, r3
    87bc:	8e 7e       	andi	r24, 0xEE	; 238
    87be:	a8 2e       	mov	r10, r24
    87c0:	05 c0       	rjmp	.+10     	; 0x87cc <vfprintf+0x2ee>
    87c2:	b8 2c       	mov	r11, r8
    87c4:	a3 2c       	mov	r10, r3
    87c6:	03 c0       	rjmp	.+6      	; 0x87ce <vfprintf+0x2f0>
    87c8:	b8 2c       	mov	r11, r8
    87ca:	01 c0       	rjmp	.+2      	; 0x87ce <vfprintf+0x2f0>
    87cc:	b9 2c       	mov	r11, r9
    87ce:	a4 fe       	sbrs	r10, 4
    87d0:	0f c0       	rjmp	.+30     	; 0x87f0 <vfprintf+0x312>
    87d2:	fe 01       	movw	r30, r28
    87d4:	e8 0d       	add	r30, r8
    87d6:	f1 1d       	adc	r31, r1
    87d8:	80 81       	ld	r24, Z
    87da:	80 33       	cpi	r24, 0x30	; 48
    87dc:	21 f4       	brne	.+8      	; 0x87e6 <vfprintf+0x308>
    87de:	9a 2d       	mov	r25, r10
    87e0:	99 7e       	andi	r25, 0xE9	; 233
    87e2:	a9 2e       	mov	r10, r25
    87e4:	09 c0       	rjmp	.+18     	; 0x87f8 <vfprintf+0x31a>
    87e6:	a2 fe       	sbrs	r10, 2
    87e8:	06 c0       	rjmp	.+12     	; 0x87f6 <vfprintf+0x318>
    87ea:	b3 94       	inc	r11
    87ec:	b3 94       	inc	r11
    87ee:	04 c0       	rjmp	.+8      	; 0x87f8 <vfprintf+0x31a>
    87f0:	8a 2d       	mov	r24, r10
    87f2:	86 78       	andi	r24, 0x86	; 134
    87f4:	09 f0       	breq	.+2      	; 0x87f8 <vfprintf+0x31a>
    87f6:	b3 94       	inc	r11
    87f8:	a3 fc       	sbrc	r10, 3
    87fa:	10 c0       	rjmp	.+32     	; 0x881c <vfprintf+0x33e>
    87fc:	a0 fe       	sbrs	r10, 0
    87fe:	06 c0       	rjmp	.+12     	; 0x880c <vfprintf+0x32e>
    8800:	b2 14       	cp	r11, r2
    8802:	80 f4       	brcc	.+32     	; 0x8824 <vfprintf+0x346>
    8804:	28 0c       	add	r2, r8
    8806:	92 2c       	mov	r9, r2
    8808:	9b 18       	sub	r9, r11
    880a:	0d c0       	rjmp	.+26     	; 0x8826 <vfprintf+0x348>
    880c:	b2 14       	cp	r11, r2
    880e:	58 f4       	brcc	.+22     	; 0x8826 <vfprintf+0x348>
    8810:	b6 01       	movw	r22, r12
    8812:	80 e2       	ldi	r24, 0x20	; 32
    8814:	90 e0       	ldi	r25, 0x00	; 0
    8816:	76 d0       	rcall	.+236    	; 0x8904 <fputc>
    8818:	b3 94       	inc	r11
    881a:	f8 cf       	rjmp	.-16     	; 0x880c <vfprintf+0x32e>
    881c:	b2 14       	cp	r11, r2
    881e:	18 f4       	brcc	.+6      	; 0x8826 <vfprintf+0x348>
    8820:	2b 18       	sub	r2, r11
    8822:	02 c0       	rjmp	.+4      	; 0x8828 <vfprintf+0x34a>
    8824:	98 2c       	mov	r9, r8
    8826:	21 2c       	mov	r2, r1
    8828:	a4 fe       	sbrs	r10, 4
    882a:	0f c0       	rjmp	.+30     	; 0x884a <vfprintf+0x36c>
    882c:	b6 01       	movw	r22, r12
    882e:	80 e3       	ldi	r24, 0x30	; 48
    8830:	90 e0       	ldi	r25, 0x00	; 0
    8832:	68 d0       	rcall	.+208    	; 0x8904 <fputc>
    8834:	a2 fe       	sbrs	r10, 2
    8836:	16 c0       	rjmp	.+44     	; 0x8864 <vfprintf+0x386>
    8838:	a1 fc       	sbrc	r10, 1
    883a:	03 c0       	rjmp	.+6      	; 0x8842 <vfprintf+0x364>
    883c:	88 e7       	ldi	r24, 0x78	; 120
    883e:	90 e0       	ldi	r25, 0x00	; 0
    8840:	02 c0       	rjmp	.+4      	; 0x8846 <vfprintf+0x368>
    8842:	88 e5       	ldi	r24, 0x58	; 88
    8844:	90 e0       	ldi	r25, 0x00	; 0
    8846:	b6 01       	movw	r22, r12
    8848:	0c c0       	rjmp	.+24     	; 0x8862 <vfprintf+0x384>
    884a:	8a 2d       	mov	r24, r10
    884c:	86 78       	andi	r24, 0x86	; 134
    884e:	51 f0       	breq	.+20     	; 0x8864 <vfprintf+0x386>
    8850:	a1 fe       	sbrs	r10, 1
    8852:	02 c0       	rjmp	.+4      	; 0x8858 <vfprintf+0x37a>
    8854:	8b e2       	ldi	r24, 0x2B	; 43
    8856:	01 c0       	rjmp	.+2      	; 0x885a <vfprintf+0x37c>
    8858:	80 e2       	ldi	r24, 0x20	; 32
    885a:	a7 fc       	sbrc	r10, 7
    885c:	8d e2       	ldi	r24, 0x2D	; 45
    885e:	b6 01       	movw	r22, r12
    8860:	90 e0       	ldi	r25, 0x00	; 0
    8862:	50 d0       	rcall	.+160    	; 0x8904 <fputc>
    8864:	89 14       	cp	r8, r9
    8866:	30 f4       	brcc	.+12     	; 0x8874 <vfprintf+0x396>
    8868:	b6 01       	movw	r22, r12
    886a:	80 e3       	ldi	r24, 0x30	; 48
    886c:	90 e0       	ldi	r25, 0x00	; 0
    886e:	4a d0       	rcall	.+148    	; 0x8904 <fputc>
    8870:	9a 94       	dec	r9
    8872:	f8 cf       	rjmp	.-16     	; 0x8864 <vfprintf+0x386>
    8874:	8a 94       	dec	r8
    8876:	f3 01       	movw	r30, r6
    8878:	e8 0d       	add	r30, r8
    887a:	f1 1d       	adc	r31, r1
    887c:	80 81       	ld	r24, Z
    887e:	b6 01       	movw	r22, r12
    8880:	90 e0       	ldi	r25, 0x00	; 0
    8882:	40 d0       	rcall	.+128    	; 0x8904 <fputc>
    8884:	81 10       	cpse	r8, r1
    8886:	f6 cf       	rjmp	.-20     	; 0x8874 <vfprintf+0x396>
    8888:	22 20       	and	r2, r2
    888a:	09 f4       	brne	.+2      	; 0x888e <vfprintf+0x3b0>
    888c:	4e ce       	rjmp	.-868    	; 0x852a <vfprintf+0x4c>
    888e:	b6 01       	movw	r22, r12
    8890:	80 e2       	ldi	r24, 0x20	; 32
    8892:	90 e0       	ldi	r25, 0x00	; 0
    8894:	37 d0       	rcall	.+110    	; 0x8904 <fputc>
    8896:	2a 94       	dec	r2
    8898:	f7 cf       	rjmp	.-18     	; 0x8888 <vfprintf+0x3aa>
    889a:	f6 01       	movw	r30, r12
    889c:	86 81       	ldd	r24, Z+6	; 0x06
    889e:	97 81       	ldd	r25, Z+7	; 0x07
    88a0:	02 c0       	rjmp	.+4      	; 0x88a6 <vfprintf+0x3c8>
    88a2:	8f ef       	ldi	r24, 0xFF	; 255
    88a4:	9f ef       	ldi	r25, 0xFF	; 255
    88a6:	2b 96       	adiw	r28, 0x0b	; 11
    88a8:	0f b6       	in	r0, 0x3f	; 63
    88aa:	f8 94       	cli
    88ac:	de bf       	out	0x3e, r29	; 62
    88ae:	0f be       	out	0x3f, r0	; 63
    88b0:	cd bf       	out	0x3d, r28	; 61
    88b2:	df 91       	pop	r29
    88b4:	cf 91       	pop	r28
    88b6:	1f 91       	pop	r17
    88b8:	0f 91       	pop	r16
    88ba:	ff 90       	pop	r15
    88bc:	ef 90       	pop	r14
    88be:	df 90       	pop	r13
    88c0:	cf 90       	pop	r12
    88c2:	bf 90       	pop	r11
    88c4:	af 90       	pop	r10
    88c6:	9f 90       	pop	r9
    88c8:	8f 90       	pop	r8
    88ca:	7f 90       	pop	r7
    88cc:	6f 90       	pop	r6
    88ce:	5f 90       	pop	r5
    88d0:	4f 90       	pop	r4
    88d2:	3f 90       	pop	r3
    88d4:	2f 90       	pop	r2
    88d6:	08 95       	ret

000088d8 <strnlen_P>:
    88d8:	fc 01       	movw	r30, r24
    88da:	05 90       	lpm	r0, Z+
    88dc:	61 50       	subi	r22, 0x01	; 1
    88de:	70 40       	sbci	r23, 0x00	; 0
    88e0:	01 10       	cpse	r0, r1
    88e2:	d8 f7       	brcc	.-10     	; 0x88da <strnlen_P+0x2>
    88e4:	80 95       	com	r24
    88e6:	90 95       	com	r25
    88e8:	8e 0f       	add	r24, r30
    88ea:	9f 1f       	adc	r25, r31
    88ec:	08 95       	ret

000088ee <strnlen>:
    88ee:	fc 01       	movw	r30, r24
    88f0:	61 50       	subi	r22, 0x01	; 1
    88f2:	70 40       	sbci	r23, 0x00	; 0
    88f4:	01 90       	ld	r0, Z+
    88f6:	01 10       	cpse	r0, r1
    88f8:	d8 f7       	brcc	.-10     	; 0x88f0 <strnlen+0x2>
    88fa:	80 95       	com	r24
    88fc:	90 95       	com	r25
    88fe:	8e 0f       	add	r24, r30
    8900:	9f 1f       	adc	r25, r31
    8902:	08 95       	ret

00008904 <fputc>:
    8904:	0f 93       	push	r16
    8906:	1f 93       	push	r17
    8908:	cf 93       	push	r28
    890a:	df 93       	push	r29
    890c:	fb 01       	movw	r30, r22
    890e:	23 81       	ldd	r18, Z+3	; 0x03
    8910:	21 fd       	sbrc	r18, 1
    8912:	03 c0       	rjmp	.+6      	; 0x891a <fputc+0x16>
    8914:	8f ef       	ldi	r24, 0xFF	; 255
    8916:	9f ef       	ldi	r25, 0xFF	; 255
    8918:	2c c0       	rjmp	.+88     	; 0x8972 <fputc+0x6e>
    891a:	22 ff       	sbrs	r18, 2
    891c:	16 c0       	rjmp	.+44     	; 0x894a <fputc+0x46>
    891e:	46 81       	ldd	r20, Z+6	; 0x06
    8920:	57 81       	ldd	r21, Z+7	; 0x07
    8922:	24 81       	ldd	r18, Z+4	; 0x04
    8924:	35 81       	ldd	r19, Z+5	; 0x05
    8926:	42 17       	cp	r20, r18
    8928:	53 07       	cpc	r21, r19
    892a:	44 f4       	brge	.+16     	; 0x893c <fputc+0x38>
    892c:	a0 81       	ld	r26, Z
    892e:	b1 81       	ldd	r27, Z+1	; 0x01
    8930:	9d 01       	movw	r18, r26
    8932:	2f 5f       	subi	r18, 0xFF	; 255
    8934:	3f 4f       	sbci	r19, 0xFF	; 255
    8936:	31 83       	std	Z+1, r19	; 0x01
    8938:	20 83       	st	Z, r18
    893a:	8c 93       	st	X, r24
    893c:	26 81       	ldd	r18, Z+6	; 0x06
    893e:	37 81       	ldd	r19, Z+7	; 0x07
    8940:	2f 5f       	subi	r18, 0xFF	; 255
    8942:	3f 4f       	sbci	r19, 0xFF	; 255
    8944:	37 83       	std	Z+7, r19	; 0x07
    8946:	26 83       	std	Z+6, r18	; 0x06
    8948:	14 c0       	rjmp	.+40     	; 0x8972 <fputc+0x6e>
    894a:	8b 01       	movw	r16, r22
    894c:	ec 01       	movw	r28, r24
    894e:	fb 01       	movw	r30, r22
    8950:	00 84       	ldd	r0, Z+8	; 0x08
    8952:	f1 85       	ldd	r31, Z+9	; 0x09
    8954:	e0 2d       	mov	r30, r0
    8956:	19 95       	eicall
    8958:	89 2b       	or	r24, r25
    895a:	e1 f6       	brne	.-72     	; 0x8914 <fputc+0x10>
    895c:	d8 01       	movw	r26, r16
    895e:	16 96       	adiw	r26, 0x06	; 6
    8960:	8d 91       	ld	r24, X+
    8962:	9c 91       	ld	r25, X
    8964:	17 97       	sbiw	r26, 0x07	; 7
    8966:	01 96       	adiw	r24, 0x01	; 1
    8968:	17 96       	adiw	r26, 0x07	; 7
    896a:	9c 93       	st	X, r25
    896c:	8e 93       	st	-X, r24
    896e:	16 97       	sbiw	r26, 0x06	; 6
    8970:	ce 01       	movw	r24, r28
    8972:	df 91       	pop	r29
    8974:	cf 91       	pop	r28
    8976:	1f 91       	pop	r17
    8978:	0f 91       	pop	r16
    897a:	08 95       	ret

0000897c <__ultoa_invert>:
    897c:	fa 01       	movw	r30, r20
    897e:	aa 27       	eor	r26, r26
    8980:	28 30       	cpi	r18, 0x08	; 8
    8982:	51 f1       	breq	.+84     	; 0x89d8 <__ultoa_invert+0x5c>
    8984:	20 31       	cpi	r18, 0x10	; 16
    8986:	81 f1       	breq	.+96     	; 0x89e8 <__ultoa_invert+0x6c>
    8988:	e8 94       	clt
    898a:	6f 93       	push	r22
    898c:	6e 7f       	andi	r22, 0xFE	; 254
    898e:	6e 5f       	subi	r22, 0xFE	; 254
    8990:	7f 4f       	sbci	r23, 0xFF	; 255
    8992:	8f 4f       	sbci	r24, 0xFF	; 255
    8994:	9f 4f       	sbci	r25, 0xFF	; 255
    8996:	af 4f       	sbci	r26, 0xFF	; 255
    8998:	b1 e0       	ldi	r27, 0x01	; 1
    899a:	3e d0       	rcall	.+124    	; 0x8a18 <__ultoa_invert+0x9c>
    899c:	b4 e0       	ldi	r27, 0x04	; 4
    899e:	3c d0       	rcall	.+120    	; 0x8a18 <__ultoa_invert+0x9c>
    89a0:	67 0f       	add	r22, r23
    89a2:	78 1f       	adc	r23, r24
    89a4:	89 1f       	adc	r24, r25
    89a6:	9a 1f       	adc	r25, r26
    89a8:	a1 1d       	adc	r26, r1
    89aa:	68 0f       	add	r22, r24
    89ac:	79 1f       	adc	r23, r25
    89ae:	8a 1f       	adc	r24, r26
    89b0:	91 1d       	adc	r25, r1
    89b2:	a1 1d       	adc	r26, r1
    89b4:	6a 0f       	add	r22, r26
    89b6:	71 1d       	adc	r23, r1
    89b8:	81 1d       	adc	r24, r1
    89ba:	91 1d       	adc	r25, r1
    89bc:	a1 1d       	adc	r26, r1
    89be:	20 d0       	rcall	.+64     	; 0x8a00 <__ultoa_invert+0x84>
    89c0:	09 f4       	brne	.+2      	; 0x89c4 <__ultoa_invert+0x48>
    89c2:	68 94       	set
    89c4:	3f 91       	pop	r19
    89c6:	2a e0       	ldi	r18, 0x0A	; 10
    89c8:	26 9f       	mul	r18, r22
    89ca:	11 24       	eor	r1, r1
    89cc:	30 19       	sub	r19, r0
    89ce:	30 5d       	subi	r19, 0xD0	; 208
    89d0:	31 93       	st	Z+, r19
    89d2:	de f6       	brtc	.-74     	; 0x898a <__ultoa_invert+0xe>
    89d4:	cf 01       	movw	r24, r30
    89d6:	08 95       	ret
    89d8:	46 2f       	mov	r20, r22
    89da:	47 70       	andi	r20, 0x07	; 7
    89dc:	40 5d       	subi	r20, 0xD0	; 208
    89de:	41 93       	st	Z+, r20
    89e0:	b3 e0       	ldi	r27, 0x03	; 3
    89e2:	0f d0       	rcall	.+30     	; 0x8a02 <__ultoa_invert+0x86>
    89e4:	c9 f7       	brne	.-14     	; 0x89d8 <__ultoa_invert+0x5c>
    89e6:	f6 cf       	rjmp	.-20     	; 0x89d4 <__ultoa_invert+0x58>
    89e8:	46 2f       	mov	r20, r22
    89ea:	4f 70       	andi	r20, 0x0F	; 15
    89ec:	40 5d       	subi	r20, 0xD0	; 208
    89ee:	4a 33       	cpi	r20, 0x3A	; 58
    89f0:	18 f0       	brcs	.+6      	; 0x89f8 <__ultoa_invert+0x7c>
    89f2:	49 5d       	subi	r20, 0xD9	; 217
    89f4:	31 fd       	sbrc	r19, 1
    89f6:	40 52       	subi	r20, 0x20	; 32
    89f8:	41 93       	st	Z+, r20
    89fa:	02 d0       	rcall	.+4      	; 0x8a00 <__ultoa_invert+0x84>
    89fc:	a9 f7       	brne	.-22     	; 0x89e8 <__ultoa_invert+0x6c>
    89fe:	ea cf       	rjmp	.-44     	; 0x89d4 <__ultoa_invert+0x58>
    8a00:	b4 e0       	ldi	r27, 0x04	; 4
    8a02:	a6 95       	lsr	r26
    8a04:	97 95       	ror	r25
    8a06:	87 95       	ror	r24
    8a08:	77 95       	ror	r23
    8a0a:	67 95       	ror	r22
    8a0c:	ba 95       	dec	r27
    8a0e:	c9 f7       	brne	.-14     	; 0x8a02 <__ultoa_invert+0x86>
    8a10:	00 97       	sbiw	r24, 0x00	; 0
    8a12:	61 05       	cpc	r22, r1
    8a14:	71 05       	cpc	r23, r1
    8a16:	08 95       	ret
    8a18:	9b 01       	movw	r18, r22
    8a1a:	ac 01       	movw	r20, r24
    8a1c:	0a 2e       	mov	r0, r26
    8a1e:	06 94       	lsr	r0
    8a20:	57 95       	ror	r21
    8a22:	47 95       	ror	r20
    8a24:	37 95       	ror	r19
    8a26:	27 95       	ror	r18
    8a28:	ba 95       	dec	r27
    8a2a:	c9 f7       	brne	.-14     	; 0x8a1e <__ultoa_invert+0xa2>
    8a2c:	62 0f       	add	r22, r18
    8a2e:	73 1f       	adc	r23, r19
    8a30:	84 1f       	adc	r24, r20
    8a32:	95 1f       	adc	r25, r21
    8a34:	a0 1d       	adc	r26, r0
    8a36:	08 95       	ret

00008a38 <__divmodsi4>:
    8a38:	05 2e       	mov	r0, r21
    8a3a:	97 fb       	bst	r25, 7
    8a3c:	16 f4       	brtc	.+4      	; 0x8a42 <__divmodsi4+0xa>
    8a3e:	00 94       	com	r0
    8a40:	0f d0       	rcall	.+30     	; 0x8a60 <__negsi2>
    8a42:	57 fd       	sbrc	r21, 7
    8a44:	05 d0       	rcall	.+10     	; 0x8a50 <__divmodsi4_neg2>
    8a46:	24 d0       	rcall	.+72     	; 0x8a90 <__udivmodsi4>
    8a48:	07 fc       	sbrc	r0, 7
    8a4a:	02 d0       	rcall	.+4      	; 0x8a50 <__divmodsi4_neg2>
    8a4c:	46 f4       	brtc	.+16     	; 0x8a5e <__divmodsi4_exit>
    8a4e:	08 c0       	rjmp	.+16     	; 0x8a60 <__negsi2>

00008a50 <__divmodsi4_neg2>:
    8a50:	50 95       	com	r21
    8a52:	40 95       	com	r20
    8a54:	30 95       	com	r19
    8a56:	21 95       	neg	r18
    8a58:	3f 4f       	sbci	r19, 0xFF	; 255
    8a5a:	4f 4f       	sbci	r20, 0xFF	; 255
    8a5c:	5f 4f       	sbci	r21, 0xFF	; 255

00008a5e <__divmodsi4_exit>:
    8a5e:	08 95       	ret

00008a60 <__negsi2>:
    8a60:	90 95       	com	r25
    8a62:	80 95       	com	r24
    8a64:	70 95       	com	r23
    8a66:	61 95       	neg	r22
    8a68:	7f 4f       	sbci	r23, 0xFF	; 255
    8a6a:	8f 4f       	sbci	r24, 0xFF	; 255
    8a6c:	9f 4f       	sbci	r25, 0xFF	; 255
    8a6e:	08 95       	ret

00008a70 <__muluhisi3>:
    8a70:	90 dc       	rcall	.-1760   	; 0x8392 <__umulhisi3>
    8a72:	a5 9f       	mul	r26, r21
    8a74:	90 0d       	add	r25, r0
    8a76:	b4 9f       	mul	r27, r20
    8a78:	90 0d       	add	r25, r0
    8a7a:	a4 9f       	mul	r26, r20
    8a7c:	80 0d       	add	r24, r0
    8a7e:	91 1d       	adc	r25, r1
    8a80:	11 24       	eor	r1, r1
    8a82:	08 95       	ret

00008a84 <__mulshisi3>:
    8a84:	b7 ff       	sbrs	r27, 7
    8a86:	f4 cf       	rjmp	.-24     	; 0x8a70 <__muluhisi3>

00008a88 <__mulohisi3>:
    8a88:	f3 df       	rcall	.-26     	; 0x8a70 <__muluhisi3>
    8a8a:	82 1b       	sub	r24, r18
    8a8c:	93 0b       	sbc	r25, r19
    8a8e:	08 95       	ret

00008a90 <__udivmodsi4>:
    8a90:	a1 e2       	ldi	r26, 0x21	; 33
    8a92:	1a 2e       	mov	r1, r26
    8a94:	aa 1b       	sub	r26, r26
    8a96:	bb 1b       	sub	r27, r27
    8a98:	fd 01       	movw	r30, r26
    8a9a:	0d c0       	rjmp	.+26     	; 0x8ab6 <__udivmodsi4_ep>

00008a9c <__udivmodsi4_loop>:
    8a9c:	aa 1f       	adc	r26, r26
    8a9e:	bb 1f       	adc	r27, r27
    8aa0:	ee 1f       	adc	r30, r30
    8aa2:	ff 1f       	adc	r31, r31
    8aa4:	a2 17       	cp	r26, r18
    8aa6:	b3 07       	cpc	r27, r19
    8aa8:	e4 07       	cpc	r30, r20
    8aaa:	f5 07       	cpc	r31, r21
    8aac:	20 f0       	brcs	.+8      	; 0x8ab6 <__udivmodsi4_ep>
    8aae:	a2 1b       	sub	r26, r18
    8ab0:	b3 0b       	sbc	r27, r19
    8ab2:	e4 0b       	sbc	r30, r20
    8ab4:	f5 0b       	sbc	r31, r21

00008ab6 <__udivmodsi4_ep>:
    8ab6:	66 1f       	adc	r22, r22
    8ab8:	77 1f       	adc	r23, r23
    8aba:	88 1f       	adc	r24, r24
    8abc:	99 1f       	adc	r25, r25
    8abe:	1a 94       	dec	r1
    8ac0:	69 f7       	brne	.-38     	; 0x8a9c <__udivmodsi4_loop>
    8ac2:	60 95       	com	r22
    8ac4:	70 95       	com	r23
    8ac6:	80 95       	com	r24
    8ac8:	90 95       	com	r25
    8aca:	9b 01       	movw	r18, r22
    8acc:	ac 01       	movw	r20, r24
    8ace:	bd 01       	movw	r22, r26
    8ad0:	cf 01       	movw	r24, r30
    8ad2:	08 95       	ret

00008ad4 <_exit>:
    8ad4:	f8 94       	cli

00008ad6 <__stop_program>:
    8ad6:	ff cf       	rjmp	.-2      	; 0x8ad6 <__stop_program>
