:100000000C94D30D0C94F30D0C94F30D0C94F30D90
:100010000C94F30D0C94F30D0C94F30D0C94F30D60
:100020000C94F30D0C94F30D0C94F30D0C94F30D50
:100030000C94F30D0C94F30D0C94F30D0C94F30D40
:100040000C94F30D0C94F30D0C94F30D0C94F30D30
:100050000C94F30D0C94F30D0C94F30D0C94F30D20
:100060000C94F30D0C94F30D0C94F30D0C94F30D10
:100070000C94F30D0C94F30D0C94F30D0C94F30D00
:100080000C94F30D0C94F30D0C94F30D0C94F30DF0
:100090000C94F30D0C94F30D0C94F30D0C94F30DE0
:1000A0000C94F30D0C94F30D0C94F30D0C94F30DD0
:1000B0000C94F30D0C94F30D0C94F30D0C94F30DC0
:1000C0000C94F30D0C94F30D0C94F30D0C94F30DB0
:1000D0000C94F30D0C94F30D0C94F30D0C94F30DA0
:1000E0000C94F30DE211F112771547246F2879284B
:1000F0005829E22B03198718A81A3224B01C0B22A6
:100100002322431B8964B764C66424653B6552653A
:1001100078659E65B5664F6C69206D61672064697E
:100120006368202020206E696368742E20202020C0
:100130002020202020204765686520696E732020DC
:10014000202020202020476566846E676E6973003A
:10015000000000000000000000000000000000009F
:10016000000000000000000000000000000000008F
:10017000000000000000000000000000000000007F
:10018000000000000000000000000000000000006F
:10019000000000000000000000000000000000005F
:1001A000000000000000000000000000000000004F
:1001B000000000000000000000000000000000003F
:1001C000000000000000000000000000000000002F
:1001D0000000000000000000000000000000467267
:1001E00065696B617274650000000000000000002A
:1001F00000000000000000000000000000000000FF
:1002000000000000000000000000000000000000EE
:1002100000000000000000000000000000000000DE
:1002200000000000000000000000000000000000CE
:1002300000000000000000000000000000000000BE
:1002400000000000000000000000000000000000AE
:10025000000000000000000000000000000000009E
:10026000000000000000000000000000000000008E
:10027000000000000000000000000000000000007E
:10028000000000000000000000000000000000006E
:10029000000000000000000000000000000000005E
:1002A000000000000000529A636B6520766F722098
:1002B0006269732020207A756D204E8463687374A0
:1002C000656E202020205765726B00000000000042
:1002D000000000000000000000000000000000001E
:1002E000000000000000000000000000000000000E
:1002F00000000000000000000000000000000000FE
:1003000000000000000000000000000000000000ED
:1003100000000000000000000000000000000000DD
:1003200000000000000000000000000000000000CD
:1003300000000000000000000000000000000000BD
:1003400000000000000000000000000000000000AD
:10035000000000000000000000000000000000009D
:1003600000000000000000000000000000004475D4
:100370002068617374207A75207669656C654162C6
:1003800073656E7A656E20202020202020205A611F
:10039000686C65203530000000000000000000009F
:1003A000000000000000000000000000000000004D
:1003B000000000000000000000000000000000003D
:1003C000000000000000000000000000000000002D
:1003D000000000000000000000000000000000001D
:1003E000000000000000000000000000000000000D
:1003F00000000000000000000000000000000000FD
:1004000000000000000000000000000000000000EC
:1004100000000000000000000000000000000000DC
:1004200000000000000000000000000000000000CC
:10043000000000000000529A636B6520766F722006
:100440006269732020207A75722050726F64756B18
:1004500074696F6E2020506F6C796D656368616E92
:10046000696B6572000000000000000000000000E1
:10047000000000000000000000000000000000007C
:10048000000000000000000000000000000000006C
:10049000000000000000000000000000000000005C
:1004A000000000000000000000000000000000004C
:1004B000000000000000000000000000000000003C
:1004C000000000000000000000000000000000002C
:1004D000000000000000000000000000000000001C
:1004E000000000000000000000000000000000000C
:1004F00000000000000000000000000000005A6939
:1005000065686520766F72206269732020207A7595
:1005100072206E8463687374656E202020204861A9
:100520006C74657374656C6C6500000000000000FD
:1005300000000000000000000000000000000000BB
:1005400000000000000000000000000000000000AB
:10055000000000000000000000000000000000009B
:10056000000000000000000000000000000000008B
:10057000000000000000000000000000000000007B
:10058000000000000000000000000000000000006B
:10059000000000000000000000000000000000005B
:1005A000000000000000000000000000000000004B
:1005B000000000000000000000000000000000003B
:1005C0000000000000005A6965686520766F72209F
:1005D0006269732020207A7572206E846368737458
:1005E000656E2020202048616C74657374656C6CA6
:1005F0006500000000000000000000000000000096
:1006000000000000000000000000000000000000EA
:1006100000000000000000000000000000000000DA
:1006200000000000000000000000000000000000CA
:1006300000000000000000000000000000000000BA
:1006400000000000000000000000000000000000AA
:10065000000000000000000000000000000000009A
:10066000000000000000000000000000000000008A
:10067000000000000000000000000000000000007A
:1006800000000000000000000000000000005A69A7
:1006900065686520766F722062697320202047723A
:1006A000756E6461757362696C64756E6720456C04
:1006B000656B74726F6E696B6572000000000000FC
:1006C000000000000000000000000000000000002A
:1006D000000000000000000000000000000000001A
:1006E000000000000000000000000000000000000A
:1006F00000000000000000000000000000000000FA
:1007000000000000000000000000000000000000E9
:1007100000000000000000000000000000000000D9
:1007200000000000000000000000000000000000C9
:1007300000000000000000000000000000000000B9
:1007400000000000000000000000000000000000A9
:100750000000000000005A6965686520766F72200D
:100760006269732020204D6563686174726F6E69E1
:100770006B20202020204C61626F7200000000007E
:100780000000000000000000000000000000000069
:100790000000000000000000000000000000000059
:1007A0000000000000000000000000000000000049
:1007B0000000000000000000000000000000000039
:1007C0000000000000000000000000000000000029
:1007D0000000000000000000000000000000000019
:1007E0000000000000000000000000000000000009
:1007F00000000000000000000000000000000000F9
:1008000000000000000000000000000000000000E8
:100810000000000000000000000000000000529AEC
:10082000636B6520766F722061756620202053749B
:100830006172740000000000000000000000000071
:1008400000000000000000000000000000000000A8
:100850000000000000000000000000000000000098
:100860000000000000000000000000000000000088
:100870000000000000000000000000000000000078
:100880000000000000000000000000000000000068
:100890000000000000000000000000000000000058
:1008A0000000000000000000000000000000000048
:1008B0000000000000000000000000000000000038
:1008C0000000000000000000000000000000000028
:1008D0000000000000000000000000000000000018
:1008E000000000000000486575746520496E666F61
:1008F000726D696572744968722065756368209AC3
:100900006265722020205374756469656E67846E19
:10091000676520202020529A636B6520766F7220D5
:10092000626973202020546563686E696B756D0081
:1009300000000000000000000000000000000000B7
:1009400000000000000000000000000000000000A7
:100950000000000000000000000000000000000097
:100960000000000000000000000000000000000087
:100970000000000000000000000000000000000077
:100980000000000000000000000000000000000067
:100990000000000000000000000000000000000057
:1009A000000000000000000000000000000045738F
:1009B00020697374206465722032352E20204475BE
:1009C00020657268846C7473742020202020646514
:1009D000696E656E204C6F686E2E20766F6E3730B4
:1009E0000000000000000000000000000000000007
:1009F00000000000000000000000000000000000F7
:100A000000000000000000000000000000000000E6
:100A100000000000000000000000000000000000D6
:100A200000000000000000000000000000000000C6
:100A300000000000000000000000000000000000B6
:100A400000000000000000000000000000000000A6
:100A50000000000000000000000000000000000096
:100A60000000000000000000000000000000000086
:100A700000000000000045732069737420646572F3
:100A80002032352E2020447520657268846C747382
:100A90007420202020206465696E656E204C6F688C
:100AA0006E2E20766F6E31343000000000000000A2
:100AB0000000000000000000000000000000000036
:100AC0000000000000000000000000000000000026
:100AD0000000000000000000000000000000000016
:100AE0000000000000000000000000000000000006
:100AF00000000000000000000000000000000000F6
:100B000000000000000000000000000000000000E5
:100B100000000000000000000000000000000000D5
:100B200000000000000000000000000000000000C5
:100B30000000000000000000000000000000476509
:100B4000686520332046656C6465722020207A75C4
:100B5000729A636B000000000000000000000000BB
:100B60000000000000000000000000000000000085
:100B70000000000000000000000000000000000075
:100B80000000000000000000000000000000000065
:100B90000000000000000000000000000000000055
:100BA0000000000000000000000000000000000045
:100BB0000000000000000000000000000000000035
:100BC0000000000000000000000000000000000025
:100BD0000000000000000000000000000000000015
:100BE0000000000000000000000000000000000005
:100BF00000000000000000000000000000000000F5
:100C000000000000000044752072656E6F76696513
:100C10007273742020206465696E65202048847595
:100C20007365722020205A61686C6520669A722074
:100C30006A65646573204861757320323520756E6E
:100C40006420669A72206A6564657320486F7465D3
:100C50006C20313030000000000000000000000077
:100C60000000000000000000000000000000000084
:100C70000000000000000000000000000000000074
:100C80000000000000000000000000000000000064
:100C90000000000000000000000000000000000054
:100CA0000000000000000000000000000000000044
:100CB0000000000000000000000000000000000034
:100CC000000000000000000000000000000044756B
:100CD0002077757264657374207A756D20204B6C73
:100CE000617373656E76657274726574657247655B
:100CF0007784686C742E205A61686C6520206A6560
:100D000064656D20537069656C6572203530000034
:100D100000000000000000000000000000000000D3
:100D200000000000000000000000000000000000C3
:100D300000000000000000000000000000000000B3
:100D400000000000000000000000000000000000A3
:100D50000000000000000000000000000000000093
:100D60000000000000000000000000000000000083
:100D70000000000000000000000000000000000073
:100D80000000000000000000000000000000000063
:100D900000000000000044752068617374206569DC
:100DA0006E6520202020576574746520676567652F
:100DB0006E20202020205065746572207665726C4C
:100DC0006F72656E2020647520736368756C64654E
:100DD00073742069686D65696E656E204B61666627
:100DE0006565202020207A61686C65203500000050
:100DF00000000000000000000000000000000000F3
:100E000000000000000000000000000000000000E2
:100E100000000000000000000000000000000000D2
:100E200000000000000000000000000000000000C2
:100E300000000000000000000000000000000000B2
:100E400000000000000000000000000000000000A2
:100E500000000000000000000000000000004475D9
:100E600020686173742062656920202020206569F4
:100E70006E656D204B756E64656E2020202065695F
:100E80006E65207363686C656368746520204265D5
:100E900077657274756E6720202020202020686995
:100EA0006E7465726C617373656E202020206765B7
:100EB000686520696E2064656E2020202020576FB1
:100EC000726B73686F70000000000000000000008B
:100ED0000000000000000000000000000000000012
:100EE0000000000000000000000000000000000002
:100EF00000000000000000000000000000000000F2
:100F000000000000000000000000000000000000E1
:100F100000000000000000000000000000000000D1
:100F2000000000000000467265696B617274650024
:100F300000000000000000000000000000000000B1
:100F400000000000000000000000000000000000A1
:100F50000000000000000000000000000000000091
:100F60000000000000000000000000000000000081
:100F70000000000000000000000000000000000071
:100F80000000000000000000000000000000000061
:100F90000000000000000000000000000000000051
:100FA0000000000000000000000000000000000041
:100FB0000000000000000000000000000000000031
:100FC0000000000000000000000000000000000021
:100FD0000000000000000000000000000000000011
:100FE0000000000000000000000000000000447548
:100FF0002072656E6F766965727374202020646557
:10100000696E6520204884757365722020205A61BE
:10101000686C6520669A72206A6564657320486111
:10102000757320343020756E6420669A72206A656C
:1010300064657320486F74656C20313135000000A1
:1010400000000000000000000000000000000000A0
:101050000000000000000000000000000000000090
:101060000000000000000000000000000000000080
:101070000000000000000000000000000000000070
:101080000000000000000000000000000000000060
:101090000000000000000000000000000000000050
:1010A0000000000000000000000000000000000040
:1010B000000000000000496E20646572202020209E
:1010C0002020202020205665727365747A756E6723
:1010D0002069737420206469722065696E204672ED
:1010E0008473657220207A657262726F6368656EC0
:1010F0002E20202020205A61686C6520313030007D
:1011000000000000000000000000000000000000DF
:1011100000000000000000000000000000000000CF
:1011200000000000000000000000000000000000BF
:1011300000000000000000000000000000000000AF
:10114000000000000000000000000000000000009F
:10115000000000000000000000000000000000008F
:10116000000000000000000000000000000000007F
:1011700000000000000000000000000000004475B6
:101180002067946E6E7374206469722020206574E9
:10119000776173206265696D202020202020536EC6
:1011A00061636B6175746F6D6174202020207A61BA
:1011B000686C652035300000000000000000000071
:1011C000000000000000000000000000000000001F
:1011D000000000000000000000000000000000000F
:1011E00000000000000000000000000000000000FF
:1011F00000000000000000000000000000000000EF
:1012000000000000000000000000000000000000DE
:1012100000000000000000000000000000000000CE
:1012200000000000000000000000000000000000BE
:1012300000000000000000000000000000000000AE
:10124000000000000000496872206D61636874202E
:1012500065696E65200945786B757273696F6E20DC
:101260002020202020207A61686C65203530000025
:10127000000000000000000000000000000000006E
:10128000000000000000000000000000000000005E
:10129000000000000000000000000000000000004E
:1012A000000000000000000000000000000000003E
:1012B000000000000000000000000000000000002E
:1012C000000000000000000000000000000000001E
:1012D000000000000000000000000000000000000E
:1012E00000000000000000000000000000000000FE
:1012F00000000000000000000000000000000000EE
:101300000000000000000000000000000000447524
:101310002068617374206469652020202020416268
:101320007363686C757373726569736520206F727F
:1013300067616E6973696572742C202020206A656C
:1013400064657220537069656C65722020207A6133
:10135000686C742064697220313000000000000065
:10136000000000000000000000000000000000007D
:10137000000000000000000000000000000000006D
:10138000000000000000000000000000000000005D
:10139000000000000000000000000000000000004D
:1013A000000000000000000000000000000000003D
:1013B000000000000000000000000000000000002D
:1013C000000000000000000000000000000000001D
:1013D000000000000000456C656B74726F6E696BF5
:1013E000657220202020646573204D6F6E617473D8
:1013F000202020202020447520657268846C74733E
:1014000074203130300000000000000000000000B7
:1014100000000000000000000000000000000000CC
:1014200000000000000000000000000000000000BC
:1014300000000000000000000000000000000000AC
:10144000000000000000000000000000000000009C
:10145000000000000000000000000000000000008C
:10146000000000000000000000000000000000007C
:10147000000000000000000000000000000000006C
:10148000000000000000000000000000000000005C
:101490000000000000000000000000000000447593
:1014A0002068696C667374206465696E656D4D694A
:1014B00074736368FC6C6572206265696D206C658D
:1014C000726E656E2E202020202020202020447562
:1014D00020657268846C74737420313000000000E1
:1014E00000000000000000000000000000000000FC
:1014F00000000000000000000000000000000000EC
:1015000000000000000000000000000000000000DB
:1015100000000000000000000000000000000000CB
:1015200000000000000000000000000000000000BB
:1015300000000000000000000000000000000000AB
:10154000000000000000000000000000000000009B
:10155000000000000000000000000000000000008B
:10156000000000000000447520657268846C73748C
:1015700020353000000000000000000000000000E6
:10158000000000000000000000000000000000005B
:10159000000000000000000000000000000000004B
:1015A000000000000000000000000000000000003B
:1015B000000000000000000000000000000000002B
:1015C000000000000000000000000000000000001B
:1015D000000000000000000000000000000000000B
:1015E00000000000000000000000000000000000FB
:1015F00000000000000000000000000000000000EB
:1016000000000000000000000000000000000000DA
:1016100000000000000000000000000000000000CA
:101620000000000000000000000000000000447501
:1016300020657268846C73742031303000000000C3
:10164000000000000000000000000000000000009A
:10165000000000000000000000000000000000008A
:10166000000000000000000000000000000000007A
:10167000000000000000000000000000000000006A
:10168000000000000000000000000000000000005A
:10169000000000000000000000000000000000004A
:1016A000000000000000000000000000000000003A
:1016B000000000000000000000000000000000002A
:1016C000000000000000000000000000000000001A
:1016D000000000000000000000000000000000000A
:1016E00000000000000000000000000000000000FA
:1016F000000000000000447520657268846C7374FB
:101700002032350000000000000000000000000052
:1017100000000000000000000000000000000000C9
:1017200000000000000000000000000000000000B9
:1017300000000000000000000000000000000000A9
:101740000000000000000000000000000000000099
:101750000000000000000000000000000000000089
:101760000000000000000000000000000000000079
:101770000000000000000000000000000000000069
:101780000000000000000000000000000000000059
:101790000000000000000000000000000000000049
:1017A0000000000000000000000000000000000039
:1017B0000000000000000000000000000000447570
:1017C00020657268846C7374203230000000000061
:1017D0000000000000000000000000000000000009
:1017E00000000000000000000000000000000000F9
:1017F00000000000000000000000000000000000E9
:1018000000000000000000000000000000000000D8
:1018100000000000000000000000000000000000C8
:1018200000000000000000000000000000000000B8
:1018300000000000000000000000000000000000A8
:101840000000000000000000000000000000000098
:101850000000000000000000000000000000000088
:101860000000000000000000000000000000000078
:101870000000000000000000000000000000000068
:10188000000000000000447520657268846C737469
:101890002031303000000000000000000000000097
:1018A0000000000000000000000000000000000038
:1018B0000000000000000000000000000000000028
:1018C0000000000000000000000000000000000018
:1018D0000000000000000000000000000000000008
:1018E00000000000000000000000000000000000F8
:1018F00000000000000000000000000000000000E8
:1019000000000000000000000000000000000000D7
:1019100000000000000000000000000000000000C7
:1019200000000000000000000000000000000000B7
:1019300000000000000000000000000000000000A7
:1019400000000000000000000000000000004475DE
:1019500020657268846C73742031303000000000A0
:101960000000000000000000000000000000000077
:101970000000000000000000000000000000000067
:101980000000000000000000000000000000000057
:101990000000000000000000000000000000000047
:1019A0000000000000000000000000000000000037
:1019B0000000000000000000000000000000000027
:1019C0000000000000000000000000000000000017
:1019D0000000000000000000000000000000000007
:1019E00000000000000000000000000000000000F7
:1019F00000000000000000000000000000000000E7
:101A000000000000000000000000000000000000D6
:101A100000000000000044752062697374202020DB
:101A200020202020202057656C746D6569737465D3
:101A3000722E2020202052FC636B6520766F72206E
:101A40006269732020205374617274207A6965681A
:101A5000652064656E20646F7070656C74656E20BF
:101A60002020202020204265747261672065696E05
:101A70000000000000000000000000000000000066
:101A80000000000000000000000000000000000056
:101A90000000000000000000000000000000000046
:101AA0000000000000000000000000000000000036
:101AB0000000000000000000000000000000000026
:101AC0000000000000000000000000000000000016
:101AD000000000000000000000000000000044754D
:101AE000206861737420676567656E2020206469D3
:101AF000652048616E6479726567656C2020766543
:101B00007273746F7373656E2E2020202020529A9A
:101B1000636B6520766F722062697320202050729B
:101B20006F64756B74696F6E202020202020456CD7
:101B3000656B74726F6E696B657200000000000067
:101B40000000000000000000000000000000000095
:101B50000000000000000000000000000000000085
:101B60000000000000000000000000000000000075
:101B70000000000000000000000000000000000065
:101B80000000000000000000000000000000000055
:101B90000000000000000000000000000000000045
:101BA00000000000000011241FBECFEFD1E2DEBF15
:101BB000CDBF00E00CBF18E0A0E0B2E0E4E0F9EE39
:101BC00000E00BBF02C007900D92A23EB107D9F70B
:101BD00029E1A2EEB8E001C01D92A33EB207E1F7F1
:101BE00078D20C9480740C94000098B19F7E98B9C0
:101BF00098B19B7F98B98BB998B1926098B9815090
:101C0000833038F48FE291E10197F1F700C00000D2
:101C100003C090EA9A95F1F788B18D7F88B908954D
:101C20001F93CF93DF93CDB7DEB729970FB6F89404
:101C3000DEBF0FBECDBF8FEF8AB987B988B1806292
:101C400088B92FEF80E792E0215080409040E1F783
:101C500000C0000088B18E7F88B989E0ECE1F2E035
:101C6000DE01119601900D928A95E1F710E00AC00D
:101C7000E1E0F0E0EC0FFD1FE10FF11D808190E04D
:101C8000B4DF1F5F1930A0F38FE99FE00197F1F7F0
:101C900000C0000029960FB6F894DEBF0FBECDBF7E
:101CA000DF91CF911F91089598B1906198B998B143
:101CB0009B7F98B98BB988B1826088B980EA8A9590
:101CC000F1F788B18D7F88B9089581E08EDF8FE9C3
:101CD0009FE00197F1F700C00000089582E085DFE2
:101CE0008FE39FE10197F1F700C000000895417074
:101CF00070E0660F771F6270282F30E0220F331FCD
:101D0000220F331F2470842F862B822B88606DDF77
:101D10008FE99FE00197F1F700C0000008950F934D
:101D20001F93CF938A01282F30E0285F3F4F862FE3
:101D300090E1299F800D112458DFC0E002C0B4DF7C
:101D4000CF5FF801EC0FF11D80818111F8CF8FE397
:101D50009FE10197F1F700C00000CF911F910F9113
:101D6000089588E442DF84E09FDF8EE09DDF85E117
:101D70009BDF84E099DF84E097DF84E095DF80E0FB
:101D800093DF80E091DF80E530DF80E08DDF84E06D
:101D90008BDF84E089DF84E087DF85E185DF8EE00B
:101DA00083DF84E081DF80E07FCF089539DF8DDF3E
:101DB00095DFD7DF40E060E081E099CF089588B1FA
:101DC0008F7D88B98FE39CE90197F1F700C000008F
:101DD00088B1806288B98FE39CE90197F1F700C070
:101DE00000001EDF72DF7ADF40E060E081E07FCF3D
:101DF00008958F929F92AF92BF92CF92DF92EF920F
:101E0000FF920F931F93CF93DF93CDB7DEB7A297C7
:101E10000FB6F894DEBF0FBECDBF6C0121E1CE013D
:101E20000196DC01E22F1D92EA95E9F7FE01729618
:101E3000DF011D922A95E9F7F60101900020E9F7EC
:101E400031978F010C191D09E62EF12C5701AA0CB0
:101E5000BB1CAA0CBB1CAA0CBB1CAA0CBB1CB6014D
:101E60006A0D7B1D40E150E00E944871BFEFEB1A04
:101E7000FB0AEE0CFF1CEE0CFF1CEE0CFF1CEE0C24
:101E8000FF1CE016F1065CF4B501605F7F4F6C0D3E
:101E90007D1D40E150E0CE0142960E94487115DF61
:101EA000AE014F5F5F4F60E081E039DFAE014E5E13
:101EB0005F4F60E082E033DF005211090A151B0515
:101EC00014F481E001C080E0A2960FB6F894DEBF62
:101ED0000FBECDBFDF91CF911F910F91FF90EF907B
:101EE000DF90CF90BF90AF909F908F900895CF9349
:101EF000DF931F921F92CDB7DEB79A8389838981C2
:101F00009A81CA969C018AE0E5E2F2E0D90101904B
:101F10000D928A95E1F789819A81CA962EE130E087
:101F2000FC0133AB22AB89819A81CA9628E2FC017D
:101F300024AB89819A81CA96FC0115AA89819A816C
:101F4000CA96FC0116AA89819A81CA96FC0117AA31
:101F500089819A81CA96FC0110AE89819A81CA96BC
:101F6000FC0111AE89819A818C589F4F9C018AE0B7
:101F7000EFE2F2E0D90101900D928A95E1F78981B3
:101F80009A818C589F4F2EE130E0FC0133AB22AB9D
:101F900089819A818C589F4F28E2FC0124AB89816A
:101FA0009A818C589F4FFC0115AA89819A818C587F
:101FB0009F4FFC0116AA89819A818C589F4FFC0182
:101FC00017AA89819A818C589F4FFC0110AE898194
:101FD0009A818C589F4FFC0111AE89819A8182555C
:101FE0009F4F9C018AE0E9E3F2E0D90101900D9254
:101FF0008A95E1F789819A8182559F4F25E03DE0DE
:10200000FC0133AB22AB89819A8182559F4F28E234
:10201000FC0124AB89819A8182559F4FFC0115AA4E
:1020200089819A8182559F4FFC0116AA89819A81E4
:1020300082559F4FFC0117AA89819A8182559F4F33
:10204000FC0110AE89819A8182559F4FFC0111AE2F
:1020500089819A8188519F4F9C018AE0E3E4F2E0F4
:10206000D90101900D928A95E1F789819A81885171
:102070009F4F2CE531E1FC0133AB22AB89819A8182
:1020800088519F4F28E2FC0124AB89819A818851B5
:102090009F4FFC0115AA89819A8188519F4FFC01AD
:1020A00016AA89819A8188519F4FFC0117AA8981BC
:1020B0009A8188519F4FFC0110AE89819A81885185
:1020C0009F4FFC0111AE00000F900F90DF91CF9158
:1020D00008950F931F93CF93DF93CDB7DEB7D25000
:1020E0000FB6F894DEBF0FBECDBF81E089831A82A0
:1020F00081E08B831C821D821E82CE018D529E4FF9
:1021000026E0FC01322F11923A95E9F71F821886DA
:10211000CE018F5B9F4FFC011082CE018E5B9F4FE3
:10212000FC0110821B861C861D861E8681E08F871F
:1021300081E0888BCE018D5B9F4FFC011082CE0128
:102140008C5B9F4FFC011082CE018B5B9F4FFC018B
:102150001082CE018A5B9F4FFC011082198A1A8A75
:102160001B8A1C8A81E08D8B1E8A1F8ACE01895BA7
:102170009F4FFC011082198E188E1A8ECE01885B3B
:102180009F4FFC011082CE01875B9F4FFC011082A4
:102190001B8E1C8ECE01865B9F4FFC011082CE01F0
:1021A000855B9F4FFC011082CE01845B9F4FFC0139
:1021B0001082CE0187529E4F2AE0FC01322F1192ED
:1021C0003A95E9F71E8E1D8E83E08F8F18A219A213
:1021D0001AA21BA2CE018D519E4F2CE1FC01322F81
:1021E00011923A95E9F71CA21DA2CE01835B9F4F85
:1021F000FC011082CE01825B9F4FFC011082CE0158
:1022000081509E4FFC0111821082CE01815B9F4F55
:10221000FC0110821EA21FA218A619A60E94434DFF
:10222000C5DD8DEF9BE00E94D04E89E99AE05FDE2C
:102230008DE798E10E94F8618DEB9BE00E94D069E8
:1022400080E895E20E946D6E0E94073F0E94804BDD
:1022500080E00E94974B0E9436711AA62FC08AA573
:10226000282F30E040E5429FC001439F900D11248C
:10227000805C934FFC0180818823E9F08AA5282F98
:1022800030E040E5429FC001439F900D1124805CE7
:10229000934FFC0150818AA5282F30E040E5429FF2
:1022A000C001439F900D1124885B934FFC018081F6
:1022B000652F0E945F418AA58F5F8AA78AA5883211
:1022C00070F2CE01805B9F4FFC011082CE018F5ACD
:1022D0009F4FFC011082CE018E5A9F4FFC0110824D
:1022E00080918D1990918E199093BC0B8093BB0BAC
:1022F00010928E1910928D1989E091E0FC01808175
:10230000882F90E0382F222786E091E0FC01808121
:10231000882F90E0822B932B90938E1980938D19A8
:102320008091BB0B9091BC0B9C01209530958091C6
:102330008D1990918E19822393239093A7098093EE
:10234000A60989E091E0FC018081882F90E0382F78
:10235000222786E091E0FC018081882F90E0822B8B
:10236000932B89359105A1F487E290E02FEFFC01D2
:10237000208388E290E02FE3FC0120838AE290E052
:102380002FEFFC0120838BE290E0FC01108217DD2F
:1023900080910402882F90E0092E000CAA0BBB0B41
:1023A00040E050E027E030E0841B950B2817390708
:1023B00010F40C945932FC018827EE58FF4F8F4FD0
:1023C0000C94C17088858823B9F44DE452E060E034
:1023D00080E0A5DC4CE552E060E081E0A0DC4DE669
:1023E00052E060E082E09BDC8091070269E97AE0DC
:1023F0000E94A44681E088878091A6099091A70950
:1024000088279072892B91F180910702833070F1B7
:102410008091070281508093070280910702882FE4
:1024200090E0292F2F938F938CE792E0892F8F9341
:102430008CE792E08F93CE018D539E4F292F2F93DF
:102440008F930E9457710F900F900F900F900F90E5
:102450000F90CE018D539E4FAC0163E081E05FDCB5
:102460008091070269E97AE00E94A4468091A6095A
:102470009091A70988279074892B91F18091070288
:10248000843070F5809107028F5F809307028091FE
:102490000702882F90E0292F2F938F938CE792E0EB
:1024A000892F8F938CE792E08F93CE018D539E4FAF
:1024B000292F2F938F930E9457710F900F900F9099
:1024C0000F900F900F90CE018D539E4FAC0163E0A3
:1024D00081E025DC8091070269E97AE00E94A44648
:1024E0008091A6099091A70988279071892B11F4F2
:1024F0000C945C3281E08BA72EC08BA5282F30E096
:102500004AE3429FC001439F900D11248553954F8C
:10251000FC01118210828BA5282F30E04AE3429FF4
:10252000C001439F900D11248353954FFC011082ED
:102530008BA5282F30E04AE3429FC001439F900DB6
:1025400011248353954FFC0180816BA50E94D841D3
:102550008BA58F5F8BA7809107029BA5891768F6D3
:102560008091070269E97AE00E94A4464FE752E0B1
:1025700060E080E0D4DB80910702882F90E0292F73
:102580002F938F938CE792E0892F8F938CE792E0C3
:102590008F93CE018D539E4F292F2F938F930E949F
:1025A00057710F900F900F900F900F900F90CE01DA
:1025B0008D539E4FAC0164E080E0B1DB40E952E016
:1025C00060E081E0ACDB41EA52E060E082E0A7DB62
:1025D000809107020E94984D81E0809304020C9440
:1025E0005C3281E08CA709C04AE06CA58CED95E0D7
:1025F0000E9456448CA58F5F8CA7809107029CA5F2
:10260000891790F781E08DA766C142EB52E060E048
:1026100080E085DB8DA5882F90E0292F2F938F9365
:102620008CE792E0892F8F938CE792E08F93CE0115
:102630008D539E4F292F2F938F930E9457710F9088
:102640000F900F900F900F900F90CE018D539E4FD3
:10265000AC016BE080E063DB43EC52E060E081E0E2
:102660005EDB43ED52E060E082E059DB74C08091B4
:102670008D1990918E199093BC0B8093BB0B109287
:102680008E1910928D1989E091E0FC018081882FCC
:1026900090E0382F222786E091E0FC018081882F8E
:1026A00090E0822B932B90938E1980938D198091BB
:1026B000BB0B9091BC0B9C012095309580918D199E
:1026C00090918E19822393239093A7098093A60952
:1026D0008091A6099091A70988279170892B89F08C
:1026E0008091AC09882369F49091AD098091AC097F
:1026F000492F682F81E00E94054781E08093AC0953
:1027000018C08091A6099091A70988279270892BFB
:1027100081F08091AD09882361F49091AD09809199
:10272000AC09492F682F82E00E94054781E0809321
:10273000AD098091AC09882329F08A85882311F49A
:1027400082E08A878091AD09882329F08A858823D1
:1027500011F481E08A878091AC09882309F487CF3E
:102760008091AD09882309F482CF8DA5282F30E010
:102770008091A409482F50E08091A509882F90E00E
:10278000840F951FAC016AE3629FC001639F900DA7
:1027900011248553954FFC01518340838DA5282F2B
:1027A00030E04AE3429FC001439F900D11248553BE
:1027B000954FFC01208131818F81482F50E06AE3E1
:1027C000649FC001659F900D11248553954FFC01B6
:1027D000808191812817390709F04FC08A85882F99
:1027E00090E001978C55964FFC018081823098F0E3
:1027F0008A85882F90E001972A85222F30E021508A
:1028000031092C55364FF901208121508C55964FB6
:10281000FC01208312C08A85882F90E001972A85C9
:10282000222F30E0215031092C55364FF9012081FB
:102830002F5F8C55964FFC0120838DA5282F30E00B
:102840008091A409482F50E08091A509882F90E03D
:10285000840F951FAC016AE3629FC001639F900DD6
:1028600011248553954FFC01518340839091A50914
:102870008091A409692F0E9482498DA5282F30E0FC
:102880004AE3429FC001439F900D11248553954F09
:10289000FC01208131818F81482F50E06AE3649FE1
:1028A000C001659F900D11248553954FFC018081D7
:1028B00091818217930710F48DA58F831092AC0934
:1028C0001092AD091A8669E97AE08DA50E94A446A6
:1028D0008DA58F5F8DA7809107029DA5891708F0B0
:1028E00094CE8F8189839E0121583F4F80E090E0F4
:1028F000AAE7B4E4F90180839183A283B3838E01B4
:102900000D571F4FCE0181589F4F20E030E04AE71E
:1029100055E4FC0160817181828193810E943F7046
:10292000DC01CB01F80180839183A283B383CE01C4
:102930008D579F4F20E030E040E85FE3FC0160816D
:102940007181828193810E94F16E88230CF462C0B0
:10295000CE018D579F4F20E03FEF4FE757E4FC013A
:1029600060817181828193810E943B7018160CF006
:102970003EC0CE0181589F4F20E030E040E251E45C
:10298000FC0160817181828193810E943F70DC0132
:10299000CB018E0109571F4FBC01CD010E945D6F15
:1029A000DC01CB01F8019183808318C080E991E0BC
:1029B0000197F1F79E0127573F4FF90191838083DB
:1029C000CE0189579F4F9E0129573F4FF901208122
:1029D000318121503109FC0131832083CE01895797
:1029E0009F4FFC0180819181892B01F729C08E01C5
:1029F00009571F4FCE018D579F4FFC016081718198
:102A0000828193810E945D6FDC01CB01F80191838B
:102A1000808308C0CE0189579F4F21E030E0FC0140
:102A200031832083CE0189579F4FFC0180819181A2
:102A30000197F1F79E0125573F4FF901918380835C
:102A400081E08EA713C08EA5282F30E04AE3429F75
:102A5000C001439F900D11248553954F2CED35E017
:102A6000FC01318320838EA58F5F8EA780910702A2
:102A70009EA5891740F78091070269E97AE00E94D4
:102A8000A44644EE52E060E080E049D98981882F75
:102A900090E0292F2F938F938CE792E0892F8F93CB
:102AA0008CE792E08F93CE018D539E4F292F2F9369
:102AB0008F930E9457710F900F900F900F900F906F
:102AC0000F90CE018D539E4FAC016BE080E027D973
:102AD00045EF52E060E081E022D945E053E060E05C
:102AE00082E01DD982E0809304020C9466328C85CA
:102AF000882399F1EAD844EE52E060E080E00FD9F3
:102B00008981882F90E0292F2F938F938CE792E073
:102B1000892F8F938CE792E08F93CE018D539E4F38
:102B2000292F2F938F930E9457710F900F900F9022
:102B30000F900F900F90CE018D539E4FAC016BE024
:102B400080E0EDD845EF52E060E081E0E8D845E074
:102B500053E060E082E0E3D81C868091A609909162
:102B6000A70988279470892B21F48BA1882309F465
:102B70008EC08985882309F48AC08F85882309F44B
:102B800086C08889882309F482C08D89882309F446
:102B90007EC06AE08AE00E948249909107028981A2
:102BA000692F0E94A270892F8F5F898344EE52E0C3
:102BB00060E080E0B4D88981882F90E0292F2F939E
:102BC0008F938CE792E0892F8F938CE792E08F931D
:102BD000CE018D539E4F292F2F938F930E945771B3
:102BE0000F900F900F900F900F900F90CE018D537C
:102BF0009E4FAC016BE080E092D845EF52E060E080
:102C000081E08DD845E053E060E082E088D8198605
:102C100088E290E028E230E0F90120812F73FC0186
:102C200020831B861E861E8A8981282F30E04AE376
:102C3000429FC001439F900D11248353954FFC0187
:102C40008081282F30E040E5429FC001439F900DD6
:102C50001124815D934FFC0180818F8F19A21AA2EC
:102C60001BA28F8D843099F48981282F30E04AE3AC
:102C7000429FC001439F900D11248253954FFC0148
:102C80008081882321F081E089A381E08987809178
:102C9000A6099091A70988279470892B89F08B81C8
:102CA000882371F48F85882359F08D89882341F01A
:102CB0006AE08AE00E94824981E08B831E861E8A38
:102CC0008985882309F0F8C18B81882309F4F4C130
:102CD0000E94E9359091A4098091A509981709F0FF
:102CE00049C089A1882309F045C01B828A818F5F72
:102CF0008A831092AC091092AD098A81882F90E0E6
:102D00008230910581F083309105B9F0019709F087
:102D100034C088E290E028E230E0F90120812064AC
:102D2000FC01208326C088E290E028E230E0F9012F
:102D300020812068FC0120831CC088E290E028E20A
:102D400030E0F90120812F73FC0120831092A40947
:102D50001092A5091092AC091092AD091A8281E077
:102D60008B8381E0898789810E94E44B84E08F8F87
:102D7000000003C081E089871A828981282F30E012
:102D80004AE3429FC001439F900D11248353954F06
:102D9000FC018081282F30E08091A409482F50E069
:102DA0008091A509882F90E0840F951F820F931FB3
:102DB00088972CF18981482F50E08981282F30E0B5
:102DC0006AE3629FC001639F900D11248553954F64
:102DD000FC01808191819C0128533F4F6AE3649FED
:102DE000C001659F900D11248553954FFC013183DF
:102DF00020838091070269E97AE00E94A4468981D4
:102E0000282F30E04AE3429FC001439F900D1124D8
:102E10008353954FFC0180818FA7C2C09FA58DEC85
:102E2000989F812D112482958695877028E2829F34
:102E3000802D1124F92FF81B8F2F69810E94D84112
:102E40009E012D5A3F4F80E090E0A8ECB2E4F901DA
:102E500080839183A283B3838E0103571F4FCE01DA
:102E60008D5A9F4F20E030E04AE755E4FC01608135
:102E70007181828193810E943F70DC01CB01F80156
:102E800080839183A283B383CE0183579F4F20E039
:102E900030E040E85FE3FC016081718182819381D1
:102EA0000E94F16E88230CF462C0CE0183579F4FBD
:102EB00020E03FEF4FE757E4FC01608171818281A0
:102EC00093810E943B7018160CF03EC0CE018D5AC3
:102ED0009F4F20E030E040E251E4FC0160817181CD
:102EE000828193810E943F70DC01CB018E010F56DD
:102EF0001F4FBC01CD010E945D6FDC01CB01F801C9
:102F00009183808318C080E991E00197F1F79E01D9
:102F10002D563F4FF90191838083CE018F569F4FED
:102F20009E012F563F4FF9012081318121503109F7
:102F3000FC0131832083CE018F569F4FFC0180819D
:102F40009181892B01F729C08E010F561F4FCE01A9
:102F500083579F4FFC0160817181828193810E9420
:102F60005D6FDC01CB01F8019183808308C0CE0145
:102F70008F569F4F21E030E0FC0131832083CE014A
:102F80008F569F4FFC01808191810197F1F79E013F
:102F90002B563F4FF901918380838FA58F5F8FA7B9
:102FA0008FA5282F30E08981482F50E06AE3649F85
:102FB000C001659F900D11248353954FFC018081C2
:102FC000482F50E08091A409682F70E08091A509F6
:102FD000882F90E0860F971F840F951F28173907B9
:102FE0000CF41CCF8981282F30E08981482F50E0D4
:102FF0006AE3649FC001659F900D11248353954F30
:10300000FC018081482F50E08091A409682F70E076
:103010008091A509882F90E0860F971F840F951F38
:1030200048E250E0BA010E94AE70582F4AE3429F36
:10303000C001439F900D11248353954FFC01508391
:103040008981282F30E04AE3429FC001439F900DC1
:1030500011248353954FFC01808169810E94D841DE
:103060008981282F30E04AE3429FC001439F900DA1
:1030700011248353954FFC018081282F30E040E5D7
:10308000429FC001439F900D1124815D934FFC012D
:1030900080818F8F8981282F30E04AE3429FC001D1
:1030A000439F900D11248353954FFC0180818C83A5
:1030B0001092AC091092AD098091070269E97AE09B
:1030C0000E94A4468091A6099091A7098827907133
:1030D000892B21F01B8685E0809304028F8D882F39
:1030E00090E0092E000CAA0BBB0B40E050E027E05B
:1030F00030E0841B950B2817390710F40C945F32CD
:10310000FC018827E658FF4F8F4F0C94C1708C81CB
:10311000873031F08C81863119F08C81843211F442
:103120001F8A02C081E08F8B8E89882311F00C9456
:1031300035241D8A8091A6099091A709882790744B
:10314000892B19F48B89882379F40DE718E12C89F0
:103150004B8969818F890E9422648E8B8E89882396
:1031600019F48B898E5F8B8B8981882F90E0019772
:10317000885F9D4FFC018081282F30E08091A60957
:103180009091A70982239323892B11F40C94352461
:1031900081E08C8B0DE718E12C894B8969818F893F
:1031A0000E9422648E8B8981282F30E04AE3429F5F
:1031B000C001439F900D11248353954FFC018081E2
:1031C000282F30E040E5429FC001439F900D11241D
:1031D000815D934FFC0180818F8F8981282F30E0A2
:1031E0004AE3429FC001439F900D11248353954FA2
:1031F000FC0180818C831C8A1B8A81E08D8B81E09D
:103200008C870C9435248C81282F30E040E5429F38
:10321000C001439F900D1124805C934FFC0180817D
:10322000882321F5188A8E010E5B1F4F49816DEFAF
:103230007BE08C810E946832F8018083CE018E5B36
:103240009F4FFC018081882F90E08130910519F01B
:10325000029721F00BC081E0888B08C081E0888B49
:1032600081E08E8783E08093040200008C81482FE8
:1032700050E0CE01845B9F4F60E5649F9001659FA5
:10328000300D1124255B334FF9012081FC0120838F
:103290008C81282F30E040E5429FC001439F900D74
:1032A0001124805C934FFC018081882311F40C94DD
:1032B00038248C81282F30E040E5429FC001439F95
:1032C000900D1124805C934FFC01908189819817A7
:1032D00011F40C9438248E85813011F40C94382428
:1032E000CE01845B9F4FFC018081882311F00C94F8
:1032F00038241F868B85882309F001C18C81282FF3
:1033000030E040E5429FC001439F900D1124805C56
:10331000934FFC0180818D878C81482F50E08C81F8
:10332000282F30E060E5629FC001639F900D11245B
:10333000895B934FFC018081882F90E068E2649F55
:103340009001659F300D1124820F931F880F991FE4
:103350008E5C934FFC0180819181998F888F8C8145
:10336000282F30E040E5429FC001439F900D11247B
:10337000825C934FFC0120813181CE01885B9F4F9D
:10338000FC01208381E08A8F18AA25C08C81482FF8
:1033900050E088A9882F90E060E5649F9001659FC8
:1033A000300D1124820F931F8E5B934FFC0180819F
:1033B000282F30E040E5429FC001439F900D11242B
:1033C000805C934FFC0190818D85981709F01A8ECF
:1033D00088A98F5F88AB88A98330C0F28A8D882343
:1033E000A9F0CE01885B9F4FFC018081282F30E03F
:1033F000888D998D8217930748F4CE01885B9F4F83
:10340000FC018081882F90E0998F888F44EE52E0F4
:1034100060E080E00E948F0E8981882F90E0292F44
:103420002F938F938CE792E0892F8F938CE792E014
:103430008F93CE018D539E4F292F2F938F930E94F0
:1034400057710F900F900F900F900F900F90CE012B
:103450008D539E4FAC016BE080E00E948F0E46E1E1
:1034600053E060E081E00E948F0E898D8F93888DFC
:103470008F938CE792E0892F8F938CE792E08F9364
:10348000CE018D539E4F292F2F938F930E945771FA
:103490000F900F900F900F900F900F90CE018D53C3
:1034A0009E4FAC016AE081E00E948F0E47E253E03C
:1034B00060E082E00E948F0E8D85882F90E0292F9A
:1034C0002F938F938CE792E0892F8F938CE792E074
:1034D0008F93CE018D539E4F292F2F938F930E9450
:1034E00057710F900F900F900F900F900F90CE018B
:1034F0008D539E4FAC016BE082E00E948F0E89815C
:10350000882F90E00197885F9D4FFC018081282FD4
:1035100030E08091A6099091A70982239323892BFB
:1035200011F40C943824888D998D21E0AC016D85BF
:1035300089810E9476688E878E85813011F00C9487
:1035400038241B8681E08F8781E08C870C94382497
:103550008E85813011F40C943B241F868B85882343
:1035600009F068C08C81282F30E040E5429FC001FF
:10357000439F900D1124805D934FFC0180819181C8
:10358000998F888F44EE52E060E080E00E948F0EB9
:103590008981882F90E0292F2F938F938CE792E0D9
:1035A000892F8F938CE792E08F93CE018D539E4F9E
:1035B000292F2F938F930E9457710F900F900F9088
:1035C0000F900F900F90CE018D539E4FAC016BE08A
:1035D00080E00E948F0E46E153E060E081E00E94AF
:1035E0008F0E898D8F93888D8F938CE792E0892F32
:1035F0008F938CE792E08F93CE018D539E4F292FAE
:103600002F938F930E9457710F900F900F900F90F0
:103610000F900F90CE018D539E4FAC016AE081E078
:103620000E948F0E48E353E060E082E00E948F0E1C
:1036300081E08B878981882F90E00197885F9D4F7B
:10364000FC018081282F30E08091A6099091A70984
:1036500082239323892B11F40C943B24888D998D1C
:103660002AE0AC0160E089810E9476688E878E85B1
:10367000813011F00C943B241B8681E08F8781E020
:103680008C870C943B248C81282F30E040E5429FAE
:10369000C001439F900D1124805C934FFC018081F9
:1036A000882321F5188A8E010E5B1F4F49816DEF2B
:1036B0007BE08C810E946832F8018083CE018E5BB2
:1036C0009F4FFC018081882F90E08130910519F097
:1036D000029721F00BC081E0888B08C081E0888BC5
:1036E00081E08E8783E08093040200008C81482F64
:1036F00050E0CE01845B9F4F60E5649F9001659F21
:10370000300D1124255B334FF9012081FC0120830A
:103710008C81282F30E040E5429FC001439F900DEF
:103720001124805C934FFC018081882311F40C9458
:103730003E248C81282F30E040E5429FC001439F0A
:10374000900D1124805C934FFC0190818981981722
:1037500011F40C943E248E85813011F40C943E2497
:10376000CE01845B9F4FFC018081882311F00C9473
:103770003E241F868B85882309F0CCC08C81282F9E
:1037800030E040E5429FC001439F900D1124805CD2
:10379000934FFC0180818D87198A85E089AB22C017
:1037A00089A9282F30E040E5429FC001439F900D3A
:1037B0001124805C934FFC0140818C81282F30E0E4
:1037C00050E5529FC001539F900D1124805C934F90
:1037D000FC018081481719F489898F5F898B89A939
:1037E000865F89AB89A98432D8F289898150898B17
:1037F0008C81482F50E08989882F90E068E2649F8F
:103800009001659F300D1124820F931F880F991F1F
:103810008E5C934FFC0180819181998F888F44EE5B
:1038200052E060E080E00E948F0E8981882F90E056
:10383000292F2F938F938CE792E0892F8F938CE71A
:1038400092E08F93CE018D539E4F292F2F938F930C
:103850000E9457710F900F900F900F900F900F9044
:10386000CE018D539E4FAC016BE080E00E948F0E25
:1038700046E153E060E081E00E948F0E898D8F93D6
:10388000888D8F938CE792E0892F8F938CE792E05D
:103890008F93CE018D539E4F292F2F938F930E948C
:1038A00057710F900F900F900F900F900F90CE01C7
:1038B0008D539E4FAC016AE081E00E948F0E47E27B
:1038C00053E060E082E00E948F0E8D85882F90E0AB
:1038D000292F2F938F938CE792E0892F8F938CE77A
:1038E00092E08F93CE018D539E4F292F2F938F936C
:1038F0000E9457710F900F900F900F900F900F90A4
:10390000CE018D539E4FAC016BE082E00E948F0E82
:1039100081E08B878981882F90E00197885F9D4F98
:10392000FC018081282F30E08091A6099091A709A1
:1039300082239323892B09F4A1C7888D998D25E0D3
:10394000AC016D8589810E9476688E878E85813075
:1039500009F094C71B8681E08F8781E08C878EC732
:1039600089A1882309F48DC78981282F30E04AE393
:10397000429FC001439F900D11248253954FFC013B
:103980008081882309F415C18AA1882309F011C117
:1039900044EE52E060E080E00E948F0E8981882F23
:1039A00090E0292F2F938F938CE792E0892F8F93AC
:1039B0008CE792E08F93CE018D539E4F292F2F934A
:1039C0008F930E9457710F900F900F900F900F9050
:1039D0000F90CE018D539E4FAC016BE080E00E94B2
:1039E0008F0E49E453E060E081E00E948F0E4AE5CB
:1039F00053E060E082E00E948F0E81E08AA39E0186
:103A0000295A3F4F80E090E4ACE9B5E4F9018083A6
:103A10009183A283B3838E0109561F4FCE01895A29
:103A20009F4F20E030E04AE755E4FC01608171815E
:103A3000828193810E943F70DC01CB01F801808379
:103A40009183A283B383CE0189569F4F20E030E05B
:103A500040E85FE3FC0160817181828193810E9473
:103A6000F16E88230CF462C0CE0189569F4F20E08E
:103A70003FEF4FE757E4FC016081718182819381C0
:103A80000E943B7018160CF03EC0CE01895A9F4F21
:103A900020E030E040E251E4FC01608171818281EC
:103AA00093810E943F70DC01CB018E0105561F4FB0
:103AB000BC01CD010E945D6FDC01CB01F801918357
:103AC000808318C080E991E00197F1F79E012356A9
:103AD0003F4FF90191838083CE0185569F4F9E0110
:103AE00025563F4FF9012081318121503109FC01D8
:103AF00031832083CE0185569F4FFC0180819181C7
:103B0000892B01F729C08E0105561F4FCE0189561A
:103B10009F4FFC0160817181828193810E945D6F62
:103B2000DC01CB01F8019183808308C0CE0185566A
:103B30009F4F21E030E0FC0131832083CE01855688
:103B40009F4FFC01808191810197F1F79E012156E1
:103B50003F4FF901918380838981282F30E04AE328
:103B6000429FC001439F900D11248053954FFC014B
:103B70008081882379F0109205024BE653E060E0E3
:103B800081E00E948F0E4CE753E060E082E00E94EB
:103B90008F0E0FC081E0809305024DE853E060E096
:103BA00081E00E948F0E4EE953E060E082E00E94C7
:103BB0008F0E80910502882F90E08130910509F4E5
:103BC0004FC0823091051CF4892B49F0F5C3823037
:103BD000910509F46CC0039709F4F8C1EDC38E8117
:103BE000882381F04FEA53E060E081E00E948F0E6D
:103BF0004EE953E060E082E00E948F0E81E0809306
:103C00000502D5C38D81882309F4D1C38981282F6A
:103C100030E04AE3429FC001439F900D112482533C
:103C2000954FFC0110828981282F30E04AE3429FA2
:103C3000C001439F900D11248053954FFC011082C9
:103C40008981282F30E04AE3429FC001439F900DB5
:103C500011248153954FFC011082198619A2A7C324
:103C60008E81882381F082E08093050240EC53E04E
:103C700060E081E00E948F0E41ED53E060E082E061
:103C80000E948F0E96C38D81882309F492C345EF5D
:103C900052E060E081E00E948F0E42EE53E060E06F
:103CA00082E00E948F0E83E08093050282C38E81A2
:103CB000882371F18981282F30E04AE3429FC001B7
:103CC000439F900D11248053954FFC0180818823E0
:103CD00079F0109205024BE653E060E081E00E942B
:103CE0008F0E4CE753E060E082E00E948F0E63C3CA
:103CF00081E0809305024FEA53E060E081E00E949A
:103D00008F0E4EE953E060E082E00E948F0E53C3B5
:103D10008D81882309F44FC321E042E350E060E045
:103D200089810E9476688E878E85813049F543EFC0
:103D300053E060E081E00E948F0E44E054E060E0D8
:103D400082E00E948F0E8981282F30E04AE3429F53
:103D5000C001439F900D11248253954FFC011082A6
:103D60008981282F30E04AE3429FC001439F900D94
:103D700011248153954FFC011082198619A21BC38F
:103D80008E85823009F017C343EF53E060E081E095
:103D90000E948F0E45E154E060E082E00E948F0EA9
:103DA0009E01255A3F4F80E090E4ACE9B5E4F9016B
:103DB00080839183A283B3838E010F551F4FCE0161
:103DC000855A9F4F20E030E04AE755E4FC016081CE
:103DD0007181828193810E943F70DC01CB01F801E7
:103DE00080839183A283B383CE018F559F4F20E0C0
:103DF00030E040E85FE3FC01608171818281938162
:103E00000E94F16E88230CF462C0CE018F559F4F43
:103E100020E03FEF4FE757E4FC0160817181828130
:103E200093810E943B7018160CF03EC0CE01855A5B
:103E30009F4F20E030E040E251E4FC01608171815D
:103E4000828193810E943F70DC01CB018E010B5572
:103E50001F4FBC01CD010E945D6FDC01CB01F80159
:103E60009183808318C080E991E00197F1F79E016A
:103E700029553F4FF90191838083CE018B559F4F88
:103E80009E012B553F4FF90120813181215031098D
:103E9000FC0131832083CE018B559F4FFC01808133
:103EA0009181892B01F729C08E010B551F4FCE013F
:103EB0008F559F4FFC0160817181828193810E94A7
:103EC0005D6FDC01CB01F8019183808308C0CE01D6
:103ED0008B559F4F21E030E0FC0131832083CE01E0
:103EE0008B559F4FFC01808191810197F1F79E01D5
:103EF00027553F4FF901918380838981282F30E036
:103F00004AE3429FC001439F900D11248053954F77
:103F1000FC018081882379F0109205024BE653E082
:103F200060E081E00E948F0E4CE753E060E082E0A9
:103F30000E948F0E0FC081E0809305024DE853E090
:103F400060E081E00E948F0E4EE953E060E082E085
:103F50000E948F0E8981282F30E04AE3429FC001E2
:103F6000439F900D11248153954FFC018081882F30
:103F700090E0292F2F938F938CE792E0892F8F93D6
:103F80008CE792E08F93CE018D539E4F292F2F9374
:103F90008F930E9457710F900F900F900F900F907A
:103FA0000F90CE018D539E4FAC0160E081E00E94E6
:103FB0008F0E46E254E060E081E00E948F0E47E3FE
:103FC00054E060E082E00E948F0EF5C11092AC09CF
:103FD0001092AD090E94E9359091A4098091A5093C
:103FE000981709F0D5C048E454E060E081E00E94F1
:103FF0008F0E42EE53E060E082E00E948F0E198641
:104000008981282F30E04AE3429FC001439F900DF1
:1040100011248153954FFC0110828981282F30E0B3
:104020004AE3429FC001439F900D11248253954F54
:10403000FC0110829E01215A3F4F80E090E4ACE9E0
:10404000B5E4F90180839183A283B3838E01055582
:104050001F4FCE01815A9F4F20E030E04AE755E4E0
:10406000FC0160817181828193810E943F70DC013B
:10407000CB01F80180839183A283B383CE01855560
:104080009F4F20E030E040E85FE3FC0160817181F8
:10409000828193810E94F16E88230CF462C0CE016C
:1040A00085559F4F20E03FEF4FE757E4FC016081CB
:1040B0007181828193810E943B7018160CF03EC082
:1040C000CE01815A9F4F20E030E040E251E4FC01F4
:1040D00060817181828193810E943F70DC01CB01FC
:1040E0008E0101551F4FBC01CD010E945D6FDC01A7
:1040F000CB01F8019183808318C080E991E001979A
:10410000F1F79E012F543F4FF90191838083CE0137
:1041100081559F4F9E0121553F4FF90120813181EB
:1041200021503109FC0131832083CE0181559F4FFD
:10413000FC0180819181892B01F73EC18E010155DF
:104140001F4FCE0185559F4FFC0160817181828197
:1041500093810E945D6FDC01CB01F8019183808324
:1041600008C0CE0181559F4F21E030E0FC01318332
:104170002083CE0181559F4FFC0180819181019761
:10418000F1F79E012D543F4FF9019183808314C1B3
:1041900049E554E060E081E00E948F0E42EE53E07A
:1041A00060E082E00E948F0E1092AC091092AD097F
:1041B0008981282F30E08981482F50E06AE3649F8D
:1041C000C001659F900D11248153954FFC018081A2
:1041D00041E0480F5AE3529FC001539F900D1124B4
:1041E0008153954FFC0140838981282F30E04AE3B9
:1041F000429FC001439F900D11248153954FFC01B4
:104200008081833021F521E042E350E060E0898144
:104210000E9476688E878981282F30E04AE3429F8A
:10422000C001439F900D11248153954FFC011082D2
:104230008981282F30E04AE3429FC001439F900DBF
:1042400011248253954FFC0110821986B5C081E07C
:104250008BA39E012D593F4F80E090E4ACE9B5E47B
:10426000F90180839183A283B3838E010B541F4F86
:10427000CE018D599F4F20E030E04AE755E4FC0124
:1042800060817181828193810E943F70DC01CB014A
:10429000F80180839183A283B383CE018B549F4F17
:1042A00020E030E040E85FE3FC01608171818281C1
:1042B00093810E94F16E88230CF462C0CE018B546E
:1042C0009F4F20E03FEF4FE757E4FC016081718191
:1042D000828193810E943B7018160CF03EC0CE0183
:1042E0008D599F4F20E030E040E251E4FC016081B5
:1042F0007181828193810E943F70DC01CB018E012C
:1043000007541F4FBC01CD010E945D6FDC01CB0142
:10431000F8019183808318C080E991E00197F1F75B
:104320009E0125543F4FF90191838083CE0187542C
:104330009F4F9E0127543F4FF90120813181215029
:104340003109FC0131832083CE0187549F4FFC014A
:1043500080819181892B01F72FC08E0107541F4F57
:10436000CE018B549F4FFC016081718182819381CA
:104370000E945D6FDC01CB01F8019183808308C04E
:10438000CE0187549F4F21E030E0FC013183208330
:10439000CE0187549F4FFC01808191810197F1F7F5
:1043A0009E0123543F4FF9019183808305C0000093
:1043B00003C0000001C000008981882F90E00197B0
:1043C000885F9D4FFC018081282F30E08091A609F5
:1043D0009091A70982239323892B21F081E08D837B
:1043E0001E824FC28981882F90E00197845F9D4F84
:1043F000FC018081282F30E08091A6099091A709C7
:1044000082239323892B21F01D8281E08E8339C280
:104410001D821E8236C289810E94E44B84E08F8F08
:104420008981282F30E04AE3429FC001439F900DCD
:1044300011248253954F21E0FC01208381E08B837E
:1044400081E0898722C28C81282F30E040E5429F9D
:10445000C001439F900D1124805C934FFC0180812B
:10446000882321F5188A8E010E5B1F4F49816DEF5D
:104470007BE08C810E946832F8018083CE018E5BE4
:104480009F4FFC018081882F90E08130910519F0C9
:10449000029721F00BC081E0888B08C081E0888BF7
:1044A00081E08E8783E08093040200008C81482F96
:1044B00050E0CE01845B9F4F60E5649F9001659F53
:1044C000300D1124255B334FF9012081FC0120833D
:1044D0008C81282F30E040E5429FC001439F900D22
:1044E0001124805C934FFC018081882309F4CCC1A6
:1044F0008C81282F30E040E5429FC001439F900D02
:104500001124805C934FFC0190818981981709F4F4
:10451000BBC18E85813009F4B7C1CE01845B9F4F4A
:10452000FC018081882309F0AFC11F868B85882319
:1045300009F070C19091001080910015981719F43E
:104540008AE08A8B02C084E08A8B44EE52E060E00D
:1045500080E00E948F0E8981882F90E0292F2F9371
:104560008F938CE792E0892F8F938CE792E08F9363
:10457000CE018D539E4F292F2F938F930E945771F9
:104580000F900F900F900F900F900F90CE018D53C2
:104590009E4FAC016BE080E00E948F0E4AE654E033
:1045A00060E081E00E948F0E4CE754E060E082E022
:1045B0000E948F0E8A89882F90E0292F2F938F9346
:1045C0008CE792E0892F8F938CE792E08F93CE0156
:1045D0008D539E4F292F2F938F930E9457710F90C9
:1045E0000F900F900F900F900F90CE018D539E4F14
:1045F000AC016EE082E00E948F0E62C080918D1946
:1046000090918E199093BC0B8093BB0B10928E19D6
:1046100010928D1989E091E0FC018081882F90E053
:10462000382F222786E091E0FC018081882F90E0DE
:10463000822B932B90938E1980938D198091BB0BB5
:104640009091BC0B9C012095309580918D19909193
:104650008E19822393239093A7098093A6098091B2
:10466000A6099091A70988279170892B89F08091DC
:10467000AC09882369F49091AD098091AC09492F68
:10468000682F81E00E94054781E08093AC0918C043
:104690008091A6099091A70988279270892B81F0B3
:1046A0008091AD09882361F49091AD098091AC09A6
:1046B000492F682F82E00E94054781E08093AD0971
:1046C0008091AC09882309F499CF8091AD098823A2
:1046D00009F494CF8C81282F30E040E5429FC0013F
:1046E000439F900D1124805C934FFC0180818D8746
:1046F0008091A409282F30E08091A509882F90E0AF
:10470000A901480F591F8A89282F30E0429FC00114
:10471000439F900D529F900D1124998F888F44EEE6
:1047200052E060E080E00E948F0E8981882F90E047
:10473000292F2F938F938CE792E0892F8F938CE70B
:1047400092E08F93CE018D539E4F292F2F938F93FD
:104750000E9457710F900F900F900F900F900F9035
:10476000CE018D539E4FAC016BE080E00E948F0E16
:1047700046E153E060E081E00E948F0E898D8F93C7
:10478000888D8F938CE792E0892F8F938CE792E04E
:104790008F93CE018D539E4F292F2F938F930E947D
:1047A00057710F900F900F900F900F900F90CE01B8
:1047B0008D539E4FAC016AE081E00E948F0E47E26C
:1047C00053E060E082E00E948F0E8D85882F90E09C
:1047D000292F2F938F938CE792E0892F8F938CE76B
:1047E00092E08F93CE018D539E4F292F2F938F935D
:1047F0000E9457710F900F900F900F900F900F9095
:10480000CE018D539E4FAC016BE082E00E948F0E73
:1048100081E08B878981882F90E00197885F9D4F89
:10482000FC018081282F30E08091A6099091A70992
:1048300082239323892B41F1888D998D21E0AC014E
:104840006D8589810E9476688E878E858130E1F43E
:104850001B8681E08F8781E08C871092AC091092D3
:10486000AD0912C000000C945F3200000C945F325E
:1048700000000C945F3200000C945F3200000C9436
:104880005F3200000C945F3200000C945F328B8525
:10489000882309F050C00E94650E4DE854E060E0A6
:1048A00080E00E948F0E8C81282F30E040E5429FEF
:1048B000C001439F900D11248350944FAC0160E0E0
:1048C00081E00E948F0E4EE954E060E082E00E9499
:1048D0008F0E89E090E09E8F8D8F81E08B8781E045
:1048E0008AAB24C08AA9882F90E02AA9422F50E0E1
:1048F0006AE3649F9001659F300D11242553354F65
:10490000F90120813181AE0147525E4F880F991F16
:10491000840F951FFC013183208340E06AA980E069
:1049200090E00E9456448AA98F5F8AAB809107026B
:104930009AA98917B8F61BAA94C08BA9882F90E072
:10494000885F9D4FFC018081282F30E08091A6096F
:104950009091A70982239323892B09F44BC08BA93B
:10496000882F90E09E012D523E4F820F931FFC0135
:104970008081882309F03EC08BA9882F90E09C019C
:104980002F5F3F4F4AE3429FC001439F900D112488
:104990008553954FFC01208131818D8D9E8D01962F
:1049A0008217930738F58D8D9E8D01969E8F8D8F82
:1049B00081E08CAB09C040E06CA980E090E00E94EF
:1049C00056448CA98F5F8CAB809107029CA98917F4
:1049D00090F78BA921E0280F8D8D9E8D41E0622FED
:1049E0000E9456448BA921E0280FCE018D529E4F84
:1049F000FC0125838BA9882F90E0845F9D4FFC01EB
:104A00008081282F30E08091A6099091A709822308
:104A10009323892B19F18BA9882F90E09E012D52A9
:104A20003E4F820F931FFC0180818823B9F48BA92C
:104A3000882F90E09E012D523E4F820F931F21E060
:104A4000FC012083CE018D529E4FFC01848121E028
:104A5000280FCE018D529E4FFC0124838BA98F5FBE
:104A60008BAB809107029BA9981708F466CFCE0103
:104A70008D529E4FFC01948180910702981711F08E
:104A80000C946232CE018D529E4FFC0185818823A9
:104A900009F424C20E94650E9E0121593F4F80E017
:104AA00090E0A0E2B1E4F90180839183A283B38313
:104AB0008E0107531F4FCE0181599F4F20E030E0F8
:104AC0004AE755E4FC0160817181828193810E94F3
:104AD0003F70DC01CB01F80180839183A283B38313
:104AE000CE0187539F4F20E030E040E85FE3FC01B8
:104AF00060817181828193810E94F16E88230CF420
:104B000062C0CE0187539F4F20E03FEF4FE757E44D
:104B1000FC0160817181828193810E943B70181633
:104B20000CF03EC0CE0181599F4F20E030E040E2C2
:104B300051E4FC0160817181828193810E943F7008
:104B4000DC01CB018E0103531F4FBC01CD010E943C
:104B50005D6FDC01CB01F8019183808318C080E98F
:104B600091E00197F1F79E0121533F4FF9019183A5
:104B70008083CE0183539F4F9E0123533F4FF90102
:104B80002081318121503109FC0131832083CE0104
:104B900083539F4FFC0180819181892B01F729C0AC
:104BA0008E0103531F4FCE0187539F4FFC0160813D
:104BB0007181828193810E945D6FDC01CB01F801DC
:104BC0009183808308C0CE0183539F4F21E030E062
:104BD000FC0131832083CE0183539F4FFC018081F0
:104BE00091810197F1F79E012F523F4FF901918377
:104BF00080834FEA54E060E080E00E948F0E44EE34
:104C000052E060E081E00E948F0ECE018D529E4FF7
:104C1000FC018581882F90E0292F2F938F938CE7BB
:104C200092E0892F8F938CE792E08F93CE018D5382
:104C30009E4F292F2F938F930E9457710F900F90A3
:104C40000F900F900F900F90CE018D539E4FAC019F
:104C50006BE081E00E948F0E9E0129593F4F80E05A
:104C600090E0AAE7B5E4F90180839183A283B3833E
:104C70008E0101541F4FCE0189599F4F20E030E033
:104C80004AE755E4FC0160817181828193810E9431
:104C90003F70DC01CB01F80180839183A283B38351
:104CA000CE0181549F4F20E030E040E85FE3FC01FB
:104CB00060817181828193810E94F16E88230CF45E
:104CC00062C0CE0181549F4F20E03FEF4FE757E491
:104CD000FC0160817181828193810E943B70181672
:104CE0000CF03EC0CE0189599F4F20E030E040E2F9
:104CF00051E4FC0160817181828193810E943F7047
:104D0000DC01CB018E010D531F4FBC01CD010E9470
:104D10005D6FDC01CB01F8019183808318C080E9CD
:104D200091E00197F1F79E012B533F4FF9019183D9
:104D30008083CE018D539F4F9E012D533F4FF9012C
:104D40002081318121503109FC0131832083CE0142
:104D50008D539F4FFC0180819181892B01F729C0E0
:104D60008E010D531F4FCE0181549F4FFC01608176
:104D70007181828193810E945D6FDC01CB01F8011A
:104D80009183808308C0CE018D539F4F21E030E096
:104D9000FC0131832083CE018D539F4FFC01808124
:104DA00091810197F1F79E0129533F4FF9019183BA
:104DB000808381E08DAB1EC08DA9482F50E08DA966
:104DC000882F90E09E0127523E4F880F991F820F37
:104DD000931FFC01208131816AE3649FC001659FBC
:104DE000900D11248553954FFC01318320838DA9AB
:104DF0008F5F8DAB809107029DA98917E8F680919E
:104E0000070269E97AE00E94A446CE018D529E4FC6
:104E1000FC018581482F50E0CE018D529E4FFC0150
:104E20008581282F30E06AE3629FC001639F900D67
:104E300011248553954FFC01208131818D8D9E8DEC
:104E4000281B390B6AE3649FC001659F900D1124F4
:104E50008553954FFC01318320838C81282F30E0CE
:104E6000CE018D529E4FFC01458150E5529FC001FD
:104E7000539F900D1124805C934FFC014083CE0121
:104E80008D529E4FFC0155818C81282F30E040E5EA
:104E9000429FC001439F900D1124885B934FFC01FA
:104EA0008081652F0E945F411EAA0DC08EA9882FA8
:104EB00090E09E012D523E4F820F931FFC01108205
:104EC0008EA98F5F8EAB8EA9863080F31B8681E022
:104ED0008C8782E0809304020C9462320E94650EFB
:104EE00040EC54E060E080E00E948F0E40ED54E022
:104EF00060E081E00E948F0E9E0125593F4F80E0C7
:104F000090E0AAE7B5E4F90180839183A283B3839B
:104F10008E010D521F4FCE0185599F4F20E030E08A
:104F20004AE755E4FC0160817181828193810E948E
:104F30003F70DC01CB01F80180839183A283B383AE
:104F4000CE018D529F4F20E030E040E85FE3FC014E
:104F500060817181828193810E94F16E88230CF4BB
:104F600062C0CE018D529F4F20E03FEF4FE757E4E4
:104F7000FC0160817181828193810E943B701816CF
:104F80000CF03EC0CE0185599F4F20E030E040E25A
:104F900051E4FC0160817181828193810E943F70A4
:104FA000DC01CB018E0109521F4FBC01CD010E94D3
:104FB0005D6FDC01CB01F8019183808318C080E92B
:104FC00091E00197F1F79E0127523F4FF90191833C
:104FD0008083CE0189529F4F9E0129523F4FF90194
:104FE0002081318121503109FC0131832083CE01A0
:104FF00089529F4FFC0180819181892B01F729C043
:105000008E0109521F4FCE018D529F4FFC016081CE
:105010007181828193810E945D6FDC01CB01F80177
:105020009183808308C0CE0189529F4F21E030E0F8
:10503000FC0131832083CE0189529F4FFC01808186
:1050400091810197F1F79E0125523F4FF90191831C
:10505000808381E08FAB1EC08FA9482F50E08FA9BD
:10506000882F90E09E0127523E4F880F991F820F94
:10507000931FFC01208131816AE3649FC001659F19
:10508000900D11248553954FFC01318320838FA906
:105090008F5F8FAB809107029FA98917E8F68091F7
:1050A000070269E97AE00E94A44618AE0DC088ADF7
:1050B000882F90E09E012D523E4F820F931FFC01DE
:1050C000108288AD8F5F88AF88AD863080F31B86F5
:1050D00081E08C8782E0809304020C9462328981A3
:1050E0000E94C96A81E08C8782E0809304020C945C
:1050F000663280910602882F90E08130910541F060
:105100008230910509F489C0892B09F443C0CEC0CF
:105110008B858823A1F441EE54E060E080E00E949A
:105120008F0E42EF54E060E081E00E948F0E43E07A
:1051300055E060E082E00E948F0E81E08B878091D5
:10514000A6099091A70988279074892B21F01092C5
:1051500006021B86A4C08091A6099091A709882702
:105160009071892B41F081E08093060284E0809366
:1051700004021B8694C08091A6099091A7098827F4
:105180009470892B09F48BC082E08093040281E043
:105190008C8785C08B858823A1F441EE54E060E0C4
:1051A00080E00E948F0E44E155E060E081E00E94C3
:1051B0008F0E43E055E060E082E00E948F0E81E0B8
:1051C0008B878091A6099091A70988279074892BD5
:1051D00029F082E0809306021B8664C08091A609B4
:1051E0009091A70988279071892B41F081E08093E5
:1051F000060286E0809304021B8654C08091A609B3
:105200009091A70988279470892B09F44BC082E0FC
:105210008093040281E08C8745C08B858823A1F4AC
:1052200041EE54E060E080E00E948F0E45E255E0E0
:1052300060E081E00E948F0E43E055E060E082E094
:105240000E948F0E81E08B878091A6099091A7091B
:1052500088279074892B29F081E0809306021B86B1
:1052600024C08091A6099091A70988279071892B65
:1052700041F081E08093060287E0809304021B8660
:1052800014C08091A6099091A70988279470892B52
:1052900061F082E08093040281E08C8706C0000008
:1052A0000C94663200000C94663200000C94663256
:1052B0008B85882309F06CC042EE53E060E080E00B
:1052C0000E948F0E46E355E060E081E00E948F0E61
:1052D00043E055E060E082E00E948F0E81E08B8722
:1052E00019AE0DC089AD882F90E09E012D513E4F23
:1052F000820F931FFC01108289AD8F5F89AF89AD4A
:105300008C3180F31B8E1AAE21C08AAD282F30E07D
:1053100040E5429FC001439F900D1124805C934F54
:10532000FC0190818981981771F48B8D882F90E012
:105330009E012D513E4F820F931F2AADFC01208309
:105340008B8D8F5F8B8F8AAD8F5F8AAF8AAD8832EE
:10535000E0F242EE53E060E080E00E948F0E8C8D20
:10536000882F90E09E012D513E4F820F931FFC012C
:105370008081282F30E040E5429FC001439F900D7F
:1053800011248350944FAC0160E080E00E948F0EA6
:105390008091A6099091A70988279074892B51F1D3
:1053A0008C8D882F90E001962B8D222F30E0B90153
:1053B0000E94AE708C8F42EE53E060E080E00E946D
:1053C0008F0E8C8D882F90E09E012D513E4F820FC5
:1053D000931FFC018081282F30E040E5429FC001EF
:1053E000439F900D11248350944FAC0160E080E006
:1053F0000E948F0E8091A6099091A7098827987026
:10540000892B09F4F5C081E08CA31BAE2DC08C8DD7
:10541000882F90E09E012D513E4F820F931FFC017B
:105420008081482F50E08BAD882F90E060E5649F2D
:105430009001659F300D1124820F931F8E5B934F57
:10544000FC018081282F30E040E5429FC001439F4E
:10545000900D1124895B934FFC018081882309F012
:105460001CA28BAD8F5F8BAF8BAD833080F28C8DA8
:10547000882F90E09E012D513E4F820F931FFC011B
:105480008081282F30E040E5429FC001439F900D6E
:105490001124865B934FFC018081882309F083C12E
:1054A0008CA1882309F47FC18C8D882F90E09E0108
:1054B0002D513E4F820F931FFC018081282F30E039
:1054C00040E5429FC001439F900D1124805D934FA2
:1054D000FC018081918196958795998F888F888D21
:1054E000998D21E0AC01698180E00E9476688E8709
:1054F0008E85813009F057C18C8D882F90E09E01F8
:105500002D513E4F820F931FFC018081282F30E0E8
:1055100040E5429FC001439F900D1124865B934F4D
:1055200021E0FC012083CE01865B9F4FFC011082AD
:105530008C8D882F90E09E012D513E4F820F931F3E
:10554000FC018081482F50E0CE01865B9F4F60E5D3
:10555000649F9001659F300D11242A5B334FF90140
:105560002081FC0120838C8D882F90E09E012D519D
:105570003E4F820F931FFC018081482F50E0CE01E7
:10558000855B9F4F60E5649F9001659F300D1124FE
:10559000285B334FF9012081FC0120838C8D882FFB
:1055A00090E09E012D513E4F820F931FFC018081A0
:1055B000282F30E040E5429FC001439F900D112409
:1055C000815D934FFC018081882349F4CE01865B85
:1055D0009F4F66E0FC0180810E943F3FE4C0CE0106
:1055E000855B9F4F65E0FC0180810E945F41DBC0CD
:1055F0008091A6099091A70999230CF0D4C08C8DB5
:10560000882F90E09E012D513E4F820F931FFC0189
:105610008081282F30E040E5429FC001439F900DDC
:105620001124865B934FFC018081882309F4BBC061
:105630008C8D882F90E09E012D513E4F820F931F3D
:10564000FC018081282F30E040E5429FC001439F4C
:10565000900D1124805D934FFC018081918196957E
:105660008795CC01A0E0B0E0BC01CD010E94896F1C
:10567000DC01CB012DEC3CEC4CE85FE3BC01CD013F
:105680000E943F70DC01CB01BC01CD010E945D6F27
:10569000DC01CB01998F888F888D998D21E0AC0139
:1056A00060E089810E9476688E878E85813009F05E
:1056B0007AC08C8D882F90E09E012D513E4F820F35
:1056C000931FFC018081282F30E040E5429FC001FC
:1056D000439F900D1124865B934FFC011082CE01F5
:1056E000865B9F4FFC0110828C8D882F90E09E017D
:1056F0002D513E4F820F931FFC018081482F50E0B7
:10570000CE01865B9F4F60E5649F9001659F300DE1
:1057100011242A5B334FF9012081FC0120838C8DF9
:10572000882F90E09E012D513E4F820F931FFC0168
:105730008081482F50E0CE01855B9F4F60E5649FDC
:105740009001659F300D1124285B334FF9012081B2
:10575000FC0120838C8D882F90E09E012D513E4FBF
:10576000820F931FFC018081282F30E040E5429F8B
:10577000C001439F900D1124815D934FFC018081F6
:10578000882349F4CE01865B9F4F60E0FC01808155
:105790000E943F3F08C0CE01855B9F4F6981FC019D
:1057A00080810E945F418091A6099091A709882776
:1057B0009470892B09F489C682E08093040281E009
:1057C0008C8783C688A1882F90E08230910509F4E8
:1057D00092C08330910534F4009761F0019709F489
:1057E00078C066C68330910509F4AEC0049709F409
:1057F00096C55EC68B858823A9F447E455E060E032
:1058000080E00E948F0E48E555E060E081E00E9454
:105810008F0E42EE53E060E082E00E948F0E81E046
:105820008B871DA281E08CAF2DC08CAD882F90E0BE
:105830000197885F9D4FFC018081282F30E0809187
:10584000A6099091A70982239323892BC1F09091F7
:10585000BD0B8CAD981799F08DA1882F90E0880F23
:10586000991F82959295907F9827807F98278354DF
:10587000944F2CADFC0120838DA18F5F8DA38CAD47
:105880008F5F8CAF809107029CAD891770F6809175
:10589000DD0B882309F407C61092A80981E088A3CC
:1058A0001DA201C68E01025B1F4F8DA10E945E36B4
:1058B000F8018083CE01825B9F4FFC0180818823A9
:1058C00041F08DA18F5F8DA3CE01825B9F4FFC01C4
:1058D00010828DA1823030F38DA1823009F0E5C5B0
:1058E00082E088A31092A8091DA2CE01825B9F4F7F
:1058F000FC011082DAC549E655E060E081E00E94D3
:105900008F0E8E01025B1F4F8DA10E946239F8013C
:105910008083CE01825B9F4FFC018081882389F0C8
:105920008DA18F5F8DA3CE01825B9F4FFC01108202
:105930008DA1823009F0BBC583E088A31092A8092D
:10594000B6C584E088A3B3C50E94650E9E012558A4
:105950003F4F80E090E0AAE7B4E4F90180839183AF
:10596000A283B3838E0109511F4FCE0185589F4FEB
:1059700020E030E04AE755E4FC01608171818281DA
:1059800093810E943F70DC01CB01F80180839183F9
:10599000A283B383CE0189519F4F20E030E040E8DD
:1059A0005FE3FC0160817181828193810E94F16ECD
:1059B00088230CF462C0CE0189519F4F20E03FEF55
:1059C0004FE757E4FC0160817181828193810E94DD
:1059D0003B7018160CF03EC0CE0185589F4F20E05A
:1059E00030E040E251E4FC01608171818281938169
:1059F0000E943F70DC01CB018E0105511F4FBC019D
:105A0000CD010E945D6FDC01CB01F80191838083A1
:105A100018C080E991E00197F1F79E0123513F4FB3
:105A2000F90191838083CE0185519F4F9E012551BD
:105A30003F4FF9012081318121503109FC0131832F
:105A40002083CE0185519F4FFC0180819181892B5C
:105A500001F729C08E0105511F4FCE0189519F4F7B
:105A6000FC0160817181828193810E945D6FDC0104
:105A7000CB01F8019183808308C0CE0185519F4FEF
:105A800021E030E0FC0131832083CE0185519F4F1E
:105A9000FC01808191810197F1F79E0121513F4FD7
:105AA000F901918380834AE755E060E080E00E943D
:105AB0008F0E9E012D583F4F80E090E0AAE7B4E49E
:105AC000F90180839183A283B3838E0103521F4F18
:105AD000CE018D589F4F20E030E04AE755E4FC01AD
:105AE00060817181828193810E943F70DC01CB01D2
:105AF000F80180839183A283B383CE0183529F4FA9
:105B000020E030E040E85FE3FC0160817181828148
:105B100093810E94F16E88230CF462C0CE018352FF
:105B20009F4F20E03FEF4FE757E4FC016081718118
:105B3000828193810E943B7018160CF03EC0CE010A
:105B40008D589F4F20E030E040E251E4FC0160813D
:105B50007181828193810E943F70DC01CB018E01B3
:105B60000F511F4FBC01CD010E945D6FDC01CB01C5
:105B7000F8019183808318C080E991E00197F1F7E3
:105B80009E012D513F4FF90191838083CE018F51AA
:105B90009F4F9E012F513F4FF901208131812150AC
:105BA0003109FC0131832083CE018F519F4FFC01CD
:105BB00080819181892B01F729C08E010F511F4FE0
:105BC000CE0183529F4FFC0160817181828193815C
:105BD0000E945D6FDC01CB01F8019183808308C0D6
:105BE000CE018F519F4F21E030E0FC0131832083B3
:105BF000CE018F519F4FFC01808191810197F1F778
:105C00009E012B513F4FF901918380832091BD0B61
:105C1000CE0181509E4FFC0120832091DD0BCE01EF
:105C200081509E4FFC0121831DAE82C21EAE66C212
:105C30008DAD482F50E08EAD282F30E0CE01815B36
:105C40009F4F440F551F42955295507F5427407FD8
:105C50005427240F351F2254344FF9012081FC01B1
:105C60002083CE01815B9F4FFC018081282F30E093
:105C70008DAD882F90E041E050E0BA01681B790BB0
:105C8000CB01AE0141505E4F840F951FFC01408156
:105C900050E5529FC001539F900D1124805C934F9B
:105CA000FC014083CE01815B9F4FFC018081282F46
:105CB00030E040E5429FC001439F900D1124865B78
:105CC000934FFC018081882309F4F0C181E08EA309
:105CD0001092A809E7C180918D1990918E19909327
:105CE000BC0B8093BB0B10928E1910928D1989E01A
:105CF00091E0FC018081882F90E0382F222786E0F8
:105D000091E0FC018081882F90E0822B932B90936F
:105D10008E1980938D198091BB0B9091BC0B9C01C7
:105D20002095309580918D1990918E19822393231F
:105D30009093A7098093A6098091A809882309F068
:105D400047C044EE52E060E080E00E948F0E8DADCF
:105D5000882F90E021E030E0A901481B590BCA01CF
:105D60009E0121503E4F820F931FFC018081882F9E
:105D700090E0292F2F938F938CE792E0892F8F93B8
:105D80008CE792E08F93CE018D539E4F292F2F9356
:105D90008F930E9457710F900F900F900F900F905C
:105DA0000F90CE018D539E4FAC016BE080E00E94BE
:105DB0008F0E4BE855E060E081E00E948F0E4CE9C9
:105DC00055E060E082E00E948F0E81E08093A80998
:105DD0008091A6099091A70988279870892B09F4CA
:105DE0003EC18FA1882309F049C0CE01815B9F4F3E
:105DF000FC018081282F30E040E5429FC001439F95
:105E0000900D1124805D934FFC018081918188A7C2
:105E100088A5982F969528A58DEC289F812D112473
:105E200082958F70890F88A74DEA55E060E081E088
:105E30000E948F0E88A5882F90E0292F2F938F9393
:105E40008CE792E0892F8F938CE792E08F93CE01BD
:105E50008D539E4F292F2F938F930E9457710F9030
:105E60000F900F900F900F900F90CE018D539E4F7B
:105E7000AC0166E081E00E948F0E76C0CE01815BAE
:105E80009F4FFC018081282F30E040E5429FC001F8
:105E9000439F900D1124805D934FFC01808191817F
:105EA00088A798A58DEC989F812D112482958F70DD
:105EB00088A74DEA55E060E081E00E948F0E88A53A
:105EC000882F90E0292F2F938F938CE792E0892FD2
:105ED0008F938CE792E08F93CE018D539E4F292FA5
:105EE0002F938F930E9457710F900F900F900F90E8
:105EF0000F900F90CE018D539E4FAC0166E081E074
:105F00000E948F0E31C080918D1990918E199093BF
:105F1000BC0B8093BB0B10928E1910928D1989E0E7
:105F200091E0FC018081882F90E0382F222786E0C5
:105F300091E0FC018081882F90E0822B932B90933D
:105F40008E1980938D198091BB0B9091BC0B9C0195
:105F50002095309580918D1990918E1982239323ED
:105F60009093A7098093A6098091A6099091A7090B
:105F700088279071892B31F48091A6099091A70907
:105F800099230CF68091A6099091A7098827907112
:105F9000892BC9F088A5482F50E08DAD882F90E05F
:105FA00021E030E0B901681B790BCB019E01215043
:105FB0003E4F820F931FFC01808121E060E00E9430
:105FC000766889A71DC08FA1882F90E00196817007
:105FD0009078992324F401978E6F9F6F01968FA379
:105FE0008FA1882339F04EEB55E060E081E00E94FC
:105FF0008F0E06C04BE855E060E081E00E948F0EF6
:1060000089A5813009F04EC08FA1882329F5CE01E2
:10601000815B9F4FFC018081282F30E040E5429F4B
:10602000C001439F900D1124865B934FFC011082A9
:10603000CE01815B9F4FFC018081282F30E040E53D
:10604000429FC001439F900D11248A5B934FFC0136
:10605000808160E00E943F3F1EA219A623C080916C
:10606000A6099091A7099923ECF48FA1882F90E0BD
:10607000019681709078992324F401978E6F9F6F19
:1060800001968FA38FA1882339F04EEB55E060E095
:1060900081E00E948F0E06C04BE855E060E081E091
:1060A0000E948F0E8EA1882309F015CECE01815B50
:1060B0009F4FFC018081282F30E040E5429FC001C6
:1060C000439F900D1124805C934FFC015081CE01C1
:1060D000815B9F4FFC018081282F30E040E5429F8B
:1060E000C001439F900D1124885B934FFC01808178
:1060F000652F0E945F418EAD8F5F8EAF8DAD282FD3
:1061000030E08EAD882F90E0220F331F229532951C
:10611000307F3227207F3227820F931F8254944F83
:10612000FC018081882309F083CD8DAD8F5F8DAF19
:106130008DAD823008F47ACD1FAE42C08FAD882F6E
:1061400090E0880F991F82959295907F9827807F85
:1061500098278652944FFC0180819181892B69F1A7
:106160008FAD882F90E0880F991F82959295907F30
:106170009827807F98278652944FFC014081518157
:106180008FAD882F90E021E030E0B901681B790BDA
:10619000CB019E0121503E4F820F931FFC01608175
:1061A0008FAD882F90E09E0121503E4F820F931FAC
:1061B000FC0180812AE00E9476688FAD8F5F8FAFEF
:1061C0008FAD823008F4BACFCE01805C9F4FFC01C6
:1061D00010829AC0CE01805C9F4FFC018081882F85
:1061E00090E0880F991F82959295907F9827807FE5
:1061F00098278452944FFC018081882309F478C049
:10620000CE01805C9F4FFC018081882F90E09E0131
:1062100021503E4F820F931FFC018081282F30E0D8
:10622000CE01805C9F4FFC018081882F90E0AE0101
:1062300041505E4F840F951FFC018081482F50E034
:106240006AE3649FC001659F900D11248053954FB0
:10625000FC0180814FEF480F5AE3529FC001539FCA
:10626000900D11248053954FFC014083CE01805C3A
:106270009F4FFC018081882F90E021E030E0A90150
:10628000481B590BCA019E0121503E4F820F931F9C
:10629000FC018081282F30E0CE01805C9F4FFC0103
:1062A0008081882F90E041E050E0BA01681B790BB3
:1062B000CB01AE0141505E4F840F951FFC018081E0
:1062C000482F50E06AE3649FC001659F900D112440
:1062D0008053954FFC01808141E0480F5AE3529F63
:1062E000C001539F900D11248053954FFC014083B2
:1062F000CE01805C9F4FFC01808121E0280FCE0100
:10630000805C9F4FFC012083CE01805C9F4FFC018D
:106310008081823008F45ECF84E088A3C9C04FEC4E
:1063200055E060E080E00E948F0E40EE55E060E0B6
:1063300080E00E948F0E9E0129583F4F80E090E040
:10634000AAE7B4E4F90180839183A283B3838E0129
:106350000F501F4FCE0189589F4F20E030E04AE791
:1063600055E4FC0160817181828193810E943F70BC
:10637000DC01CB01F80180839183A283B383CE013A
:106380008F509F4F20E030E040E85FE3FC016081E8
:106390007181828193810E94F16E88230CF462C026
:1063A000CE018F509F4F20E03FEF4FE757E4FC01B5
:1063B00060817181828193810E943B7018160CF07C
:1063C0003EC0CE0189589F4F20E030E040E251E4CA
:1063D000FC0160817181828193810E943F70DC01A8
:1063E000CB018E010B501F4FBC01CD010E945D6F90
:1063F000DC01CB01F8019183808318C080E991E032
:106400000197F1F79E0129503F4FF9019183808355
:10641000CE018B509F4F9E012B503F4FF9012081A1
:10642000318121503109FC0131832083CE018B5011
:106430009F4FFC0180819181892B01F729C08E013A
:106440000B501F4FCE018F509F4FFC016081718117
:10645000828193810E945D6FDC01CB01F801918301
:10646000808308C0CE018B509F4F21E030E0FC01BB
:1064700031832083CE018B509F4FFC01808191811D
:106480000197F1F79E0127503F4FF90191838083D7
:1064900081E08C878DEB9BE00E94D06918A282E09E
:1064A0008093040205C0000011C000000FC000006E
:1064B0000DC000000C94701100000C9470110000CD
:1064C0000C94701100000C94701100000C94701169
:1064D000CF93DF93CDB7DEB7A3970FB6F894DEBFA7
:1064E0000FBECDBF88A37AA369A34BA31982809165
:1064F000A809882309F0AFC00E94650E80E090E0F3
:10650000A8ECB2E48A839B83AC83BD8320E030E0B7
:106510004AE755E46A817B818C819D810E943F70AE
:10652000DC01CB018E839F83A887B98720E030E010
:1065300040E85FE36E817F81888599850E94F16ED6
:1065400088230CF43CC020E03FEF4FE757E46E8116
:106550007F81888599850E943B7018162CF520E074
:1065600030E040E251E46A817B818C819D810E9410
:106570003F70DC01CB01BC01CD010E945D6FDC01ED
:10658000CB019B878A870BC080E991E00197F1F7E7
:106590009D878C878A859B8501979B878A878A85BB
:1065A0009B85892B89F715C06E817F8188859985A8
:1065B0000E945D6FDC01CB019B878A8704C081E06C
:1065C00090E09B878A878A859B850197F1F79F8753
:1065D0008E8744EE52E060E080E00E948F0E8BA137
:1065E000882F90E0292F2F938F938CE792E0892FAB
:1065F0008F938CE792E08F93CE014096292F2F93B3
:106600008F930E9457710F900F900F900F900F90E3
:106610000F90CE014096AC016BE080E00E948F0E9F
:1066200088A1282F30E040E5429FC001439F900D94
:10663000112429A13AA1820F931FAC0160E081E0EF
:106640000E948F0E41EF55E060E082E00E948F0EC5
:1066500081E08093A8098091A6099091A7098827D5
:106660009074892B09F4B6C08BA1282F30E04AE33F
:10667000429FC001439F900D11248553954FFC010B
:106680002081318188A1482F50E060E5649FC001DE
:10669000659F900D112449A15AA1840F951FFC01FB
:1066A00083A994A92817390708F4A4C08BA1482FFF
:1066B00050E08BA1282F30E06AE3629FC001639F06
:1066C000900D11248553954FFC012081318188A1C3
:1066D000682F70E0E0E5E69FC001E79F900D112470
:1066E00069A17AA1860F971FFC0183A994A9281B91
:1066F000390B6AE3649FC001659F900D1124855397
:10670000954FFC013183208388A1282F30E040E59C
:10671000429FC001439F900D112429A13AA1820FED
:10672000931F8D5B9F4F2BA1FC01208388A1282FF5
:1067300030E040E5429FC001439F900D112429A104
:106740003AA1820F931F855B9F4FFC0180816BA153
:106750000E945F418091070269E97AE00E94A446A5
:106760000E94650E44EE52E060E080E00E948F0ED1
:106770008BA1882F90E0292F2F938F938CE792E0A5
:10678000892F8F938CE792E08F93CE014096292F2B
:106790002F938F930E9457710F900F900F900F902F
:1067A0000F900F90CE014096AC016BE080E00E940C
:1067B0008F0E45EF52E060E081E00E948F0E41E0D5
:1067C00056E060E082E00E948F0E81E089831092A3
:1067D000A80910C08091A6099091A70988279072F6
:1067E000892B41F06AE082E30E94124C82E08983A7
:1067F0001092A8098981A3960FB6F894DEBF0FBE48
:10680000CDBFDF91CF910895CF93DF9300D0CDB767
:10681000DEB78A836B8319828A81282F30E040E5B6
:10682000429FC001439F900D1124895B934FFC014F
:106830008081853008F0D1C08A81282F30E040E582
:10684000429FC001439F900D1124895B934FFC012F
:106850008081843009F062C08091AB098C3008F0EF
:106860005DC08091AA0984508093AA098091AB09E8
:106870008F5F8093AB098A81282F30E040E5429FEB
:10688000C001439F900D1124875B934FFC018081D1
:10689000882F90E02AE0AC0160E08B810E9476684E
:1068A00089838A81282F30E040E5429FC001439FC1
:1068B000900D1124895B934FFC01808151E0580FAA
:1068C0008A81282F30E040E5429FC001439F900D10
:1068D00011248A5B934FFC018081652F0E943F3F0A
:1068E0008A81282F30E08A81482F50E060E5649F3C
:1068F000C001659F900D1124895B934FFC0180813D
:1069000041E0480F50E5529FC001539F900D112464
:10691000895B934FFC01408381E05FC08091AA09AD
:10692000803208F058C08091AA098F5F8093AA092D
:106930008A81282F30E040E5429FC001439F900D9F
:106940001124875B934FFC018081882F90E02AE01F
:10695000AC0160E08B810E94766889838A81282F50
:1069600030E040E5429FC001439F900D1124895BB8
:10697000934FFC01808151E0580F8A81282F30E02D
:1069800040E5429FC001439F900D11248A5B934FC5
:10699000FC018081652F0E943F3F8A81282F30E0D3
:1069A0008A81482F50E060E5649FC001659F900D8B
:1069B0001124895B934FFC01808141E0480F50E531
:1069C000529FC001539F900D1124895B934FFC018E
:1069D000408381E002C080E000C00F900F900F90D4
:1069E000DF91CF910895CF93DF9300D0CDB7DEB77D
:1069F0008A836B8319828A81282F30E040E5429F89
:106A0000C001439F900D1124895B934FFC0180814D
:106A1000853009F06EC08A81282F30E040E5429F22
:106A2000C001439F900D1124895B934FFC0180812D
:106A3000882309F45EC08091AA098C5F8093AA091B
:106A40008091AB0981508093AB098A81282F30E077
:106A500040E5429FC001439F900D1124895B934FF5
:106A6000FC0180815FEF580F8A81282F30E040E5DC
:106A7000429FC001439F900D11248A5B934FFC01FC
:106A80008081652F0E943F3F8A81282F30E08A81D4
:106A9000482F50E060E5649FC001659F900D112470
:106AA000895B934FFC0180814FEF480F50E5529F67
:106AB000C001539F900D1124895B934FFC014083CB
:106AC0008A81282F30E040E5429FC001439F900D0E
:106AD0001124875B934FFC0180818695882F90E07D
:106AE00025E0AC016B8180E00E947668898381E0BB
:106AF0006AC08A81282F30E040E5429FC001439F51
:106B0000900D1124895B934FFC018081882309F447
:106B100059C08091AA0981508093AA098A81282F9F
:106B200030E040E5429FC001439F900D1124895BF6
:106B3000934FFC0180815FEF580F8A81282F30E04E
:106B400040E5429FC001439F900D11248A5B934F03
:106B5000FC018081652F0E943F3F8A81282F30E011
:106B60008A81482F50E060E5649FC001659F900DC9
:106B70001124895B934FFC0180814FEF480F50E552
:106B8000529FC001539F900D1124895B934FFC01CC
:106B900040838A81282F30E040E5429FC001439F17
:106BA000900D1124875B934FFC0180818695882F7F
:106BB00090E025E0AC016B8180E00E9476688983DB
:106BC00081E001C080E00F900F900F90DF91CF9196
:106BD0000895CF93DF93CDB7DEB762C080918D1952
:106BE00090918E199093BC0B8093BB0B10928E19D1
:106BF00010928D1989E091E0FC018081882F90E04E
:106C0000382F222786E091E0FC018081882F90E0D8
:106C1000822B932B90938E1980938D198091BB0BAF
:106C20009091BC0B9C012095309580918D1990918D
:106C30008E19822393239093A7098093A6098091AC
:106C4000A6099091A70988279170892B89F08091D6
:106C5000AC09882369F49091AD098091AC09492F62
:106C6000682F81E00E94054781E08093AC0918C03D
:106C70008091A6099091A70988279270892B81F0AD
:106C80008091AD09882361F49091AD098091AC09A0
:106C9000492F682F82E00E94054781E08093AD096B
:106CA0008091AC09882309F499CF8091AD0988239C
:106CB00009F494CF0000DF91CF910895CF93DF9333
:106CC000CDB7DEB764970FB6F894DEBF0FBECDBF69
:106CD0008C8B20E1CE010496FC01322F11923A9563
:106CE000E9F780918D1990918E199093BC0B809348
:106CF000BB0B10928E1910928D1989E091E0FC0166
:106D00008081882F90E0382F222786E091E0FC01D7
:106D10008081882F90E0822B932B90938E19809303
:106D20008D198091BB0B9091BC0B9C0120953095E7
:106D300080918D1990918E19822393239093A709A6
:106D40008093A6098091A909882F90E08130910550
:106D500009F454C1823091051CF4892B49F0A8C272
:106D60008230910509F45AC2039709F466C2A0C2A1
:106D70008091A809882309F0BCC042E156E060E098
:106D800080E00E948F0E43E256E060E081E00E94C6
:106D90008F0E42EE53E060E082E00E948F0E81E0B1
:106DA0008093A80919820AC08981882F90E08155B3
:106DB000964FFC01108289818F5F898389818C3194
:106DC00098F31092CC091A8271C08A81282F30E082
:106DD00040E5429FC001439F900D1124805C934F7A
:106DE000FC0120818C89882F90E0880F991F829563
:106DF0009295907F9827807F98278354944FFC0129
:106E00008081281709F04FC08A81282F30E040E5A3
:106E1000429FC001439F900D1124895B934FFC0159
:106E20008081882309F03FC081E08093CB091B82D9
:106E300025C08A81482F50E08B81882F90E060E543
:106E4000649F9001659F300D1124820F931F8E5B0C
:106E5000934FFC018081282F30E040E5429FC00124
:106E6000439F900D1124895B934FFC0180818823FF
:106E700011F01092CB098B818F5F8B838B818330D4
:106E8000C0F28091CB09882371F08091CC09882FC2
:106E900090E08155964F2A81FC0120838091CC0996
:106EA0008F5F8093CC098A818F5F8A838A81883241
:106EB00008F48BCF1092CE0942EE53E060E082E0FE
:106EC0000E948F0E8091CE09882F90E08155964FB9
:106ED000FC018081282F30E040E5429FC001439FA4
:106EE000900D11248350944FAC0160E082E00E9429
:106EF0008F0E8091A6099091A70988279074892BFD
:106F000061F18091CE09882F90E001962091CC0903
:106F1000222F30E0B9010E94AE708093CE0942EE7C
:106F200053E060E082E00E948F0E8091CE09882FAE
:106F300090E08155964FFC018081282F30E040E59C
:106F4000429FC001439F900D11248350944FAC0188
:106F500060E082E00E948F0EA4C18091A60990910A
:106F6000A70988279071892B41F18C89282F30E05F
:106F70008091CD09882F90E04091CE09442F50E0B8
:106F80004155564FFA014081220F331F2295329509
:106F9000307F3227207F3227820F931F8254944FF5
:106FA000FC0140838091CD098F5F8093CD0983E000
:106FB0008093A9091092A80974C18091A6099091A3
:106FC000A70988279072892B09F46BC144E356E026
:106FD00060E080E00E948F0E43E256E060E081E0D6
:106FE0000E948F0E42EE53E060E082E00E948F0E1E
:106FF00081E08093A9091092A80953C18091A80942
:107000008823A9F445E456E060E080E00E948F0EFA
:1070100043E256E060E081E00E948F0E46E556E0D4
:1070200060E082E00E948F0E81E08093A809809149
:10703000A6099091A70988279870892B09F451C057
:107040008C89882F90E02C89222F30E0220F331F6B
:1070500022953295307F3227207F32272652344FB7
:10706000F90120813181265F3F4F880F991F82955A
:107070009295907F9827807F98278652944FFC01A5
:10708000318320838C89882F90E0880F991F829507
:107090009295907F9827807F98278652944FFC0185
:1070A00080819181292F2F938F9387E696E0892FF6
:1070B0008F9387E696E08F93CE010496292F2F9326
:1070C0008F930E9457710F900F900F900F900F9019
:1070D0000F90CE010496AC0168E080E00E948F0E14
:1070E00057C08091A6099091A70999230CF050C030
:1070F0008C89882F90E02C89222F30E0220F331FBB
:1071000022953295307F3227207F32272652344F06
:10711000F901208131812C593F4F880F991F8295A9
:107120009295907F9827807F98278652944FFC01F4
:10713000318320838C89882F90E0880F991F829556
:107140009295907F9827807F98278652944FFC01D4
:1071500080819181292F2F938F9387E696E0892F45
:107160008F9387E696E08F93CE010496292F2F9375
:107170008F930E9457710F900F900F900F900F9068
:107180000F90CE010496AC0168E080E00E948F0E63
:107190008091A6099091A70988279072892B19F1EF
:1071A0008C89882F90E0880F991F82959295907F07
:1071B0009827807F98278354944FFC018081282F43
:1071C00030E04AE3429FC001439F900D1124805359
:1071D000954FFC018081882331F082E08093A909DA
:1071E0001092A8090CC08091A6099091A709882740
:1071F0009072892B21F01092A9091092A809809110
:10720000A6099091A70988279071892B09F44BC092
:1072100083E08093A9091092A80945C08091A6092E
:107220009091A70988279071892B09F43EC083E0CB
:107230008093A9091092A80938C08091A8098823D1
:10724000A9F44BE656E060E080E00E948F0E4CE728
:1072500056E060E081E00E948F0E42EE53E060E075
:1072600082E00E948F0E81E08093A8098091A60998
:107270009091A70988279870892B41F01092CD0929
:107280001092A9091092A80981E013C08091A60963
:107290009091A70999235CF41092A8091092A9096A
:1072A00006C0000005C0000003C0000001C00000CF
:1072B00080E064960FB6F894DEBF0FBECDBFDF91BD
:1072C000CF910895CF93DF93CDB7DEB7ED970FB68B
:1072D000F894DEBF0FBECDBF8DAF20E1CE018D96FD
:1072E000FC01322F11923A95E9F781E08983809170
:1072F000A809882309F04AC044EE52E060E080E02B
:107300000E948F0E8DAD882F90E021E030E0A90122
:10731000481B590BCA01880F991F82959295907F3F
:107320009827807F98278354944FFC018081882F71
:1073300090E0292F2F938F938CE792E0892F8F93E2
:107340008CE792E08F93CE018D96292F2F938F9308
:107350000E9457710F900F900F900F900F900F9009
:10736000CE018D96AC016BE080E00E948F0E49E665
:1073700055E060E081E00E948F0E42EE53E060E055
:1073800082E00E948F0E81E08093A8098DAD882F46
:1073900090E0880F991F82959295907F9827807F23
:1073A00098278254944FFC018081882309F4BAC144
:1073B0001A82A1C149E655E060E081E00E948F0E8B
:1073C0008DAD282F30E08A81882F90E0220F331F67
:1073D00022953295307F3227207F3227820F931FEC
:1073E0008254944FFC018081282F30E040E5429F79
:1073F000C001439F900D11248350944FAC0160E075
:1074000082E00E948F0E31C080918D1990918E196B
:107410009093BC0B8093BB0B10928E1910928D1918
:1074200089E091E0FC018081882F90E0382F2227AD
:1074300086E091E0FC018081882F90E0822B932BE5
:1074400090938E1980938D198091BB0B9091BC0BFA
:107450009C012095309580918D1990918E198223F1
:1074600093239093A7098093A6098DAD882F90E070
:1074700021E030E0A901481B590BCA01880F991F70
:1074800082959295907F9827807F98278354944F78
:10749000FC018081882F90E00197885F9D4FFC015F
:1074A0008081282F30E08091A6099091A70982233E
:1074B0009323892B39F58DAD882F90E021E030E0C2
:1074C000A901481B590BCA01880F991F82959295F3
:1074D000907F9827807F98278354944FFC01808168
:1074E000882F90E00197845F9D4FFC018081282FB9
:1074F00030E08091A6099091A70982239323892BDC
:1075000009F482CF8DAD882F90E021E030E0A90111
:10751000481B590BCA01880F991F82959295907F3D
:107520009827807F98278354944FFC018081882F6F
:1075300090E00197885F9D4FFC018081282F30E00B
:107540008091A6099091A70982239323892B09F49E
:1075500077C04DE856E060E081E00E948F0E42EE79
:1075600053E060E082E00E948F0E80E090E0AAE7A6
:10757000B4E48B879C87AD87BE8720E030E04AE784
:1075800055E46B857C858D859E850E943F70DC016E
:10759000CB018F87988BA98BBA8B20E030E040E835
:1075A0005FE36F85788989899A890E94F16E8823C3
:1075B0000CF43CC020E03FEF4FE757E46F8578893B
:1075C00089899A890E943B7018162CF520E030E0DA
:1075D00040E251E46B857C858D859E850E943F70DD
:1075E000DC01CB01BC01CD010E945D6FDC01CB0150
:1075F0009C8B8B8B0BC080E991E00197F1F79E8B00
:107600008D8B8B899C8901979C8B8B8B8B899C891B
:10761000892B89F715C06F85788989899A890E9495
:107620005D6FDC01CB019C8B8B8B04C081E090E013
:107630009C8B8B8B8B899C890197F1F7988F8F8B13
:107640008DAD882F90E021E030E0A901481B590B57
:10765000CA01880F991F82959295907F9827807F05
:1076600098278354944FFC018081882F90E00197E4
:10767000845F9D4FFC018081282F30E08091A60916
:107680009091A70982239323892B09F01982809175
:107690008D1990918E199093BC0B8093BB0B109217
:1076A0008E1910928D1989E091E0FC018081882F5C
:1076B00090E0382F222786E091E0FC018081882F1E
:1076C00090E0822B932B90938E1980938D1980914B
:1076D000BB0B9091BC0B9C012095309580918D192E
:1076E00090918E19822393239093A7098093A609E2
:1076F0008A818F5F8A838DAD282F30E08A81882F21
:1077000090E0220F331F22953295307F3227207F61
:107710003227820F931F8254944FFC01808188236B
:1077200009F048CE8DAD882F90E0880F991F829583
:107730009295907F9827807F98278652944FFC01DE
:1077400080819181892B09F4B9C144EE52E060E057
:1077500080E00E948F0E8DAD882F90E021E030E018
:10776000A901481B590BCA01880F991F8295929550
:10777000907F9827807F98278354944FFC018081C5
:10778000882F90E0292F2F938F938CE792E0892FF9
:107790008F938CE792E08F93CE018D96292F2F93B4
:1077A0008F930E9457710F900F900F900F900F9032
:1077B0000F90CE018D96AC016BE080E00E948F0EA1
:1077C00049E655E060E081E00E948F0E4EE956E008
:1077D00060E082E00E948F0E8DAD882F90E0880FD0
:1077E000991F82959295907F9827807F982786523F
:1077F000944FFC0180819181292F2F938F9387E6ED
:1078000096E0892F8F9387E696E08F93CE018D9631
:10781000292F2F938F930E9457710F900F900F90E5
:107820000F900F900F90CE018D96AC0169E082E031
:107830000E948F0E31C080918D1990918E19909376
:10784000BC0B8093BB0B10928E1910928D1989E09E
:1078500091E0FC018081882F90E0382F222786E07C
:1078600091E0FC018081882F90E0822B932B9093F4
:107870008E1980938D198091BB0B9091BC0B9C014C
:107880002095309580918D1990918E1982239323A4
:107890009093A7098093A6098DAD882F90E021E0F1
:1078A00030E0A901481B590BCA01880F991F829526
:1078B0009295907F9827807F98278354944FFC015E
:1078C0008081882F90E00197885F9D4FFC01808127
:1078D000282F30E08091A6099091A7098223932355
:1078E000892B39F58DAD882F90E021E030E0A9019A
:1078F000481B590BCA01880F991F82959295907F5A
:107900009827807F98278354944FFC018081882F8B
:1079100090E00197845F9D4FFC018081282F30E02B
:107920008091A6099091A70982239323892B09F4BA
:1079300082CF8DAD882F90E021E030E0A901481B77
:10794000590BCA01880F991F82959295907F9827AD
:10795000807F98278354944FFC018081882F90E08A
:107960000197885F9D4FFC018081282F30E0809136
:10797000A6099091A70982239323892B09F477C044
:107980004DE856E060E081E00E948F0E42EE53E049
:1079900060E082E00E948F0E80E090E0AAE7B4E40D
:1079A0008B839C83AD83BE8320E030E04AE755E4BF
:1079B0006B817C818D819E810E943F70DC01CB01B7
:1079C000898F9A8FAB8FBC8F20E030E040E85FE377
:1079D000698D7A8D8B8D9C8D0E94F16E88230CF4BD
:1079E0003CC020E03FEF4FE757E4698D7A8D8B8DE7
:1079F0009C8D0E943B7018162CF520E030E040E290
:107A000051E46B817C818D819E810E943F70DC01FD
:107A1000CB01BC01CD010E945D6FDC01CB019E8FCB
:107A20008D8F0BC080E991E00197F1F798A38F8FBC
:107A30008D8D9E8D01979E8F8D8F8D8D9E8D892B27
:107A400089F715C0698D7A8D8B8D9C8D0E945D6F35
:107A5000DC01CB019E8F8D8F04C081E090E09E8F72
:107A60008D8F8D8D9E8D0197F1F79AA389A38DAD92
:107A7000882F90E021E030E0A901481B590BCA0192
:107A8000880F991F82959295907F9827807F9827DD
:107A90008354944FFC018081882F90E00197845F8C
:107AA0009D4FFC018081282F30E08091A6099091A4
:107AB000A70982239323892B09F019828DAD882F82
:107AC00090E0880F991F82959295907F9827807FEC
:107AD00098278452944FFC018081882309F48BC13C
:107AE00044EE52E060E080E00E948F0E8DAD882F62
:107AF00090E021E030E0A901481B590BCA01880F32
:107B0000991F82959295907F9827807F982783541C
:107B1000944FFC018081882F90E0292F2F938F9321
:107B20008CE792E0892F8F938CE792E08F93CE01C0
:107B30008D96292F2F938F930E9457710F900F903E
:107B40000F900F900F900F90CE018D96AC016BE0CF
:107B500080E00E948F0E49E655E060E081E00E94DF
:107B60008F0E4FEA56E062E080E00E948F0E31C037
:107B700080918D1990918E199093BC0B8093BB0BC3
:107B800010928E1910928D1989E091E0FC0180818C
:107B9000882F90E0382F222786E091E0FC01808139
:107BA000882F90E0822B932B90938E1980938D19C0
:107BB0008091BB0B9091BC0B9C01209530958091DE
:107BC0008D1990918E19822393239093A709809306
:107BD000A6098DAD882F90E021E030E0A901481B77
:107BE000590BCA01880F991F82959295907F98270B
:107BF000807F98278354944FFC018081882F90E0E8
:107C00000197885F9D4FFC018081282F30E0809193
:107C1000A6099091A70982239323892B39F58DAD6D
:107C2000882F90E021E030E0A901481B590BCA01E0
:107C3000880F991F82959295907F9827807F98272B
:107C40008354944FFC018081882F90E00197845FDA
:107C50009D4FFC018081282F30E08091A6099091F2
:107C6000A70982239323892B09F482CF8DAD882F16
:107C700090E021E030E0A901481B590BCA01880FB0
:107C8000991F82959295907F9827807F982783549B
:107C9000944FFC018081882F90E00197885F9D4F71
:107CA000FC018081282F30E08091A6099091A709DE
:107CB00082239323892B09F477C04DE856E060E0D6
:107CC00081E00E948F0E42EE53E060E082E00E946D
:107CD0008F0E80E090E0AAE7B4E48F839887A987AD
:107CE000BA8720E030E04AE755E46F8178858985DE
:107CF0009A850E943F70DC01CB018BA39CA3ADA3AE
:107D0000BEA320E030E040E85FE36BA17CA18DA141
:107D10009EA10E94F16E88230CF43CC020E03FEF4E
:107D20004FE757E46BA17CA18DA19EA10E943B70FF
:107D300018162CF520E030E040E251E46F817885A0
:107D400089859A850E943F70DC01CB01BC01CD0181
:107D50000E945D6FDC01CB0198A78FA30BC080E967
:107D600091E00197F1F79AA789A78FA198A50197AC
:107D700098A78FA38FA198A5892B89F715C06BA110
:107D80007CA18DA19EA10E945D6FDC01CB0198A713
:107D90008FA304C081E090E098A78FA38FA198A53E
:107DA0000197F1F79CA78BA78DAD882F90E021E07C
:107DB00030E0A901481B590BCA01880F991F829511
:107DC0009295907F9827807F98278354944FFC0149
:107DD0008081882F90E00197845F9D4FFC01808116
:107DE000282F30E08091A6099091A7098223932340
:107DF000892B09F019821092A8098981ED960FB696
:107E0000F894DEBF0FBECDBFDF91CF910895CF9321
:107E1000DF931F921F92CDB7DEB782EE98E024D198
:107E200061E088E2C5D262E088E2C2D263E088E223
:107E3000BFD264E088E2BCD2198206C060E08981CA
:107E40003ED289818F5F898389818C31B8F381E04B
:107E50008A8308C04AE06A8180E090E027D58A8161
:107E60008F5F8A838A818530A8F36AE08AE00E9466
:107E7000824900000F900F90DF91CF910895CF932A
:107E8000DF9300D000D0CDB7DEB78D836E8319822B
:107E90009D81892F880F880F890F8A838A81869513
:107EA000869586958B838A8187708C838E818630B8
:107EB00011F48FE189838E81853019F480E1898303
:107EC00010C08E81882F90E025E030E0281B390B10
:107ED00080EE9FEF02C0969587952A95E2F78095F0
:107EE00089838C81843008F47CC08B81882F90E05A
:107EF0002B81222F30E02E51374FD9012C91622F48
:107F00002C81422F50E02FE130E002C0220F331FBE
:107F10004A95E2F7209526238E51974FFC01208346
:107F20008B81882F90E001962B81222F30E02F5FEC
:107F30003F4F2E51374FD9012C91622F2C81222F88
:107F400030E048E050E0421B530B20EE3FEF02C010
:107F5000359527954A95E2F726238E51974FFC01D8
:107F600020838B81882F90E02B81222F30E02E51AF
:107F7000374FD9012C91622F2981222F30E04C817B
:107F8000442F50E002C0220F331F4A95E2F7262B00
:107F90008E51974FFC0120838B81882F90E00196B2
:107FA0002B81222F30E02F5F3F4F2E51374FD901C9
:107FB0002C91E22F2981222F30E04C81442F50E078
:107FC00068E070E0DB01A41BB50BAD0102C0359584
:107FD00027954A95E2F72E2B8E51974FFC0120836F
:107FE00036C08B81882F90E02B81222F30E02E51DC
:107FF000374FD9012C91622F2C81422F50E02FE175
:1080000030E002C0220F331F4A95E2F72095262365
:108010008E51974FFC0120838B81882F90E02B811C
:10802000222F30E02E51374FD9012C91622F298118
:10803000222F30E04C81442F50E002C0220F331F2A
:108040004A95E2F7262B8E51974FFC01208382EE52
:1080500098E00AD0000026960FB6F894DEBF0FBE57
:10806000CDBFDF91CF910895CF92DF92EF92FF9233
:10807000CF93DF93CDB7DEB7A0970FB6F894DEBFEE
:108080000FBECDBF98A38F8F1A821982F4C0898149
:10809000882F90E02EE030E0A901481B590BCA015F
:1080A0009C018F8D98A1820F931FFC0180818A8390
:1080B0006A8180E00E94A56E80E090E0AAEFB3E4C0
:1080C0008B839C83AD83BE832BEA3AEA4AEA50E471
:1080D0006B817C818D819E810E943F70DC01CB0190
:1080E0008F839887A987BA8720E030E040E850E482
:1080F0006B817C818D819E810E943F70DC01CB0170
:108100008B879C87AD87BE8720E030E040E85FE347
:108110006F81788589859A850E94F16E88230CF499
:10812000A1C020E03FEF4FE757E46B857C858D854C
:108130009E850E943B7018160CF06DC020E030E068
:108140004AE754E46B817C818D819E810E94F56EAB
:10815000DC01CB016C017D0120E030E04AE755E411
:10816000C701B6010E943F70DC01CB018F87988B5D
:10817000A98BBA8B20E030E040E85FE36F85788917
:1081800089899A890E94F16E8823D4F120E03FEF1B
:108190004FE757E46F85788989899A890E943B70F7
:1081A00018161CF520E030E040E251E4C701B601AA
:1081B0000E943F70DC01CB01BC01CD010E945D6FCC
:1081C000DC01CB019C8B8B8B0BC080E991E001978C
:1081D000F1F79E8B8D8B8B899C8901979C8B8B8B68
:1081E0008B899C89892B89F73FC06F85788989891C
:1081F0009A890E945D6FDC01CB019C8B8B8B04C044
:1082000081E090E09C8B8B8B8B899C890197F1F7A7
:10821000988F8F8B29C020E030E04FE753E46F81C7
:10822000788589859A850E943B7018168CF46B8539
:108230007C858D859E850E945D6FDC01CB019A8FC8
:10824000898F898D9A8D0197F1F79C8F8B8F10C044
:108250006F81788589859A850E945D6FDC01CB01ED
:108260008D8F02C081E08D8F8D8D8A95F1F78E8F75
:1082700089818F5F898389818F3008F408CF8EE2EE
:1082800090E02EE230E0F90120812860FC0120839B
:108290008EE290E02EE230E0F9012081277FFC01A0
:1082A00020830000A0960FB6F894DEBF0FBECDBFAE
:1082B000DF91CF91FF90EF90DF90CF900895CF9313
:1082C000DF9300D000D0CDB7DEB78D836E831B82E5
:1082D0008E81882F90E082309105D1F08330910516
:1082E0002CF4009761F0019771F02AC08430910559
:1082F000E1F0843091059CF00597E1F021C01982EE
:108300001A821B821DC082E389831A821B8218C0D5
:108310008EE1898382E38A8383E08B8311C082E3C9
:10832000898384E18A831B820BC019821A8282E3CB
:108330008B8306C082E3898382E38A8382E38B8313
:108340008D81882F90E09C01220F331F280F391F49
:108350002157364E4981F90140839C01220F331F7A
:10836000280F391F2057364E4A81F90140839C015E
:10837000220F331F280F391FC9018F56964E2B81AC
:10838000FC0120831C8207C08FE899E10E94B96E2E
:108390008C818F5F8C838C818C31B0F300002696AA
:1083A0000FB6F894DEBF0FBECDBFDF91CF91089519
:1083B000CF92DF92EF92FF92CF93DF93CDB7DEB7EC
:1083C000A5970FB6F894DEBF0FBECDBF8CA36DA3EB
:1083D0001C821D828DA1882F90E001978057964FB7
:1083E000FC018081882F90E0880F991F880F991FCA
:1083F00099230CF40796959587959595879595956E
:1084000087958E838DA1882F90E001978057964F96
:10841000FC018081880F880F84708F838DA194D197
:108420008D838E81282F30E08F81482F50E08DA1E1
:10843000882F90E00197480F591F8D81082E000C5E
:10844000990B840F951F220F331F220F331F220F0A
:10845000331F820F931F8051974FFC0110828DA113
:10846000882F90E001978057964F2CA1FC01208324
:108470008CA1882F90E0880F991F880F991F99234E
:108480000CF407969595879595958795959587957D
:108490008E838CA1880F880F84708F838DA154D117
:1084A0008D838E81282F30E08F81482F50E08DA161
:1084B000882F90E00197480F591F8D81082E000CDE
:1084C000990B840F951F220F331F220F331F220F8A
:1084D000331F820F931F8051974F21E0FC012083AF
:1084E00019821A820DC119821B8225C08981880FC9
:1084F00089838A81882F90E024E130E0281B390BA2
:108500008B81882F90E047E050E0BA01681B790B1F
:10851000CB01220F331F220F331F220F331F820F75
:10852000931F8051974FFC0180819981892B89830A
:108530008B818F5F8B838B818830C0F289810E9411
:10854000746E80E090E0AAEFB3E488879987AA87E9
:10855000BB872BEA3AEA4AEA50E4688579858A853E
:108560009B850E943F70DC01CB018C879D87AE8785
:10857000BF8720E030E040E850E4688579858A854F
:108580009B850E943F70DC01CB01888B998BAA8B65
:10859000BB8B20E030E040E85FE36C857D858E8515
:1085A0009F850E94F16E88230CF4A1C020E03FEF6C
:1085B0004FE757E4688979898A899B890E943B70D3
:1085C00018160CF06DC020E030E04AE754E46885EE
:1085D00079858A859B850E94F56EDC01CB016C0153
:1085E0007D0120E030E04AE755E4C701B6010E9472
:1085F0003F70DC01CB018C8B9D8BAE8BBF8B20E061
:1086000030E040E85FE36C897D898E899F890E9414
:10861000F16E8823D4F120E03FEF4FE757E46C89F7
:108620007D898E899F890E943B7018161CF520E079
:1086300030E040E251E4C701B6010E943F70DC0126
:10864000CB01BC01CD010E945D6FDC01CB01998F94
:10865000888F0BC080E991E00197F1F79B8F8A8F9B
:10866000888D998D0197998F888F888D998D892B09
:1086700089F73FC06C897D898E899F890E945D6FD3
:10868000DC01CB01998F888F04C081E090E0998F45
:10869000888F888D998D0197F1F79D8F8C8F29C0D8
:1086A00020E030E04FE753E46C857D858E859F8523
:1086B0000E943B7018168CF4688979898A899B8995
:1086C0000E945D6FDC01CB019F8F8E8F8E8D9F8D01
:1086D0000197F1F799A388A310C06C857D858E85DD
:1086E0009F850E945D6FDC01CB018AA302C081E0FF
:1086F0008AA38AA18A95F1F78BA38A818F5F8A83E7
:108700008A81853108F4EFCE85E290E025E230E001
:10871000F90120812061FC01208385E290E025E2BF
:1087200030E0F90120812F7EFC0120830000A59616
:108730000FB6F894DEBF0FBECDBFDF91CF91FF9093
:10874000EF90DF90CF900895CF93DF931F921F9209
:10875000CDB7DEB78A8319828A81882F90E001978E
:108760008057964FFC0180818A3010F4198298C09E
:108770008A81882F90E001978057964FFC01808175
:108780008A3048F18A81882F90E001978057964F70
:10879000FC0180818431F8F48A81882F90E0823056
:1087A000910579F0833091051CF4019739F078C078
:1087B0008330910549F0049751F072C081E08983BC
:1087C00009C082E0898306C08EEF898303C08FEFE2
:1087D0008983000065C08A81882F90E001978057C7
:1087E000964FFC018081843148F18A81882F90E086
:1087F00001978057964FFC0180818E31F8F48A8171
:10880000882F90E08230910579F0833091051CF437
:10881000019739F045C08330910549F0049751F034
:108820003FC083E0898309C081E0898306C08FEF60
:10883000898303C08DEF8983000032C08A81882F2D
:1088400090E001978057964FFC0180818E3140F176
:108850008A81882F90E001978057964FFC01808194
:108860008832F0F48A81882F90E08230910579F087
:10887000833091051CF4019739F012C083309105C3
:1088800049F0049751F00CC082E0898309C08FEF52
:10889000898306C081E0898303C08EEF898300004D
:1088A00089810F900F90DF91CF910895CF92DF9241
:1088B000EF92FF92CF93DF93CDB7DEB7A6970FB6B7
:1088C000F894DEBF0FBECDBF9CA38BA36DA34EA3B8
:1088D0001A828BA19CA196958795969587959695DA
:1088E00087959C01A5ECB0E20E94C970AC0152953D
:1088F00042954F7045275F7045279A01ADECBCEC5F
:108900000E94C970969587959695879596958795B7
:10891000880F991F9C01220F331F220F331F820FD4
:10892000931F9A01281B390BC9018B838BA19CA132
:1089300096958795969587959C01ABE7B4E10E9443
:10894000C970AC01569547959A01ADECBCEC0E94FC
:10895000C970969587959695879596958795880F72
:10896000991F9C01220F331F220F331F820F931F69
:10897000FA01E81BF90BCF018C838BA19CA19C0110
:10898000ADECBCEC0E94C970AC015695479556956C
:108990004795569547959A01ADECBCEC0E94C9707D
:1089A000969587959695879596958795880F991FA3
:1089B0009C01220F331F220F331F820F931F9A0136
:1089C000281B390BC9018D834BA15CA19A01ADEC29
:1089D000BCEC0E94C970969587959695879596955B
:1089E0008795880F991F9C01220F331F220F331F79
:1089F000820F931FFA01E81BF90BCF018E838EA122
:108A0000882309F450C08DA1882F90E00197880F2A
:108A1000991F880F991F2B81222F30E0205F3D4F37
:108A2000F90120818C56964FFC0120838DA1882F5F
:108A300090E00197880F991F880F991F01962C814C
:108A4000222F30E0205F3D4FF90120818C56964F58
:108A5000FC0120838DA1882F90E00197880F991F3A
:108A6000880F991F02962D81222F30E0205F3D4F05
:108A7000F90120818C56964FFC0120838DA1882F0F
:108A800090E00197880F991F880F991F03962E81F8
:108A9000222F30E0205F3D4FF90120818C56964F08
:108AA000FC0120833BC08DA1882F90E00197880FA7
:108AB000991F880F991F20911A028C56964FFC011E
:108AC00020838DA1882F90E00197880F991F880F30
:108AD000991F019620911A028C56964FFC01208313
:108AE0008DA1882F90E00197880F991F880F991FFB
:108AF000029620911A028C56964FFC0120838DA17C
:108B0000882F90E00197880F991F880F991F03966F
:108B100020911A028C56964FFC0120831982F0C0D6
:108B20008981882F90E020E130E0A901481B590B92
:108B3000CA018C56964FFC018081682F82E00E940A
:108B4000A56E80E090E0AAEFB3E48F839887A987B1
:108B5000BA872BEA3AEA4AEA50E46F817885898538
:108B60009A850E943F70DC01CB018B879C87AD8783
:108B7000BE8720E030E040E850E46F817885898549
:108B80009A850E943F70DC01CB018F87988BA98B5F
:108B9000BA8B20E030E040E85FE36B857C858D8513
:108BA0009E850E94F16E88230CF4A1C020E03FEF67
:108BB0004FE757E46F85788989899A890E943B70CD
:108BC00018160CF06DC020E030E04AE754E46F81E5
:108BD000788589859A850E94F56EDC01CB016C0150
:108BE0007D0120E030E04AE755E4C701B6010E946C
:108BF0003F70DC01CB018B8B9C8BAD8BBE8B20E05F
:108C000030E040E85FE36B897C898D899E890E9412
:108C1000F16E8823D4F120E03FEF4FE757E46B89F2
:108C20007C898D899E890E943B7018161CF520E076
:108C300030E040E251E4C701B6010E943F70DC0120
:108C4000CB01BC01CD010E945D6FDC01CB01988F8F
:108C50008F8B0BC080E991E00197F1F79A8F898F94
:108C60008F89988D0197988F8F8B8F89988D892BFD
:108C700089F73FC06B897C898D899E890E945D6FD1
:108C8000DC01CB01988F8F8B04C081E090E0988F3E
:108C90008F8B8F89988D0197F1F79C8F8B8F29C0CF
:108CA00020E030E04FE753E46B857C858D859E8521
:108CB0000E943B7018168CF46F85788989899A898F
:108CC0000E945D6FDC01CB019E8F8D8F8D8D9E8DFF
:108CD0000197F1F798A38F8F10C06B857C858D85E8
:108CE0009E850E945D6FDC01CB0189A302C081E0FB
:108CF00089A389A18A95F1F78AA389818F5F8983E6
:108D00008981813108F40CCF82E091E022E031E0EA
:108D1000F90120812860FC01208382E091E022E0BB
:108D200031E0F9012081277FFC0120830000A69615
:108D30000FB6F894DEBF0FBECDBFDF91CF91FF908D
:108D4000EF90DF90CF900895CF93DF9300D01F92E4
:108D50001F92CDB7DEB78B837D836C8381E08983DF
:108D600016C08981282F30E04AE3429FC001439F0B
:108D7000900D11242C813D81820F931FFC0182A94B
:108D800093A941E0698192DD89818F5F898399810F
:108D90008B81891730F78B818F5F8A8316C08A8118
:108DA000282F30E04AE3429FC001439F900D1124D9
:108DB0002C813D81820F931FFC0182A993A940E081
:108DC0006A8174DD8A818F5F8A838A81853038F376
:108DD00000000F900F900F900F900F90DF91CF91A8
:108DE0000895CF93DF931F92CDB7DEB719820E940B
:108DF000337126E030E0B9010E94AE708F5F898345
:108E000089810F90DF91CF910895CF93DF93CDB7F4
:108E1000DEB7C154D1090FB6F894DEBF0FBECDBF87
:108E20008FAFCE01805C9F4FFC016083CE018F5BD2
:108E30009F4FFC0140838AE08A838FAD813009F027
:108E400093C0CE018F5B9F4FFC018081882309F482
:108E50008BC01B8281C0C5DF89838091A509682FE3
:108E6000898150D28B81882F90E0880F991F0F96AF
:108E7000092E000CAA0BBB0BBC01CD010E948B6F0D
:108E8000DC01CB018B8B9C8BAD8BBE8B20E030E06B
:108E90004AE755E46B897C898D899E890E943F70E1
:108EA000DC01CB018F8B988FA98FBA8F20E030E047
:108EB00040E85FE36F89788D898D9A8D0E94F16E0D
:108EC00088230CF43CC020E03FEF4FE757E46F8964
:108ED000788D898D9A8D0E943B7018162CF520E0B4
:108EE00030E040E251E46B897C898D899E890E9443
:108EF0003F70DC01CB01BC01CD010E945D6FDC0144
:108F0000CB019C8F8B8F0BC080E991E00197F1F72B
:108F10009E8F8D8F8B8D9C8D01979C8F8B8F8B8DD2
:108F20009C8D892B89F715C06F89788D898D9A8DD5
:108F30000E945D6FDC01CB019C8F8B8F04C081E0B0
:108F400090E09C8F8B8F8B8D9C8D0197F1F798A370
:108F50008F8F8B818F5F8B838B81823308F47BCFE4
:108F600089818093A409C3C18FAD813009F091C07C
:108F7000CE018F5B9F4FFC018081882309F089C05F
:108F80001C827FC02EDF89836AE08981BBD18C81FE
:108F9000882F90E0880F991F0F96092E000CAA0BBE
:108FA000BB0BBC01CD010E948B6FDC01CB018F8319
:108FB0009887A987BA8720E030E04AE755E46F81B7
:108FC000788589859A850E943F70DC01CB0189A351
:108FD0009AA3ABA3BCA320E030E040E85FE369A123
:108FE0007AA18BA19CA10E94F16E88230CF43CC055
:108FF00020E03FEF4FE757E469A17AA18BA19CA144
:109000000E943B7018162CF520E030E040E251E45D
:109010006F81788589859A850E943F70DC01CB013C
:10902000BC01CD010E945D6FDC01CB019EA38DA32D
:109030000BC080E991E00197F1F798A78FA38DA16C
:109040009EA101979EA38DA38DA19EA1892B89F737
:1090500015C069A17AA18BA19CA10E945D6FDC0162
:10906000CB019EA38DA304C081E090E09EA38DA3BD
:109070008DA19EA10197F1F79AA789A78C818F5F97
:109080008C838C81823308F47DCF89818093A409FD
:109090002EC18FAD823009F095C0CE01805C9F4F0C
:1090A000FC018081882309F48DC01D8283C099DE74
:1090B0008A838091A4096A8125D18D81282F30E08F
:1090C000C901880F991F820F931F0F96092E000C5C
:1090D000AA0BBB0BBC01CD010E948B6FDC01CB0145
:1090E0008B879C87AD87BE8720E030E04AE755E458
:1090F0006B857C858D859E850E943F70DC01CB0150
:109100008BA79CA7ADA7BEA720E030E040E85FE3B7
:109110006BA57CA58DA59EA50E94F16E88230CF4FD
:109120003CC020E03FEF4FE757E46BA57CA58DA541
:109130009EA50E943B7018162CF520E030E040E21E
:1091400051E46B857C858D859E850E943F70DC0196
:10915000CB01BC01CD010E945D6FDC01CB0198AB5E
:109160008FA70BC080E991E00197F1F79AAB89AB2B
:109170008FA598A9019798AB8FA78FA598A9892B40
:1091800089F715C06BA57CA58DA59EA50E945D6F76
:10919000DC01CB0198AB8FA704C081E090E098ABD5
:1091A0008FA78FA598A90197F1F79CAB8BAB8D8109
:1091B0008F5F8D838D81823308F479CF8A8180938C
:1091C000A50995C08FAD823009F091C0CE01805CB9
:1091D0009F4FFC018081882309F089C01E827FC0D7
:1091E00000DE8A836A818AE08DD08E81882F90E0AC
:1091F000880F991F0F96092E000CAA0BBB0BBC0100
:10920000CD010E948B6FDC01CB018F87988BA98BDE
:10921000BA8B20E030E04AE755E46F857889898988
:109220009A890E943F70DC01CB018DAB9EABAFAB46
:10923000B8AF20E030E040E85FE36DA97EA98FA9D8
:1092400098AD0E94F16E88230CF43CC020E03FEF03
:109250004FE757E46DA97EA98FA998AD0E943B7096
:1092600018162CF520E030E040E251E46F85788953
:1092700089899A890E943F70DC01CB01BC01CD0134
:109280000E945D6FDC01CB019AAF89AF0BC080E912
:1092900091E00197F1F79CAF8BAF89AD9AAD019743
:1092A0009AAF89AF89AD9AAD892B89F715C06DA9A1
:1092B0007EA98FA998AD0E945D6FDC01CB019AAFAA
:1092C00089AF04C081E090E09AAF89AF89AD9AADD3
:1092D0000197F1F79EAF8DAF8E818F5F8E838E8168
:1092E000823308F47DCF8A818093A50900C00000F5
:1092F000CF5BDF4F0FB6F894DEBF0FBECDBFDF915F
:10930000CF910895CF92DF92EF92FF92CF93DF93A8
:10931000CDB7DEB7EA970FB6F894DEBF0FBECDBF6C
:1093200089AF6AAF8AAD882F90E0805F9D4FFC01C6
:109330008081682F83E00E94A56E80E090E0AAEF14
:10934000B3E489839A83AB83BC832BEA3AEA4AEA83
:1093500050E469817A818B819C810E943F70DC019D
:10936000CB0189A39AA3ABA3BCA320E030E040E8E3
:1093700050E469817A818B819C810E943F70DC017D
:10938000CB018DA39EA3AFA3B8A720E030E040E8B7
:109390005FE369A17AA18BA19CA10E94F16E882351
:1093A0000CF4A1C020E03FEF4FE757E46DA17EA190
:1093B0008FA198A50E943B7018160CF06DC020E09C
:1093C00030E04AE754E469817A818B819C810E9474
:1093D000F56EDC01CB016C017D0120E030E04AE755
:1093E00055E4C701B6010E943F70DC01CB0189A79B
:1093F0009AA7ABA7BCA720E030E040E85FE369A5EF
:109400007AA58BA59CA50E94F16E8823D4F120E05B
:109410003FEF4FE757E469A57AA58BA59CA50E946D
:109420003B7018161CF520E030E040E251E4C70123
:10943000B6010E943F70DC01CB01BC01CD010E944E
:109440005D6FDC01CB019EA78DA70BC080E991E089
:109450000197F1F798AB8FA78DA59EA501979EA7C1
:109460008DA78DA59EA5892B89F73FC069A57AA5F3
:109470008BA59CA50E945D6FDC01CB019EA78DA7EB
:1094800004C081E090E09EA78DA78DA59EA50197C1
:10949000F1F79AAB89AB29C020E030E04FE753E405
:1094A00069A17AA18BA19CA10E943B7018168CF433
:1094B0006DA17EA18FA198A50E945D6FDC01CB01FB
:1094C0009CAB8BAB8BA99CA90197F1F79EAB8DABA5
:1094D00010C069A17AA18BA19CA10E945D6FDC01E3
:1094E000CB018FAB02C081E08FAB8FA98A95F1F7DA
:1094F00088AF89AD882F90E0805F9D4FFC0180810F
:10950000682F83E00E94A56E80E090E0AAEFB3E4AC
:109510008D839E83AF83B8872BEA3AEA4AEA50E408
:109520006D817E818F8198850E943F70DC01CB0127
:1095300089879A87AB87BC8720E030E040E850E419
:109540006D817E818F8198850E943F70DC01CB0107
:109550008D879E87AF87B88B20E030E040E85FE3DF
:1095600069857A858B859C850E94F16E88230CF431
:10957000A1C020E03FEF4FE757E46D857E858F85E2
:1095800098890E943B7018160CF06DC020E030E006
:109590004AE754E46D817E818F8198850E94F56E43
:1095A000DC01CB016C017D0120E030E04AE755E4AD
:1095B000C701B6010E943F70DC01CB01898B9A8BF9
:1095C000AB8BBC8B20E030E040E85FE369897A89AF
:1095D0008B899C890E94F16E8823D4F120E03FEFB3
:1095E0004FE757E469897A898B899C890E943B708F
:1095F00018161CF520E030E040E251E4C701B60146
:109600000E943F70DC01CB01BC01CD010E945D6F67
:10961000DC01CB019E8B8D8B0BC080E991E0019723
:10962000F1F7988F8F8B8D899E8901979E8B8D8BFB
:109630008D899E89892B89F73FC069897A898B89B1
:109640009C890E945D6FDC01CB019E8B8D8B04C0D9
:1096500081E090E09E8B8D8B8D899E890197F1F73B
:109660009A8F898F29C020E030E04FE753E4698565
:109670007A858B859C850E943B7018168CF46D85CD
:109680007E858F8598890E945D6FDC01CB019C8F60
:109690008B8F8B8D9C8D0197F1F79E8F8D8F10C0D6
:1096A00069857A858B859C850E945D6FDC01CB0185
:1096B0008F8F02C081E08F8F8F8D8A95F1F788A3FD
:1096C00085E091E025E031E0F90120812860FC018E
:1096D000208385E091E025E031E0F9012081277FBA
:1096E000FC0120830000EA960FB6F894DEBF0FBE9F
:1096F000CDBFDF91CF91FF90EF90DF90CF90089595
:10970000CF93DF93CDB7DEB78CE790E020E4FC0188
:1097100020838EE790E02FE0FC0120838AE790E031
:1097200027E8FC0120830000DF91CF910895CF93BB
:10973000DF931F92CDB7DEB789838CE790E02CE7EB
:1097400030E0F9012081207FFC0120838CE790E04C
:109750002CE730E0F9012081322F29812770232B5B
:10976000FC0120838BE790E02BE730E0F9012081BA
:10977000277FFC0120838BE790E02BE730E0F901A5
:109780002081322F29812870232BFC0120838AE736
:1097900090E02AE730E0F90120812064FC01208379
:1097A00000008AE790E0FC018081882F90E08074BF
:1097B0009927892BB1F788E790E0FC01808191819E
:1097C0000F90DF91CF910895CF93DF931F92CDB784
:1097D000DEB789838981282F30E04AE3429FC001A8
:1097E000439F900D11248253954F21E0FC0120836B
:1097F00064E184E617D08981282F30E04AE3429F54
:10980000C001439F900D11248353954F2AE0FC0122
:10981000208369818AE00E94D84100000F90DF9187
:10982000CF910895CF93DF93CDB7DEB76F970FB683
:10983000F894DEBF0FBECDBF8E8F6F8F19820BC124
:1098400088E290E028E230E0F90120812068FC0104
:10985000208388E290E028E230E0F90120812F7B2C
:10986000FC0120838E8D882F90E0A0E0B0E0BC0149
:10987000CD010E94896FDC01CB018A839B83AC837D
:10988000BD8320E030E04AE755E46A817B818C812A
:109890009D810E943F70DC01CB018C8B9D8BAE8B38
:1098A000BF8B20E030E040E85FE36C897D898E89E2
:1098B0009F890E94F16E88230CF43CC020E03FEFAA
:1098C0004FE757E46C897D898E899F890E943B70A0
:1098D00018162CF520E030E040E251E46A817B81EB
:1098E0008C819D810E943F70DC01CB01BC01CD01C8
:1098F0000E945D6FDC01CB01998F888F0BC080E9DE
:1099000091E00197F1F79B8F8A8F888D998D019750
:10991000998F888F888D998D892B89F715C06C89CF
:109920007D898E899F890E945D6FDC01CB01998FB3
:10993000888F04C081E090E0998F888F888D998D01
:109940000197F1F79D8F8C8F88E290E028E230E05C
:10995000F90120812064FC01208388E290E028E264
:1099600030E0F90120812F77FC0120838E8D882F34
:1099700090E0A0E0B0E0BC01CD010E94896FDC0165
:10998000CB018E839F83A887B98720E030E04AE728
:1099900055E46E817F81888599850E943F70DC0146
:1099A000CB018A879B87AC87BD8720E030E040E809
:1099B0005FE36A857B858C859D850E94F16E882397
:1099C0000CF43CC020E03FEF4FE757E46A857B850D
:1099D0008C859D850E943B7018162CF520E030E0A8
:1099E00040E251E46E817F81888599850E943F70B5
:1099F000DC01CB01BC01CD010E945D6FDC01CB011C
:109A00009F878E870BC080E991E00197F1F7998BD2
:109A1000888B8E859F8501979F878E878E859F85F2
:109A2000892B89F715C06A857B858C859D850E9469
:109A30005D6FDC01CB019F878E8704C081E090E0E1
:109A40009F878E878E859F850197F1F79B8B8A8BE9
:109A500089818F5F898399818F8D981708F4F0CE63
:109A600088E290E028E230E0F90120812F73FC01C8
:109A7000208300006F960FB6F894DEBF0FBECDBFF7
:109A8000DF91CF910895CF93DF93CDB7DEB781E219
:109A900090E02FEFFC01208384E290E02FEFFC01A7
:109AA000208385E290E020E2FC01208387E290E0C1
:109AB0002FEFFC01208388E290E02FE3FC0120835C
:109AC0008AE290E02FEFFC0120838BE290E0FC0122
:109AD00010828DE290E02FEFFC0120838EE290E077
:109AE00020E1FC01208380E390E02EEFFC01208345
:109AF00081E091E02FEFFC01208382E091E020E102
:109B0000FC01208384E091E02FEFFC01208385E0BD
:109B100091E020E1FC01208387E091E0FC011082CC
:109B20008AE091E0FC0110820000DF91CF9108955E
:109B3000CF93DF93CDB7DEB7EF970FB6F894DEBFC4
:109B40000FBECDBF8FAF80E2E0ECF6E0DE015F96A6
:109B500001900D928A95E1F7198214C181E08A8300
:109B60009EC08A81482F50E08A81282F30E06AE326
:109B7000629FC001639F900D11248553954FFC0196
:109B8000208131818981882F90E0880F991FBE0143
:109B90006F5F7F4F860F971F4E96FC0180819181EA
:109BA000280F391F6AE3649FC001659F900D11243F
:109BB0008553954FFC013183208380E090E0A6E936
:109BC000B2E48F839887A987BA8720E030E04AE71C
:109BD00055E46F81788589859A850E943F70DC0104
:109BE000CB018B879C87AD87BE8720E030E040E8C3
:109BF0005FE36B857C858D859E850E94F16E882351
:109C00000CF43CC020E03FEF4FE757E46B857C85C8
:109C10008D859E850E943B7018162CF520E030E063
:109C200040E251E46F81788589859A850E943F7072
:109C3000DC01CB01BC01CD010E945D6FDC01CB01D9
:109C4000988B8F870BC080E991E00197F1F79A8B91
:109C5000898B8F8598890197988B8F878F859889B5
:109C6000892B89F715C06B857C858D859E850E9423
:109C70005D6FDC01CB01988B8F8704C081E090E0A1
:109C8000988B8F878F8598890197F1F79C8B8B8BA9
:109C900069E97AE08FAD58D88A818F5F8A839A818B
:109CA0008FAD891708F05DCF80E090E0A8E4B2E4C2
:109CB0008B839C83AD83BE8320E030E04AE755E48C
:109CC0006B817C818D819E810E943F70DC01CB0184
:109CD0008D8B9E8BAF8BB88F20E030E040E85FE348
:109CE0006D897E898F89988D0E94F16E88230CF48E
:109CF0003CC020E03FEF4FE757E46D897E898F89B4
:109D0000988D0E943B7018162CF520E030E040E260
:109D100051E46B817C818D819E810E943F70DC01CA
:109D2000CB01BC01CD010E945D6FDC01CB019A8F9C
:109D3000898F0BC080E991E00197F1F79C8F8B8FA1
:109D4000898D9A8D01979A8F898F898D9A8D892B0C
:109D500089F715C06D897E898F89988D0E945D6F06
:109D6000DC01CB019A8F898F04C081E090E09A8F4B
:109D7000898F898D9A8D0197F1F79E8F8D8F8981BB
:109D80008F5F89838981803108F4E8CE0000EF96E7
:109D90000FB6F894DEBF0FBECDBFDF91CF9108950F
:109DA000CF93DF931F921F92CDB7DEB79A8389833B
:109DB00089819A812CE43FE6FC013183208323E7EB
:109DC00030E0FC013383228389819A8123E0FC0106
:109DD00022AB89819A81805B9F4F9C018EE0E0EEEF
:109DE000F6E0D90101900D928A95E1F789819A8177
:109DF000805B9F4FFC0112AA89819A81805B9F4FF3
:109E00002CE330E0FC0134AB23AB89819A81805B89
:109E10009F4F22E030E0FC0136AB25AB89819A816F
:109E2000805B9F4F2AE030E0FC0130AF27AB898197
:109E30009A81805B9F4F2EE130E0FC0132AF21AF71
:109E400089819A81805B9F4F2AE530E0FC0134AF25
:109E500023AF89819A81805B9F4F20EA30E0FC012B
:109E600036AF25AF89819A81805B9F4FCF962AEFCD
:109E700030E0FC013183208389819A81805B9F4F90
:109E80008F5B9F4F24E030E0FC0131832083898188
:109E90009A81805B9F4F8D5B9F4F21E0FC01208367
:109EA00089819A81805B9F4F8C5B9F4FFC01108260
:109EB00089819A81805B9F4F8B5B9F4F21E0FC01E2
:109EC000208389819A81805B9F4F8A5B9F4F23E02B
:109ED000FC01208389819A81805B9F4F895B9F4F22
:109EE000FC01108289819A81805B9F4F875B9F4F25
:109EF000FC01108289819A81805B9F4F865B9F4F16
:109F0000FC01108289819A81805B9F4F845B9F4F07
:109F100022E3FC01208389819A81805B9F4F855BCE
:109F20009F4FFC01108289819A81805B9F4F835BE8
:109F30009F4FFC01108289819A8180569F4F9C011E
:109F400089E0EEEEF6E0D90101900D928A95E1F7F5
:109F500089819A8180569F4F21E0FC0122AB898143
:109F60009A8180519F4F9C018BE0E7EFF6E0D90189
:109F700001900D928A95E1F789819A8180519F4FD6
:109F8000FC0112AA89819A8180519F4F2CE330E015
:109F9000FC0134AB23AB89819A8180519F4F2CE324
:109FA00030E0FC0134AB23AB89819A8180519F4F13
:109FB00024E030E0FC0136AB25AB89819A818051E9
:109FC0009F4F24E130E0FC0130AF27AB89819A81BB
:109FD00080519F4F2CE330E0FC0132AF21AF8981EB
:109FE0009A8180519F4F24EB30E0FC0134AF23AFC6
:109FF00089819A8180519F4F20E431E0FC0136AF86
:10A0000025AF89819A8180519F4FCF9622EC31E014
:10A01000FC013183208389819A8180519F4F8F5B1E
:10A020009F4F24E030E0FC013183208389819A81B5
:10A0300080519F4F8D5B9F4F21E0FC0120838981E0
:10A040009A8180519F4F8C5B9F4FFC0110828981C8
:10A050009A8180519F4F8B5B9F4F21E0FC012083B1
:10A0600089819A8180519F4F8A5B9F4F23E0FC0139
:10A07000208389819A8180519F4F895B9F4FFC018A
:10A08000108289819A8180519F4F875B9F4F21E089
:10A09000FC01208389819A8180519F4F865B9F4F6D
:10A0A000FC01108289819A8180519F4F845B9F4F70
:10A0B00022E3FC01208389819A8180519F4F855B37
:10A0C0009F4F21E0FC01208389819A8180519F4F1D
:10A0D000835B9F4FFC01108289819A81805C9E4F37
:10A0E0009C018DE0E2E0F7E0D90101900D928A95A4
:10A0F000E1F789819A81805C9E4F22E0FC0122ABCE
:10A1000089819A81805C9E4F28EC30E0FC0134AB61
:10A1100023AB89819A8180579E4F9C0180E1EFE0BB
:10A12000F7E0D90101900D928A95E1F789819A8132
:10A1300080579E4F27E0FC0122AB89819A8180578E
:10A140009E4F28EC30E0FC0134AB23AB89819A812F
:10A1500080579E4F29E130E0FC0136AB25AB898169
:10A160009A8180579E4F22E330E0FC0130AF27AB4D
:10A1700089819A8180579E4F24E630E0FC0132AFFE
:10A1800021AF89819A8180579E4F28EC30E0FC01F5
:10A1900034AF23AF89819A8180579E4F8D5B9F4F4B
:10A1A00021E0FC01208389819A8180579E4F8C5B3E
:10A1B0009F4F28E0FC01208389819A8180579E4F20
:10A1C0008B5B9F4F25E0FC01208389819A8180571A
:10A1D0009E4F8A5B9F4F2FE0FC01208389819A81EB
:10A1E00080579E4F895B9F4F29E1FC012083898125
:10A1F0009A8180579E4F885B9F4F23E2FC0120830A
:10A2000089819A8180579E4F855B9F4F22E0FC0198
:10A21000208389819A8180579E4F835B9F4FFC01E9
:10A22000108289819A8180529E4F9C018CE0EFE1DF
:10A23000F7E0D90101900D928A95E1F789819A8121
:10A2400080529E4FFC0112AA89819A8180529E4FB2
:10A2500024E630E0FC0134AB23AB89819A81805243
:10A260009E4F26E030E0FC0136AB25AB89819A8118
:10A2700080529E4F2EE130E0FC0130AF27AB898148
:10A280009A8180529E4F2AE530E0FC0132AF21AF27
:10A2900089819A8180529E4F2EE031E0FC0134AFDB
:10A2A00023AF89819A8180529E4F20E931E0FC01E1
:10A2B00036AF25AF89819A8180529E4FCF9626E294
:10A2C00032E0FC013183208389819A8180529E4F44
:10A2D0008F5B9F4F2CE030E0FC013183208389812C
:10A2E0009A8180529E4F8D5B9F4F22E0FC0120831C
:10A2F00089819A8180529E4F8C5B9F4F21E0FC01A7
:10A30000208389819A8180529E4F8B5B9F4F26E0EC
:10A31000FC01208389819A8180529E4F8A5B9F4FE6
:10A3200028E0FC01208389819A8180529E4F895BBD
:10A330009F4F29E0FC01208389819A8180529E4FA2
:10A34000875B9F4F22E0FC01208389819A818052A4
:10A350009E4F865B9F4FFC01108289819A818052BB
:10A360009E4F845B9F4F22E3FC01208389819A8169
:10A3700080529E4F855B9F4F23E0FC0120838981A3
:10A380009A8180529E4F835B9F4FFC01108289818E
:10A390009A81805D9D4F9C0187E0EBE2F7E0D90157
:10A3A00001900D928A95E1F789819A81805D9D4F98
:10A3B00021E0FC0122AB89819A8180589D4F9C014C
:10A3C0008BE0E2E3F7E0D90101900D928A95E1F785
:10A3D00089819A8180589D4FFC0112AA89819A81B6
:10A3E00080589D4F24E630E0FC0134AB23AB8981DB
:10A3F0009A8180589D4F26E030E0FC0136AB25ABBA
:10A4000089819A8180589D4F2EE130E0FC0130AF68
:10A4100027AB89819A8180589D4F2AE530E0FC0165
:10A4200032AF21AF89819A8180589D4F2EE031E073
:10A43000FC0134AF23AF89819A8180589D4F20E978
:10A4400031E0FC0136AF25AF89819A8180589D4F5C
:10A45000CF9626E232E0FC013183208389819A8104
:10A4600080589D4F8F5B9F4F2CE030E0FC01318383
:10A47000208389819A8180589D4F8D5B9F4F22E078
:10A48000FC01208389819A8180589D4F8C5B9F4F6E
:10A4900021E0FC01208389819A8180589D4F8B5B4C
:10A4A0009F4F26E0FC01208389819A8180589D4F2F
:10A4B0008A5B9F4F28E0FC01208389819A81805824
:10A4C0009D4F895B9F4F29E0FC01208389819A8100
:10A4D00080589D4F875B9F4F23E0FC01208389813B
:10A4E0009A8180589D4F865B9F4FFC011082898125
:10A4F0009A8180589D4F845B9F4F22E3FC0120830B
:10A5000089819A8180589D4F855B9F4F24E0FC0193
:10A51000208389819A8180589D4F835B9F4FFC01E6
:10A52000108289819A8180539D4F9C018AE0EDE3DE
:10A53000F7E0D90101900D928A95E1F789819A811E
:10A5400080539D4FFC0112AA89819A8180539D4FAF
:10A5500028E730E0FC0134AB23AB89819A8180533A
:10A560009D4F28E030E0FC0136AB25AB89819A8114
:10A5700080539D4F28E230E0FC0130AF27AB89814A
:10A580009A8180539D4F24E630E0FC0132AF21AF29
:10A5900089819A8180539D4F2CE231E0FC0134AFD8
:10A5A00023AF89819A8180539D4F22EC31E0FC01D9
:10A5B00036AF25AF89819A8180539D4FCF9628E58C
:10A5C00032E0FC013183208389819A8180539D4F41
:10A5D0008F5B9F4F20E130E0FC0131832083898134
:10A5E0009A8180539D4F8D5B9F4F22E0FC01208319
:10A5F00089819A8180539D4F8C5B9F4F21E0FC01A4
:10A60000208389819A8180539D4F8B5B9F4F26E0E9
:10A61000FC01208389819A8180539D4F8A5B9F4FE3
:10A6200028E0FC01208389819A8180539D4F895BBA
:10A630009F4F29E0FC01208389819A8180539D4F9F
:10A64000875B9F4F24E0FC01208389819A8180539E
:10A650009D4F865B9F4FFC01108289819A818053B8
:10A660009D4F845B9F4F22E3FC01208389819A8167
:10A6700080539D4F855B9F4F25E0FC01208389819E
:10A680009A8180539D4F835B9F4FFC01108289818B
:10A690009A81805E9C4F9C018AE0E7E4F7E0D90153
:10A6A00001900D928A95E1F789819A81805E9C4F95
:10A6B00024E0FC0122AB89819A8180599C4F9C0146
:10A6C0008AE0E1E5F7E0D90101900D928A95E1F782
:10A6D00089819A8180599C4FFC0112AA89819A81B3
:10A6E00080599C4F2CE830E0FC0134AB23AB8981CE
:10A6F0009A8180599C4F2AE030E0FC0136AB25ABB3
:10A7000089819A8180599C4F22E330E0FC0130AF6F
:10A7100027AB89819A8180599C4F26E930E0FC0162
:10A7200032AF21AF89819A8180599C4F22EC31E070
:10A73000FC0134AF23AF89819A8180599C4F21E776
:10A7400032E0FC0136AF25AF89819A8180599C4F58
:10A75000CF962EEE32E0FC013183208389819A81ED
:10A7600080599C4F8F5B9F4F24E130E0FC01318387
:10A77000208389819A8180599C4F8D5B9F4F23E074
:10A78000FC01208389819A8180599C4F8C5B9F4F6B
:10A7900022E0FC01208389819A8180599C4F8B5B48
:10A7A0009F4F2BE0FC01208389819A8180599C4F27
:10A7B0008A5B9F4F2DE0FC01208389819A8180591B
:10A7C0009C4F895B9F4F2EE0FC01208389819A81F9
:10A7D00080599C4F875B9F4F25E0FC012083898136
:10A7E0009A8180599C4F865B9F4FFC011082898122
:10A7F0009A8180599C4F845B9F4F24E6FC01208303
:10A8000089819A8180599C4F855B9F4F26E0FC018E
:10A81000208389819A8180599C4F835B9F4FFC01E3
:10A82000108289819A8180549C4F9C0181E1EBE5E3
:10A83000F7E0D90101900D928A95E1F789819A811B
:10A8400080549C4F26E0FC0122AB89819A81805480
:10A850009C4F26E930E0FC0134AB23AB89819A811F
:10A8600080549C4F8D5B9F4F22E0FC0120838981A7
:10A870009A8180549C4F8C5B9F4F28E0FC01208381
:10A8800089819A8180549C4F855B9F4F27E0FC0112
:10A89000208389819A8180549C4F835B9F4FFC0168
:10A8A000108289819A81805F9B4F9C018AE0ECE64F
:10A8B000F7E0D90101900D928A95E1F789819A819B
:10A8C000805F9B4FFC0112AA89819A81805F9B4F18
:10A8D0002CE830E0FC0134AB23AB89819A81805FA6
:10A8E0009B4F2AE030E0FC0136AB25AB89819A8191
:10A8F000805F9B4F22E330E0FC0130AF27AB8981C2
:10A900009A81805F9B4F26E930E0FC0132AF21AF96
:10A9100089819A81805F9B4F22EC31E0FC0134AF4A
:10A9200023AF89819A81805F9B4F21E732E0FC0150
:10A9300036AF25AF89819A81805F9B4FCF962EEEEF
:10A9400032E0FC013183208389819A81805F9B4FB3
:10A950008F5B9F4F24E130E0FC01318320838981AC
:10A960009A81805F9B4F8D5B9F4F23E0FC0120838A
:10A9700089819A81805F9B4F8C5B9F4F22E0FC0115
:10A98000208389819A81805F9B4F8B5B9F4F2BE057
:10A99000FC01208389819A81805F9B4F8A5B9F4F56
:10A9A0002DE0FC01208389819A81805F9B4F895B28
:10A9B0009F4F2EE0FC01208389819A81805F9B4F0D
:10A9C000875B9F4F26E0FC01208389819A81805F0D
:10A9D0009B4F865B9F4FFC01108289819A81805F2B
:10A9E0009B4F845B9F4F24E6FC01208389819A81E1
:10A9F000805F9B4F855B9F4F28E0FC01208389810E
:10AA00009A81805F9B4F835B9F4FFC0110828981FD
:10AA10009A81805A9B4F9C018AE0E6E7F7E0D901D2
:10AA200001900D928A95E1F789819A81805A9B4F16
:10AA3000FC0112AA89819A81805A9B4F20EA30E05A
:10AA4000FC0134AB23AB89819A81805A9B4F2CE067
:10AA500030E0FC0136AB25AB89819A81805A9B4F4F
:10AA60002CE330E0FC0130AF27AB89819A81805A1A
:10AA70009B4F24EB30E0FC0132AF21AF89819A81FA
:10AA8000805A9B4F24EF31E0FC0134AF23AF898122
:10AA90009A81805A9B4F2CEB32E0FC0136AF25AFF8
:10AAA00089819A81805A9B4FCF9624E833E0FC013C
:10AAB0003183208389819A81805A9B4F8F5B9F4F7E
:10AAC00028E130E0FC013183208389819A81805A1A
:10AAD0009B4F8D5B9F4F23E0FC01208389819A81EE
:10AAE000805A9B4F8C5B9F4F22E0FC012083898121
:10AAF0009A81805A9B4F8B5B9F4F2BE0FC012083F8
:10AB000089819A81805A9B4F8A5B9F4F2DE0FC017F
:10AB1000208389819A81805A9B4F895B9F4F2EE0C9
:10AB2000FC01208389819A81805A9B4F875B9F4FCC
:10AB300027E0FC01208389819A81805A9B4F865BA4
:10AB40009F4FFC01108289819A81805A9B4F845BC0
:10AB50009F4F24E6FC01208389819A81805A9B4F74
:10AB6000855B9F4F29E0FC01208389819A81805A6F
:10AB70009B4F835B9F4FFC01108289819A81805596
:10AB80009B4F9C018CE0E0E8F7E0D90101900D9229
:10AB90008A95E1F789819A8180559B4F27E0FC01D6
:10ABA00022AB89819A8180559B4F28EC30E0FC01D3
:10ABB00034AB23AB89819A8180559B4F29E130E0EA
:10ABC000FC0136AB25AB89819A8180559B4F22E3EE
:10ABD00030E0FC0130AF27AB89819A8180559B4FD3
:10ABE00024E630E0FC0132AF21AF89819A818055A3
:10ABF0009B4F28EC30E0FC0134AF23AF89819A8170
:10AC000080559B4F8D5B9F4F21E0FC012083898104
:10AC10009A8180559B4F8C5B9F4F28E0FC012083DD
:10AC200089819A8180559B4F8B5B9F4F25E0FC016A
:10AC3000208389819A8180559B4F8A5B9F4F2FE0AB
:10AC4000FC01208389819A8180559B4F895B9F4FAE
:10AC500029E1FC01208389819A8180559B4F885B83
:10AC60009F4F23E2FC01208389819A8180559B4F6D
:10AC7000855B9F4F2AE0FC01208389819A81805562
:10AC80009B4F835B9F4FFC01108289819A819B5F60
:10AC90009C0187E0ECE8F7E0D90101900D928A95DC
:10ACA000E1F789819A819B5FFC0112AA89819A81CF
:10ACB0009B5F24EB30E0FC0134AB23AB89819A81AC
:10ACC0009B5F2EE030E0FC0136AB25AB89819A8199
:10ACD0009B5F26E430E0FC0130AF27AB89819A818D
:10ACE0009B5F28EC30E0FC0132AF21AF89819A8173
:10ACF0009B5F26E232E0FC0134AF23AF89819A8169
:10AD00009B5F2EEE32E0FC0136AF25AF89819A8140
:10AD10009B5FCF9626EB33E0FC0131832083898152
:10AD20009A819B5F8F5B9F4F2CE130E0FC01318368
:10AD3000208389819A819B5F8D5B9F4F24E0FC017A
:10AD4000208389819A819B5F8C5B9F4F23E0FC016C
:10AD5000208389819A819B5F8B5B9F4F20E1FC015F
:10AD6000208389819A819B5F8A5B9F4F22E1FC014E
:10AD7000208389819A819B5F895B9F4F23E1FC013E
:10AD8000208389819A819B5F875B9F4F28E0FC012C
:10AD9000208389819A819B5F865B9F4FFC01108293
:10ADA00089819A819B5F845B9F4F24E6FC0120830D
:10ADB00089819A819B5F855B9F4F2BE0FC012083FB
:10ADC00089819A819B5F835B9F4FFC0110828981FF
:10ADD0009A81805B9A4F9C0188E0E3E9F7E0D90112
:10ADE00001900D928A95E1F789819A81805B9A4F53
:10ADF00021E0FC0122AB89819A8180569A4F9C0107
:10AE000087E0EBE9F7E0D90101900D928A95E1F72F
:10AE100089819A8180569A4FFC0112AA89819A8170
:10AE200080569A4F24EB30E0FC0134AB23AB898190
:10AE30009A8180569A4F2EE030E0FC0136AB25AB6C
:10AE400089819A8180569A4F26E430E0FC0130AF28
:10AE500027AB89819A8180569A4F28EC30E0FC011B
:10AE600032AF21AF89819A8180569A4F26E232E033
:10AE7000FC0134AF23AF89819A8180569A4F2EEE20
:10AE800032E0FC0136AF25AF89819A8180569A4F16
:10AE9000CF9626EB33E0FC013183208389819A81B0
:10AEA00080569A4F8F5B9F4F2CE130E0FC0131833D
:10AEB000208389819A8180569A4F8D5B9F4F24E031
:10AEC000FC01208389819A8180569A4F8C5B9F4F29
:10AED00023E0FC01208389819A8180569A4F8B5B05
:10AEE0009F4F20E1FC01208389819A8180569A4FEF
:10AEF0008A5B9F4F22E1FC01208389819A818056E1
:10AF00009A4F895B9F4F23E1FC01208389819A81BD
:10AF100080569A4F875B9F4F29E0FC0120838981EF
:10AF20009A8180569A4F865B9F4FFC0110828981DF
:10AF30009A8180569A4F845B9F4F24E6FC012083C0
:10AF400089819A8180569A4F855B9F4F2CE0FC0146
:10AF5000208389819A8180569A4F835B9F4FFC01A1
:10AF6000108289819A8180519A4F9C0187E0E2EAA0
:10AF7000F7E0D90101900D928A95E1F789819A81D4
:10AF800080519A4FFC0112AA89819A8180519A4F6F
:10AF900028EC30E0FC0134AB23AB89819A818051ED
:10AFA0009A4F20E130E0FC0136AB25AB89819A81D4
:10AFB00080519A4F20E530E0FC0130AF27AB89810A
:10AFC0009A8180519A4F2CED30E0FC0132AF21AFD5
:10AFD00089819A8180519A4F28E532E0FC0134AF93
:10AFE00023AF89819A8180519A4F20E233E0FC019E
:10AFF00036AF25AF89819A8180519A4FCF9628EE3E
:10B0000033E0FC013183208389819A8180519A4FFA
:10B010008F5B9F4F20E230E0FC01318320838981E8
:10B020009A8180519A4F8D5B9F4F24E0FC012083D1
:10B0300089819A8180519A4F8C5B9F4F23E0FC015C
:10B04000208389819A8180519A4F8B5B9F4F20E1A9
:10B05000FC01208389819A8180519A4F8A5B9F4F9E
:10B0600022E1FC01208389819A8180519A4F895B7A
:10B070009F4F23E1FC01208389819A8180519A4F5F
:10B08000875B9F4F2AE0FC01208389819A81805150
:10B090009A4F865B9F4FFC01108289819A81805173
:10B0A0009A4F845B9F4F24E6FC01208389819A811B
:10B0B00080519A4F855B9F4F2DE0FC012083898151
:10B0C0009A8180519A4F835B9F4FFC011082898146
:10B0D0009A81805C994F9C018BE0E9EAF7E0D90105
:10B0E00001900D928A95E1F789819A81805C994F50
:10B0F00023E0FC0122AB89819A818057994F9C0102
:10B1000086E0E4EBF7E0D90101900D928A95E1F732
:10B1100089819A818057994FFC0112AA89819A816D
:10B120008057994F2CED30E0FC0134AB23AB898183
:10B130009A818057994F22E130E0FC0136AB25AB74
:10B1400089819A818057994F2AE530E0FC0130AF20
:10B1500027AB89819A818057994F2AEF30E0FC0113
:10B1600032AF21AF89819A818057994F2CEB32E021
:10B17000FC0134AF23AF89819A818057994F2BE628
:10B1800033E0FC0136AF25AF89819A818057994F12
:10B19000CF962AE134E0FC013183208389819A81B2
:10B1A0008057994F8F5B9F4F24E230E0FC01318341
:10B1B000208389819A818057994F8D5B9F4FFC0135
:10B1C000108289819A818057994F8C5B9F4F24E030
:10B1D000FC01208389819A818057994F8B5B9F4F17
:10B1E00025E1FC01208389819A818057994F8A5BF0
:10B1F0009F4F27E1FC01208389819A818057994FD5
:10B20000895B9F4F28E1FC01208389819A818057C7
:10B21000994F875B9F4F2BE0FC01208389819A81A6
:10B220008057994F865B9F4FFC01108289819A81DC
:10B230008057994F845B9F4F26E9FC0120838981C9
:10B240009A818057994F855B9F4F2EE0FC012083A8
:10B2500089819A818057994F835B9F4FFC011082AF
:10B2600089819A818052994F9C0187E0EBE2F7E057
:10B27000D90101900D928A95E1F789819A818052D6
:10B28000994F21E0FC0122AB89819A81805D984F22
:10B290009C018EE0EAEBF7E0D90101900D928A95CE
:10B2A000E1F789819A81805D984FFC0112AA89811A
:10B2B0009A81805D984F2CED30E0FC0134AB23ABDC
:10B2C00089819A81805D984F22E130E0FC0136ABA4
:10B2D00025AB89819A81805D984F2AE530E0FC0199
:10B2E00030AF27AB89819A81805D984F2AEF30E09B
:10B2F000FC0132AF21AF89819A81805D984F2CEBA0
:10B3000032E0FC0134AF23AF89819A81805D984F90
:10B310002BE633E0FC0136AF25AF89819A81805D51
:10B32000984FCF962AE134E0FC0131832083898154
:10B330009A81805D984F8F5B9F4F24E230E0FC0143
:10B340003183208389819A81805D984F8D5B9F4FE7
:10B35000FC01108289819A81805D984F8C5B9F4FA0
:10B3600024E0FC01208389819A81805D984F8B5B6A
:10B370009F4F25E1FC01208389819A81805D984F50
:10B380008A5B9F4F27E1FC01208389819A81805D40
:10B39000984F895B9F4F28E1FC01208389819A8126
:10B3A000805D984F875B9F4F2CE0FC012083898153
:10B3B0009A81805D984F865B9F4FFC011082898146
:10B3C0009A81805D984F845B9F4F26E9FC01208322
:10B3D00089819A81805D984F855B9F4F2FE0FC01AA
:10B3E000208389819A81805D984F835B9F4FFC0108
:10B3F000108289819A818058984F9C018FE0E8ECF7
:10B40000F7E0D90101900D928A95E1F789819A813F
:10B410008058984FFC0112AA89819A818058984FD0
:10B4200020EF30E0FC0134AB23AB89819A81805856
:10B43000984F24E130E0FC0136AB25AB89819A813D
:10B440008058984F24E630E0FC0130AF27AB89816B
:10B450009A818058984F2CE231E0FC0132AF21AF45
:10B4600089819A818058984F2EEE32E0FC0134AFEA
:10B4700023AF89819A818058984F2DE933E0FC01F0
:10B4800036AF25AF89819A818058984FCF962CE4AA
:10B4900034E0FC013183208389819A818058984F60
:10B4A0008F5B9F4F28E230E0FC013183208389814C
:10B4B0009A818058984F8D5B9F4FFC011082898143
:10B4C0009A818058984F8C5B9F4F24E0FC01208329
:10B4D00089819A818058984F8B5B9F4F25E1FC01B1
:10B4E000208389819A818058984F8A5B9F4F27E1FA
:10B4F000FC01208389819A818058984F895B9F4FF6
:10B5000028E1FC01208389819A818058984F875BCC
:10B510009F4F2DE0FC01208389819A818058984FAC
:10B52000865B9F4FFC01108289819A818058984FD9
:10B53000845B9F4F26E9FC01208389819A81805892
:10B54000984F855B9F4F20E1FC01208389819A8180
:10B550008058984F835B9F4FFC01108289819A81AC
:10B560008053984F9C018AE0E7EDF7E0D901019004
:10B570000D928A95E1F789819A818053984F27E04F
:10B58000FC0122AB89819A818053984F28EC30E0EE
:10B59000FC0134AB23AB89819A818053984F29E118
:10B5A00030E0FC0136AB25AB89819A818053984FFE
:10B5B00022E330E0FC0130AF27AB89819A818053D0
:10B5C000984F24E630E0FC0132AF21AF89819A81A7
:10B5D0008053984F28EC30E0FC0134AF23AF8981D1
:10B5E0009A818053984F8D5B9F4F21E0FC0120830F
:10B5F00089819A818053984F8C5B9F4F28E0FC0192
:10B60000208389819A818053984F8B5B9F4F25E0DF
:10B61000FC01208389819A818053984F8A5B9F4FD8
:10B620002FE0FC01208389819A818053984F895BA8
:10B630009F4F29E1FC01208389819A818053984F93
:10B64000885B9F4F23E2FC01208389819A8180538C
:10B65000984F855B9F4F21E1FC01208389819A816E
:10B660008053984F835B9F4FFC01108289819A81A0
:10B67000805E974F9C0189E0E1EEF7E0D9010190EF
:10B680000D928A95E1F789819A81805E974FFC013E
:10B6900012AA89819A81805E974F24E031E0FC01F3
:10B6A00034AB23AB89819A81805E974F26E130E0ED
:10B6B000FC0136AB25AB89819A81805E974F2EE6DF
:10B6C00030E0FC0130AF27AB89819A81805E974FD3
:10B6D0002AE431E0FC0132AF21AF89819A81805E9A
:10B6E000974F20E233E0FC0134AF23AF89819A8188
:10B6F000805E974F2FEC33E0FC0136AF25AF898198
:10B700009A81805E974FCF962EE734E0FC0131831B
:10B71000208389819A81805E974F8F5B9F4F2CE2B7
:10B7200030E0FC013183208389819A81805E974FCC
:10B730008D5B9F4FFC01108289819A81805E974FBB
:10B740008C5B9F4F25E0FC01208389819A81805E7C
:10B75000974F8B5B9F4F2AE1FC01208389819A815F
:10B76000805E974F8A5B9F4F2BE1FC01208389818C
:10B770009A81805E974F895B9F4F2DE1FC0120836A
:10B7800089819A81805E974F875B9F4F2EE0FC01F5
:10B79000208389819A81805E974F865B9F4FFC0151
:10B7A000108289819A81805E974F845B9F4F26E942
:10B7B000FC01208389819A81805E974F855B9F4F32
:10B7C00022E1FC01208389819A81805E974F835B0F
:10B7D0009F4FFC01108289819A818059974F9C016B
:10B7E00089E0EAEEF7E0D90101900D928A95E1F740
:10B7F00089819A818059974FFC0112AA89819A8187
:10B800008059974F24E031E0FC0134AB23AB8981B0
:10B810009A818059974F26E130E0FC0136AB25AB89
:10B8200089819A818059974F2EE630E0FC0130AF34
:10B8300027AB89819A818059974F2AE431E0FC0136
:10B8400032AF21AF89819A818059974F20E233E04E
:10B85000FC0134AF23AF89819A818059974F2FEC37
:10B8600033E0FC0136AF25AF89819A818059974F2B
:10B87000CF962EE734E0FC013183208389819A81C1
:10B880008059974F8F5B9F4F2CE230E0FC01318352
:10B89000208389819A818059974F8D5B9F4FFC014E
:10B8A000108289819A818059974F8C5B9F4F25E048
:10B8B000FC01208389819A818059974F8B5B9F4F30
:10B8C0002AE1FC01208389819A818059974F8A5B04
:10B8D0009F4F2BE1FC01208389819A818059974FEA
:10B8E000895B9F4F2DE1FC01208389819A818059DA
:10B8F000974F875B9F4F2FE0FC01208389819A81BE
:10B900008059974F865B9F4FFC01108289819A81F5
:10B910008059974F845B9F4F26E9FC0120838981E2
:10B920009A818059974F855B9F4F23E1FC012083CB
:10B9300089819A818059974F835B9F4FFC011082C8
:10B9400089819A818054974F9C018BE0E3EFF7E067
:10B95000D90101900D928A95E1F789819A818054ED
:10B96000974F26E0FC0122AB89819A818054974F42
:10B9700026E930E0FC0134AB23AB89819A81805405
:10B98000974F8D5B9F4F22E0FC01208389819A8134
:10B990008054974F8C5B9F4F28E0FC012083898166
:10B9A0009A818054974F855B9F4F24E1FC0120834F
:10B9B00089819A818054974F835B9F4FFC0110824D
:10B9C00089819A81805F964F9C0189E0EEEFF7E0D4
:10B9D000D90101900D928A95E1F789819A81805F62
:10B9E000964FFC0112AA89819A81805F964F28E1C7
:10B9F00031E0FC0134AB23AB89819A81805F964FA3
:10BA000028E130E0FC0136AB25AB89819A81805F6B
:10BA1000964F28E730E0FC0130AF27AB89819A814F
:10BA2000805F964F28E631E0FC0132AF21AF89817B
:10BA30009A81805F964F22E533E0FC0134AF23AF5B
:10BA400089819A81805F964F21E034E0FC0136AF16
:10BA500025AF89819A81805F964FCF9620EB34E0A5
:10BA6000FC013183208389819A81805F964F8F5BAF
:10BA70009F4F20E330E0FC013183208389819A814C
:10BA8000805F964F8D5B9F4FFC01108289819A8168
:10BA9000805F964F8C5B9F4F25E0FC01208389815E
:10BAA0009A81805F964F8B5B9F4F2AE1FC01208338
:10BAB00089819A81805F964F8A5B9F4F2BE1FC01C1
:10BAC000208389819A81805F964F895B9F4F2DE10A
:10BAD000FC01208389819A81805F964F875B9F4F0D
:10BAE00020E1FC01208389819A81805F964F865BEB
:10BAF0009F4FFC01108289819A81805F964F845B01
:10BB00009F4F26E9FC01208389819A81805F964FAF
:10BB1000855B9F4F25E1FC01208389819A81805FAD
:10BB2000964F835B9F4FFC01108289819A81805AD6
:10BB3000964F9C0183E1E7E0F8E0D90101900D9276
:10BB40008A95E1F789819A81805A964F25E0FC0118
:10BB500022AB89819A818055964F9C0186E0EAE16B
:10BB6000F8E0D90101900D928A95E1F789819A81D7
:10BB70008055964FFC0112AA89819A818055964F73
:10BB80002CE231E0FC0134AB23AB89819A818055F2
:10BB9000964F2AE130E0FC0136AB25AB89819A81D2
:10BBA0008055964F22E830E0FC0130AF27AB898109
:10BBB0009A818055964F26E831E0FC0132AF21AFE3
:10BBC00089819A818055964F24E833E0FC0134AF97
:10BBD00023AF89819A818055964F2CE434E0FC0193
:10BBE00036AF25AF89819A818055964FCF962BEF3E
:10BBF00034E0FC013183208389819A818055964FFE
:10BC00008F5B9F4F24E330E0FC01318320838981E7
:10BC10009A818055964F8D5B9F4FFC0110828981E0
:10BC20009A818055964F8C5B9F4F26E0FC012083C4
:10BC300089819A818055964F8B5B9F4F2FE1FC0144
:10BC4000208389819A818055964F8A5B9F4F20E29D
:10BC5000FC01208389819A818055964F895B9F4F93
:10BC600022E2FC01208389819A818055964F875B6F
:10BC70009F4F21E1FC01208389819A818055964F55
:10BC8000865B9F4FFC01108289819A818055964F77
:10BC9000845B9F4F28ECFC01208389819A81805529
:10BCA000964F855B9F4F26E1FC01208389819A8115
:10BCB0008055964F835B9F4FFC01108289819A814A
:10BCC000965F9C018EE0E0E2F8E0D90101900D92D0
:10BCD0008A95E1F789819A81965FFC0112AA898190
:10BCE0009A81965F2CE231E0FC0134AB23AB898171
:10BCF0009A81965F2AE130E0FC0136AB25AB898161
:10BD00009A81965F22E830E0FC0130AF27AB898151
:10BD10009A81965F26E831E0FC0132AF21AF89813C
:10BD20009A81965F24E833E0FC0134AF23AF898128
:10BD30009A81965F2CE434E0FC0136AF25AF89810F
:10BD40009A81965FCF962BEF34E0FC0131832083FC
:10BD500089819A81965F8F5B9F4F24E330E0FC01DD
:10BD60003183208389819A81965F8D5B9F4FFC018F
:10BD7000108289819A81965F8C5B9F4F26E0FC013F
:10BD8000208389819A81965F8B5B9F4F2FE1FC0115
:10BD9000208389819A81965F8A5B9F4F20E2FC0114
:10BDA000208389819A81965F895B9F4F22E2FC0103
:10BDB000208389819A81965F875B9F4F22E1FC01F6
:10BDC000208389819A81965F865B9F4FFC01108258
:10BDD00089819A81965F845B9F4F28ECFC012083C8
:10BDE00089819A81965F855B9F4F27E1FC012083C3
:10BDF00089819A81965F835B9F4FFC0110828981C4
:10BE00009A81805B954F9C0188E0E3E9F7E0D901D6
:10BE100001900D928A95E1F789819A81805B954F17
:10BE200021E0FC0122AB89819A818056954F9C01CB
:10BE30008FE0EEE2F8E0D90101900D928A95E1F7EA
:10BE400089819A818056954FFC0112AA89819A8135
:10BE50008056954F20E431E0FC0134AB23AB89815F
:10BE60009A818056954F2CE130E0FC0136AB25AB32
:10BE700089819A818056954F26E930E0FC0130AFE8
:10BE800027AB89819A818056954F22EC31E0FC01E5
:10BE900032AF21AF89819A818056954F28EE33E0E9
:10BEA000FC0134AF23AF89819A818056954F20EBF6
:10BEB00034E0FC0136AF25AF89819A818056954FD9
:10BEC000CF9628E735E0FC013183208389819A8170
:10BED0008056954F8F5B9F4F28E330E0FC01318304
:10BEE000208389819A818056954F8D5B9F4FFC01FD
:10BEF000108289819A818056954F8C5B9F4F26E0F6
:10BF0000FC01208389819A818056954F8B5B9F4FDE
:10BF10002FE1FC01208389819A818056954F8A5BAD
:10BF20009F4F20E2FC01208389819A818056954FA2
:10BF3000895B9F4F22E2FC01208389819A81805690
:10BF4000954F875B9F4F23E1FC01208389819A8174
:10BF50008056954F865B9F4FFC01108289819A81A4
:10BF60008056954F845B9F4F28ECFC01208389818C
:10BF70009A818056954F855B9F4F28E1FC01208375
:10BF800089819A818056954F835B9F4FFC01108277
:10BF900089819A818051954F9C018EE0EDE3F8E014
:10BFA000D90101900D928A95E1F789819A8180519A
:10BFB000954F27E0FC0122AB89819A818051954FF2
:10BFC00028EC30E0FC0134AB23AB89819A818051AD
:10BFD000954F29E130E0FC0136AB25AB89819A8190
:10BFE0008051954F22E330E0FC0130AF27AB8981CF
:10BFF0009A818051954F24E630E0FC0132AF21AFA9
:10C0000089819A818051954F28EC30E0FC0134AF52
:10C0100023AF89819A818051954F8D5B9F4FFC01A1
:10C02000108289819A818051954F8C5B9F4F28E0C7
:10C03000FC01208389819A818051954F8B5B9F4FB2
:10C0400025E0FC01208389819A818051954F8A5B8C
:10C050009F4F2FE0FC01208389819A818051954F69
:10C06000895B9F4F29E1FC01208389819A8180515E
:10C07000954F885B9F4F23E2FC01208389819A8141
:10C080008051954F855B9F4F29E1FC012083898179
:10C090009A818051954F835B9F4FFC01108289816B
:10C0A0009A81805C944F9C0187E0EBE2F7E0D90134
:10C0B00001900D928A95E1F789819A81805C944F75
:10C0C00021E0FC0122AB89819A818057944F9C0129
:10C0D00086E0EBE4F8E0D90101900D928A95E1F752
:10C0E00089819A818057944FFC0112AA89819A8193
:10C0F0008057944F2EE531E0FC0134AB23AB8981AE
:10C100009A818057944F23E230E0FC0136AB25AB97
:10C1100089819A818057944F2FEA30E0FC0130AF3B
:10C1200027AB89819A818057944F24EF31E0FC013D
:10C1300032AF21AF89819A818057944F2CE434E04B
:10C14000FC0134AF23AF89819A818057944F24E159
:10C1500035E0FC0136AF25AF89819A818057944F35
:10C16000CF962CED35E0FC013183208389819A81C3
:10C170008057944F8F5B9F4F26E430E0FC01318362
:10C18000208389819A818057944F8D5B9F4FFC015A
:10C19000108289819A818057944F8C5B9F4F27E052
:10C1A000FC01208389819A818057944F8B5B9F4F3C
:10C1B00025E2FC01208389819A818057944F8A5B14
:10C1C0009F4F27E2FC01208389819A818057944FF9
:10C1D000895B9F4FFC01108289819A818057944F1F
:10C1E000875B9F4F24E1FC01208389819A818057DE
:10C1F000944F865B9F4FFC01108289819A81805702
:10C20000944F845B9F4F28ECFC01208389819A81A5
:10C210008057944F855B9F4F2AE1FC0120838981E1
:10C220009A818057944F835B9F4FFC0110828981D4
:10C230009A818052944F9C018EE0E1E5F8E0D901AB
:10C2400001900D928A95E1F789819A818052944FED
:10C2500022E0FC0122AB89819A818052944F24E62E
:10C2600030E0FC0134AB23AB89819A81805D934F30
:10C270009C018EE0EFE5F8E0D90101900D928A95DE
:10C28000E1F789819A81805D934FFC0112AA89812F
:10C290009A81805D934F20E931E0FC0134AB23AB00
:10C2A00089819A81805D934F22E330E0FC0136ABB7
:10C2B00025AB89819A81805D934F28EC30E0FC01A9
:10C2C00030AF27AB89819A81805D934F28E532E0BA
:10C2D000FC0132AF21AF89819A81805D934F28E7BD
:10C2E00035E0FC0134AF23AF89819A81805D934FA3
:10C2F00024EA36E0FC0136AF25AF89819A81805D62
:10C30000934FCF9620ED37E0FC0131832083898164
:10C310009A81805D934F8F5B9F4F24E630E0FC0154
:10C320003183208389819A81805D934F8D5B9F4FFC
:10C33000FC01108289819A81805D934F8C5B9F4FB5
:10C3400027E0FC01208389819A81805D934F8B5B7C
:10C350009F4F25E2FC01208389819A81805D934F64
:10C360008A5B9F4F25E2FC01208389819A81805D51
:10C37000934F895B9F4F25E2FC01208389819A813D
:10C38000805D934F885B9F4F27E2FC01208389816A
:10C390009A81805D934F875B9F4F25E1FC0120834D
:10C3A00089819A81805D934F865B9F4FFC0110824B
:10C3B00089819A81805D934F845B9F4F28ECFC01BB
:10C3C000208389819A81805D934F855B9F4F2BE10C
:10C3D000FC01208389819A81805D934F835B9F4F0D
:10C3E000FC01108200000F900F90DF91CF91089513
:10C3F000CF93DF931F921F92CDB7DEB79A838983C5
:10C4000089819A81FC01108289819A81089621E0B4
:10C41000FC01208389819A81409627E0FC012083DA
:10C4200089819A81409626E0FC01278389819A813F
:10C430004096FC01118289819A81489623E0FC0193
:10C44000208389819A81489622E330E0FC0133837E
:10C45000228389819A81809628E0FC01208389814A
:10C460009A81809627E2FC01268389819A818896A9
:10C4700027E0FC01208389819A81889627E0FC01CE
:10C48000278389819A81C096FC01118289819A81D2
:10C49000C09627E0FC01208389819A81C09627E01D
:10C4A000FC01278389819A81C096FC0111828981D0
:10C4B0009A81C89628E0FC01208389819A81C896D8
:10C4C0002FE1FC01268389819A81805C9F4F28E0BF
:10C4D000FC01208389819A81805C9F4F28E1FC01C7
:10C4E000268389819A81885B9F4F28E0FC01208305
:10C4F00089819A81885B9F4FFC01168289819A818C
:10C50000805B9F4F28E0FC01208389819A81805BBA
:10C510009F4F29E1FC01268389819A81885A9F4F88
:10C5200024E0FC01208389819A81885A9F4F26E468
:10C5300030E0FC013383228389819A81805A9F4FA6
:10C5400024E0FC01208389819A81805A9F4F2CE846
:10C5500030E0FC013383228389819A8188599F4F7F
:10C5600027E0FC01208389819A8188599F4F2DEF14
:10C57000FC01218389819A8180599F4F22E0FC012F
:10C58000208389819A8180599F4F29E130E0FC0105
:10C590003383228389819A8180599F4F24E630E03A
:10C5A000FC013583248389819A8188589F4F25E037
:10C5B000FC01208389819A8188589F4F22E330E0D3
:10C5C000FC013383228389819A8180589F4F23E025
:10C5D000FC01208389819A8180589F4F25E030E0BB
:10C5E000FC013383228389819A8188579F4FFC0104
:10C5F000108289819A8180579F4F21E0FC0120831E
:10C6000089819A8188569F4F22E0FC01208389818D
:10C610009A8188569F4F28E230E0FC0133832283C1
:10C6200089819A8188569F4F23E730E0FC0135834A
:10C63000248389819A8180569F4F23E0FC012083C7
:10C6400089819A8180569F4F24E630E0FC01338334
:10C65000228389819A8188559F4F23E0FC012083A2
:10C6600089819A8188559F4F22E330E0FC01338312
:10C67000228389819A8180559F4F23E0FC0120838A
:10C6800089819A8180559F4F22E330E0FC013383FA
:10C69000228389819A8188549F4F26E0FC01208360
:10C6A00089819A8188549F4F2AE030E0FC013383CE
:10C6B000228389819A8180549F4F24E0FC0120834A
:10C6C00089819A8180549F4F24E630E0FC013383B6
:10C6D000228389819A8188539F4F24E0FC01208323
:10C6E00089819A8188539F4F2AE030E0FC0133838F
:10C6F000228389819A8180539F4F24E0FC0120830B
:10C7000089819A8180539F4F22E330E0FC0133837B
:10C71000228389819A8188529F4F24E0FC012083E3
:10C7200089819A8188529F4F24E630E0FC0133834F
:10C73000228389819A8180529F4F24E0FC012083CB
:10C7400089819A8180529F4F29E130E0FC01338337
:10C75000228389819A8188519F4F24E0FC012083A4
:10C7600089819A8188519F4F24E130E0FC01338315
:10C77000228389819A8180519F4F24E0FC0120838C
:10C7800089819A8180519F4F24E630E0FC013383F8
:10C79000228389819A8188509F4F24E0FC01208365
:10C7A00089819A8188509F4F24E630E0FC013383D1
:10C7B000228389819A81939528E0FC0120838981D5
:10C7C0009A819395FC01168289819A81939528EC30
:10C7D00030E0FC013383228389819A81885F9E4FF8
:10C7E00028E0FC01208389819A81885F9E4F20E2A6
:10C7F000FC01268300000F900F90DF91CF910895E8
:10C80000CF93DF9300D01F92CDB7DEB79A83898391
:10C810007C836B832B813C8148EC429FC001439F0A
:10C82000900D11249C012A5E3E4F89819A81B901A5
:10C830000E94417100000F900F900F900F90DF91B8
:10C84000CF9108950F931F93CF93DF93CDB7DEB7AA
:10C85000EE970FB6F894DEBF0FBECDBF89AF6AAFBB
:10C860004BAF2CAF1EAF0DAF18861F821A861986EC
:10C870001B861C8619821E861D868BAD8823F1F4CB
:10C880001092D0090E9433718F709078992324F40C
:10C890000197806F9F6F01968093CF0989AD8823A0
:10C8A00029F08091CF098F5E8093CF098091CF09C5
:10C8B000882F90E0BC0181ED99E0A2DF8CAD882348
:10C8C00009F4F0C38091CF09882F90E0880F991F59
:10C8D000880F991F880F991F2DAD3EAD820F931FB2
:10C8E000FC018081882F90E0092E000CAA0BBB0B65
:10C8F00040E050E028E030E0841B950B2817390712
:10C9000008F4CEC3FC018827EE57FF4F8F4F0C94DD
:10C91000C1708AAD282F30E04AE3429FC001439F97
:10C92000900D11248353954F2AE0FC0120838AAD9A
:10C93000282F30E04AE3429FC001439F900D11240D
:10C940008253954F21E0FC0120838AAD282F30E0EF
:10C950004AE3429FC001439F900D11248153954F9C
:10C96000FC0110826AAD8AE00E94D84199C38AAD69
:10C97000282F30E04AE3429FC001439F900D1124CD
:10C980008053954F21E0FC0120838AC38AAD282F74
:10C9900030E04AE3429FC001439F900D11248F5223
:10C9A000954FFC018081482F50E08091CF09882F5E
:10C9B00090E0880F991F880F991F880F991F2DAD40
:10C9C0003EAD820F931FFC0122813381429FC00143
:10C9D000439F900D529F900D112498878F838AADAD
:10C9E000282F30E04AE3429FC001439F900D11245D
:10C9F0008E52954FFC018081482F50E08091CF09E5
:10CA0000882F90E0880F991F880F991F880F991F12
:10CA10002DAD3EAD820F931FFC0124813581429FD5
:10CA2000C001439F900D529F900D112498878F83D2
:10CA30002F81388589859A85820F931F21E0AC016B
:10CA400060E08AAD53D32CC38091CF09882F90E04A
:10CA5000880F991F880F991F880F991F2DAD3EAD24
:10CA6000820F931FFC018281938121E0AC0160E081
:10CA70008AAD3CD315C38091CF09882F90E0880FF1
:10CA8000991F880F991F880F991F2DAD3EAD820FFA
:10CA9000931FFC018281938121E0AC016AAD80E0AB
:10CAA00025D3FEC281E08A831DC09A818AAD981782
:10CAB000B1F08091CF09882F90E0880F991F880FDF
:10CAC000991F880F991F2DAD3EAD820F931FFC015A
:10CAD0008281938121E0AC016A818AAD07D38A818A
:10CAE0008F5F8A83809107029A818917F0F6D8C2F6
:10CAF00081E08B831DC09B818AAD9817B1F4809132
:10CB0000CF09882F90E0880F991F880F991F880FF1
:10CB1000991F2DAD3EAD820F931FFC018281938141
:10CB200021E0AC016AAD8B81E1D28B818F5F8B8379
:10CB3000809107029B818917F0F6B2C28091CF09DC
:10CB4000882F90E0880F991F880F991F880F991FD1
:10CB50002DAD3EAD820F931FFC018181882339F1F9
:10CB60008AAD282F30E04AE3429FC001439F900DD9
:10CB700011248353954FFC0180818C878091CF09CC
:10CB8000882F90E0880F991F880F991F880F991F91
:10CB90002DAD3EAD820F931FFC018181982F8C85B6
:10CBA000890F89836AAD89810E94D841BFC08AAD4F
:10CBB000282F30E04AE3429FC001439F900D11248B
:10CBC0008353954FFC0180818C878C858C838EC02C
:10CBD0008C818B879C818DEC989F812D112482956F
:10CBE0008695877028E2829F802D1124F92FF81BEB
:10CBF0008F2F8F5F89836AAD89810E94D841898197
:10CC0000882331F42AE048EC50E06AAD80E06ED22F
:10CC100080E090E0A8ECB2E48F8B988FA98FBA8F58
:10CC200020E030E04AE755E46F89788D898D9A8D50
:10CC30000E943F70DC01CB018B8F9C8FAD8FBE8F2C
:10CC400020E030E040E85FE36B8D7C8D8D8D9E8D24
:10CC50000E94F16E88230CF43CC020E03FEF4FE7C8
:10CC600057E46B8D7C8D8D8D9E8D0E943B701816C8
:10CC70002CF520E030E040E251E46F89788D898D19
:10CC80009A8D0E943F70DC01CB01BC01CD010E9456
:10CC90005D6FDC01CB0198A38F8F0BC080E991E021
:10CCA0000197F1F79AA389A38F8D98A1019798A373
:10CCB0008F8F8F8D98A1892B89F715C06B8D7C8DF7
:10CCC0008D8D9E8D0E945D6FDC01CB0198A38F8FAF
:10CCD00004C081E090E098A38F8F8F8D98A1019779
:10CCE000F1F79CA38BA38C818F5F8C838091CF09FC
:10CCF000882F90E0880F991F880F991F880F991F20
:10CD00002DAD3EAD820F931FFC0147818C81282FF2
:10CD100030E050E5529FC001539F900D1124815D7A
:10CD2000934FFC018081481709F052CF8AAD282F1C
:10CD300030E04AE3429FC001439F900D112483538A
:10CD4000954F2981FC0120838AAD282F30E04AE3EA
:10CD5000429FC001439F900D11248353954FFC01C6
:10CD600080816AAD0E94D8419BC18AAD282F30E0F6
:10CD70004AE3429FC001439F900D11248353954F76
:10CD8000FC0140818091CF09882F90E0880F991F86
:10CD9000880F991F880F991F2DAD3EAD820F931FED
:10CDA000FC018681841708F0ADC08091CF09882FDF
:10CDB00090E0880F991F880F991F880F991F2DAD3C
:10CDC0003EAD820F931FFC018281938188539F4F58
:10CDD0009E878D878AAD282F30E04AE3429FC001AD
:10CDE000439F900D11248353954FFC0180818D83C7
:10CDF0007EC09D818DEC989F812D11248295869512
:10CE0000877028E2829F802D1124F92FF81B8F2F25
:10CE10006AAD0E94D84180E090E0A8ECB2E48F8730
:10CE2000988BA98BBA8B20E030E04AE755E46F85F8
:10CE3000788989899A890E943F70DC01CB018DA392
:10CE40009EA3AFA3B8A720E030E040E85FE36DA168
:10CE50007EA18FA198A5C5D788230CF43BC020E004
:10CE60003FEF4FE757E46DA17EA18FA198A50E94E7
:10CE70003B7018162CF520E030E040E251E46F855D
:10CE8000788989899A890E943F70DC01CB01BC01B5
:10CE9000CD010E945D6FDC01CB019AA789A70BC071
:10CEA00080E991E00197F1F79CA78BA789A59AA546
:10CEB00001979AA789A789A59AA5892B89F714C0F4
:10CEC0006DA17EA18FA198A5F8D7DC01CB019AA70F
:10CED00089A704C081E090E09AA789A789A59AA5AF
:10CEE0000197F1F79EA78DA78D818F5F8D838D812F
:10CEF000893208F47ECF8D859E852AE0AC016AAD2B
:10CF000080E0F4D08AAD282F30E04AE3429FC00190
:10CF1000439F900D11248353954FFC0180818E8394
:10CF20007DC09E818DEC989F812D112482958695E0
:10CF3000877028E2829F802D1124F92FF81B8F2FF4
:10CF40006AAD0E94D84180E090E0A8ECB2E48B8BFF
:10CF50009C8BAD8BBE8B20E030E04AE755E46B89BB
:10CF60007C898D899E890E943F70DC01CB018FA74F
:10CF700098ABA9ABBAAB20E030E040E85FE36FA527
:10CF800078A989A99AA92DD788230CF43AC020E062
:10CF90003FEF4FE757E46FA578A989A99AA90E94A6
:10CFA0003B70181624F520E030E040E251E46B8934
:10CFB0007C898D899E890E943F70DC01CB01BC0178
:10CFC000CD017BD7DC01CB019CAB8BAB0BC080E9E7
:10CFD00091E00197F1F79EAB8DAB8BA99CA90197CE
:10CFE0009CAB8BAB8BA99CA9892B89F714C06FA52F
:10CFF00078A989A99AA961D7DC01CB019CAB8BAB3D
:10D0000004C081E090E09CAB8BAB8BA99CA90197FD
:10D01000F1F798AF8FAB8E818F5F8E838091CF09B0
:10D02000882F90E0880F991F880F991F880F991FEC
:10D030002DAD3EAD820F931FFC0196818E81891725
:10D0400008F46FCF8AAD282F30E08091CF09882F68
:10D0500090E0880F991F880F991F880F991F4DAD79
:10D060005EAD840F951FFC0146815AE3529FC001BB
:10D07000539F900D11248353954FFC0140838AAD3B
:10D08000282F30E04AE3429FC001439F900D1124B6
:10D090008353954FFC0180816AAD0E94D841000006
:10D0A00081E019C08091D009882371F46BAD81EDC6
:10D0B00099E00E94F90E8093D0094DE658E060E0B7
:10D0C00080E00E948F0E06C04EE758E060E080E0EE
:10D0D0000E948F0E80E0EE960FB6F894DEBF0FBE72
:10D0E000CDBFDF91CF911F910F910895CF93DF9323
:10D0F000CDB7DEB72B970FB6F894DEBF0FBECDBF0E
:10D100008F8368875A8749872B878885882309F406
:10D1100091C08F81882309F48DC08F81282F30E042
:10D120004AE3429FC001439F900D11248553954FC0
:10D13000FC012081318189859A852817390708F4F7
:10D140005EC01A82198251C08F81482F50E08F81B2
:10D15000282F30E06AE3629FC001639F900D112485
:10D160008553954FFC01208131818B85882F90E07C
:10D17000281B390B6AE3649FC001659F900D112441
:10D180008553954FFC01318320838885482F50E0DB
:10D190008885282F30E06AE3629FC001639F900D6D
:10D1A00011248553954FFC01208131818B85882F77
:10D1B00090E0280F391F6AE3649FC001659F900DBE
:10D1C00011248553954FFC01318320838091070200
:10D1D00069E97AE00E94A4468B85882F90E0298136
:10D1E0003A81820F931F9A83898329813A818985A5
:10D1F0009A852817390708F4A7CF81E0C8C081E0D5
:10D200008093AE098F81282F30E04AE3429FC0010E
:10D21000439F900D11248553954FFC01808191818E
:10D2200029853A85A901481B590BCA01BC018F8188
:10D230000BD1ADC08885882309F06AC08F81282F63
:10D2400030E04AE3429FC001439F900D1124855373
:10D25000954FFC012081318189859A8528173907EE
:10D26000E0F11C821B8230C08F81482F50E08F81FB
:10D27000282F30E06AE3629FC001639F900D112464
:10D280008553954FFC01208131818B85882F90E05B
:10D29000281B390B6AE3649FC001659F900D112420
:10D2A0008553954FFC01318320838091070269E902
:10D2B0007AE00E94A4468B85882F90E02B813C81E8
:10D2C000820F931F9C838B832B813C8189859A8558
:10D2D0002817390748F281E05AC081E08093AE09EF
:10D2E0008F81282F30E04AE3429FC001439F900D79
:10D2F00011248553954FFC018081918129853A85C0
:10D30000A901481B590BCA01BC018F819DD03FC0A8
:10D310008F818823E1F51E821D8230C08885482FC9
:10D3200050E08885282F30E06AE3629FC001639F48
:10D33000900D11248553954FFC01208131818B85FF
:10D34000882F90E0280F391F6AE3649FC001659F12
:10D35000900D11248553954FFC01318320838091DA
:10D36000070269E97AE00E94A4468B85882F90E045
:10D370002D813E81820F931F9E838D832D813E815F
:10D3800089859A852817390748F281E000C02B96D5
:10D390000FB6F894DEBF0FBECDBFDF91CF910895D9
:10D3A000CF93DF9300D01F92CDB7DEB79C838B83E2
:10D3B0008B819C81FC01108219820DC08981882F8C
:10D3C00090E02B813C81820F931F0196FC0110821B
:10D3D00089818F5F898389818C3180F38B819C81E6
:10D3E000FC01168E158E8B819C81FC01178E8B8122
:10D3F0009C818096FC0110821A8210C08B819C81D6
:10D400009C01205E3F4F8A81882F90E0820F931FFE
:10D410000196FC0110828A818F5F8A838A818C3118
:10D4200068F38B819C818096FC01168E158E8B8112
:10D430009C818096FC01178E00000F900F900F903A
:10D440000F90DF91CF910895CF93DF93CDB7DEB7E3
:10D4500065970FB6F894DEBF0FBECDBF8B8B7D8B6B
:10D460006C8B19824FE858E060E080E00E948F0EDC
:10D470008B89882F90E0292F2F938F9380EA98E053
:10D48000892F8F9380EA98E08F93CE010396292FFE
:10D490002F938F930CD70F900F900F900F900F90AA
:10D4A0000F90CE010396AC016BE080E00E948F0EDE
:10D4B00043EA58E060E081E00E948F0E8D898F93EF
:10D4C0008C898F9384EB98E0892F8F9384EB98E07D
:10D4D0008F93CE010396292F2F938F93E8D60F9029
:10D4E0000F900F900F900F900F90CE010396AC010C
:10D4F0006AE081E00E948F0E3DC01A8234C08A81AA
:10D50000282F30E040E5429FC001439F900D112439
:10D51000805C934FFC0190818B89981709F58A8173
:10D52000282F30E040E5429FC001439F900D112419
:10D53000895B934FFC018081882391F08A81282F99
:10D5400030E040E5429FC001439F900D1124865B6F
:10D55000934FFC018081882319F081E0898306C004
:10D560008A818F5F8A838A81883248F28981882301
:10D5700009F000008091AE09882309F0BECF0000B9
:10D5800065960FB6F894DEBF0FBECDBFDF91CF9189
:10D590000895CF93DF93CDB7DEB7A3970FB6F89476
:10D5A000DEBF0FBECDBF8BA319821A8285E08B83AD
:10D5B0001C8228E0CE014096FC01322F11923A9550
:10D5C000E9F71D861E861D821F861E8288E0EAED11
:10D5D000F8E0DE01589601900D928A95E1F718A2C5
:10D5E00019A21AA21F820EC08F81882F90E09E017F
:10D5F000205F3F4F820F931F21E0FC0120838F812A
:10D600008F5F8F838F81883078F318860DC088856F
:10D61000882F90E09E01205E3F4F820F931FFC01F8
:10D62000108288858F5F88878885833080F319868C
:10D630001DC380918D1990918E199093BC0B80938E
:10D64000BB0B10928E1910928D1989E091E0FC01AC
:10D650008081882F90E0382F222786E091E0FC011E
:10D660008081882F90E0822B932B90938E1980934A
:10D670008D198091BB0B9091BC0B9C01209530952E
:10D6800080918D1990918E19822393239093A709ED
:10D690008093A60981E08D838985882F90E09E0183
:10D6A000285E3F4F820F931FFC018081282F30E0BE
:10D6B00040E5429FC001439F900D1124805C934F31
:10D6C000FC0190818BA1981709F0CDC21A867EC00B
:10D6D0008985882F90E09E01285E3F4F820F931F1F
:10D6E000FC018081482F50E08A85882F90E060E51A
:10D6F000649F9001659F300D1124820F931F8E5BF4
:10D70000934FFC018081282F30E040E5429FC0010B
:10D71000439F900D1124805C934FFC0190818BA15D
:10D720009817E9F08985882F90E09E01285E3F4F89
:10D73000820F931FFC018081482F50E08A85882F3B
:10D7400090E060E5649F9001659F300D1124820F89
:10D75000931F8E5B934FFC018081882349F5898557
:10D76000882F90E09E01285E3F4F820F931FFC019F
:10D770008081482F50E08A85882F90E060E5649F83
:10D780009001659F300D1124820F931F8E5B934F84
:10D79000FC018081282F30E040E5429FC001439F7B
:10D7A000900D1124865B934FFC018081882359F0F2
:10D7B0001D828985882F90E09E01205F3F4F820F58
:10D7C000931FFC0110828A858F5F8A878A85833048
:10D7D00008F47ECF8D81882309F445C21A82898599
:10D7E000882F90E09E01285E3F4F820F931FFC011F
:10D7F00080818E832FC280918D1990918E19909384
:10D80000BC0B8093BB0B10928E1910928D1989E07E
:10D8100091E0FC018081882F90E0382F222786E05C
:10D8200091E0FC018081882F90E0822B932B9093D4
:10D830008E1980938D198091BB0B9091BC0B9C012C
:10D840002095309580918D1990918E198223932384
:10D850009093A7098093A6098FEF8B831C821B8668
:10D8600054C08985882F90E09E01285E3F4F820F2B
:10D87000931FFC018081482F50E08B85882F90E01A
:10D8800060E5649F9001659F300D1124820F931F06
:10D890008E5B934FFC0180818823A1F18985882FBD
:10D8A00090E09E01285E3F4F820F931FFC01808114
:10D8B000482F50E08B85882F90E060E5649F9001B1
:10D8C000659F300D1124820F931F8E5B934FFC01D7
:10D8D0008081282F30E040E5429FC001439F900D9A
:10D8E0001124895B934FFC0180818D879D858B81FD
:10D8F000981710F48D858B839D858C81891710F482
:10D900008D858C838B858F5F8B878B85833008F427
:10D91000A8CF1C8655C08985882F90E09E01285E7F
:10D920003F4F820F931FFC018081482F50E08C8570
:10D93000882F90E060E5649F9001659F300D112471
:10D94000820F931F8E5B934FFC018081282F30E064
:10D9500040E5429FC001439F900D1124895B934F86
:10D96000FC0180818D879D858C81981761F48C8561
:10D97000882F90E09E01205E3F4F820F931F21E091
:10D98000FC0120831AC09D858B81981759F48C85E2
:10D99000882F90E09E01205E3F4F820F931FFC0175
:10D9A00010820BC08C85882F90E09E01205E3F4F37
:10D9B000820F931F21E0FC0120838C858F5F8C8771
:10D9C0008C85833008F4A7CF8A818823B9F50E941B
:10D9D000650E8E81282F30E040E5429FC001439FB5
:10D9E000900D11248350944FAC0160E081E00E94BF
:10D9F0008F0E48EB58E060E080E00E948F0E49EC0B
:10DA000058E060E082E00E948F0E8985882F90E0C8
:10DA10009E01285E3F4F820F931FFC018081282FBB
:10DA200030E040E5429FC001439F900D1124895B87
:10DA3000934FFC0180818E8781E08A838091A609C3
:10DA40009091A70988279870892B09F456C088A15E
:10DA5000882349F089A1882331F08AA1882319F00D
:10DA600018A219A21AA28981882F90E0813091050D
:10DA7000C9F08230910549F1892B09F03EC088A197
:10DA80008823B1F58BA1282F30E08E81882F90E07C
:10DA9000B9010E9404348F878F85882349F181E082
:10DAA00088A326C089A1882329F58BA1282F30E0DF
:10DAB0008E81882F90E0B9010E9404348F878F8572
:10DAC0008823C1F081E089A315C08AA18823A1F42D
:10DAD0008BA1282F30E08E81882F90E0B9010E9421
:10DAE00004348F878F85882339F081E08AA304C0AE
:10DAF000000003C0000001C000008091A6099091C1
:10DB0000A70999230CF055C088A1882361F489A145
:10DB1000882349F48AA1882331F481E088A381E035
:10DB200089A381E08AA38981882F90E081309105C3
:10DB3000B9F08230910531F1892BD9F588A188237C
:10DB400099F18BA1282F30E08E81882F90E0B901C8
:10DB50000E94F3348F878F85882331F118A224C067
:10DB600089A1882319F18BA1282F30E08E81882F7D
:10DB700090E0B9010E94F3348F878F858823B1F03C
:10DB800019A214C08AA1882399F08BA1282F30E014
:10DB90008E81882F90E0B9010E94F3348F878F85A2
:10DBA000882331F01AA204C0000003C0000001C0A5
:10DBB00000008091A6099091A70988279074892B6D
:10DBC00009F448C08981882F90E0019623E030E075
:10DBD000B901C4D289838985882F90E09E01285E8F
:10DBE0003F4F820F931FFC018081482F50E08981B5
:10DBF000882F90E060E5649F9001659F300D1124AF
:10DC0000820F931F8E5B934FFC0180818E838E81E8
:10DC10008823F9F419828985882F90E09E01285E77
:10DC20003F4F820F931FFC018081482F50E0898174
:10DC3000882F90E060E5649F9001659F300D11246E
:10DC4000820F931F8E5B934FFC0180818E8389A18D
:10DC50008AA31A828091A6099091A70988279470B7
:10DC6000892B09F4C8CD89858F5F8987898588309C
:10DC700008F4DFCC0000A3960FB6F894DEBF0FBE09
:10DC8000CDBFDF91CF9108958CB581658CBD8DB5E9
:10DC900081608DBD0895E4ECF0E01182108230ECDB
:10DCA0003093C20028E12093C10090E091838083EB
:10DCB000E4EDF0E0118210823093D2002093D10085
:10DCC00091838083E4E3F1E011821082309332018A
:10DCD00020933101918380830895CF93C82FD4DF9F
:10DCE0008C2FD9DFCF9108958EBD0DB407FEFDCFE7
:10DCF00008959091C00095FFFCCF8093C60080915D
:10DD0000C0008823E4F708959091C80095FFFCCFE8
:10DD10008093CE008091C8008823E4F70895909105
:10DD2000D00095FFFCCF8093D6008091D00088234F
:10DD3000E4F708959091300195FFFCCF8093360170
:10DD4000809130018823E4F70895813049F028F06C
:10DD5000823049F0833051F00895862FCACF08955C
:10DD6000862FD2CF0895862FDACF0895862FE2CF5F
:10DD70000895FC0182B18E7F82B981B1816081B941
:10DD8000F8942CE130E021C00190008007D002908F
:10DD900005D001900190019001D016C007D006D0A7
:10DDA00005D004D003D002D001D000C0109A001CCE
:10DDB0000000000008F010980000000000000000C3
:10DDC000000008F4109808959A01A90141505109E2
:10DDD000232B09F0D9CF789480EB94E00197F1F7E9
:10DDE0000895D4D008F481E008950CD00AC102D17E
:10DDF00040F0F9D030F021F45F3F19F0EBC0511141
:10DE000034C1EEC00FD198F39923C9F35523B1F370
:10DE1000951B550BBB27AA2762177307840738F099
:10DE20009F5F5F4F220F331F441FAA1FA9F333D0F8
:10DE30000E2E3AF0E0E830D091505040E695001CAC
:10DE4000CAF729D0FE2F27D0660F771F881FBB1F68
:10DE5000261737074807AB07B0E809F0BB0B802D42
:10DE6000BF01FF2793585F4F2AF09E3F510568F08E
:10DE7000B1C0FBC05F3FECF3983EDCF3869577952D
:10DE80006795B795F7959F5FC9F7880F911D969590
:10DE9000879597F90895E1E0660F771F881FBB1FEC
:10DEA000621773078407BA0720F0621B730B840B99
:10DEB000BA0BEE1F88F7E0950895BCD088F09F5705
:10DEC00090F0B92F9927B751A0F0D1F0660F771FC6
:10DED000881F991F1AF0BA95C9F712C0B13081F0A6
:10DEE000C3D0B1E00895C0C0672F782F8827B85FEE
:10DEF00039F0B93FCCF3869577956795B395D9F707
:10DF00003EF490958095709561957F4F8F4F9F4F10
:10DF10000895E89409C097FB3EF49095809570951C
:10DF200061957F4F8F4F9F4F9923A9F0F92F96E965
:10DF3000BB279395F695879577956795B795F111DA
:10DF4000F8CFFAF4BB0F11F460FF1BC06F5F7F4F77
:10DF50008F4F9F4F16C0882311F096E911C0772389
:10DF600021F09EE8872F762F05C0662371F096E892
:10DF7000862F70E060E02AF09A95660F771F881F61
:10DF8000DAF7880F9695879597F90895990F000805
:10DF9000550FAA0BE0E8FEEF16161706E807F9077B
:10DFA000C0F012161306E407F50798F0621B730B16
:10DFB000840B950B39F40A2661F0232B242B252B97
:10DFC00021F408950A2609F4A140A6958FEF811D3A
:10DFD000811D089597F99F6780E870E060E00895DB
:10DFE0009FEF80EC089500240A9416161706180671
:10DFF0000906089500240A9412161306140605064D
:10E000000895092E0394000C11F4882352F0BB0FDD
:10E0100040F4BF2B11F460FF04C06F5F7F4F8F4F40
:10E020009F4F089557FD9058440F551F59F05F3F7B
:10E0300071F04795880F97FB991F61F09F3F79F02A
:10E0400087950895121613061406551FF2CF4695AC
:10E05000F1DF08C0161617061806991FF1CF86952E
:10E060007105610508940895E894BB276627772712
:10E07000CB0197F908958ADF08F48FEF08950BD04C
:10E08000C0CFB1DF28F0B6DF18F0952309F0A2CF9A
:10E09000A7CF1124EACFC6DFA0F3959FD1F3950F48
:10E0A00050E0551F629FF001729FBB27F00DB11D1C
:10E0B000639FAA27F00DB11DAA1F649F6627B00DAC
:10E0C000A11D661F829F2227B00DA11D621F739F95
:10E0D000B00DA11D621F839FA00D611D221F749FA3
:10E0E0003327A00D611D231F849F600D211D822FEA
:10E0F000762F6A2F11249F5750408AF0E1F0882331
:10E100004AF0EE0FFF1FBB1F661F771F881F91503D
:10E110005040A9F79E3F510570F05CCFA6CF5F3FFE
:10E12000ECF3983EDCF3869577956795B795F79570
:10E13000E7959F5FC1F7FE2B880F911D96958795F8
:10E1400097F90895991B79E004C0991F961708F074
:10E15000961B881F7A95C9F78095089597FB072E1F
:10E1600016F4009406D077FD08D022D007FC05D025
:10E170003EF4909581959F4F0895709561957F4FDE
:10E180000895EE0FFF1F881F8BBF0790F691E02DBB
:10E190001994A29FB001B39FC001A39F700D811D70
:10E1A0001124911DB29F700D811D1124911D0895A0
:10E1B000AA1BBB1B51E107C0AA1FBB1FA617B707AD
:10E1C00010F0A61BB70B881F991F5A95A9F78095C9
:10E1D0009095BC01CD0108958F929F92AF92BF920E
:10E1E000CF92DF92EF92FF92CF93DF93EC016881A1
:10E1F00079818A819B81611571058105910521F4E1
:10E2000064E279ED8BE597E02DE133EF41E050E0FA
:10E2100029D349015A019B01AC01A7EAB1E43ED3DD
:10E220006B017C01ACEEB4EFA501940143D3DC019A
:10E23000CB018C0D9D1DAE1DBF1DB7FF03C0019707
:10E24000A109B04888839983AA83BB839F77DF9114
:10E25000CF91FF90EF90DF90CF90BF90AF909F90C5
:10E260008F900895B9CF80E092E0B6CFA0E0B0E003
:10E270008093000290930102A0930202B0930302E4
:10E280000895FB01DC0105900D920020E1F708954F
:10E29000FB01DC014150504048F001900D920020FC
:10E2A000C9F701C01D9241505040E0F708950F9307
:10E2B0001F93CF93DF93CDB7DEB72E970FB6F894A9
:10E2C000DEBF0FBECDBF0E891F8986E08C831A8307
:10E2D00009838FEF9FE79E838D83AE01465E5F4F7C
:10E2E000688D798DCE01019610D0EF81F885E00F11
:10E2F000F11F10822E960FB6F894DEBF0FBECDBF71
:10E30000DF91CF911F910F9108952F923F924F92DD
:10E310005F926F927F928F929F92AF92BF92CF92B5
:10E32000DF92EF92FF920F931F93CF93DF93CDB7BE
:10E33000DEB72B970FB6F894DEBF0FBECDBF6C01D2
:10E340007B018A01FC0117821682838181FFBFC194
:10E35000CE0101963C01F6019381F70193FD859171
:10E3600093FF81917F01882309F4ADC1853239F48F
:10E3700093FD859193FF81917F01853221F4B60150
:10E3800090E0D6D1E8CF912C212C312CFFE1F31570
:10E39000D8F08B3279F038F4803279F08332A1F4FE
:10E3A000232D20611DC08D3261F0803369F4232D4F
:10E3B000216016C0832D8260382EE32DE4603E2E4E
:10E3C0002AC0F32DF8601DC037FC2DC020ED280FAA
:10E3D0002A3040F08E32B9F436FC75C1232D20640A
:10E3E000322E19C036FE06C08AE0989E200D1124F8
:10E3F000922E11C0EAE02E9E200D1124222EF32D24
:10E40000F0623F2E08C08C3621F4832D8068382EB0
:10E4100002C0883641F4F70193FD859193FF819105
:10E420007F018111B3CF982F9F7D9554933028F4AD
:10E430000C5F1F4F9FE399830DC0833631F0833704
:10E4400071F0833509F055C020C0F80180818983BF
:10E450000E5F1F4F88248394912C530112C0280112
:10E46000F2E04F0E511CF801A080B18036FE03C0CF
:10E47000692D70E002C06FEF7FEFC5014ED14C01F6
:10E480008201F32DFF773F2E15C0280122E0420EB6
:10E49000511CF801A080B18036FE03C0692D70E0E8
:10E4A00002C06FEF7FEFC5012DD14C01F32DF06855
:10E4B0003F2E820133FC19C0822D90E08816990608
:10E4C000A0F4B60180E290E033D12A94F5CFF501B3
:10E4D00037FC859137FE81915F01B60190E028D12C
:10E4E00021102A9421E0821A91088114910479F76D
:10E4F000E1C0843611F0893639F5F80137FE07C0DE
:10E5000060817181828193810C5F1F4F08C060819F
:10E510007181072E000C880B990B0E5F1F4FF32D96
:10E52000FF763F2E97FF09C0909580957095619575
:10E530007F4F8F4F9F4FF0683F2E2AE030E0A301BE
:10E5400033D1882E861844C0853731F4232D2F7E91
:10E55000B22E2AE030E025C0932D997FB92E8F3658
:10E56000C1F018F4883579F0AEC0803719F08837DB
:10E5700021F0A9C0E92FE061BE2EB4FE0DC0FB2D35
:10E58000F460BF2E09C034FE0AC0292F2660B22EC7
:10E5900006C028E030E005C020E130E002C020E104
:10E5A00032E0F801B7FE07C06081718182819381FA
:10E5B0000C5F1F4F06C06081718180E090E00E5FAC
:10E5C0001F4FA301F1D0882E8618FB2DFF773F2E19
:10E5D00036FE0DC0232D2E7FA22E891458F434FE52
:10E5E0000BC032FC09C0832D8E7EA82E05C0B82C2E
:10E5F000A32C03C0B82C01C0B92CA4FE0FC0FE018F
:10E60000E80DF11D8081803321F49A2D997EA92E89
:10E6100009C0A2FE06C0B394B39404C08A2D8678C4
:10E6200009F0B394A3FC10C0A0FE06C0B21480F49D
:10E63000280C922C9B180DC0B21458F4B60180E23D
:10E6400090E076D0B394F8CFB21418F42B1802C02F
:10E65000982C212CA4FE0FC0B60180E390E068D076
:10E66000A2FE16C0A1FC03C088E790E002C088E5C6
:10E6700090E0B6010CC08A2D867851F0A1FE02C050
:10E680008BE201C080E2A7FC8DE2B60190E050D0A1
:10E69000891430F4B60180E390E04AD09A94F8CF20
:10E6A0008A94F301E80DF11D8081B60190E040D01D
:10E6B0008110F6CF222009F44ECEB60180E290E020
:10E6C00037D02A94F7CFF6018681978102C08FEF69
:10E6D0009FEF2B960FB6F894DEBF0FBECDBFDF9134
:10E6E000CF911F910F91FF90EF90DF90CF90BF904F
:10E6F000AF909F908F907F906F905F904F903F90E2
:10E700002F900895FC010590615070400110D8F7DA
:10E71000809590958E0F9F1F0895FC016150704069
:10E7200001900110D8F7809590958E0F9F1F089546
:10E730000F931F93CF93DF93FB01238121FD03C030
:10E740008FEF9FEF2CC022FF16C046815781248196
:10E7500035814217530744F4A081B1819D012F5F99
:10E760003F4F318320838C93268137812F5F3F4F2A
:10E770003783268314C08B01EC01FB010084F185F3
:10E78000E02D1995892BE1F6D80116968D919C9173
:10E790001797019617969C938E931697CE01DF914B
:10E7A000CF911F910F910895FA01AA27283051F1B6
:10E7B000203181F1E8946F936E7F6E5F7F4F8F4FB2
:10E7C0009F4FAF4FB1E03ED0B4E03CD0670F781F11
:10E7D000891F9A1FA11D680F791F8A1F911DA11DF6
:10E7E0006A0F711D811D911DA11D20D009F468942F
:10E7F0003F912AE0269F11243019305D3193DEF6D7
:10E80000CF010895462F4770405D4193B3E00FD08C
:10E81000C9F7F6CF462F4F70405D4A3318F0495D77
:10E8200031FD4052419302D0A9F7EACFB4E0A6955A
:10E830009795879577956795BA95C9F7009761057C
:10E84000710508959B01AC010A2E069457954795D2
:10E8500037952795BA95C9F7620F731F841F951FC7
:10E86000A01D0895052E97FB16F400940FD057FDB8
:10E8700005D024D007FC02D046F408C0509540953E
:10E88000309521953F4F4F4F5F4F0895909580955C
:10E89000709561957F4F8F4F9F4F08957ADCA59FAC
:10E8A000900DB49F900DA49F800D911D112408958B
:10E8B000B7FFF4CFF3DF821B930B0895A1E21A2E6A
:10E8C000AA1BBB1BFD010DC0AA1FBB1FEE1FFF1F14
:10E8D000A217B307E407F50720F0A21BB30BE40B64
:10E8E000F50B661F771F881F991F1A9469F76095AB
:10E8F0007095809590959B01AC01BD01CF01089565
:04E90000F894FFCFB9
:10E9040001000000020101020204208001081040FD
:10E914003F065B4F666D7D077F6F0080391C52692F
:10E9240074380F0106537069656C657220310053A9
:10E934007069656C6572203200537069656C65722C
:10E94400203300537069656C65722034005370691C
:10E95400656C65726175737761686C00082D20328F
:10E9640020537069656C657220202B7E0077656981
:10E9740074657220546173746520530025750020FA
:10E984002020202020537069656C657220202000AF
:10E99400202020537461727467656C6420202020E9
:10E9A400002077697264207665727465696C7420DE
:10E9B4002000202020537069656C65722058202047
:10E9C40020200020202020779A7266656C74202015
:10E9D400202000207775657266656C6E2041202FBB
:10E9E40020422000202020537069656C657220202D
:10E9F400202020200020779A7266656C6E204120CA
:10EA04002F20422000776569746572204320206DB1
:10EA1400656872205300202062657A61686C652005
:10EA240020202020202000616E20537069656C65D1
:10EA3400722020203D3E5800616E206469652042AA
:10EA4400616E6B20203D3E580020202044752062DA
:10EA540069737420696D2020200020202020576FC6
:10EA6400726B73686F702020202000467265696B9A
:10EA74006172746520583D4A4120200076657277A2
:10EA8400656E64656E20593D4E45494E0020205008
:10EA940061736368202020583D4A41202000579A22
:10EAA4007266656C6E202020593D4E45494E00200B
:10EAB400506173636820202020583D4A4120200083
:10EAC40020202035302020202020583D4A4120207D
:10EAD4000042657A61686C656E2020593D4E454957
:10EAE4004E00202020202020202020202020202014
:10EAF40020200020202020205A61686C756E672039
:10EB0400202020002020204572666F6C67726569A2
:10EB14006368202000204665686C67657363686CD1
:10EB24006167656E200020202052756E64656E203A
:10EB3400583D4A41202000202077617274656E2080
:10EB440020593D4E45494E0020202020205041535D
:10EB54004348202020202020002020204B45494EDF
:10EB6400205041534348202020002020579A7266A9
:10EB7400656C6E2041202F2042202000579A726637
:10EB8400656C73756D6D65207820202000205645D6
:10EB94005253544549474552554E47202000626917
:10EBA4006574656E205820736F6E7374205900204D
:10EBB400564552535445494745525420616E2000EE
:10EBC40020202020206E69636874202020202000EB
:10EBD400202020564552535445494745525420203D
:10EBE4000020202056657277616C74756E67202052
:10EBF40020002020202020426175656E3F202020C7
:10EC040020200043207A75729A636B7C776569745F
:10EC140065727E00202020204879706F7468656BCF
:10EC240020202020002020202048616E64656C6E26
:10EC3400202020202000014879702E7C4879702EF5
:10EC44006175666C2E020062656964652068846E75
:10EC5400646C6572202020007461737465207820D0
:10EC640064729A636B656E20002020204265737481
:10EC740084746967656E202020002020209A6265D4
:10EC84007274726167656E202020004879702E20AE
:10EC94004175666C9473656E20200100616E646535
:10ECA4007265206F7074696F6E202002005A61686B
:10ECB4006C6520202020202020202020530048792B
:10ECC400702E20426568616C74656E2020010020FE
:10ECD4002020202048616E64656C202020202000C4
:10ECE40020616267657363686C6F7373656E20205F
:10ECF400006B617566656E3F203C3D4E203E3D4A8B
:10ED0400002020202077656974657220432020202C
:10ED140020002020204772756E6473749A636B2000
:10ED2400202000532048616E64656C7C77656974AB
:10ED340065727E002020202042617267656C642029
:10ED4400202020200042617267656C6420302020FE
:10ED540020202020200001202B31302020202020C2
:10ED6400202B3130300200253475004175737761F2
:10ED7400686C204265656E64656E3F00014265659E
:10ED84006E64656E2020206D65687202002020206C
:10ED94004265737484746967742020202000426182
:10EDA4007267656C643A20202020202020200020F7
:10EDB4002020467265696B617274652020202000F2
:10EDC400F401F4016400640064006400320014007F
:10EDD4000A000A0005000100010001000100010011
:10EDE40045696E67616E677368616C6C65004B6141
:10EDF4006E7A6C6569310056656C6F6B656C6C6519
:10EE040072004C6170746F706765629A6872005A20
:10EE140065756768617573737472617373650052A5
:10EE24006175636865727A656C74004368616E63CA
:10EE3400650050617573656E7261756D004761722E
:10EE44006465726F626500476566846E676E697398
:10EE54000048657272656E20574300496E666F7292
:10EE64006D6174696B6469656E7374004672617573
:10EE7400656E205743004C656872657220574300E5
:10EE8400466F746F7A656E7472756D0042465320D6
:10EE9400504D004B616E7A6C6569004246532041C7
:10EEA400550042465320454B0046726569706172B5
:10EEB4006B656E0047412041550050726F64756B5D
:10EEC40074696F6E204155004D6563686174722EDC
:10EED400204C61626F7200546563686E696B756D76
:10EEE400004C6167657220504D004C61676572206B
:10EEF4004155005075747A6469656E7374004C6191
:10EF040067657220454B0047656820696E7320472A
:10EF1400656661656E676E697300474120454B0005
:10EF240050726F64756B74696F6E20454B00456E4B
:10EF3400747769636B6C756E6720454B0047657722
:10EF440065726265736368756C6500474120504D56
:10EF540000536368756C6D6174657269616C00500F
:10EF6400726F64756B74696F6E20504D0058204F3A
:10EF74004B20202020205765697465727E0058203C
:10EF84004F4B202020202020202020202020002043
:10EF94002020537069656C65722020202020200099
:10EFA40025750042657363686166666520202020CC
:10EFB4002020200025347500024162626175656E6F
:10EFC4002020426175656E010043207A75729A6350
:10EFD4006B7C7765697465727E0001060B10151AE7
:02EFE4001F25E7
:00000001FF
