S01000004D6F6E6F706F6C792E73726563B7
S11300000C94D30D0C94F30D0C94F30D0C94F30D8C
S11300100C94F30D0C94F30D0C94F30D0C94F30D5C
S11300200C94F30D0C94F30D0C94F30D0C94F30D4C
S11300300C94F30D0C94F30D0C94F30D0C94F30D3C
S11300400C94F30D0C94F30D0C94F30D0C94F30D2C
S11300500C94F30D0C94F30D0C94F30D0C94F30D1C
S11300600C94F30D0C94F30D0C94F30D0C94F30D0C
S11300700C94F30D0C94F30D0C94F30D0C94F30DFC
S11300800C94F30D0C94F30D0C94F30D0C94F30DEC
S11300900C94F30D0C94F30D0C94F30D0C94F30DDC
S11300A00C94F30D0C94F30D0C94F30D0C94F30DCC
S11300B00C94F30D0C94F30D0C94F30D0C94F30DBC
S11300C00C94F30D0C94F30D0C94F30D0C94F30DAC
S11300D00C94F30D0C94F30D0C94F30D0C94F30D9C
S11300E00C94F30DEF11FE129B15F42467295E2D79
S11300F03A2E02314119C218E91ADF24F81CB5223C
S1130100CD22871B0A5B385B475BA55BBC5BD35B7B
S1130110F95B1F5C305D4F6C69206D616720646919
S11301206368202020206E696368742E20202020BC
S11301302020202020204765686520696E732020D8
S1130140202020202020476566846E676E69730036
S1130150000000000000000000000000000000009B
S1130160000000000000000000000000000000008B
S1130170000000000000000000000000000000007B
S1130180000000000000000000000000000000006B
S1130190000000000000000000000000000000005B
S11301A0000000000000000000000000000000004B
S11301B0000000000000000000000000000000003B
S11301C0000000000000000000000000000000002B
S11301D00000000000000000000000000000467263
S11301E065696B6172746500000000000000000026
S11301F000000000000000000000000000000000FB
S113020000000000000000000000000000000000EA
S113021000000000000000000000000000000000DA
S113022000000000000000000000000000000000CA
S113023000000000000000000000000000000000BA
S113024000000000000000000000000000000000AA
S1130250000000000000000000000000000000009A
S1130260000000000000000000000000000000008A
S1130270000000000000000000000000000000007A
S1130280000000000000000000000000000000006A
S1130290000000000000000000000000000000005A
S11302A0000000000000529A636B6520766F722094
S11302B06269732020207A756D204E84636873749C
S11302C0656E202020205765726B0000000000003E
S11302D0000000000000000000000000000000001A
S11302E0000000000000000000000000000000000A
S11302F000000000000000000000000000000000FA
S113030000000000000000000000000000000000E9
S113031000000000000000000000000000000000D9
S113032000000000000000000000000000000000C9
S113033000000000000000000000000000000000B9
S113034000000000000000000000000000000000A9
S11303500000000000000000000000000000000099
S113036000000000000000000000000000004475D0
S11303702068617374207A75207669656C654162C2
S113038073656E7A656E20202020202020205A611B
S1130390686C65203530000000000000000000009B
S11303A00000000000000000000000000000000049
S11303B00000000000000000000000000000000039
S11303C00000000000000000000000000000000029
S11303D00000000000000000000000000000000019
S11303E00000000000000000000000000000000009
S11303F000000000000000000000000000000000F9
S113040000000000000000000000000000000000E8
S113041000000000000000000000000000000000D8
S113042000000000000000000000000000000000C8
S1130430000000000000529A636B6520766F722002
S11304406269732020207A75722050726F64756B14
S113045074696F6E2020506F6C796D656368616E8E
S1130460696B6572000000000000000000000000DD
S11304700000000000000000000000000000000078
S11304800000000000000000000000000000000068
S11304900000000000000000000000000000000058
S11304A00000000000000000000000000000000048
S11304B00000000000000000000000000000000038
S11304C00000000000000000000000000000000028
S11304D00000000000000000000000000000000018
S11304E00000000000000000000000000000000008
S11304F000000000000000000000000000005A6935
S113050065686520766F72206269732020207A7591
S113051072206E8463687374656E202020204861A5
S11305206C74657374656C6C6500000000000000F9
S113053000000000000000000000000000000000B7
S113054000000000000000000000000000000000A7
S11305500000000000000000000000000000000097
S11305600000000000000000000000000000000087
S11305700000000000000000000000000000000077
S11305800000000000000000000000000000000067
S11305900000000000000000000000000000000057
S11305A00000000000000000000000000000000047
S11305B00000000000000000000000000000000037
S11305C00000000000005A6965686520766F72209B
S11305D06269732020207A7572206E846368737454
S11305E0656E2020202048616C74657374656C6CA2
S11305F06500000000000000000000000000000092
S113060000000000000000000000000000000000E6
S113061000000000000000000000000000000000D6
S113062000000000000000000000000000000000C6
S113063000000000000000000000000000000000B6
S113064000000000000000000000000000000000A6
S11306500000000000000000000000000000000096
S11306600000000000000000000000000000000086
S11306700000000000000000000000000000000076
S113068000000000000000000000000000005A69A3
S113069065686520766F7220626973202020477236
S11306A0756E6461757362696C64756E6720456C00
S11306B0656B74726F6E696B6572000000000000F8
S11306C00000000000000000000000000000000026
S11306D00000000000000000000000000000000016
S11306E00000000000000000000000000000000006
S11306F000000000000000000000000000000000F6
S113070000000000000000000000000000000000E5
S113071000000000000000000000000000000000D5
S113072000000000000000000000000000000000C5
S113073000000000000000000000000000000000B5
S113074000000000000000000000000000000000A5
S11307500000000000005A6965686520766F722009
S11307606269732020204D6563686174726F6E69DD
S11307706B20202020204C61626F7200000000007A
S11307800000000000000000000000000000000065
S11307900000000000000000000000000000000055
S11307A00000000000000000000000000000000045
S11307B00000000000000000000000000000000035
S11307C00000000000000000000000000000000025
S11307D00000000000000000000000000000000015
S11307E00000000000000000000000000000000005
S11307F000000000000000000000000000000000F5
S113080000000000000000000000000000000000E4
S11308100000000000000000000000000000529AE8
S1130820636B6520766F7220617566202020537497
S1130830617274000000000000000000000000006D
S113084000000000000000000000000000000000A4
S11308500000000000000000000000000000000094
S11308600000000000000000000000000000000084
S11308700000000000000000000000000000000074
S11308800000000000000000000000000000000064
S11308900000000000000000000000000000000054
S11308A00000000000000000000000000000000044
S11308B00000000000000000000000000000000034
S11308C00000000000000000000000000000000024
S11308D00000000000000000000000000000000014
S11308E0000000000000486575746520496E666F5D
S11308F0726D696572744968722065756368209ABF
S11309006265722020205374756469656E67846E15
S1130910676520202020529A636B6520766F7220D1
S1130920626973202020546563686E696B756D007D
S113093000000000000000000000000000000000B3
S113094000000000000000000000000000000000A3
S11309500000000000000000000000000000000093
S11309600000000000000000000000000000000083
S11309700000000000000000000000000000000073
S11309800000000000000000000000000000000063
S11309900000000000000000000000000000000053
S11309A0000000000000000000000000000045738B
S11309B020697374206465722032352E20204475BA
S11309C020657268846C7473742020202020646510
S11309D0696E656E204C6F686E2E20766F6E3730B0
S11309E00000000000000000000000000000000003
S11309F000000000000000000000000000000000F3
S1130A0000000000000000000000000000000000E2
S1130A1000000000000000000000000000000000D2
S1130A2000000000000000000000000000000000C2
S1130A3000000000000000000000000000000000B2
S1130A4000000000000000000000000000000000A2
S1130A500000000000000000000000000000000092
S1130A600000000000000000000000000000000082
S1130A7000000000000045732069737420646572EF
S1130A802032352E2020447520657268846C74737E
S1130A907420202020206465696E656E204C6F6888
S1130AA06E2E20766F6E313430000000000000009E
S1130AB00000000000000000000000000000000032
S1130AC00000000000000000000000000000000022
S1130AD00000000000000000000000000000000012
S1130AE00000000000000000000000000000000002
S1130AF000000000000000000000000000000000F2
S1130B0000000000000000000000000000000000E1
S1130B1000000000000000000000000000000000D1
S1130B2000000000000000000000000000000000C1
S1130B300000000000000000000000000000476505
S1130B40686520332046656C6465722020207A75C0
S1130B50729A636B000000000000000000000000B7
S1130B600000000000000000000000000000000081
S1130B700000000000000000000000000000000071
S1130B800000000000000000000000000000000061
S1130B900000000000000000000000000000000051
S1130BA00000000000000000000000000000000041
S1130BB00000000000000000000000000000000031
S1130BC00000000000000000000000000000000021
S1130BD00000000000000000000000000000000011
S1130BE00000000000000000000000000000000001
S1130BF000000000000000000000000000000000F1
S1130C0000000000000044752072656E6F7669650F
S1130C107273742020206465696E65202048847591
S1130C207365722020205A61686C6520669A722070
S1130C306A65646573204861757320323520756E6A
S1130C406420669A72206A6564657320486F7465CF
S1130C506C20313030000000000000000000000073
S1130C600000000000000000000000000000000080
S1130C700000000000000000000000000000000070
S1130C800000000000000000000000000000000060
S1130C900000000000000000000000000000000050
S1130CA00000000000000000000000000000000040
S1130CB00000000000000000000000000000000030
S1130CC00000000000000000000000000000447567
S1130CD02077757264657374207A756D20204B6C6F
S1130CE0617373656E766572747265746572476557
S1130CF07784686C742E205A61686C6520206A655C
S1130D0064656D20537069656C6572203530000030
S1130D1000000000000000000000000000000000CF
S1130D2000000000000000000000000000000000BF
S1130D3000000000000000000000000000000000AF
S1130D40000000000000000000000000000000009F
S1130D50000000000000000000000000000000008F
S1130D60000000000000000000000000000000007F
S1130D70000000000000000000000000000000006F
S1130D80000000000000000000000000000000005F
S1130D9000000000000044752068617374206569D8
S1130DA06E6520202020576574746520676567652B
S1130DB06E20202020205065746572207665726C48
S1130DC06F72656E2020647520736368756C64654A
S1130DD073742069686D65696E656E204B61666623
S1130DE06565202020207A61686C6520350000004C
S1130DF000000000000000000000000000000000EF
S1130E0000000000000000000000000000000000DE
S1130E1000000000000000000000000000000000CE
S1130E2000000000000000000000000000000000BE
S1130E3000000000000000000000000000000000AE
S1130E40000000000000000000000000000000009E
S1130E5000000000000000000000000000004475D5
S1130E6020686173742062656920202020206569F0
S1130E706E656D204B756E64656E2020202065695B
S1130E806E65207363686C656368746520204265D1
S1130E9077657274756E6720202020202020686991
S1130EA06E7465726C617373656E202020206765B3
S1130EB0686520696E2064656E2020202020576FAD
S1130EC0726B73686F700000000000000000000087
S1130ED0000000000000000000000000000000000E
S1130EE000000000000000000000000000000000FE
S1130EF000000000000000000000000000000000EE
S1130F0000000000000000000000000000000000DD
S1130F1000000000000000000000000000000000CD
S1130F20000000000000467265696B617274650020
S1130F3000000000000000000000000000000000AD
S1130F40000000000000000000000000000000009D
S1130F50000000000000000000000000000000008D
S1130F60000000000000000000000000000000007D
S1130F70000000000000000000000000000000006D
S1130F80000000000000000000000000000000005D
S1130F90000000000000000000000000000000004D
S1130FA0000000000000000000000000000000003D
S1130FB0000000000000000000000000000000002D
S1130FC0000000000000000000000000000000001D
S1130FD0000000000000000000000000000000000D
S1130FE00000000000000000000000000000447544
S1130FF02072656E6F766965727374202020646553
S1131000696E6520204884757365722020205A61BA
S1131010686C6520669A72206A656465732048610D
S1131020757320343020756E6420669A72206A6568
S113103064657320486F74656C203131350000009D
S1131040000000000000000000000000000000009C
S1131050000000000000000000000000000000008C
S1131060000000000000000000000000000000007C
S1131070000000000000000000000000000000006C
S1131080000000000000000000000000000000005C
S1131090000000000000000000000000000000004C
S11310A0000000000000000000000000000000003C
S11310B0000000000000496E20646572202020209A
S11310C02020202020205665727365747A756E671F
S11310D02069737420206469722065696E204672E9
S11310E08473657220207A657262726F6368656EBC
S11310F02E20202020205A61686C65203130300079
S113110000000000000000000000000000000000DB
S113111000000000000000000000000000000000CB
S113112000000000000000000000000000000000BB
S113113000000000000000000000000000000000AB
S1131140000000000000000000000000000000009B
S1131150000000000000000000000000000000008B
S1131160000000000000000000000000000000007B
S113117000000000000000000000000000004475B2
S11311802067946E6E7374206469722020206574E5
S1131190776173206265696D202020202020536EC2
S11311A061636B6175746F6D6174202020207A61B6
S11311B0686C65203530000000000000000000006D
S11311C0000000000000000000000000000000001B
S11311D0000000000000000000000000000000000B
S11311E000000000000000000000000000000000FB
S11311F000000000000000000000000000000000EB
S113120000000000000000000000000000000000DA
S113121000000000000000000000000000000000CA
S113122000000000000000000000000000000000BA
S113123000000000000000000000000000000000AA
S1131240000000000000496872206D61636874202A
S113125065696E65200945786B757273696F6E20D8
S11312602020202020207A61686C65203530000021
S1131270000000000000000000000000000000006A
S1131280000000000000000000000000000000005A
S1131290000000000000000000000000000000004A
S11312A0000000000000000000000000000000003A
S11312B0000000000000000000000000000000002A
S11312C0000000000000000000000000000000001A
S11312D0000000000000000000000000000000000A
S11312E000000000000000000000000000000000FA
S11312F000000000000000000000000000000000EA
S11313000000000000000000000000000000447520
S11313102068617374206469652020202020416264
S11313207363686C757373726569736520206F727B
S113133067616E6973696572742C202020206A6568
S113134064657220537069656C65722020207A612F
S1131350686C742064697220313000000000000061
S11313600000000000000000000000000000000079
S11313700000000000000000000000000000000069
S11313800000000000000000000000000000000059
S11313900000000000000000000000000000000049
S11313A00000000000000000000000000000000039
S11313B00000000000000000000000000000000029
S11313C00000000000000000000000000000000019
S11313D0000000000000456C656B74726F6E696BF1
S11313E0657220202020646573204D6F6E617473D4
S11313F0202020202020447520657268846C74733A
S113140074203130300000000000000000000000B3
S113141000000000000000000000000000000000C8
S113142000000000000000000000000000000000B8
S113143000000000000000000000000000000000A8
S11314400000000000000000000000000000000098
S11314500000000000000000000000000000000088
S11314600000000000000000000000000000000078
S11314700000000000000000000000000000000068
S11314800000000000000000000000000000000058
S1131490000000000000000000000000000044758F
S11314A02068696C667374206465696E656D4D6946
S11314B074736368FC6C6572206265696D206C6589
S11314C0726E656E2E20202020202020202044755E
S11314D020657268846C74737420313000000000DD
S11314E000000000000000000000000000000000F8
S11314F000000000000000000000000000000000E8
S113150000000000000000000000000000000000D7
S113151000000000000000000000000000000000C7
S113152000000000000000000000000000000000B7
S113153000000000000000000000000000000000A7
S11315400000000000000000000000000000000097
S11315500000000000000000000000000000000087
S1131560000000000000447520657268846C737488
S113157020353000000000000000000000000000E2
S11315800000000000000000000000000000000057
S11315900000000000000000000000000000000047
S11315A00000000000000000000000000000000037
S11315B00000000000000000000000000000000027
S11315C00000000000000000000000000000000017
S11315D00000000000000000000000000000000007
S11315E000000000000000000000000000000000F7
S11315F000000000000000000000000000000000E7
S113160000000000000000000000000000000000D6
S113161000000000000000000000000000000000C6
S113162000000000000000000000000000004475FD
S113163020657268846C73742031303000000000BF
S11316400000000000000000000000000000000096
S11316500000000000000000000000000000000086
S11316600000000000000000000000000000000076
S11316700000000000000000000000000000000066
S11316800000000000000000000000000000000056
S11316900000000000000000000000000000000046
S11316A00000000000000000000000000000000036
S11316B00000000000000000000000000000000026
S11316C00000000000000000000000000000000016
S11316D00000000000000000000000000000000006
S11316E000000000000000000000000000000000F6
S11316F0000000000000447520657268846C7374F7
S1131700203235000000000000000000000000004E
S113171000000000000000000000000000000000C5
S113172000000000000000000000000000000000B5
S113173000000000000000000000000000000000A5
S11317400000000000000000000000000000000095
S11317500000000000000000000000000000000085
S11317600000000000000000000000000000000075
S11317700000000000000000000000000000000065
S11317800000000000000000000000000000000055
S11317900000000000000000000000000000000045
S11317A00000000000000000000000000000000035
S11317B0000000000000000000000000000044756C
S11317C020657268846C737420323000000000005D
S11317D00000000000000000000000000000000005
S11317E000000000000000000000000000000000F5
S11317F000000000000000000000000000000000E5
S113180000000000000000000000000000000000D4
S113181000000000000000000000000000000000C4
S113182000000000000000000000000000000000B4
S113183000000000000000000000000000000000A4
S11318400000000000000000000000000000000094
S11318500000000000000000000000000000000084
S11318600000000000000000000000000000000074
S11318700000000000000000000000000000000064
S1131880000000000000447520657268846C737465
S11318902031303000000000000000000000000093
S11318A00000000000000000000000000000000034
S11318B00000000000000000000000000000000024
S11318C00000000000000000000000000000000014
S11318D00000000000000000000000000000000004
S11318E000000000000000000000000000000000F4
S11318F000000000000000000000000000000000E4
S113190000000000000000000000000000000000D3
S113191000000000000000000000000000000000C3
S113192000000000000000000000000000000000B3
S113193000000000000000000000000000000000A3
S113194000000000000000000000000000004475DA
S113195020657268846C737420313030000000009C
S11319600000000000000000000000000000000073
S11319700000000000000000000000000000000063
S11319800000000000000000000000000000000053
S11319900000000000000000000000000000000043
S11319A00000000000000000000000000000000033
S11319B00000000000000000000000000000000023
S11319C00000000000000000000000000000000013
S11319D00000000000000000000000000000000003
S11319E000000000000000000000000000000000F3
S11319F000000000000000000000000000000000E3
S1131A0000000000000000000000000000000000D2
S1131A1000000000000044752062697374202020D7
S1131A2020202020202057656C746D6569737465CF
S1131A30722E2020202052FC636B6520766F72206A
S1131A406269732020205374617274207A69656816
S1131A50652064656E20646F7070656C74656E20BB
S1131A602020202020204265747261672065696E01
S1131A700000000000000000000000000000000062
S1131A800000000000000000000000000000000052
S1131A900000000000000000000000000000000042
S1131AA00000000000000000000000000000000032
S1131AB00000000000000000000000000000000022
S1131AC00000000000000000000000000000000012
S1131AD00000000000000000000000000000447549
S1131AE0206861737420676567656E2020206469CF
S1131AF0652048616E6479726567656C202076653F
S1131B007273746F7373656E2E2020202020529A96
S1131B10636B6520766F7220626973202020507297
S1131B206F64756B74696F6E202020202020456CD3
S1131B30656B74726F6E696B657200000000000063
S1131B400000000000000000000000000000000091
S1131B500000000000000000000000000000000081
S1131B600000000000000000000000000000000071
S1131B700000000000000000000000000000000061
S1131B800000000000000000000000000000000051
S1131B900000000000000000000000000000000041
S1131BA000000000000011241FBECFEFD1E2DEBF11
S1131BB0CDBF00E00CBF17E0A0E0B2E0E8E4FDEC2C
S1131BC000E00BBF02C007900D92AA37B107D9F706
S1131BD028E1AAE7B7E001C01D92AA35B207E1F7F0
S1131BE046D20C94A2660C94000098B19F7E98B9DA
S1131BF098B19B7F98B98BB998B1926098B981508C
S1131C00833038F48FE291E10197F1F700C00000CE
S1131C1003C090EA9A95F1F788B18D7F88B9089549
S1131C201F93CF93DF93CDB7DEB729970FB6F89400
S1131C30DEBF0FBECDBF8FEF8AB987B988B180628E
S1131C4088B92FEF80E792E0215080409040E1F77F
S1131C5000C0000088B18E7F88B989E0E3E1F2E03A
S1131C60DE01119601900D928A95E1F710E00AC009
S1131C70E1E0F0E0EC0FFD1FE10FF11D808190E049
S1131C80B4DF1F5F1930A0F329960FB6F894DEBFB6
S1131C900FBECDBFDF91CF911F91089598B1906190
S1131CA098B998B19B7F98B98BB988B1826088B98B
S1131CB080EA8A95F1F788B18D7F88B9089581E02B
S1131CC094DF8FE99FE00197F1F700C000000895C9
S1131CD082E08BCF0895417070E0660F771F6270C9
S1131CE0282F30E0220F331F220F331F2470842F3C
S1131CF0862B822B886079CF08950F931F93CF93FF
S1131D008A01282F30E0285F3F4F862F90E1299FDA
S1131D10800D11246ADFC0E002C0C0DFCF5FF8018C
S1131D20EC0FF11D80818111F8CFCF911F910F919C
S1131D30089588E45ADF84E0B1DF8EE0AFDF85E107
S1131D40ADDF84E0ABDF84E0A9DF84E0A7DF80E0DF
S1131D50A5DF80E0A3DF80E548DF80E09FDF84E04B
S1131D609DDF84E09BDF84E099DF85E197DF8EE0EF
S1131D7095DF84E093DF80E091CF089551DF9FDF0A
S1131D80A7DFD7DF40E060E081E0A5CF08958F9220
S1131D909F92AF92BF92CF92DF92EF92FF920F93F6
S1131DA01F93CF93DF93CDB7DEB7A2970FB6F89406
S1131DB0DEBF0FBECDBF6C0121E1CE010196DC0177
S1131DC0E22F1D92EA95E9F7FE017296DF011D925A
S1131DD02A95E9F7F60101900020E9F731978F0180
S1131DE00C191D09E62EF12C5701AA0CBB1CAA0CD8
S1131DF0BB1CAA0CBB1CAA0CBB1CB6016A0D7B1D28
S1131E0040E150E00E946A63BFEFEB1AFB0AEE0C5C
S1131E10FF1CEE0CFF1CEE0CFF1CEE0CFF1CE0166E
S1131E20F1065CF4B501605F7F4F6C0D7D1D40E1F0
S1131E3050E0CE0142960E946A6341DFAE014F5FDB
S1131E405F4F60E081E059DFAE014E5E5F4F60E0BE
S1131E5082E053DF005211090A151B0514F481E0D6
S1131E6001C080E0A2960FB6F894DEBF0FBECDBFCE
S1131E70DF91CF911F910F91FF90EF90DF90CF9062
S1131E80BF90AF909F908F900895CF93DF931F9250
S1131E901F92CDB7DEB79A83898389819A81CA96C6
S1131EA09C018AE0ECE1F2E0D90101900D928A955F
S1131EB0E1F789819A81CA9627E534E0FC0133ABC6
S1131EC022AB89819A81CA9628E2FC0124AB8981DC
S1131ED09A81CA96FC0115AA89819A81CA96FC0145
S1131EE016AA89819A81CA96FC0117AA89819A81C6
S1131EF0CA96FC0110AE89819A81CA96FC0111AE82
S1131F0089819A818C589F4F9C018AE0E6E2F2E035
S1131F10D90101900D928A95E1F789819A818C58B3
S1131F209F4F2EEA38E0FC0133AB22AB89819A81C2
S1131F308C589F4F28E2FC0124AB89819A818C58EC
S1131F409F4FFC0115AA89819A818C589F4FFC01EF
S1131F5016AA89819A818C589F4FFC0117AA8981FE
S1131F609A818C589F4FFC0110AE89819A818C58BC
S1131F709F4FFC0111AE89819A8182559F4F9C012C
S1131F808AE0E0E3F2E0D90101900D928A95E1F74D
S1131F9089819A8182559F4F25E03DE0FC0133AB56
S1131FA022AB89819A8182559F4F28E2FC0124ABA0
S1131FB089819A8182559F4FFC0115AA89819A8152
S1131FC082559F4FFC0116AA89819A8182559F4FA1
S1131FD0FC0117AA89819A8182559F4FFC0110AE9A
S1131FE089819A8182559F4FFC0111AE89819A8122
S1131FF088519F4F9C018AE0EAE3F2E0D901019005
S11320000D928A95E1F789819A8188519F4F2CE539
S113201031E1FC0133AB22AB89819A8188519F4F16
S113202028E2FC0124AB89819A8188519F4FFC01ED
S113203015AA89819A8188519F4FFC0116AA89812A
S11320409A8188519F4FFC0117AA89819A818851EE
S11320509F4FFC0110AE89819A8188519F4FFC01EA
S113206011AE00000F900F90DF91CF9108950F9360
S11320701F93CF93DF93CDB7DEB7C25FD1400FB6C6
S1132080F894DEBF0FBECDBF81E089831A8281E060
S11320908B831C82CE0184559E4F22E0FC01208359
S11320A0CE0184559E4F24E0FC012183CE0184554A
S11320B09E4F20E2FC012283CE0184559E4F20E8EE
S11320C0FC012383CE0180559E4F21E0FC01208337
S11320D0CE0180559E4F28E0FC012183CE0180551E
S11320E09E4F20E1FC012283CE0180559E4F20E4C7
S11320F0FC0123831D821E82CE018C549E4F26E058
S1132100FC01322F11923A95E9F71F821886CE010D
S11321108C5B9F4FFC011082CE018B5B9F4FFC01B7
S113212010821B861C861D861E8681E08F8781E0B7
S1132130888BCE0186549E4F28E0E1E7F5E0DC0170
S113214001900D922A95E1F7198ACE018E539E4F84
S113215028E0FC01322F11923A95E9F71A8A1B8A7A
S1132160CE018A5B9F4FFC011082CE01895B9F4F99
S1132170FC011082CE01885B9F4FFC011082CE01CE
S1132180875B9F4FFC011082CE0186539E4FFC015A
S1132190108211821282CE01865B9F4FFC01108255
S11321A085E08C8B1D8ACE01855B9F4FFC011082DC
S11321B01E8A1F8A188E198E81E08A8F1B8E1C8EB0
S11321C0CE01845B9F4FFC0110821E8E1D8E1F8EDC
S11321D0CE01835B9F4FFC011082CE01825B9F4F37
S11321E0FC01108218A219A2CE01815B9F4FFC0151
S11321F01082CE01805B9F4FFC011082CE018F5A6A
S11322009F4FFC011082CE0183539E4F2AE0FC01B4
S1132210322F11923A95E9F71BA21AA283E08CA3FC
S11322201DA21EA21FA218A6CE0189529E4F2CE108
S1132230FC01322F11923A95E9F719A61AA6CE019C
S11322408E5A9F4FFC0110820E94C54397DD84E79C
S11322509AE00E94524580E199E017DE84EF96E10E
S11322600E947A5884E39AE00E94126080E895E222
S11322700E948F600E9489350E94024280E00E9481
S113228019420E9458631BA62FC08BA5282F30E04B
S113229040E5429FC001439F900D11248954954FFE
S11322A0FC0180818823E9F08BA5282F30E040E5EC
S11322B0429FC001439F900D11248954954FFC0106
S11322C050818BA5282F30E040E5429FC001439FF9
S11322D0900D11248154954FFC018081652F0E943B
S11322E0E1378BA58F5F8BA78BA5883270F2CE0167
S11322F08D5A9F4FFC011082CE018C5A9F4FFC01D6
S11323001082CE018B5A9F4FFC01108280910418D9
S1132310909105189093330A8093320A109205180D
S11323201092041889E091E0FC018081882F90E0EC
S1132330382F222786E091E0FC018081882F90E0ED
S1132340822B932B90930518809304188091320A62
S11323509091330A9C0120953095809104189091B6
S113236005188223932390933F0880933E0889E0C5
S113237091E0FC018081882F90E0382F222786E0AD
S113238091E0FC018081882F90E0822B932B89358A
S1132390910559F4F3DC44E452E060E080E0ADDC04
S11323A045E552E060E081E0A8DC80914008882F98
S11323B090E0092E000CAA0BBB0B40E050E027E094
S11323C030E0841B950B2817390710F40C948231E4
S11323D0FC018827EE58FF4F8F4F0C94E3628885E9
S11323E08823B9F446E652E060E080E086DC45E705
S11323F052E060E081E081DC46E852E060E082E0A7
S11324007CDC8091060260E179E00E94263D81E057
S1132410888780913E0890913F0888279072892B85
S113242091F180910602833070F18091060281500F
S11324308093060280910602882F90E0292F2F9323
S11324408F9385E992E0892F8F9385E992E08F93AA
S1132450CE0184569E4F292F2F938F930E94796328
S11324600F900F900F900F900F900F90CE01845605
S11324709E4FAC0163E081E040DC8091060260E1A4
S113248079E00E94263D80913E0890913F0888277C
S11324909074892B91F180910602843070F58091BB
S11324A006028F5F8093060280910602882F90E0D7
S11324B0292F2F938F9385E992E0892F8F9385E9B4
S11324C092E08F93CE0184569E4F292F2F938F93A2
S11324D00E9479630F900F900F900F900F900F90C0
S11324E0CE0184569E4FAC0163E081E006DC80910E
S11324F0060260E179E00E94263D80913E089091B9
S11325003F0888279071892B11F40C94853181E060
S11325108CA72EC08CA5282F30E04AE3429FC0012F
S1132520439F900D11248E5B964FFC011182108203
S11325308CA5282F30E04AE3429FC001439F900DB1
S113254011248C5B964FFC0110828CA5282F30E05F
S11325504AE3429FC001439F900D11248C5B964F28
S1132560FC0180816CA50E945A388CA58F5F8CA7D2
S1132570809106029CA5891768F68091060260E1A5
S113258079E00E94263D48E952E060E080E0B5DB56
S113259080910602882F90E0292F2F938F9385E94D
S11325A092E0892F8F9385E992E08F93CE01845630
S11325B09E4F292F2F938F930E9479630F900F9032
S11325C00F900F900F900F90CE0184569E4FAC0148
S11325D064E080E092DB49EA52E060E081E08DDB78
S11325E04AEB52E060E082E088DB809106020E94C0
S11325F01A4481E0809340080C94853181E08DA7D2
S113260009C04AE06DA58CED95E00E94D83A8DA5ED
S11326108F5F8DA7809106029DA5891790F781E0B1
S11326208EA766C14BEC52E060E080E066DB8EA5CD
S1132630882F90E0292F2F938F9385E992E0892F9B
S11326408F9385E992E08F93CE0184569E4F292F74
S11326502F938F930E9479630F900F900F900F9098
S11326600F900F90CE0184569E4FAC016BE080E03A
S113267044DB4CED52E060E081E03FDB4CEE52E0A5
S113268060E082E03ADB74C08091041890910518F0
S11326909093330A8093320A10920518109204180A
S11326A089E091E0FC018081882F90E0382F222777
S11326B086E091E0FC018081882F90E0822B932BAF
S11326C090930518809304188091320A9091330AEC
S11326D09C012095309580910418909105188223CF
S11326E0932390933F0880933E0880913E089091F5
S11326F03F0888279170892B89F0809144088823AA
S113270069F49091450880914408492F682F81E02D
S11327100E94873D81E08093440818C080913E0860
S113272090913F0888279270892B81F08091450809
S1132730882361F49091450880914408492F682FBB
S113274082E00E94873D81E080934508809144089F
S1132750882329F08A85882311F482E08A8780916E
S11327604508882329F08A85882311F481E08A8723
S113277080914408882309F487CF809145088823F1
S113278009F482CF8EA5282F30E080913C08482F91
S113279050E080913D08882F90E0840F951FAC0194
S11327A06AE3629FC001639F900D11248E5B964F74
S11327B0FC01518340838EA5282F30E04AE3429FD9
S11327C0C001439F900D11248E5B964FFC01208124
S11327D031818F81482F50E06AE3649FC001659F77
S11327E0900D11248E5B964FFC01808191812817F6
S11327F0390709F04FC08A85882F90E00197845CDF
S1132800974FFC018081823098F08A85882F90E070
S113281001972A85222F30E021503109245C374F5B
S1132820F90120812150845C974FFC01208312C060
S11328308A85882F90E001972A85222F30E0215045
S11328403109245C374FF90120812F5F845C974F55
S1132850FC0120838EA5282F30E080913C08482F6E
S113286050E080913D08882F90E0840F951FAC01C3
S11328706AE3629FC001639F900D11248E5B964FA3
S1132880FC015183408390913D0880913C08692F5D
S11328900E9404408EA5282F30E04AE3429FC001E5
S11328A0439F900D11248E5B964FFC012081318152
S11328B08F81482F50E06AE3649FC001659F900DAB
S11328C011248E5B964FFC018081918182179307BE
S11328D010F48EA58F8310924408109245081A862E
S11328E060E179E08EA50E94263D8EA58F5F8EA7BC
S11328F0809106029EA5891708F094CE8F81898362
S11329009E012A583F4F80E090E0AAE7B4E4F90121
S113291080839183A283B3838E0106581F4FCE0117
S11329208A589F4F20E030E04AE755E4FC0160817B
S11329307181828193810E946162DC01CB01F80183
S113294080839183A283B383CE0186589F4F20E076
S113295030E040E85FE3FC01608171818281938112
S11329600E94136188234CF4CE0182589F4F21E0CA
S113297030E0FC01318320836DC0CE0186589F4F27
S113298020E03FEF4FE757E4FC01608171818281D1
S113299093810E945D6218160CF04AC0CE018A58D9
S11329A09F4F20E030E040E251E4FC0160817181FE
S11329B0828193810E946162DC01CB018E01025805
S11329C01F4FBC01CD010E947F61DC01CB01F801E6
S11329D09183808324C0CE0180589F4F20E931E049
S11329E0FC0131832083CE0180589F4FFC018081FC
S11329F091810197F1F79E0120583F4FF90191838E
S1132A008083CE0182589F4F9E0122583F4FF90187
S1132A102081318121503109FC0131832083CE0191
S1132A2082589F4FFC0180819181892BA1F62CC093
S1132A308E0102581F4FCE0186589F4FFC016081C2
S1132A407181828193810E947F61DC01CB01F80155
S1132A5091838083CE018E579F4F9E0122583F4F12
S1132A60F90120813181FC0131832083CE018E570D
S1132A709F4FFC01808191810197F1F79E012E57B0
S1132A803F4FF9019183808381E08FA713C08FA505
S1132A90282F30E04AE3429FC001439F900D112448
S1132AA08E5B964F2CED35E0FC01318320838FA59E
S1132AB08F5F8FA7809106029FA5891740F78091A9
S1132AC0060260E179E00E94263D4DEF52E060E0AD
S1132AD080E013D98981882F90E0292F2F938F9339
S1132AE085E992E0892F8F9385E992E08F93CE0157
S1132AF084569E4F292F2F938F930E9479630F90B2
S1132B000F900F900F900F900F90CE0184569E4F10
S1132B10AC016BE080E0F1D84EE053E060E081E08E
S1132B20ECD84EE153E060E082E0E7D882E08093A5
S1132B3040080C948F318C85882399F1C0D84DEFCF
S1132B4052E060E080E0D9D88981882F90E0292F75
S1132B502F938F9385E992E0892F8F9385E992E0F3
S1132B608F93CE0184569E4F292F2F938F930E94CB
S1132B7079630F900F900F900F900F900F90CE01EC
S1132B8084569E4FAC016BE080E0B7D84EE053E032
S1132B9060E081E0B2D84EE153E060E082E0ADD87D
S1132BA01C8680913E0890913F0888279470892B59
S1132BB021F488A5882309F48EC08985882309F423
S1132BC08AC08F85882309F486C08889882309F4FC
S1132BD082C08A8D882309F47EC06AE08AE00E945C
S1132BE00440909106028981692F0E94C462892F52
S1132BF08F5F89834DEF52E060E080E07ED8898169
S1132C00882F90E0292F2F938F9385E992E0892FC5
S1132C108F9385E992E08F93CE0184569E4F292F9E
S1132C202F938F930E9479630F900F900F900F90C2
S1132C300F900F90CE0184569E4FAC016BE080E064
S1132C405CD84EE053E060E081E057D84EE153E0B9
S1132C5060E082E052D8198688E290E028E230E011
S1132C60F90120812F73FC0120831B861E861B8E95
S1132C708981282F30E04AE3429FC001439F900D91
S1132C8011248C5B964FFC018081282F30E040E5B5
S1132C90429FC001439F900D11248A55954FFC011A
S1132CA080818CA31EA21FA218A68CA1843099F443
S1132CB08981282F30E04AE3429FC001439F900D51
S1132CC011248B5B964FFC018081882321F081E0E5
S1132CD08EA381E0898780913E0890913F088827E0
S1132CE09470892B89F08B81882371F48F858823D4
S1132CF059F08A8D882341F06AE08AE00E940440FA
S1132D0081E08B831E861B8E8985882309F00FC280
S1132D108B81882309F40BC20E94143590913C08DE
S1132D2080913D08981709F049C08EA1882309F0C5
S1132D3045C01B828A818F5F8A8310924408109257
S1132D4045088A81882F90E08230910581F0833094
S1132D509105B9F0019709F034C088E290E028E2C7
S1132D6030E0F90120812064FC01208326C088E240
S1132D7090E028E230E0F90120812068FC01208302
S1132D801CC088E290E028E230E0F90120812F7332
S1132D90FC01208310923C0810923D0810924408D4
S1132DA0109245081A8281E08B8381E089878981AA
S1132DB00E94664284E08CA3000003C081E08987FE
S1132DC01A828981282F30E04AE3429FC001439F41
S1132DD0900D11248C5B964FFC018081282F30E0EC
S1132DE080913C08482F50E080913D08882F90E066
S1132DF0840F951F820F931F88972CF18981482F88
S1132E0050E08981282F30E06AE3629FC001639F0C
S1132E10900D11248E5B964FFC01808191819C0161
S1132E2028533F4F6AE3649FC001659F900D1124AE
S1132E308E5B964FFC01318320838091060260E112
S1132E4079E00E94263D8981282F30E04AE3429FA1
S1132E50C001439F900D11248C5B964FFC0180812F
S1132E6088ABD9C098A98DEC989F812D11248295A7
S1132E708695877028E2829F802D1124F92FF81BF4
S1132E808F2F69810E945A389E012A5A3F4F80E051
S1132E9090E0A8ECB2E4F90180839183A283B38328
S1132EA08E010C571F4FCE018A5A9F4F20E030E00D
S1132EB04AE755E4FC0160817181828193810E941B
S1132EC06162DC01CB01F80180839183A283B38327
S1132ED0CE018C579F4F20E030E040E85FE3FC01D7
S1132EE060817181828193810E94136188234CF4F3
S1132EF0CE0188579F4F21E030E0FC0131832083CD
S1132F006DC0CE018C579F4F20E03FEF4FE757E451
S1132F10FC0160817181828193810E945D62181637
S1132F200CF04AC0CE018A5A9F4F20E030E040E2C4
S1132F3051E4FC0160817181828193810E9461620C
S1132F40DC01CB018E0108571F4FBC01CD010E944B
S1132F507F61DC01CB01F8019183808324C0CE0121
S1132F6086579F4F20E931E0FC0131832083CE0155
S1132F7086579F4FFC01808191810197F1F79E0153
S1132F8026573F4FF90191838083CE0188579F4F85
S1132F909E0128573F4FF901208131812150310989
S1132FA0FC0131832083CE0188579F4FFC0180812F
S1132FB09181892BA1F62CC08E0108571F4FCE0199
S1132FC08C579F4FFC0160817181828193810E94A3
S1132FD07F61DC01CB01F80191838083CE018457AA
S1132FE09F4F9E0128573F4FF90120813181FC01F9
S1132FF031832083CE0184579F4FFC0180819181CE
S11330000197F1F79E0124573F4FF9019183808383
S113301088A98F5F88AB88A9282F30E08981482F41
S113302050E06AE3649FC001659F900D11248C5B9E
S1133030964FFC018081482F50E080913C08682F16
S113304070E080913D08882F90E0860F971F840FD1
S1133050951F281739070CF405CF8981282F30E0F4
S11330608981482F50E06AE3649FC001659F900DF9
S113307011248C5B964FFC018081482F50E0809195
S11330803C08682F70E080913D08882F90E0860FFF
S1133090971F840F951F48E250E0BA010E94D06246
S11330A0582F4AE3429FC001439F900D11248C5B2B
S11330B0964FFC0150838981282F30E04AE3429FD8
S11330C0C001439F900D11248C5B964FFC018081BD
S11330D069810E945A388981282F30E04AE3429F4F
S11330E0C001439F900D11248C5B964FFC0180819D
S11330F0282F30E040E5429FC001439F900D1124EA
S11331008A55954FFC0180818CA38981282F30E05A
S11331104AE3429FC001439F900D11248C5B964F5C
S1133120FC0180818C8310924408109245088091A0
S1133130060260E179E00E94263D80913E0890916C
S11331403F0888279071892B21F01B8685E08093A6
S113315040088CA1882F90E0092E000CAA0BBB0B11
S113316040E050E027E030E0841B950B2817390736
S113317010F40C948831FC018827E658FF4F8F4FD8
S11331800C94E3628C81873031F08C81863119F0A4
S11331908C81843211F41C8E02C081E08C8F8B8D63
S11331A0882311F00C94E2241A8E80913E089091A9
S11331B03F0888279074892B19F4888D882379F423
S11331C004EF16E1298D488D69818C8D0E94A45AE3
S11331D08B8F8B8D882319F4888D8E5F888F8981DE
S11331E0882F90E001979E0124553E4F820F931F34
S11331F0FC018081282F30E080913E0890913F08A7
S113320082239323892B11F40C94E22481E0898F87
S113321004EF16E1298D488D69818C8D0E94A45A92
S11332208B8F8981282F30E04AE3429FC001439F5E
S1133230900D11248C5B964FFC018081282F30E087
S113324040E5429FC001439F900D11248A55954F3C
S1133250FC0180818CA38981282F30E04AE3429FBE
S1133260C001439F900D11248C5B964FFC0180811B
S11332708C83198E188E81E08A8F81E08C870C9460
S1133280E2248C81282F30E040E5429FC001439F17
S1133290900D11248954954FFC018081882321F5D8
S11332A0188A8E010B5B1F4F498164E77AE08C8199
S11332B00E949131F8018083CE018B5B9F4FFC010A
S11332C08081882F90E08130910519F0029721F0D8
S11332D00BC081E0888B08C081E0888B81E08E87F9
S11332E083E08093400800008C81482F50E0CE0199
S11332F08F5A9F4F60E5649F9001659F300D1124A4
S11333002E53354FF9012081FC0120838C81282F15
S113331030E040E5429FC001439F900D1124895441
S1133320954FFC018081882311F40C94E5248C8151
S1133330282F30E040E5429FC001439F900D1124A7
S11333408954954FFC0190818981981711F40C944C
S1133350E5248E85813011F40C94E524CE018F5A36
S11333609F4FFC018081882311F00C94E5241F8673
S11333708B85882309F001C18C81282F30E040E53A
S1133380429FC001439F900D11248954954FFC0125
S113339080818D878C81482F50E08C81282F30E0EC
S11333A060E5629FC001639F900D11248254954F84
S11333B0FC018081882F90E068E2649F9001659F02
S11333C0300D1124820F931F880F991F8755954F35
S11333D0FC01808191819E8F8D8F8C81282F30E01C
S11333E040E5429FC001439F900D11248B54954F9B
S11333F0FC0120813181CE01835B9F4FFC0120833E
S113340081E08F8F19AA25C08C81482F50E089A9AB
S1133410882F90E060E5649F9001659F300D112432
S1133420820F931F8754954FFC018081282F30E031
S113343040E5429FC001439F900D11248954954F4C
S1133440FC0190818D85981709F01F8E89A98F5FE3
S113345089AB89A98330C0F28F8D8823A9F0CE016E
S1133460835B9F4FFC018081282F30E08D8D9E8DE2
S11334708217930748F4CE01835B9F4FFC01808140
S1133480882F90E09E8F8D8F4DEF52E060E080E0BA
S11334900E947D0E8981882F90E0292F2F938F938E
S11334A085E992E0892F8F9385E992E08F93CE018D
S11334B084569E4F292F2F938F930E9479630F90E8
S11334C00F900F900F900F900F90CE0184569E4F47
S11334D0AC016BE080E00E947D0E4FE253E060E0BF
S11334E081E00E947D0E8E8D8F938D8D8F9385E963
S11334F092E0892F8F9385E992E08F93CE018456D1
S11335009E4F292F2F938F930E9479630F900F90D2
S11335100F900F900F900F90CE0184569E4FAC01E8
S11335206AE081E00E947D0E40E453E060E082E0C6
S11335300E947D0E8D85882F90E0292F2F938F93E5
S113354085E992E0892F8F9385E992E08F93CE01EC
S113355084569E4F292F2F938F930E9479630F9047
S11335600F900F900F900F900F90CE0184569E4FA6
S1133570AC016BE082E00E947D0E8981882F90E08F
S113358001979E0124553E4F820F931FFC018081B9
S1133590282F30E080913E0890913F0882239323A6
S11335A0892B11F40C94E5248D8D9E8D21E0AC01C2
S11335B06D8589810E94EA5E8E878E85813011F047
S11335C00C94E5241B8681E08F8781E08C870C9422
S11335D0E5248E85813011F40C94E8241F868B85B4
S11335E0882309F068C08C81282F30E040E5429F91
S11335F0C001439F900D11248955954FFC01808192
S113360091819E8F8D8F4DEF52E060E080E00E94AB
S11336107D0E8981882F90E0292F2F938F9385E940
S113362092E0892F8F9385E992E08F93CE0184569F
S11336309E4F292F2F938F930E9479630F900F90A1
S11336400F900F900F900F90CE0184569E4FAC01B7
S11336506BE080E00E947D0E4FE253E060E081E089
S11336600E947D0E8E8D8F938D8D8F9385E992E0D0
S1133670892F8F9385E992E08F93CE0184569E4FD4
S1133680292F2F938F930E9479630F900F900F909F
S11336900F900F900F90CE0184569E4FAC016AE0BC
S11336A081E00E947D0E41E553E060E082E00E94EB
S11336B07D0E81E08B878981882F90E001979E01A0
S11336C024553E4F820F931FFC018081282F30E048
S11336D080913E0890913F0882239323892B11F413
S11336E00C94E8248D8D9E8D2AE0AC0160E08981E4
S11336F00E94EA5E8E878E85813011F00C94E82456
S11337001B8681E08F8781E08C870C94E8248C8170
S1133710282F30E040E5429FC001439F900D1124C3
S11337208954954FFC018081882321F5188A8E01E4
S11337300B5B1F4F498164E77AE08C810E949131D1
S1133740F8018083CE018B5B9F4FFC018081882F21
S113375090E08130910519F0029721F00BC081E0CF
S1133760888B08C081E0888B81E08E8783E080931A
S1133770400800008C81482F50E0CE018F5A9F4FA3
S113378060E5649F9001659F300D11242E53354FE1
S1133790F9012081FC0120838C81282F30E040E551
S11337A0429FC001439F900D11248954954FFC0101
S11337B08081882311F40C94EB248C81282F30E031
S11337C040E5429FC001439F900D11248954954FB9
S11337D0FC0190818981981711F40C94EB248E8557
S11337E0813011F40C94EB24CE018F5A9F4FFC01CD
S11337F08081882311F00C94EB241F868B85882309
S113380009F0CCC08C81282F30E040E5429FC001F4
S1133810439F900D11248954954FFC0180818D871D
S11338201E8A85E08AAB22C08AA9282F30E040E5B1
S1133830429FC001439F900D11248954954FFC0170
S113384040818C81282F30E050E5529FC001539F66
S1133850900D11248954954FFC018081481719F467
S11338608E898F5F8E8B8AA9865F8AAB8AA9843200
S1133870D8F28E8981508E8B8C81482F50E08E89AE
S1133880882F90E068E2649F9001659F300D1124B9
S1133890820F931F880F991F8755954FFC018081D4
S11338A091819E8F8D8F4DEF52E060E080E00E9409
S11338B07D0E8981882F90E0292F2F938F9385E99E
S11338C092E0892F8F9385E992E08F93CE018456FD
S11338D09E4F292F2F938F930E9479630F900F90FF
S11338E00F900F900F900F90CE0184569E4FAC0115
S11338F06BE080E00E947D0E4FE253E060E081E0E7
S11339000E947D0E8E8D8F938D8D8F9385E992E02D
S1133910892F8F9385E992E08F93CE0184569E4F31
S1133920292F2F938F930E9479630F900F900F90FC
S11339300F900F900F90CE0184569E4FAC016AE019
S113394081E00E947D0E40E453E060E082E00E944A
S11339507D0E8D85882F90E0292F2F938F9385E9F5
S113396092E0892F8F9385E992E08F93CE0184565C
S11339709E4F292F2F938F930E9479630F900F905E
S11339800F900F900F900F90CE0184569E4FAC0174
S11339906BE082E00E947D0E81E08B878981882F15
S11339A090E001979E0124553E4F820F931FFC0126
S11339B08081282F30E080913E0890913F08822337
S11339C09323892B11F40C94EB248D8D9E8D25E08B
S11339D0AC016D8589810E94EA5E8E878E85813077
S11339E009F0F9C71B8681E08F8781E08C87F3C7D4
S11339F08EA1882309F4F2C78981282F30E04AE395
S1133A00429FC001439F900D11248B5B964FFC0194
S1133A108081882309F42CC18FA1882309F028C14F
S1133A204DEF52E060E080E00E947D0E8981882F96
S1133A3090E0292F2F938F9385E992E0892F8F931C
S1133A4085E992E08F93CE0184569E4F292F2F93C0
S1133A508F930E9479630F900F900F900F900F90A7
S1133A600F90CE0184569E4FAC016BE080E00E9423
S1133A707D0E42E653E060E081E00E947D0E43E764
S1133A8053E060E082E00E947D0E81E08FA39E01FE
S1133A90265A3F4F80E090E4ACE9B5E4F901808315
S1133AA09183A283B3838E0102571F4FCE01865A9E
S1133AB09F4F20E030E04AE755E4FC0160817181CA
S1133AC0828193810E946162DC01CB01F8018083D1
S1133AD09183A283B383CE0182579F4F20E030E0CD
S1133AE040E85FE3FC0160817181828193810E94DF
S1133AF0136188234CF4CE018E569F4F21E030E0B1
S1133B00FC01318320836DC0CE0182579F4F20E09A
S1133B103FEF4FE757E4FC0160817181828193811B
S1133B200E945D6218160CF04AC0CE01865A9F4F5F
S1133B3020E030E040E251E4FC0160817181828147
S1133B4093810E946162DC01CB018E010E561F4FEE
S1133B50BC01CD010E947F61DC01CB01F80191839E
S1133B60808324C0CE018C569F4F20E931E0FC01B4
S1133B7031832083CE018C569F4FFC01808191813B
S1133B800197F1F79E012C563F4FF90191838083F1
S1133B90CE018E569F4F9E012E563F4FF901208134
S1133BA0318121503109FC0131832083CE018E56AD
S1133BB09F4FFC0180819181892BA1F62CC08E013D
S1133BC00E561F4FCE0182579F4FFC0160817181B9
S1133BD0828193810E947F61DC01CB01F801918392
S1133BE08083CE018A569F4F9E012E563F4FF90186
S1133BF020813181FC0131832083CE018A569F4F7D
S1133C00FC01808191810197F1F79E012A563F4F73
S1133C10F901918380838981282F30E04AE3429F10
S1133C20C001439F900D1124895B964FFC01808154
S1133C30882379F01092040244E853E060E081E0C4
S1133C400E947D0E45E953E060E082E00E947D0E13
S1133C500FC081E08093040246EA53E060E081E013
S1133C600E947D0E47EB53E060E082E00E947D0EEF
S1133C7080910402882F90E08130910509F44FC0AF
S1133C80823091051CF4892B49F03AC482309105A5
S1133C9009F46CC0039709F40FC232C48E818823DF
S1133CA081F048EC53E060E081E00E947D0E47EB38
S1133CB053E060E082E00E947D0E81E08093040284
S1133CC01AC48D81882309F416C48981282F30E011
S1133CD04AE3429FC001439F900D11248B5B964F92
S1133CE0FC0110828981282F30E04AE3429FC00101
S1133CF0439F900D1124895B964FFC0110828981AA
S1133D00282F30E04AE3429FC001439F900D1124C5
S1133D108A5B964FFC01108219861EA2ECC38E8129
S1133D20882381F082E08093040249ED53E060E04F
S1133D3081E00E947D0E4AEE53E060E082E00E9442
S1133D407D0EDBC38D81882309F4D7C34EE053E095
S1133D5060E081E00E947D0E4BEF53E060E082E082
S1133D600E947D0E83E080930402C7C38E81882362
S1133D7071F18981282F30E04AE3429FC001439FBB
S1133D80900D1124895B964FFC018081882379F082
S1133D901092040244E853E060E081E00E947D0E4A
S1133DA045E953E060E082E00E947D0EA8C381E013
S1133DB08093040248EC53E060E081E00E947D0EB1
S1133DC047EB53E060E082E00E947D0E98C38D8152
S1133DD0882309F494C321E042E350E060E0898140
S1133DE00E94EA5E8E878E85813049F54CE054E06E
S1133DF060E081E00E947D0E4DE154E060E082E0ED
S1133E000E947D0E8981282F30E04AE3429FC00141
S1133E10439F900D11248B5B964FFC011082898186
S1133E20282F30E04AE3429FC001439F900D1124A4
S1133E308A5B964FFC01108219861EA260C38E8590
S1133E40823009F05CC34CE054E060E081E00E9401
S1133E507D0E4EE254E060E082E00E947D0E9E0101
S1133E60225A3F4F80E090E4ACE9B5E4F901808345
S1133E709183A283B3838E0108561F4FCE01825AC9
S1133E809F4F20E030E04AE755E4FC0160817181F6
S1133E90828193810E946162DC01CB01F8018083FD
S1133EA09183A283B383CE0188569F4F20E030E0F4
S1133EB040E85FE3FC0160817181828193810E940B
S1133EC0136188234CF4CE0184569F4F21E030E0E7
S1133ED0FC01318320836DC0CE0188569F4F20E0C2
S1133EE03FEF4FE757E4FC01608171818281938148
S1133EF00E945D6218160CF04AC0CE01825A9F4F90
S1133F0020E030E040E251E4FC0160817181828173
S1133F1093810E946162DC01CB018E0104561F4F24
S1133F20BC01CD010E947F61DC01CB01F8019183CA
S1133F30808324C0CE0182569F4F20E931E0FC01EA
S1133F4031832083CE0182569F4FFC018081918171
S1133F500197F1F79E0122563F4FF9019183808327
S1133F60CE0184569F4F9E0124563F4FF901208174
S1133F70318121503109FC0131832083CE018456E3
S1133F809F4FFC0180819181892BA1F62CC08E0169
S1133F9004561F4FCE0188569F4FFC0160817181EA
S1133FA0828193810E947F61DC01CB01F8019183BE
S1133FB08083CE0180569F4F9E0124563F4FF901C6
S1133FC020813181FC0131832083CE0180569F4FB3
S1133FD0FC01808191810197F1F79E0120563F4FAA
S1133FE0F901918380838981282F30E04AE3429F3D
S1133FF0C001439F900D1124895B964FFC01808181
S1134000882379F01092040244E853E060E081E0F0
S11340100E947D0E45E953E060E082E00E947D0E3F
S11340200FC081E08093040246EA53E060E081E03F
S11340300E947D0E47EB53E060E082E00E947D0E1B
S11340408981282F30E04AE3429FC001439F900DAD
S113405011248A5B964FFC018081882F90E0292FE0
S11340602F938F9385E992E0892F8F9385E992E0CE
S11340708F93CE0184569E4F292F2F938F930E94A6
S113408079630F900F900F900F900F900F90CE01C7
S113409084569E4FAC0160E081E00E947D0E4FE3A8
S11340A054E060E081E00E947D0E40E554E060E071
S11340B082E00E947D0E23C21092440810924508AB
S11340C00E94143590913C0880913D08981709F09E
S11340D0ECC041E654E060E081E00E947D0E4BEFCD
S11340E053E060E082E00E947D0E19868981282FCA
S11340F030E04AE3429FC001439F900D11248A5B44
S1134100964FFC0110828981282F30E04AE3429FB8
S1134110C001439F900D11248B5B964FFC011082CC
S11341209E012E593F4F80E090E4ACE9B5E4F901DB
S113413080839183A283B3838E010E551F4FCE01DA
S11341408E599F4F20E030E04AE755E4FC0160813E
S11341507181828193810E946162DC01CB01F8014B
S113416080839183A283B383CE018E559F4F20E039
S113417030E040E85FE3FC016081718182819381DA
S11341800E94136188234CF4CE018A559F4F21E08D
S113419030E0FC01318320836DC0CE018E559F4FEA
S11341A020E03FEF4FE757E4FC0160817181828199
S11341B093810E945D6218160CF04AC0CE018E599C
S11341C09F4F20E030E040E251E4FC0160817181C6
S11341D0828193810E946162DC01CB018E010A55C8
S11341E01F4FBC01CD010E947F61DC01CB01F801AE
S11341F09183808324C0CE0188559F4F20E931E00C
S1134200FC0131832083CE0188559F4FFC018081BE
S113421091810197F1F79E0128553F4FF901918350
S11342208083CE018A559F4F9E012A553F4FF90145
S11342302081318121503109FC0131832083CE0159
S11342408A559F4FFC0180819181892BA1F658C129
S11342508E010A551F4FCE018E559F4FFC01608180
S11342607181828193810E947F61DC01CB01F8011D
S113427091838083CE0186559F4F9E012A553F4FDF
S1134280F90120813181FC0131832083CE018655DF
S11342909F4FFC01808191810197F1F79E01265582
S11342A03F4FF901918380832BC142E754E060E0E2
S11342B081E00E947D0E4BEF53E060E082E00E94BB
S11342C07D0E10924408109245088981282F30E011
S11342D08981482F50E06AE3649FC001659F900D77
S11342E011248A5B964FFC01808141E0480F5AE318
S11342F0529FC001539F900D11248A5B964FFC017D
S113430040838981282F30E04AE3429FC001439FC4
S1134310900D11248A5B964FFC018081833021F536
S113432021E042E350E060E089810E94EA5E8E87EA
S11343308981282F30E04AE3429FC001439F900DBA
S113434011248A5B964FFC0110828981282F30E06A
S11343504AE3429FC001439F900D11248B5B964F0B
S1134360FC0110821986CCC081E088A79E012A59DD
S11343703F4F80E090E4ACE9B5E4F9018083918398
S1134380A283B3838E0104551F4FCE018A599F4FD8
S113439020E030E04AE755E4FC01608171818281CC
S11343A093810E946162DC01CB01F80180839183D7
S11343B0A283B383CE0184559F4F20E030E040E8D0
S11343C05FE3FC0160817181828193810E941361AA
S11343D088234CF4CE0180559F4F21E030E0FC014E
S11343E0318320836DC0CE0184559F4F20E03FEF81
S11343F04FE757E4FC0160817181828193810E94BF
S11344005D6218160CF04AC0CE018A599F4F20E015
S113441030E040E251E4FC0160817181828193814A
S11344200E946162DC01CB018E0100551F4FBC016B
S1134430CD010E947F61DC01CB01F801918380836F
S113444024C0CE018E549F4F20E931E0FC0131831A
S11344502083CE018E549F4FFC018081918101976E
S1134460F1F79E012E543F4FF90191838083CE01D1
S113447080559F4F9E0120553F4FF9012081318186
S113448021503109FC0131832083CE0180559F4F97
S1134490FC0180819181892BA1F632C08E010055E7
S11344A01F4FCE0184559F4FFC0160817181828131
S11344B093810E947F61DC01CB01F80191838083A9
S11344C0CE018C549F4F9E0120553F4FF90120810E
S11344D03181FC0131832083CE018C549F4FFC0138
S11344E0808191810197F1F79E012C543F4FF9018E
S11344F09183808305C0000003C0000001C0000058
S11345008981882F90E001979E0124553E4F820FA8
S1134510931FFC018081282F30E080913E08909108
S11345203F0882239323892B21F081E08D831E820F
S113453055C28981882F90E001979E0120553E4FF6
S1134540820F931FFC018081282F30E080913E0868
S113455090913F0882239323892B21F01D8281E0CF
S11345608E833CC21D821E8239C289810E946642AA
S113457084E08CA38981282F30E04AE3429FC00164
S1134580439F900D11248B5B964F21E0FC01208307
S113459081E08B8381E0898725C28C81282F30E0DC
S11345A040E5429FC001439F900D11248954954FCB
S11345B0FC018081882321F5188A8E010B5B1F4F33
S11345C0498164E77AE08C810E949131F80180830B
S11345D0CE018B5B9F4FFC018081882F90E081305E
S11345E0910519F0029721F00BC081E0888B08C077
S11345F081E0888B81E08E8783E08093400800000F
S11346008C81482F50E0CE018F5A9F4F60E5649F04
S11346109001659F300D11242E53354FF9012081EF
S1134620FC0120838C81282F30E040E5429FC001AB
S1134630439F900D11248954954FFC018081882358
S113464009F4CFC18C81282F30E040E5429FC0019E
S1134650439F900D11248954954FFC0190818981C9
S1134660981709F4BEC18E85813009F4BAC1CE0110
S11346708F5A9F4FFC018081882309F0B2C11F86A5
S11346808B85882309F070C19091770E8091771300
S1134690981719F48AE08F8B02C084E08F8B4DEF5A
S11346A052E060E080E00E947D0E8981882F90E0D6
S11346B0292F2F938F9385E992E0892F8F9385E992
S11346C092E08F93CE0184569E4F292F2F938F9380
S11346D00E9479630F900F900F900F900F900F909E
S11346E0CE0184569E4FAC016BE080E00E947D0EAB
S11346F043E854E060E081E00E947D0E45E954E027
S113470060E082E00E947D0E8F89882F90E0292F3F
S11347102F938F9385E992E0892F8F9385E992E017
S11347208F93CE0184569E4F292F2F938F930E94EF
S113473079630F900F900F900F900F900F90CE0110
S113474084569E4FAC016EE082E00E947D0E62C0F2
S113475080910418909105189093330A8093320A3B
S1134760109205181092041889E091E0FC018081F0
S1134770882F90E0382F222786E091E0FC01808189
S1134780882F90E0822B932B909305188093041824
S11347908091320A9091330A9C0120953095809142
S11347A00418909105188223932390933F088093D3
S11347B03E0880913E0890913F0888279170892B8C
S11347C089F080914408882369F490914508809188
S11347D04408492F682F81E00E94873D81E080933F
S11347E0440818C080913E0890913F088827927031
S11347F0892B81F080914508882361F490914508C4
S113480080914408492F682F82E00E94873D81E00F
S11348108093450880914408882309F499CF8091B6
S11348204508882309F494CF8C81282F30E040E593
S1134830429FC001439F900D11248954954FFC0160
S113484080818D8780913C08282F30E080913D083D
S1134850882F90E0A901480F591F8F89282F30E035
S1134860429FC001439F900D529F900D11249E8F33
S11348708D8F4DEF52E060E080E00E947D0E8981D3
S1134880882F90E0292F2F938F9385E992E0892F29
S11348908F9385E992E08F93CE0184569E4F292F02
S11348A02F938F930E9479630F900F900F900F9026
S11348B00F900F90CE0184569E4FAC016BE080E0C8
S11348C00E947D0E4FE253E060E081E00E947D0E85
S11348D08E8D8F938D8D8F9385E992E0892F8F93A1
S11348E085E992E08F93CE0184569E4F292F2F9312
S11348F08F930E9479630F900F900F900F900F90F9
S11349000F90CE0184569E4FAC016AE081E00E9474
S11349107D0E40E453E060E082E00E947D0E8D85D0
S1134920882F90E0292F2F938F9385E992E0892F88
S11349308F9385E992E08F93CE0184569E4F292F61
S11349402F938F930E9479630F900F900F900F9085
S11349500F900F90CE0184569E4FAC016BE082E025
S11349600E947D0E81E08B878981882F90E00197DA
S11349709E0124553E4F820F931FFC018081282FF6
S113498030E080913E0890913F0882239323892B45
S113499041F18D8D9E8D21E0AC016D8589810E9450
S11349A0EA5E8E878E858130E1F41B8681E08F87F5
S11349B081E08C87109244081092450812C00000D0
S11349C00C94883100000C94883100000C948831D8
S11349D000000C94883100000C94883100000C9481
S11349E0883100000C9488318B85882309F050C0ED
S11349F00E945F0E46EA54E060E080E00E947D0E73
S1134A008C81282F30E040E5429FC001439F900DE8
S1134A1011248C58954FAC0160E081E00E947D0E1A
S1134A2047EB54E060E082E00E947D0E89E090E074
S1134A309BA38AA381E08B8781E08BAB24C08BA9E5
S1134A40882F90E02BA9422F50E06AE3649F9001E5
S1134A50659F300D11242E5B364FF9012081318181
S1134A60AE0143535E4F880F991F840F951FFC01BD
S1134A703183208340E06BA980E090E00E94D83A23
S1134A808BA98F5F8BAB809106029BA98917B8F61F
S1134A901CAA9AC08CA9882F90E09E0124553E4FF1
S1134AA0820F931FFC018081282F30E080913E0803
S1134AB090913F0882239323892B09F44BC08CA93E
S1134AC0882F90E09E012C543E4F820F931FFC01CF
S1134AD08081882309F03EC08CA9882F90E09C0136
S1134AE02F5F3F4F4AE3429FC001439F900D112423
S1134AF08E5B964FFC01208131818AA19BA1019696
S1134B008217930738F58AA19BA101969BA38AA3D8
S1134B1081E08DAB09C040E06DA980E090E00E9487
S1134B20D83A8DA98F5F8DAB809106029DA9891714
S1134B3090F78CA921E0280F8AA19BA141E0622F64
S1134B400E94D83A8CA921E0280FCE018C549E4FA4
S1134B50FC0125838CA9882F90E09E0120553E4FAF
S1134B60820F931FFC018081282F30E080913E0842
S1134B7090913F0882239323892B19F18CA9882FC4
S1134B8090E09E012C543E4F820F931FFC018081C4
S1134B908823B9F48CA9882F90E09E012C543E4FB1
S1134BA0820F931F21E0FC012083CE018C549E4F81
S1134BB0FC01848121E0280FCE018C549E4FFC011E
S1134BC024838CA98F5F8CAB809106029CA99817D3
S1134BD008F460CFCE018C549E4FFC0194818091E7
S1134BE00602981711F00C948B31CE018C549E4F11
S1134BF0FC018581882309F452C20E945F0E9E0144
S1134C002E583F4F80E090E0A0E2B1E4F9018083A8
S1134C109183A283B3838E0100541F4FCE018E581B
S1134C209F4F20E030E04AE755E4FC016081718148
S1134C30828193810E946162DC01CB01F80180834F
S1134C409183A283B383CE0180549F4F20E030E050
S1134C5040E85FE3FC0160817181828193810E945D
S1134C60136188234CF4CE018C539F4F21E030E034
S1134C70FC01318320836DC0CE0180549F4F20E01E
S1134C803FEF4FE757E4FC0160817181828193819A
S1134C900E945D6218160CF04AC0CE018E589F4FD8
S1134CA020E030E040E251E4FC01608171818281C6
S1134CB093810E946162DC01CB018E010C531F4F72
S1134CC0BC01CD010E947F61DC01CB01F80191831D
S1134CD0808324C0CE018A539F4F20E931E0FC0138
S1134CE031832083CE018A539F4FFC0180819181BF
S1134CF00197F1F79E012A533F4FF9019183808375
S1134D00CE018C539F4F9E012C533F4FF9012081BC
S1134D10318121503109FC0131832083CE018C5330
S1134D209F4FFC0180819181892BA1F62CC08E01BB
S1134D300C531F4FCE0180549F4FFC016081718141
S1134D40828193810E947F61DC01CB01F801918310
S1134D508083CE0188539F4F9E012C533F4FF9010E
S1134D6020813181FC0131832083CE0188539F4F00
S1134D70FC01808191810197F1F79E0128533F4FF7
S1134D80F9019183808348EC54E060E080E00E9464
S1134D907D0E4DEF52E060E081E00E947D0ECE0179
S1134DA08C549E4FFC018581882F90E0292F2F93EE
S1134DB08F9385E992E0892F8F9385E992E08F9311
S1134DC0CE0184569E4F292F2F938F930E9479638F
S1134DD00F900F900F900F900F900F90CE0184566C
S1134DE09E4FAC016BE081E00E947D0E9E0126592E
S1134DF03F4F80E090E0AAE7B5E4F9018083918316
S1134E00A283B3838E010A541F4FCE0186599F4F4C
S1134E1020E030E04AE755E4FC0160817181828141
S1134E2093810E946162DC01CB01F801808391834C
S1134E30A283B383CE018A549F4F20E030E040E840
S1134E405FE3FC0160817181828193810E9413611F
S1134E5088234CF4CE0186549F4F21E030E0FC01BE
S1134E60318320836DC0CE018A549F4F20E03FEFF1
S1134E704FE757E4FC0160817181828193810E9434
S1134E805D6218160CF04AC0CE0186599F4F20E08F
S1134E9030E040E251E4FC016081718182819381C0
S1134EA00E946162DC01CB018E0106541F4FBC01DC
S1134EB0CD010E947F61DC01CB01F80191838083E5
S1134EC024C0CE0184549F4F20E931E0FC0131839A
S1134ED02083CE0184549F4FFC01808191810197EE
S1134EE0F1F79E0124543F4FF90191838083CE0151
S1134EF086549F4F9E0126543F4FF90120813181F2
S1134F0021503109FC0131832083CE0186549F4F07
S1134F10FC0180819181892BA1F62CC08E0106545D
S1134F201F4FCE018A549F4FFC01608171818281A1
S1134F3093810E947F61DC01CB01F801918380831E
S1134F40CE0182549F4F9E0126543F4FF901208188
S1134F503181FC0131832083CE0182549F4FFC01B7
S1134F60808191810197F1F79E0122543F4FF9010D
S1134F709183808381E08EAB1EC08EA9482F50E0C0
S1134F808EA9882F90E09E0123533E4F880F991FCE
S1134F90820F931FFC01208131816AE3649FC00169
S1134FA0659F900D11248E5B964FFC013183208305
S1134FB08EA98F5F8EAB809106029EA98917E8F6B1
S1134FC08091060260E179E00E94263DCE018C5476
S1134FD09E4FFC018581482F50E0CE018C549E4F9A
S1134FE0FC018581282F30E06AE3629FC001639F42
S1134FF0900D11248E5B964FFC01208131818AA192
S11350009BA1281B390B6AE3649FC001659F900D27
S113501011248E5B964FFC01318320838C81282FD1
S113502030E0CE018C549E4FFC01458150E5529FE7
S1135030C001539F900D11248954954FFC01408366
S1135040CE018C549E4FFC0155818C81282F30E079
S113505040E5429FC001439F900D11248154954F18
S1135060FC018081652F0E94E1371FAA0DC08FA922
S1135070882F90E09E012C543E4F820F931FFC0119
S113508010828FA98F5F8FAB8FA9863080F31B8628
S113509081E08C8782E0809340080C948B310E94DD
S11350A05F0E49ED54E060E080E00E947D0E49EE21
S11350B054E060E081E00E947D0E9E0122593F4F42
S11350C080E090E0AAE7B5E4F90180839183A283AC
S11350D0B3838E0106531F4FCE0182599F4F20E0A8
S11350E030E04AE755E4FC0160817181828193815B
S11350F00E946162DC01CB01F80180839183A28369
S1135100B383CE0186539F4F20E030E040E85FE355
S1135110FC0160817181828193810E9413618823E3
S11351204CF4CE0182539F4F21E030E0FC013183E7
S113513020836DC0CE0186539F4F20E03FEF4FE7A1
S113514057E4FC0160817181828193810E945D62D8
S113515018160CF04AC0CE0182599F4F20E030E06F
S113516040E251E4FC0160817181828193810E945B
S11351706162DC01CB018E0102531F4FBC01CD01E2
S11351800E947F61DC01CB01F8019183808324C0FC
S1135190CE0180539F4F20E931E0FC01318320830D
S11351A0CE0180539F4FFC01808191810197F1F7DB
S11351B09E0120533F4FF90191838083CE01825396
S11351C09F4F9E0122533F4FF9012081318121508D
S11351D03109FC0131832083CE0182539F4FFC01AE
S11351E080819181892BA1F62CC08E0102531F4F1F
S11351F0CE0186539F4FFC0160817181828193812E
S11352000E947F61DC01CB01F80191838083CE0190
S11352108E529F4F9E0122533F4FF90120813181CD
S1135220FC0131832083CE018E529F4FFC0180818B
S113523091810197F1F79E012E523F4FF90191831D
S1135240808381E088AF1EC088AD482F50E088ADD0
S1135250882F90E09E0123533E4F880F991F820FA1
S1135260931FFC01208131816AE3649FC001659F23
S1135270900D11248E5B964FFC013183208388AD01
S11352808F5F88AF8091060298AD8917E8F6809108
S1135290060260E179E00E94263D19AE0DC089AD99
S11352A0882F90E09E012C543E4F820F931FFC01E7
S11352B0108289AD8F5F89AF89AD863080F31B86FC
S11352C081E08C8782E0809340080C948B311A8AA9
S11352D01B8685E08C8B1D8A1AAE0EC08AAD882F82
S11352E090E09E012E533E4F820F931F21E0FC015C
S11352F020838AAD8F5F8AAF8AAD883078F31BAE86
S11353000DC08BAD882F90E09E0126533E4F820F37
S1135310931FFC0110828BAD8F5F8BAF8BAD8330FD
S113532080F31CAEBEC3809104189091051890932D
S1135330330A8093320A109205181092041889E0F7
S113534091E0FC018081882F90E0382F222786E0AD
S113535091E0FC018081882F90E0822B932B909325
S11353600518809304188091320A9091330A9C01A5
S113537020953095809104189091051882239323E9
S113538090933F0880933E0881E0898B8CAD882FF1
S113539090E09E0126543E4F820F931FFC018081B2
S11353A0282F30E040E5429FC001439F900D112417
S11353B08954954FFC0190818981981709F06EC337
S11353C01DAE7EC08CAD882F90E09E0126543E4FCA
S11353D0820F931FFC018081482F50E08DAD882FF0
S11353E090E060E5649F9001659F300D1124820F69
S11353F0931F8754954FFC018081282F30E040E5AE
S1135400429FC001439F900D11248954954FFC0184
S1135410908189819817E9F08CAD882F90E09E01E6
S113542026543E4F820F931FFC018081482F50E089
S11354308DAD882F90E060E5649F9001659F300DED
S11354401124820F931F8754954FFC018081882378
S113545049F58CAD882F90E09E0126543E4F820F73
S1135460931FFC018081482F50E08DAD882F90E080
S113547060E5649F9001659F300D1124820F931F96
S11354808754954FFC018081282F30E040E5429FEE
S1135490C001439F900D11248F53954FFC018081CF
S11354A0882359F0198A8CAD882F90E09E012E53E1
S11354B03E4F820F931FFC0110828DAD8F5F8DAF25
S11354C08DAD833008F47ECF8989882309F4E6C240
S11354D01B868CAD882F90E09E0126543E4F820F90
S11354E0931FFC0180818B8BD0C280910418909112
S11354F005189093330A8093320A1092051810927B
S1135500041889E091E0FC018081882F90E0382F15
S1135510222786E091E0FC018081882F90E0822B95
S1135520932B90930518809304188091320A9091DC
S1135530330A9C01209530958091041890910518A8
S11355408223932390933F0880933E088FEF8C8BA4
S11355501D8A1EAE69C08CAD882F90E09E01265432
S11355603E4F820F931FFC018081482F50E08EAD87
S1135570882F90E060E5649F9001659F300D1124B1
S1135580820F931F8754954FFC018081882309F46F
S113559048C08CAD882F90E09E0126543E4F820F68
S11355A0931FFC018081482F50E08EAD882F90E03E
S11355B060E5649F9001659F300D1124820F931F55
S11355C08754954FFC018081482F50E0CE01865BC3
S11355D09F4F60E5649F9001659F300D1124225414
S11355E0354FF9012081FC012083CE01865B9F4F5A
S11355F0FC0190818C89981730F4CE01865B9F4F13
S1135600FC0180818C8BCE01865B9F4FFC019081D5
S11356108D89891730F4CE01865B9F4FFC01808110
S11356208D8B8EAD8F5F8EAF8EAD833008F493CFAC
S11356301FAE61C08CAD882F90E09E0126543E4F72
S1135640820F931FFC018081482F50E08FAD882F7B
S113565090E060E5649F9001659F300D1124820FF6
S1135660931F8754954FFC018081482F50E0CE0151
S1135670865B9F4F60E5649F9001659F300D112408
S11356802254354FF9012081FC012083CE01865B31
S11356909F4FFC0190818D89981761F48FAD882FFD
S11356A090E09E0126533E4F820F931F21E0FC01A0
S11356B020831EC0CE01865B9F4FFC0190818C89A4
S11356C0981759F48FAD882F90E09E0126533E4FD2
S11356D0820F931FFC0110820BC08FAD882F90E0C6
S11356E09E0126533E4F820F931F21E0FC0120832D
S11356F08FAD8F5F8FAF8FAD833008F49BCF8B85D9
S11357008823D9F50E945F0E8B89282F30E040E56D
S1135710429FC001439F900D11248C58954FAC01BA
S113572060E081E00E947D0E4AEF54E060E080E09A
S11357300E947D0E4BE055E060E082E00E947D0E09
S11357408CAD882F90E09E0126543E4F820F931F0C
S1135750FC018081482F50E0CE018A5B9F4F60E5B9
S1135760649F9001659F300D11242254354FF90137
S11357702081FC01208381E08B8780913E089091F9
S11357803F0888279870892B09F48FC0CE0186536F
S11357909E4FFC0180818823E9F0CE0186539E4F01
S11357A0FC0181818823B1F0CE0186539E4FFC0118
S11357B08281882379F0CE0186539E4FFC011082AA
S11357C0CE0186539E4FFC011182CE0186539E4F1B
S11357D0FC0112828A89882F90E08130910531F191
S11357E08230910509F43FC0892B09F05EC0CE01D7
S11357F086539E4FFC018081882309F051C08E019D
S1135800055B1F4F69818B892ED7F8018083CE01F8
S1135810855B9F4FFC018081882309F441C0CE0140
S113582086539E4F21E0FC0120833AC0CE0186536B
S11358309E4FFC0181818823A9F58E01055B1F4FD2
S113584069818B8910D7F8018083CE01855B9F4FD6
S1135850FC018081882331F1CE0186539E4F21E0E3
S1135860FC0121831FC0CE0186539E4FFC0182811F
S11358708823D1F48E01055B1F4F69818B89F3D690
S1135880F8018083CE01855B9F4FFC0180818823D2
S113589059F0CE0186539E4F21E0FC01228304C0BF
S11358A0000003C0000001C0000080913E089091F8
S11358B03F0899230CF08FC0CE0186539E4FFC0104
S11358C08081882301F5CE0186539E4FFC0181819E
S11358D08823C9F4CE0186539E4FFC01828188231C
S11358E091F4CE0186539E4F21E0FC012083CE012A
S11358F086539E4F21E0FC012183CE0186539E4FA7
S113590021E0FC0122838A89882F90E0813091056F
S113591029F18230910509F43DC0892B09F05BC05F
S1135920CE0186539E4FFC018081882309F44EC02A
S11359308E01055B1F4F69818B8982D7F8018083B3
S1135940CE01855B9F4FFC018081882309F43EC012
S1135950CE0186539E4FFC01108238C0CE0186537F
S11359609E4FFC018181882399F18E01055B1F4FB5
S113597069818B8965D7F8018083CE01855B9F4F50
S1135980FC018081882321F1CE0186539E4FFC01C6
S113599011821EC0CE0186539E4FFC018281882352
S11359A0C9F08E01055B1F4F69818B8949D7F801C6
S11359B08083CE01855B9F4FFC018081882351F059
S11359C0CE0186539E4FFC01128204C0000003C026
S11359D0000001C0000080913E0890913F08882794
S11359E09074892B09F451C08A89882F90E001961C
S11359F023E030E0B9010E94D0628A8B8CAD882FFD
S1135A0090E09E0126543E4F820F931FFC0180813B
S1135A10482F50E08A89882F90E060E5649F9001C8
S1135A20659F300D1124820F931F8754954FFC01FD
S1135A3080818B8B8B89882339F51A8A8CAD882FCA
S1135A4090E09E0126543E4F820F931FFC018081FB
S1135A50482F50E08A89882F90E060E5649F900188
S1135A60659F300D1124820F931F8754954FFC01BD
S1135A7080818B8BCE0186539E4FFC012181CE0108
S1135A8086539E4FFC0122831B8680913E08909191
S1135A903F0888279470892B09F427CD8CAD8F5F3C
S1135AA08CAF8CAD883008F43ECC81E08C8785E0E7
S1135AB08C8B1D8A82E08093400831C4809105025A
S1135AC0882F90E08130910541F08230910509F4EE
S1135AD089C0892B09F443C0CCC08B858823A1F4E9
S1135AE04CE155E060E080E00E947D0E4DE255E01F
S1135AF060E081E00E947D0E4BE055E060E082E0D2
S1135B000E947D0E81E08B8780913E0890913F0832
S1135B1088279074892B21F0109205021B86A4C05B
S1135B2080913E0890913F0888279071892B41F01D
S1135B3081E08093050284E0809340081B8694C032
S1135B4080913E0890913F0888279470892B09F42E
S1135B508BC082E08093400881E08C8785C08B8570
S1135B608823A1F44CE155E060E080E00E947D0EC2
S1135B704EE355E060E081E00E947D0E4BE055E08D
S1135B8060E082E00E947D0E81E08B8780913E0878
S1135B9090913F0888279074892B29F082E08093A4
S1135BA005021B8663C080913E0890913F088827B8
S1135BB09071892B41F081E08093050286E0809307
S1135BC040081B8653C080913E0890913F08882767
S1135BD09470892B09F44AC082E08093400881E0E4
S1135BE08C8744C08B858823A1F44CE155E060E0A8
S1135BF080E00E947D0E4FE455E060E081E00E9469
S1135C007D0E4BE055E060E082E00E947D0E81E075
S1135C108B8780913E0890913F0888279074892B48
S1135C2029F081E0809305021B8622C080913E0802
S1135C3090913F0888279071892B41F081E08093EF
S1135C40050287E0809340081B8612C080913E08BD
S1135C5090913F0888279470892B51F082E08093BB
S1135C60400881E08C8704C0000059C3000057C37A
S1135C70000055C38B85882309F099C04BEF53E08E
S1135C8060E080E00E947D0E40E655E060E081E047
S1135C900E947D0E4BE055E060E082E00E947D0EA4
S1135CA081E08B87CE01805C9F4FFC0110821AC07B
S1135CB0CE01805C9F4FFC018081882F90E09E0183
S1135CC029523E4F820F931FFC011082CE01805C4B
S1135CD09F4FFC01808121E0280FCE01805C9F4F03
S1135CE0FC012083CE01805C9F4FFC0180818C31BC
S1135CF0F8F218A2CE018F5B9F4FFC01108231C0D5
S1135D00CE018F5B9F4FFC018081282F30E040E55E
S1135D10429FC001439F900D11248954954FFC016B
S1135D2090818981981791F488A1882F90E09E0131
S1135D3029523E4F820F931F9E012F5B3F4FF90163
S1135D402081FC01208388A18F5F88A3CE018F5B13
S1135D509F4F9E012F5B3F4FF90120812F5FFC0174
S1135D602083CE018F5B9F4FFC018081883240F2FB
S1135D704BEF53E060E080E00E947D0E89A1882F04
S1135D8090E09E0129523E4F820F931FFC018081B7
S1135D90282F30E040E5429FC001439F900D11241D
S1135DA08C58954FAC0160E080E00E947D0E80919C
S1135DB03E0890913F0888279074892B51F189A15E
S1135DC0882F90E0019628A1222F30E0B9010E948B
S1135DD0D06289A34BEF53E060E080E00E947D0E27
S1135DE089A1882F90E09E0129523E4F820F931F74
S1135DF0FC018081282F30E040E5429FC001439F91
S1135E00900D11248C58954FAC0160E080E00E9405
S1135E107D0E80913E0890913F0888279870892BC9
S1135E2009F408C181E089A7CE018E5B9F4FFC0174
S1135E30108239C089A1882F90E09E0129523E4FDB
S1135E40820F931FFC018081482F50E0CE018E5BAE
S1135E509F4FFC018081882F90E060E5649F900152
S1135E60659F300D1124820F931F8754954FFC01B9
S1135E708081282F30E040E5429FC001439F900D70
S1135E8011248254954FFC018081882309F019A6BE
S1135E90CE018E5B9F4F9E012E5B3F4FF901208107
S1135EA02F5FFC012083CE018E5B9F4FFC0180811C
S1135EB0833008F4BFCF89A1882F90E09E01295236
S1135EC03E4F820F931FFC018081282F30E040E574
S1135ED0429FC001439F900D11248F53954FFC01A5
S1135EE08081882309F07FC189A5882309F47BC1B7
S1135EF089A1882F90E09E0129523E4F820F931F63
S1135F00FC018081282F30E040E5429FC001439F7F
S1135F10900D11248955954FFC01808191819695AE
S1135F2087959E8F8D8F8D8D9E8D21E0AC0169812B
S1135F3080E00E94EA5E8E878E85813009F053C12D
S1135F4089A1882F90E09E0129523E4F820F931F12
S1135F50FC018081282F30E040E5429FC001439F2F
S1135F60900D11248F53954F21E0FC012083CE0125
S1135F70815B9F4FFC01108289A1882F90E09E01D4
S1135F8029523E4F820F931FFC018081482F50E01D
S1135F90CE01815B9F4F60E5649F9001659F300D4A
S1135FA011242354354FF9012081FC01208389A158
S1135FB0882F90E09E0129523E4F820F931FFC01CF
S1135FC08081482F50E0CE01805B9F4F60E5649F45
S1135FD09001659F300D11242154354FF901208122
S1135FE0FC01208389A1882F90E09E0129523E4F15
S1135FF0820F931FFC018081282F30E040E5429FEF
S1136000C001439F900D11248A55954FFC01808156
S1136010882341F4CE01815B9F4F66E0FC018081BF
S1136020B0D5E1C0CE01805B9F4F65E0FC0180816B
S1136030C8D7D9C080913E0890913F0899230CF0AD
S1136040D2C089A1882F90E09E0129523E4F820F31
S1136050931FFC018081282F30E040E5429FC0015E
S1136060439F900D11248F53954FFC018081882309
S113607009F4B9C089A1882F90E09E0129523E4FAE
S1136080820F931FFC018081282F30E040E5429F5E
S1136090C001439F900D11248955954FFC018081C7
S11360A0918196958795CC01A0E0B0E0BC01CD012B
S11360B00E94AB61DC01CB012DEC3CEC4CE85FE3CE
S11360C0BC01CD010E946162DC01CB01BC01CD01A8
S11360D00E947F61DC01CB019E8F8D8F8D8D9E8D03
S11360E021E0AC0160E089810E94EA5E8E878E85A2
S11360F0813009F078C089A1882F90E09E0129524F
S11361003E4F820F931FFC018081282F30E040E531
S1136110429FC001439F900D11248F53954FFC0162
S11361201082CE01815B9F4FFC01108289A1882FD0
S113613090E09E0129523E4F820F931FFC01808103
S1136140482F50E0CE01815B9F4F60E5649F900132
S1136150659F300D11242354354FF9012081FC0132
S1136160208389A1882F90E09E0129523E4F820FFF
S1136170931FFC018081482F50E0CE01805B9F4F2C
S113618060E5649F9001659F300D11242154354FC3
S1136190F9012081FC01208389A1882F90E09E01D0
S11361A029523E4F820F931FFC018081282F30E03B
S11361B040E5429FC001439F900D11248A55954F9D
S11361C0FC018081882341F4CE01815B9F4F60E014
S11361D0FC018081D6D407C0CE01805B9F4F6981CA
S11361E0FC018081EED680913E0890913F0888277B
S11361F09470892B09F492C082E08093400881E076
S11362008C878CC08DA1882F90E08230910509F491
S11362106FC08330910534F4009761F0019709F45D
S113622069C06FC08330910509F466C0049709F40E
S113623065C067C0CE018D5B9F4F21E0FC012083C8
S113624044C0CE018D5B9F4FFC018081882F90E07C
S113625001979E0124553E4F820F931FFC018081BC
S1136260282F30E080913E0890913F0882239323A9
S1136270892B01F12091340ACE018D5B9F4FFC01E3
S113628080812817B9F08AA5882F90E0880F991F7C
S113629082959295907F9827807F98278C5C954F64
S11362A09E012D5B3F4FF9012081FC0120838AA5CB
S11362B08F5F8AA7CE018D5B9F4F9E012D5B3F4F61
S11362C0F90120812F5FFC01208320910602CE0179
S11362D08D5B9F4FFC018081281708F0B2CF80911D
S11362E0540A882369F01092410881E08DA308C004
S11362F0000015C0000013C0000011C000000FC052
S113630000000DC000000C94861100000C9486114E
S113631000000C94861100000C94861100000C946B
S11363208611CF93DF93CDB7DEB7A3970FB6F8945A
S1136330DEBF0FBECDBF88A37AA369A34BA3198286
S113634080914108882309F0B6C00E945F0E80E066
S113635090E0A8ECB2E48A839B83AC83BD8320E005
S113636030E04AE755E46A817B818C819D810E94FB
S11363706162DC01CB018E839F83A887B98720E00B
S113638030E040E85FE36E817F81888599850E94D3
S1136390136188232CF481E090E09B878A873FC0B7
S11363A020E03FEF4FE757E46E817F818885998530
S11363B00E945D6218164CF520E030E040E251E4A2
S11363C06A817B818C819D810E946162DC01CB01A9
S11363D0BC01CD010E947F61DC01CB019B878A87D0
S11363E00FC080E991E09D878C878C859D850197FE
S11363F0F1F79D878C878A859B8501979B878A8780
S11364008A859B85892B69F714C06E817F81888575
S113641099850E947F61DC01CB019B878A878A85ED
S11364209B859F878E878E859F850197F1F79F8730
S11364308E874DEF52E060E080E00E947D0E8BA1DC
S1136440882F90E0292F2F938F9385E992E0892F4D
S11364508F9385E992E08F93CE014096292F2F9355
S11364608F930E9479630F900F900F900F900F906D
S11364700F90CE014096AC016BE080E00E947D0E4F
S113648088A1282F30E040E5429FC001439F900D32
S1136490112429A13AA1820F931FAC0160E081E08D
S11364A00E947D0E49E755E060E082E00E947D0E87
S11364B081E08093410880913E0890913F088827AD
S11364C09074892B09F4B5C08BA1282F30E04AE3DE
S11364D0429FC001439F900D11248E5B964FFC0197
S11364E02081318188A1482F50E060E5649FC0017C
S11364F0659F900D112449A15AA1840F951FFC0199
S113650083A994A92817390708F4A3C08BA1482F9D
S113651050E08BA1282F30E06AE3629FC001639FA3
S1136520900D11248E5B964FFC012081318188A14E
S1136530682F70E0E0E5E69FC001E79F900D11240D
S113654069A17AA1860F971FFC0183A994A9281B2E
S1136550390B6AE3649FC001659F900D11248E5B23
S1136560964FFC013183208388A1282F30E040E539
S1136570429FC001439F900D112429A13AA1820F8B
S1136580931F8D5B9F4F2BA1FC01208388A1282F93
S113659030E040E5429FC001439F900D112429A1A2
S11365A03AA1820F931F855B9F4FFC0180816BA1F1
S11365B008D58091060260E179E00E94263D0E94A0
S11365C05F0E4DEF52E060E080E00E947D0E8BA1F3
S11365D0882F90E0292F2F938F9385E992E0892FBC
S11365E08F9385E992E08F93CE014096292F2F93C4
S11365F08F930E9479630F900F900F900F900F90DC
S11366000F90CE014096AC016BE080E00E947D0EBD
S11366104EE053E060E081E00E947D0E49E855E0E1
S113662060E082E00E947D0E81E08983109241083F
S113663010C080913E0890913F0888279072892B62
S113664041F06AE082E30E94944282E089831092DE
S113665041088981A3960FB6F894DEBF0FBECDBF63
S1136660DF91CF910895CF93DF9300D0CDB7DEB7FC
S11366708A836B8319828A81282F30E040E5429F08
S1136680C001439F900D11248254954FFC018081D9
S1136690853008F0CFC08A81282F30E040E5429F42
S11366A0C001439F900D11248254954FFC018081B9
S11366B0843009F061C0809143088C3008F05CC0DC
S11366C080914208845080934208809143088F5FF0
S11366D0809343088A81282F30E040E5429FC0011F
S11366E0439F900D11248054954FFC018081882F85
S11366F090E02AE0AC0160E08B810E94EA5E89832D
S11367008A81282F30E040E5429FC001439F900DCD
S113671011248254954FFC01808151E0580F8A81E5
S1136720282F30E040E5429FC001439F900D112483
S11367308354954FFC018081652F23D28A81282FB1
S113674030E08A81482F50E060E5649FC001659F76
S1136750900D11248254954FFC01808141E0480F33
S113676050E5529FC001539F900D11248254954FC0
S1136770FC01408381E05EC080914208803208F0D1
S113678057C0809142088F5F809342088A81282FE6
S113679030E040E5429FC001439F900D1124805496
S11367A0954FFC018081882F90E02AE0AC0160E0E5
S11367B08B810E94EA5E89838A81282F30E040E53C
S11367C0429FC001439F900D11248254954FFC01B8
S11367D0808151E0580F8A81282F30E040E5429FA4
S11367E0C001439F900D11248354954FFC01808177
S11367F0652FC7D18A81282F30E08A81482F50E045
S113680060E5649FC001659F900D11248254954FEB
S1136810FC01808141E0480F50E5529FC001539F25
S1136820900D11248254954FFC01408381E002C0F5
S113683080E000C00F900F900F90DF91CF910895EA
S1136840CF93DF9300D0CDB7DEB78A836B831982F1
S11368508A81282F30E040E5429FC001439F900D7C
S113686011248254954FFC018081853009F06DC05C
S11368708A81282F30E040E5429FC001439F900D5C
S113688011248254954FFC018081882309F45DC052
S1136890809142088C5F8093420880914308815024
S11368A0809343088A81282F30E040E5429FC0014D
S11368B0439F900D11248254954FFC0180815FEF1A
S11368C0580F8A81282F30E040E5429FC001439F42
S11368D0900D11248354954FFC018081652F51D173
S11368E08A81282F30E08A81482F50E060E5649F38
S11368F0C001659F900D11248254954FFC01808145
S11369004FEF480F50E5529FC001539F900D112443
S11369108254954FFC0140838A81282F30E040E562
S1136920429FC001439F900D11248054954FFC0158
S113693080818695882F90E025E0AC016B8180E012
S11369400E94EA5E898381E069C08A81282F30E051
S113695040E5429FC001439F900D11248254954FFE
S1136960FC018081882309F458C080914208815039
S1136970809342088A81282F30E040E5429FC0017D
S1136980439F900D11248254954FFC0180815FEF49
S1136990580F8A81282F30E040E5429FC001439F71
S11369A0900D11248354954FFC018081652FE9D00B
S11369B08A81282F30E08A81482F50E060E5649F67
S11369C0C001659F900D11248254954FFC01808174
S11369D04FEF480F50E5529FC001539F900D112473
S11369E08254954FFC0140838A81282F30E040E592
S11369F0429FC001439F900D11248054954FFC0188
S1136A0080818695882F90E025E0AC016B8180E041
S1136A100E94EA5E898381E001C080E00F900F90BC
S1136A200F90DF91CF910895CF93DF93CDB7DEB769
S1136A3062C080910418909105189093330A809352
S1136A40320A109205181092041889E091E0FC01B2
S1136A508081882F90E0382F222786E091E0FC0186
S1136A608081882F90E0822B932B9093051880933C
S1136A7004188091320A9091330A9C012095309534
S1136A8080910418909105188223932390933F08D2
S1136A9080933E0880913E0890913F08882791702A
S1136AA0892B89F080914408882369F490914508E2
S1136AB080914408492F682F81E00E94873D81E03E
S1136AC08093440818C080913E0890913F0888271D
S1136AD09270892B81F080914508882361F490910C
S1136AE0450880914408492F682F82E00E94873D21
S1136AF081E08093450880914408882309F499CF64
S1136B0080914508882309F494CF0000DF91CF9148
S1136B100895CF93DF931F921F92CDB7DEB78AE714
S1136B2097E024D161E088E2C5D262E088E2C2D273
S1136B3063E088E2BFD264E088E2BCD2198206C076
S1136B4060E089813ED289818F5F898389818C311C
S1136B50B8F381E08A8308C04AE06A8180E090E06B
S1136B6027D58A818F5F8A838A818530A8F36AE07A
S1136B708AE00E94044000000F900F90DF91CF91B3
S1136B800895CF93DF9300D000D0CDB7DEB78D83C7
S1136B906E8319829D81892F880F880F890F8A83BC
S1136BA08A818695869586958B838A8187708C8366
S1136BB08E81863011F48FE189838E81853019F4BA
S1136BC080E1898310C08E81882F90E025E030E039
S1136BD0281B390B80EE9FEF02C0969587952A9566
S1136BE0E2F7809589838C81843008F47CC08B81A2
S1136BF0882F90E02B81222F30E02658384FD9017E
S1136C002C91622F2C81422F50E02FE130E002C002
S1136C10220F331F4A95E2F7209526238658984F72
S1136C20FC0120838B81882F90E001962B81222FF9
S1136C3030E02F5F3F4F2658384FD9012C91622FF7
S1136C402C81222F30E048E050E0421B530B20EE11
S1136C503FEF02C0359527954A95E2F726238658DB
S1136C60984FFC0120838B81882F90E02B81222F69
S1136C7030E02658384FD9012C91622F2981222FD8
S1136C8030E04C81442F50E002C0220F331F4A955C
S1136C90E2F7262B8658984FFC0120838B81882F9E
S1136CA090E001962B81222F30E02F5F3F4F265832
S1136CB0384FD9012C91E22F2981222F30E04C81C9
S1136CC0442F50E068E070E0DB01A41BB50BAD017C
S1136CD002C0359527954A95E2F72E2B8658984F92
S1136CE0FC01208336C08B81882F90E02B81222FDA
S1136CF030E02658384FD9012C91622F2C81422F35
S1136D0050E02FE130E002C0220F331F4A95E2F732
S1136D10209526238658984FFC0120838B81882F49
S1136D2090E02B81222F30E02658384FD9012C9146
S1136D30622F2981222F30E04C81442F50E002C081
S1136D40220F331F4A95E2F7262B8658984FFC01F1
S1136D5020838AE797E00AD0000026960FB6F894BD
S1136D60DEBF0FBECDBFDF91CF910895CF92DF92EA
S1136D70EF92FF92CF93DF93CDB7DEB7A0970FB614
S1136D80F894DEBF0FBECDBF98A38F8F1A821982ED
S1136D90F4C08981882F90E02EE030E0A901481BDF
S1136DA0590BCA019C018F8D98A1820F931FFC017E
S1136DB080818A836A8180E00E94C76080E090E0DD
S1136DC0AAEFB3E48B839C83AD83BE832BEA3AEAB8
S1136DD04AEA50E46B817C818D819E810E946162CC
S1136DE0DC01CB018F839887A987BA8720E030E044
S1136DF040E850E46B817C818D819E810E946162B8
S1136E00DC01CB018B879C87AD87BE8720E030E017
S1136E1040E85FE36F81788589859A850E941361D4
S1136E2088230CF4A1C020E03FEF4FE757E46B85C3
S1136E307C858D859E850E945D6218160CF06DC060
S1136E4020E030E04AE754E46B817C818D819E81AF
S1136E500E941761DC01CB016C017D0120E030E070
S1136E604AE755E4C701B6010E946162DC01CB0127
S1136E708F87988BA98BBA8B20E030E040E85FE3E2
S1136E806F85788989899A890E9413618823D4F14E
S1136E9020E03FEF4FE757E46F85788989899A8925
S1136EA00E945D6218161CF520E030E040E251E4D7
S1136EB0C701B6010E946162DC01CB01BC01CD01B6
S1136EC00E947F61DC01CB019C8B8B8B0BC080E922
S1136ED091E00197F1F79E8B8D8B8B899C890197AB
S1136EE09C8B8B8B8B899C89892B89F73FC06F8501
S1136EF0788989899A890E947F61DC01CB019C8B06
S1136F008B8B04C081E090E09C8B8B8B8B899C895C
S1136F100197F1F7988F8F8B29C020E030E04FE77D
S1136F2053E46F81788589859A850E945D6218167D
S1136F308CF46B857C858D859E850E947F61DC0148
S1136F40CB019A8F898F898D9A8D0197F1F79C8F48
S1136F508B8F10C06F81788589859A850E947F61A7
S1136F60DC01CB018D8F02C081E08D8F8D8D8A95E0
S1136F70F1F78E8F89818F5F898389818F3008F43F
S1136F8008CF8EE290E02EE230E0F9012081286003
S1136F90FC0120838EE290E02EE230E0F9012081B2
S1136FA0277FFC0120830000A0960FB6F894DEBF73
S1136FB00FBECDBFDF91CF91FF90EF90DF90CF90C8
S1136FC00895CF93DF9300D000D0CDB7DEB78D8383
S1136FD06E831B828E81882F90E082309105D1F0E0
S1136FE0833091052CF4009761F0019771F02AC069
S1136FF084309105E1F0843091059CF00597E1F02F
S113700021C019821A821B821DC082E389831A82DD
S11370101B8218C08EE1898382E38A8383E08B8399
S113702011C082E3898384E18A831B820BC01982A5
S11370301A8282E38B8306C082E3898382E38A8394
S113704082E38B838D81882F90E09C01220F331F74
S1137050280F391F2A5F374E4981F90140839C016B
S1137060220F331F280F391F295F374E4A81F90138
S113707040839C01220F331F280F391FC901885FE9
S1137080974E2B81FC0120831C8207C086E098E187
S11370900E94DB608C818F5F8C838C818C31B0F398
S11370A0000026960FB6F894DEBF0FBECDBFDF9169
S11370B0CF910895CF92DF92EF92FF92CF93DF9317
S11370C0CDB7DEB7A5970FB6F894DEBF0FBECDBF20
S11370D08CA36DA31C821D828DA1882F90E0019743
S11370E0885D974FFC018081882F90E0880F991F5D
S11370F0880F991F99230CF4079695958795959574
S11371008795959587958E838DA1882F90E001971B
S1137110885D974FFC018081880F880F84708F836E
S11371208DA194D18D838E81282F30E08F81482FBB
S113713050E08DA1882F90E00197480F591F8D8151
S1137140082E000C990B840F951F220F331F220F5A
S1137150331F220F331F820F931F8857984FFC0150
S113716010828DA1882F90E00197885D974F2CA104
S1137170FC0120838CA1882F90E0880F991F880F31
S1137180991F99230CF4079695958795959587955E
S1137190959587958E838CA1880F880F84708F8333
S11371A08DA154D18D838E81282F30E08F81482F7B
S11371B050E08DA1882F90E00197480F591F8D81D1
S11371C0082E000C990B840F951F220F331F220FDA
S11371D0331F220F331F820F931F8857984F21E0CC
S11371E0FC01208319821A820DC119821B8225C0D9
S11371F08981880F89838A81882F90E024E130E097
S1137200281B390B8B81882F90E047E050E0BA01AE
S1137210681B790BCB01220F331F220F331F220F60
S1137220331F820F931F8857984FFC0180819981E7
S1137230892B89838B818F5F8B838B818830C0F20C
S113724089810E94966080E090E0AAEFB3E4888789
S11372509987AA87BB872BEA3AEA4AEA50E4688509
S113726079858A859B850E946162DC01CB018C87CC
S11372709D87AE87BF8720E030E040E850E4688512
S113728079858A859B850E946162DC01CB01888BAC
S1137290998BAA8BBB8B20E030E040E85FE36C85E0
S11372A07D858E859F850E94136188230CF4A1C07F
S11372B020E03FEF4FE757E4688979898A899B8901
S11372C00E945D6218160CF06DC020E030E04AE7C1
S11372D054E4688579858A859B850E941761DC0161
S11372E0CB016C017D0120E030E04AE755E4C701A1
S11372F0B6010E946162DC01CB018C8B9D8BAE8B4D
S1137300BF8B20E030E040E85FE36C897D898E89A3
S11373109F890E9413618823D4F120E03FEF4FE757
S113732057E46C897D898E899F890E945D62181655
S11373301CF520E030E040E251E4C701B6010E94B0
S11373406162DC01CB01BC01CD010E947F61DC01E3
S1137350CB01998F888F0BC080E991E00197F1F7F9
S11373609B8F8A8F888D998D0197998F888F888DAF
S1137370998D892B89F73FC06C897D898E899F8976
S11373800E947F61DC01CB01998F888F04C081E06A
S113739090E0998F888F888D998D0197F1F79D8F53
S11373A08C8F29C020E030E04FE753E46C857D8565
S11373B08E859F850E945D6218168CF46889798990
S11373C08A899B890E947F61DC01CB019F8F8E8F0C
S11373D08E8D9F8D0197F1F799A388A310C06C85BA
S11373E07D858E859F850E947F61DC01CB018AA308
S11373F002C081E08AA38AA18A95F1F78BA38A81CE
S11374008F5F8A838A81853108F4EFCE85E290E02C
S113741025E230E0F90120812061FC01208385E22E
S113742090E025E230E0F90120812F7EFC012083E9
S11374300000A5960FB6F894DEBF0FBECDBFDF9156
S1137440CF91FF90EF90DF90CF900895CF93DF938B
S11374501F921F92CDB7DEB78A8319828A81882F43
S113746090E00197885D974FFC0180818A3010F489
S1137470198298C08A81882F90E00197885D974F80
S1137480FC0180818A3048F18A81882F90E001973D
S1137490885D974FFC0180818431F8F48A81882FBC
S11374A090E08230910579F0833091051CF40197C6
S11374B039F078C08330910549F0049751F072C0D7
S11374C081E0898309C082E0898306C08EEF8983C5
S11374D003C08FEF8983000065C08A81882F90E004
S11374E00197885D974FFC018081843148F18A813E
S11374F0882F90E00197885D974FFC0180818E3141
S1137500F8F48A81882F90E08230910579F08330F5
S113751091051CF4019739F045C08330910549F079
S1137520049751F03FC083E0898309C081E08983D7
S113753006C08FEF898303C08DEF8983000032C0BA
S11375408A81882F90E00197885D974FFC018081A4
S11375508E3140F18A81882F90E00197885D974FA2
S1137560FC0180818832F0F48A81882F90E0823097
S1137570910579F0833091051CF4019739F012C01C
S11375808330910549F0049751F00CC082E089835F
S113759009C08FEF898306C081E0898303C08EEF21
S11375A08983000089810F900F90DF91CF91089516
S11375B0CF92DF92EF92FF92CF93DF93CDB7DEB7F6
S11375C0A6970FB6F894DEBF0FBECDBF9CA38BA3C6
S11375D06DA34EA31A828BA19CA19695879596952F
S11375E08795969587959C01A5ECB0E20E94EB6285
S11375F0AC01529542954F7045275F7045279A011B
S1137600ADECBCEC0E94EB629695879596958795B8
S113761096958795880F991F9C01220F331F220F7F
S1137620331F820F931F9A01281B390BC9018B83C7
S11376308BA19CA196958795969587959C01ABE720
S1137640B4E10E94EB62AC01569547959A01ADEC0A
S1137650BCEC0E94EB6296958795969587959695D6
S11376608795880F991F9C01220F331F220F331F08
S1137670820F931FFA01E81BF90BCF018C838BA1B6
S11376809CA19C01ADECBCEC0E94EB62AC01569554
S1137690479556954795569547959A01ADECBCECA0
S11376A00E94EB6296958795969587959695879512
S11376B0880F991F9C01220F331F220F331F820F43
S11376C0931F9A01281B390BC9018D834BA15CA11F
S11376D09A01ADECBCEC0E94EB6296958795969569
S11376E0879596958795880F991F9C01220F331FC4
S11376F0220F331F820F931FFA01E81BF90BCF01EE
S11377008E838EA1882309F450C08DA1882F90E028
S11377100197880F991F880F991F2B81222F30E022
S1137720295F3D4FF9012081845D974FFC0120833F
S11377308DA1882F90E00197880F991F880F991FBA
S113774001962C81222F30E0295F3D4FF9012081E1
S1137750845D974FFC0120838DA1882F90E00197D1
S1137760880F991F880F991F02962D81222F30E0D0
S1137770295F3D4FF9012081845D974FFC012083EF
S11377808DA1882F90E00197880F991F880F991F6A
S113779003962E81222F30E0295F3D4FF90120818D
S11377A0845D974FFC0120833BC08DA1882F90E01E
S11377B00197880F991F880F991F20911102845DEA
S11377C0974FFC0120838DA1882F90E00197880FAB
S11377D0991F880F991F019620911102845D974F7C
S11377E0FC0120838DA1882F90E00197880F991FB9
S11377F0880F991F029620911102845D974FFC0116
S113780020838DA1882F90E00197880F991F880FFE
S1137810991F039620911102845D974FFC012083E8
S11378201982F0C08981882F90E020E130E0A9011D
S1137830481B590BCA01845D974FFC018081682F56
S113784082E00E94C76080E090E0AAEFB3E48F83F7
S11378509887A987BA872BEA3AEA4AEA50E46F8103
S1137860788589859A850E946162DC01CB018B87CA
S11378709C87AD87BE8720E030E040E850E46F810C
S1137880788589859A850E946162DC01CB018F87A6
S1137890988BA98BBA8B20E030E040E85FE36B85DE
S11378A07C858D859E850E94136188230CF4A1C07C
S11378B020E03FEF4FE757E46F85788989899A89FB
S11378C00E945D6218160CF06DC020E030E04AE7BB
S11378D054E46F81788589859A850E941761DC015B
S11378E0CB016C017D0120E030E04AE755E4C7019B
S11378F0B6010E946162DC01CB018B8B9C8BAD8B4A
S1137900BE8B20E030E040E85FE36B897C898D89A1
S11379109E890E9413618823D4F120E03FEF4FE752
S113792057E46B897C898D899E890E945D62181653
S11379301CF520E030E040E251E4C701B6010E94AA
S11379406162DC01CB01BC01CD010E947F61DC01DD
S1137950CB01988F8F8B0BC080E991E00197F1F7F1
S11379609A8F898F8F89988D0197988F8F8B8F89A4
S1137970988D892B89F73FC06B897C898D899E8975
S11379800E947F61DC01CB01988F8F8B04C081E062
S113799090E0988F8F8B8F89988D0197F1F79C8F4A
S11379A08B8F29C020E030E04FE753E46B857C8562
S11379B08D859E850E945D6218168CF46F8578898A
S11379C089899A890E947F61DC01CB019E8F8D8F0A
S11379D08D8D9E8D0197F1F798A38F8F10C06B85C5
S11379E07C858D859E850E947F61DC01CB0189A306
S11379F002C081E089A389A18A95F1F78AA38981CC
S1137A008F5F89838981813108F40CCF82E091E012
S1137A1022E031E0F90120812860FC01208382E02A
S1137A2091E022E031E0F9012081277FFC012083ED
S1137A300000A6960FB6F894DEBF0FBECDBFDF914F
S1137A40CF91FF90EF90DF90CF900895CF93DF9385
S1137A5000D01F921F92CDB7DEB78B837D836C83DA
S1137A6081E0898316C08981282F30E04AE3429F50
S1137A70C001439F900D11242C813D81820F931FDF
S1137A80FC0182A993A941E0698192DD89818F5F1C
S1137A90898399818B81891730F78B818F5F8A83E2
S1137AA016C08A81282F30E04AE3429FC001439FD9
S1137AB0900D11242C813D81820F931FFC0182A91A
S1137AC093A940E06A8174DD8A818F5F8A838A8109
S1137AD0853038F300000F900F900F900F900F90A7
S1137AE0DF91CF910895CF93DF931F92CDB7DEB787
S1137AF019820E94556326E030E0B9010E94D062E9
S1137B008F5F898389810F90DF91CF910895CF93FF
S1137B10DF93CDB7DEB7C154D1090FB6F894DEBFF9
S1137B200FBECDBF8FAFCE01805C9F4FFC01608341
S1137B30CE018F5B9F4FFC0140838AE08A838FAD27
S1137B40813009F093C0CE018F5B9F4FFC0180818F
S1137B50882309F48BC01B8281C0C5DF898380918F
S1137B603D08682F898150D28B81882F90E0880F3F
S1137B70991F0F96092E000CAA0BBB0BBC01CD015B
S1137B800E94AD61DC01CB018B8B9C8BAD8BBE8BDA
S1137B9020E030E04AE755E46B897C898D899E8931
S1137BA00E946162DC01CB018F8B988FA98FBA8F01
S1137BB020E030E040E85FE36F89788D898D9A8D0D
S1137BC00E94136188230CF43CC020E03FEF4FE790
S1137BD057E46F89788D898D9A8D0E945D6218169D
S1137BE02CF520E030E040E251E46B897C898D89FA
S1137BF09E890E946162DC01CB01BC01CD010E941F
S1137C007F61DC01CB019C8F8B8F0BC080E991E0FD
S1137C100197F1F79E8F8D8F8B8D9C8D01979C8F93
S1137C208B8F8B8D9C8D892B89F715C06F89788DEF
S1137C30898D9A8D0E947F61DC01CB019C8F8B8F93
S1137C4004C081E090E09C8F8B8F8B8D9C8D01977D
S1137C50F1F798A38F8F8B818F5F8B838B81823316
S1137C6008F47BCF898180933C08C3C18FAD8130F8
S1137C7009F091C0CE018F5B9F4FFC018081882366
S1137C8009F089C01C827FC02EDF89836AE0898164
S1137C90BBD18C81882F90E0880F991F0F96092EF5
S1137CA0000CAA0BBB0BBC01CD010E94AD61DC0131
S1137CB0CB018F839887A987BA8720E030E04AE711
S1137CC055E46F81788589859A850E946162DC011B
S1137CD0CB0189A39AA3ABA3BCA320E030E040E886
S1137CE05FE369A17AA18BA19CA10E9413618823FF
S1137CF00CF43CC020E03FEF4FE757E469A17AA1C0
S1137D008BA19CA10E945D6218162CF520E030E046
S1137D1040E251E46F81788589859A850E94616289
S1137D20DC01CB01BC01CD010E947F61DC01CB01F0
S1137D309EA38DA30BC080E991E00197F1F798A76A
S1137D408FA38DA19EA101979EA38DA38DA19EA11A
S1137D50892B89F715C069A17AA18BA19CA10E94E6
S1137D607F61DC01CB019EA38DA304C081E090E080
S1137D709EA38DA38DA19EA10197F1F79AA789A730
S1137D808C818F5F8C838C81893108F47DCF8981CC
S1137D9080933C082EC18FAD823009F095C0CE018E
S1137DA0805C9F4FFC018081882309F48DC01D8273
S1137DB083C099DE8A8380913C086A8125D18D81B4
S1137DC0282F30E0C901880F991F820F931F0F9647
S1137DD0092E000CAA0BBB0BBC01CD010E94AD61A6
S1137DE0DC01CB018B879C87AD87BE8720E030E028
S1137DF04AE755E46B857C858D859E850E9461628A
S1137E00DC01CB018BA79CA7ADA7BEA720E030E087
S1137E1040E85FE36BA57CA58DA59EA50E94136138
S1137E2088230CF43CC020E03FEF4FE757E46BA5F8
S1137E307CA58DA59EA50E945D6218162CF520E0F8
S1137E4030E040E251E46B857C858D859E850E94FF
S1137E506162DC01CB01BC01CD010E947F61DC01C8
S1137E60CB0198AB8FA70BC080E991E00197F1F7A4
S1137E709AAB89AB8FA598A9019798AB8FA78FA5CB
S1137E8098A9892B89F715C06BA57CA58DA59EA5FE
S1137E900E947F61DC01CB0198AB8FA704C081E015
S1137EA090E098AB8FA78FA598A90197F1F79CABA9
S1137EB08BAB8D818F5F8D838D81893108F479CF70
S1137EC08A8180933D0895C08FAD823009F091C0BE
S1137ED0CE01805C9F4FFC018081882309F089C01A
S1137EE01E827FC000DE8A836A818AE08DD08E8103
S1137EF0882F90E0880F991F0F96092E000CAA0B6B
S1137F00BB0BBC01CD010E94AD61DC01CB018F87AD
S1137F10988BA98BBA8B20E030E04AE755E46F8553
S1137F20788989899A890E946162DC01CB018DABD1
S1137F309EABAFABB8AF20E030E040E85FE36DA9A3
S1137F407EA98FA998AD0E94136188230CF43CC0CC
S1137F5020E03FEF4FE757E46DA97EA98FA998ADC4
S1137F600E945D6218162CF520E030E040E251E4F6
S1137F706F85788989899A890E946162DC01CB01C5
S1137F80BC01CD010E947F61DC01CB019AAF89AFB6
S1137F900BC080E991E00197F1F79CAF8BAF89ADFD
S1137FA09AAD01979AAF89AF89AD9AAD892B89F7BC
S1137FB015C06DA97EA98FA998AD0E947F61DC01CF
S1137FC0CB019AAF89AF04C081E090E09AAF89AF4A
S1137FD089AD9AAD0197F1F79EAF8DAF8E818F5F1A
S1137FE08E838E81823308F47DCF8A8180933D080D
S1137FF000C00000CF5BDF4F0FB6F894DEBF0FBEAA
S1138000CDBFDF91CF910895CF92DF92EF92FF928F
S1138010CF93DF93CDB7DEB7EA970FB6F894DEBF00
S11380200FBECDBF89AF6AAF8AAD882F90E0895F5C
S11380309D4FFC018081682F83E00E94C76080E02F
S113804090E0AAEFB3E489839A83AB83BC832BEAE1
S11380503AEA4AEA50E469817A818B819C810E94E0
S11380606162DC01CB0189A39AA3ABA3BCA320E08A
S113807030E040E850E469817A818B819C810E94E0
S11380806162DC01CB018DA39EA3AFA3B8A720E05E
S113809030E040E85FE369A17AA18BA19CA10E9432
S11380A0136188230CF4A1C020E03FEF4FE757E4AD
S11380B06DA17EA18FA198A50E945D6218160CF097
S11380C06DC020E030E04AE754E469817A818B8115
S11380D09C810E941761DC01CB016C017D0120E0D1
S11380E030E04AE755E4C701B6010E946162DC0151
S11380F0CB0189A79AA7ABA7BCA720E030E040E852
S11381005FE369A57AA58BA59CA50E9413618823CA
S1138110D4F120E03FEF4FE757E469A57AA58BA59A
S11381209CA50E945D6218161CF520E030E040E238
S113813051E4C701B6010E946162DC01CB01BC01BC
S1138140CD010E947F61DC01CB019EA78DA70BC0EE
S113815080E991E00197F1F798AB8FA78DA59EA5D3
S113816001979EA78DA78DA59EA5892B89F73FC052
S113817069A57AA58BA59CA50E947F61DC01CB0132
S11381809EA78DA704C081E090E09EA78DA78DA532
S11381909EA50197F1F79AAB89AB29C020E030E0A6
S11381A04FE753E469A17AA18BA19CA10E945D626F
S11381B018168CF46DA17EA18FA198A50E947F61F1
S11381C0DC01CB019CAB8BAB8BA99CA90197F1F78C
S11381D09EAB8DAB10C069A17AA18BA19CA10E941A
S11381E07F61DC01CB018FAB02C081E08FAB8FA933
S11381F08A95F1F788AF89AD882F90E0895F9D4F0C
S1138200FC018081682F83E00E94C76080E090E0D9
S1138210AAEFB3E48D839E83AF83B8872BEA3AEA4F
S11382204AEA50E46D817E818F8198850E94616263
S1138230DC01CB0189879A87AB87BC8720E030E0DB
S113824040E850E46D817E818F8198850E9461624F
S1138250DC01CB018D879E87AF87B88B20E030E0AF
S113826040E85FE369857A858B859C850E9413616C
S113827088230CF4A1C020E03FEF4FE757E46D855D
S11382807E858F8598890E945D6218160CF06DC0FA
S113829020E030E04AE754E46D817E818F81988547
S11382A00E941761DC01CB016C017D0120E030E00C
S11382B04AE755E4C701B6010E946162DC01CB01C3
S11382C0898B9A8BAB8BBC8B20E030E040E85FE37A
S11382D069897A898B899C890E9413618823D4F1E6
S11382E020E03FEF4FE757E469897A898B899C89BD
S11382F00E945D6218161CF520E030E040E251E473
S1138300C701B6010E946162DC01CB01BC01CD0151
S11383100E947F61DC01CB019E8B8D8B0BC080E9B9
S113832091E00197F1F7988F8F8B8D899E89019742
S11383309E8B8D8B8D899E89892B89F73FC0698996
S11383407A898B899C890E947F61DC01CB019E8B99
S11383508D8B04C081E090E09E8B8D8B8D899E89EE
S11383600197F1F79A8F898F29C020E030E04FE719
S113837053E469857A858B859C850E945D62181615
S11383808CF46D857E858F8598890E947F61DC01E0
S1138390CB019C8F8B8F8B8D9C8D0197F1F79E8FDA
S11383A08D8F10C069857A858B859C850E947F613D
S11383B0DC01CB018F8F02C081E08F8F8F8D8A9576
S11383C0F1F788A385E091E025E031E0F90120810F
S11383D02860FC01208385E091E025E031E0F9018B
S11383E02081277FFC0120830000EA960FB6F894D1
S11383F0DEBF0FBECDBFDF91CF91FF90EF90DF9036
S1138400CF900895CF93DF93CDB7DEB78CE790E09C
S113841020E4FC0120838EE790E02FE0FC01208320
S11384208AE790E027E8FC0120830000DF91CF91E8
S11384300895CF93DF931F92CDB7DEB789838CE77E
S113844090E02CE730E0F9012081207FFC012083BB
S11384508CE790E02CE730E0F9012081322F29816C
S11384602770232BFC0120838BE790E02BE730E07F
S1138470F9012081277FFC0120838BE790E02BE723
S113848030E0F9012081322F29812870232BFC014F
S113849020838AE790E02AE730E0F9012081206414
S11384A0FC01208300008AE790E0FC018081882F92
S11384B090E080749927892BB1F788E790E0FC015C
S11384C0808191810F90DF91CF910895CF93DF93B5
S11384D01F92CDB7DEB789838981282F30E04AE324
S11384E0429FC001439F900D11248B5B964F21E066
S11384F0FC01208364E184E617D08981282F30E0D1
S11385004AE3429FC001439F900D11248C5B964F18
S11385102AE0FC01208369818AE00E945A38000025
S11385200F90DF91CF910895CF93DF93CDB7DEB74E
S11385306F970FB6F894DEBF0FBECDBF8E8F6F8FCF
S113854019820BC188E290E028E230E0F901208131
S11385502068FC01208388E290E028E230E0F90101
S113856020812F7BFC0120838E8D882F90E0A0E05A
S1138570B0E0BC01CD010E94AB61DC01CB018A8378
S11385809B83AC83BD8320E030E04AE755E46A81F5
S11385907B818C819D810E946162DC01CB018C8B8B
S11385A09D8BAE8BBF8B20E030E040E85FE36C89AD
S11385B07D898E899F890E94136188230CF43CC0B5
S11385C020E03FEF4FE757E46C897D898E899F89CE
S11385D00E945D6218162CF520E030E040E251E480
S11385E06A817B818C819D810E946162DC01CB0167
S11385F0BC01CD010E947F61DC01CB01998F888F82
S11386000BC080E991E00197F1F79B8F8A8F888DE9
S1138610998D0197998F888F888D998D892B89F7EA
S113862015C06C897D898E899F890E947F61DC01D8
S1138630CB01998F888F04C081E090E0998F888F57
S1138640888D998D0197F1F79D8F8C8F88E290E04A
S113865028E230E0F90120812064FC01208388E2D3
S113866090E028E230E0F90120812F77FC0120839B
S11386708E8D882F90E0A0E0B0E0BC01CD010E9477
S1138680AB61DC01CB018E839F83A887B98720E08F
S113869030E04AE755E46E817F81888599850E94A0
S11386A06162DC01CB018A879B87AC87BD8720E0B0
S11386B030E040E85FE36A857B858C859D850E9478
S11386C0136188230CF43CC020E03FEF4FE757E4EC
S11386D06A857B858C859D850E945D6218162CF5C4
S11386E020E030E040E251E46E817F818885998505
S11386F00E946162DC01CB01BC01CD010E947F615B
S1138700DC01CB019F878E870BC080E991E0019744
S1138710F1F7998B888B8E859F8501979F878E872C
S11387208E859F85892B89F715C06A857B858C8505
S11387309D850E947F61DC01CB019F878E8704C0E9
S113874081E090E09F878E878E859F850197F1F762
S11387509B8B8A8B89818F5F898399818F8D9817F1
S113876008F4F0CE88E290E028E230E0F9012081BC
S11387702F73FC01208300006F960FB6F894DEBFC0
S11387800FBECDBFDF91CF910895CF93DF93CDB7C7
S1138790DEB781E290E02FEFFC01208384E290E0D9
S11387A02FEFFC01208385E290E020E2FC0120838E
S11387B087E290E02FEFFC01208388E290E02FE332
S11387C0FC0120838AE290E02FEFFC0120838BE2FE
S11387D090E0FC0110828DE290E02FEFFC012083F9
S11387E08EE290E020E1FC01208380E390E02EEF14
S11387F0FC01208381E091E02FEFFC01208382E0E3
S113880091E020E1FC01208384E091E02FEFFC0162
S1138810208385E091E020E1FC01208387E091E062
S1138820FC0110828AE091E0FC0110820000DF91DB
S1138830CF910895CF93DF93CDB7DEB7EF970FB6FF
S1138840F894DEBF0FBECDBF8FAF80E2EBEAF5E058
S1138850DE015F9601900D928A95E1F7198214C1A9
S113886081E08A839EC08A81482F50E08A81282F24
S113887030E06AE3629FC001639F900D11248E5B18
S1138880964FFC01208131818981882F90E0880FE7
S1138890991FBE016F5F7F4F860F971F4E96FC0195
S11388A080819181280F391F6AE3649FC001659F0D
S11388B0900D11248E5B964FFC013183208380E060
S11388C090E0A6E9B2E48F839887A987BA8720E06D
S11388D030E04AE755E46F81788589859A850E945E
S11388E06162DC01CB018B879C87AD87BE8720E06A
S11388F030E040E85FE36B857C858D859E850E9432
S1138900136188230CF43CC020E03FEF4FE757E4A9
S11389106B857C858D859E850E945D6218162CF57D
S113892020E030E040E251E46F81788589859A85C2
S11389300E946162DC01CB01BC01CD010E947F6118
S1138940DC01CB01988B8F870BC080E991E0019704
S1138950F1F79A8B898B8F8598890197988B8F87EC
S11389608F859889892B89F715C06B857C858D85C2
S11389709E850E947F61DC01CB01988B8F8704C0A8
S113898081E090E0988B8F878F8598890197F1F724
S11389909C8B8B8B60E179E08FAD58D88A818F5F97
S11389A08A839A818FAD891708F05DCF80E090E0CB
S11389B0A8E4B2E48B839C83AD83BE8320E030E0E3
S11389C04AE755E46B817C818D819E810E946162BE
S11389D0DC01CB018D8B9E8BAF8BB88F20E030E018
S11389E040E85FE36D897E898F89988D0E941361C9
S11389F088230CF43CC020E03FEF4FE757E46D8937
S1138A007E898F89988D0E945D6218162CF520E06E
S1138A1030E040E251E46B817C818D819E810E9433
S1138A206162DC01CB01BC01CD010E947F61DC01EC
S1138A30CB019A8F898F0BC080E991E00197F1F700
S1138A409C8F8B8F898D9A8D01979A8F898F898DB1
S1138A509A8D892B89F715C06D897E898F89988DA8
S1138A600E947F61DC01CB019A8F898F04C081E071
S1138A7090E09A8F898F898D9A8D0197F1F79E8F57
S1138A808D8F89818F5F89838981803108F4E8CE55
S1138A900000EF960FB6F894DEBF0FBECDBFDF9196
S1138AA0CF910895CF93DF931F921F92CDB7DEB776
S1138AB09A83898389819A812CE43FE6FC0131837E
S1138AC0208323E730E0FC013383228389819A8168
S1138AD023E0FC0122AB89819A81805B9F4F9C013A
S1138AE08EE0EBECF5E0D90101900D928A95E1F767
S1138AF089819A81805B9F4FFC0112AA89819A81A6
S1138B00805B9F4F2CE330E0FC0134AB23AB8981C5
S1138B109A81805B9F4F22E030E0FC0136AB25ABAD
S1138B2089819A81805B9F4F2AE030E0FC0130AF5D
S1138B3027AB89819A81805B9F4F2EE130E0FC0155
S1138B4032AF21AF89819A81805B9F4F2AE530E063
S1138B50FC0134AF23AF89819A81805B9F4F20EA67
S1138B6030E0FC0136AF25AF89819A81805B9F4F4D
S1138B70CF962AEF30E0FC013183208389819A81EA
S1138B80805B9F4F8F5B9F4F24E030E0FC0131837B
S1138B90208389819A81805B9F4F8D5B9F4F21E069
S1138BA0FC01208389819A81805B9F4F8C5B9F4F5E
S1138BB0FC01108289819A81805B9F4F8B5B9F4F60
S1138BC021E0FC01208389819A81805B9F4F8A5B2D
S1138BD09F4F23E0FC01208389819A81805B9F4F12
S1138BE0895B9F4FFC01108289819A81805B9F4F32
S1138BF0875B9F4FFC01108289819A81805B9F4F24
S1138C00865B9F4FFC01108289819A81805B9F4F14
S1138C10845B9F4F22E3FC01208389819A81805BDE
S1138C209F4F855B9F4FFC01108289819A81805BF5
S1138C309F4F835B9F4FFC01108289819A818056EC
S1138C409F4F9C0189E0E9EDF5E0D90101900D9277
S1138C508A95E1F789819A8180569F4F21E0FC0132
S1138C6022AB89819A8180519F4F9C018BE0E2EE77
S1138C70F5E0D90101900D928A95E1F789819A81F5
S1138C8080519F4FFC0112AA89819A8180519F4F84
S1138C902CE330E0FC0134AB23AB89819A81805111
S1138CA09F4F2CE330E0FC0134AB23AB89819A81E4
S1138CB080519F4F24E030E0FC0136AB25AB898125
S1138CC09A8180519F4F24E130E0FC0130AF27AB03
S1138CD089819A8180519F4F2CE330E0FC0132AFAF
S1138CE021AF89819A8180519F4F24EB30E0FC01B0
S1138CF034AF23AF89819A8180519F4F20E431E0C2
S1138D00FC0136AF25AF89819A8180519F4FCF9660
S1138D1022EC31E0FC013183208389819A818051E6
S1138D209F4F8F5B9F4F24E030E0FC013183208311
S1138D3089819A8180519F4F8D5B9F4F21E0FC0177
S1138D40208389819A8180519F4F8C5B9F4FFC01C6
S1138D50108289819A8180519F4F8B5B9F4F21E0C4
S1138D60FC01208389819A8180519F4F8A5B9F4FA8
S1138D7023E0FC01208389819A8180519F4F895B84
S1138D809F4FFC01108289819A8180519F4F875B9C
S1138D909F4F21E0FC01208389819A8180519F4F5C
S1138DA0865B9F4FFC01108289819A8180519F4F7D
S1138DB0845B9F4F22E3FC01208389819A81805147
S1138DC09F4F855B9F4F21E0FC01208389819A811D
S1138DD080519F4F835B9F4FFC01108289819A8150
S1138DE0805C9E4F9C018DE0EDEEF5E0D901019091
S1138DF00D928A95E1F789819A81805C9E4F22E0E9
S1138E00FC0122AB89819A81805C9E4F28EC30E082
S1138E10FC0134AB23AB89819A8180579E4F9C011E
S1138E2080E1EAEFF5E0D90101900D928A95E1F72E
S1138E3089819A8180579E4F27E0FC0122AB89816A
S1138E409A8180579E4F28EC30E0FC0134AB23AB71
S1138E5089819A8180579E4F29E130E0FC0136AB2D
S1138E6025AB89819A8180579E4F22E330E0FC0133
S1138E7030AF27AB89819A8180579E4F24E630E03A
S1138E80FC0132AF21AF89819A8180579E4F28EC33
S1138E9030E0FC0134AF23AF89819A8180579E4F23
S1138EA08D5B9F4F21E0FC01208389819A8180574B
S1138EB09E4F8C5B9F4F28E0FC01208389819A811F
S1138EC080579E4F8B5B9F4F25E0FC012083898157
S1138ED09A8180579E4F8A5B9F4F2FE0FC0120832D
S1138EE089819A8180579E4F895B9F4F29E1FC01BC
S1138EF0208389819A8180579E4F885B9F4F23E20C
S1138F00FC01208389819A8180579E4F855B9F4F06
S1138F1022E0FC01208389819A8180579E4F835BE4
S1138F209F4FFC01108289819A8180529E4F9C013F
S1138F308CE0EAE0F6E0D90101900D928A95E1F720
S1138F4089819A8180529E4FFC0112AA89819A815B
S1138F5080529E4F24E630E0FC0134AB23AB898180
S1138F609A8180529E4F26E030E0FC0136AB25AB5F
S1138F7089819A8180529E4F2EE130E0FC0130AF0E
S1138F8027AB89819A8180529E4F2AE530E0FC010B
S1138F9032AF21AF89819A8180529E4F2EE031E019
S1138FA0FC0134AF23AF89819A8180529E4F20E91E
S1138FB031E0FC0136AF25AF89819A8180529E4F02
S1138FC0CF9626E232E0FC013183208389819A81A5
S1138FD080529E4F8F5B9F4F2CE030E0FC01318329
S1138FE0208389819A8180529E4F8D5B9F4F22E01E
S1138FF0FC01208389819A8180529E4F8C5B9F4F14
S113900021E0FC01208389819A8180529E4F8B5BF1
S11390109F4F26E0FC01208389819A8180529E4FD4
S11390208A5B9F4F28E0FC01208389819A818052CA
S11390309E4F895B9F4F29E0FC01208389819A819F
S113904080529E4F875B9F4F22E0FC0120838981E1
S11390509A8180529E4F865B9F4FFC0110828981CA
S11390609A8180529E4F845B9F4F22E3FC012083B0
S113907089819A8180529E4F855B9F4F23E0FC013A
S1139080208389819A8180529E4F835B9F4FFC018C
S1139090108289819A81805D9D4F9C0187E0E6E181
S11390A0F6E0D90101900D928A95E1F789819A81C0
S11390B0805D9D4F21E0FC0122AB89819A8180581B
S11390C09D4F9C018BE0EDE1F6E0D90101900D92FA
S11390D08A95E1F789819A8180589D4FFC0112AAF3
S11390E089819A8180589D4F24E630E0FC0134AB9D
S11390F023AB89819A8180589D4F26E030E0FC01A2
S113910036AB25AB89819A8180589D4F2EE130E0A2
S1139110FC0130AF27AB89819A8180589D4F2AE5A5
S113912030E0FC0132AF21AF89819A8180589D4F94
S11391302EE031E0FC0134AF23AF89819A8180585D
S11391409D4F20E931E0FC0136AF25AF89819A813A
S113915080589D4FCF9626E232E0FC013183208374
S113916089819A8180589D4F8F5B9F4F2CE030E01E
S1139170FC013183208389819A8180589D4F8D5BC6
S11391809F4F22E0FC01208389819A8180589D4F62
S11391908C5B9F4F21E0FC01208389819A81805858
S11391A09D4F8B5B9F4F26E0FC01208389819A8130
S11391B080589D4F8A5B9F4F28E0FC012083898162
S11391C09A8180589D4F895B9F4F29E0FC01208341
S11391D089819A8180589D4F875B9F4F23E0FC01D2
S11391E0208389819A8180589D4F865B9F4FFC0123
S11391F0108289819A8180589D4F845B9F4F22E31E
S1139200FC01208389819A8180589D4F855B9F4F03
S113921024E0FC01208389819A8180589D4F835BDF
S11392209F4FFC01108289819A8180539D4F9C013C
S11392308AE0E8E2F6E0D90101900D928A95E1F71F
S113924089819A8180539D4FFC0112AA89819A8158
S113925080539D4F28E730E0FC0134AB23AB898178
S11392609A8180539D4F28E030E0FC0136AB25AB5A
S113927089819A8180539D4F28E230E0FC0130AF10
S113928027AB89819A8180539D4F24E630E0FC010D
S113929032AF21AF89819A8180539D4F2CE231E016
S11392A0FC0134AF23AF89819A8180539D4F22EC16
S11392B031E0FC0136AF25AF89819A8180539D4FFF
S11392C0CF9628E532E0FC013183208389819A819D
S11392D080539D4F8F5B9F4F20E130E0FC01318331
S11392E0208389819A8180539D4F8D5B9F4F22E01B
S11392F0FC01208389819A8180539D4F8C5B9F4F11
S113930021E0FC01208389819A8180539D4F8B5BEE
S11393109F4F26E0FC01208389819A8180539D4FD1
S11393208A5B9F4F28E0FC01208389819A818053C6
S11393309D4F895B9F4F29E0FC01208389819A819D
S113934080539D4F875B9F4F24E0FC0120838981DC
S11393509A8180539D4F865B9F4FFC0110828981C7
S11393609A8180539D4F845B9F4F22E3FC012083AD
S113937089819A8180539D4F855B9F4F25E0FC0135
S1139380208389819A8180539D4F835B9F4FFC0189
S1139390108289819A81805E9C4F9C018AE0E2E37D
S11393A0F6E0D90101900D928A95E1F789819A81BD
S11393B0805E9C4F24E0FC0122AB89819A81805914
S11393C09C4F9C018AE0ECE3F6E0D90101900D92F8
S11393D08A95E1F789819A8180599C4FFC0112AAF0
S11393E089819A8180599C4F2CE830E0FC0134AB90
S11393F023AB89819A8180599C4F2AE030E0FC019B
S113940036AB25AB89819A8180599C4F22E330E0A9
S1139410FC0130AF27AB89819A8180599C4F26E9A2
S113942030E0FC0132AF21AF89819A8180599C4F91
S113943022EC31E0FC0134AF23AF89819A81805959
S11394409C4F21E732E0FC0136AF25AF89819A8138
S113945080599C4FCF962EEE32E0FC01318320835D
S113946089819A8180599C4F8F5B9F4F24E130E022
S1139470FC013183208389819A8180599C4F8D5BC3
S11394809F4F23E0FC01208389819A8180599C4F5E
S11394908C5B9F4F22E0FC01208389819A81805953
S11394A09C4F8B5B9F4F2BE0FC01208389819A8129
S11394B080599C4F8A5B9F4F2DE0FC01208389815A
S11394C09A8180599C4F895B9F4F2EE0FC01208339
S11394D089819A8180599C4F875B9F4F25E0FC01CD
S11394E0208389819A8180599C4F865B9F4FFC0120
S11394F0108289819A8180599C4F845B9F4F24E616
S1139500FC01208389819A8180599C4F855B9F4F00
S113951026E0FC01208389819A8180599C4F835BDA
S11395209F4FFC01108289819A8180549C4F9C0139
S113953081E1E6E4F6E0D90101900D928A95E1F724
S113954089819A8180549C4F26E0FC0122AB898159
S11395509A8180549C4F26E930E0FC0134AB23AB64
S113956089819A8180549C4F8D5B9F4F22E0FC013E
S1139570208389819A8180549C4F8C5B9F4F28E083
S1139580FC01208389819A8180549C4F855B9F4F85
S113959027E0FC01208389819A8180549C4F835B5E
S11395A09F4FFC01108289819A81805F9B4F9C01AF
S11395B08AE0E7E5F6E0D90101900D928A95E1F79A
S11395C089819A81805F9B4FFC0112AA89819A81CB
S11395D0805F9B4F2CE830E0FC0134AB23AB8981E6
S11395E09A81805F9B4F2AE030E0FC0136AB25ABCB
S11395F089819A81805F9B4F22E330E0FC0130AF88
S113960027AB89819A81805F9B4F26E930E0FC017A
S113961032AF21AF89819A81805F9B4F22EC31E088
S1139620FC0134AF23AF89819A81805F9B4F21E78E
S113963032E0FC0136AF25AF89819A81805F9B4F70
S1139640CF962EEE32E0FC013183208389819A810A
S1139650805F9B4F8F5B9F4F24E130E0FC0131839F
S1139660208389819A81805F9B4F8D5B9F4F23E08C
S1139670FC01208389819A81805F9B4F8C5B9F4F83
S113968022E0FC01208389819A81805F9B4F8B5B60
S11396909F4F2BE0FC01208389819A81805F9B4F3F
S11396A08A5B9F4F2DE0FC01208389819A81805F32
S11396B09B4F895B9F4F2EE0FC01208389819A8117
S11396C0805F9B4F875B9F4F26E0FC01208389814D
S11396D09A81805F9B4F865B9F4FFC01108289813A
S11396E09A81805F9B4F845B9F4F24E6FC0120831B
S11396F089819A81805F9B4F855B9F4F28E0FC01A5
S1139700208389819A81805F9B4F835B9F4FFC01FB
S1139710108289819A81805A9B4F9C018AE0E1E6FC
S1139720F6E0D90101900D928A95E1F789819A8139
S1139730805A9B4FFC0112AA89819A81805A9B4FBF
S113974020EA30E0FC0134AB23AB89819A81805A52
S11397509B4F2CE030E0FC0136AB25AB89819A812C
S1139760805A9B4F2CE330E0FC0130AF27AB89815A
S11397709A81805A9B4F24EB30E0FC0132AF21AF39
S113978089819A81805A9B4F24EF31E0FC0134AFE8
S113979023AF89819A81805A9B4F2CEB32E0FC01E4
S11397A036AF25AF89819A81805A9B4FCF9624E8A2
S11397B033E0FC013183208389819A81805A9B4F55
S11397C08F5B9F4F28E130E0FC0131832083898146
S11397D09A81805A9B4F8D5B9F4F23E0FC0120832D
S11397E089819A81805A9B4F8C5B9F4F22E0FC01B8
S11397F0208389819A81805A9B4F8B5B9F4F2BE0FA
S1139800FC01208389819A81805A9B4F8A5B9F4FF8
S11398102DE0FC01208389819A81805A9B4F895BCA
S11398209F4F2EE0FC01208389819A81805A9B4FAF
S1139830875B9F4F27E0FC01208389819A81805AAE
S11398409B4F865B9F4FFC01108289819A81805ACD
S11398509B4F845B9F4F24E6FC01208389819A817E
S1139860805A9B4F855B9F4F29E0FC0120838981AF
S11398709A81805A9B4F835B9F4FFC0110828981A0
S11398809A8180559B4F9C018CE0EBE6F6E0D90170
S113989001900D928A95E1F789819A8180559B4FB9
S11398A027E0FC0122AB89819A8180559B4F28ECEB
S11398B030E0FC0134AB23AB89819A8180559B4F06
S11398C029E130E0FC0136AB25AB89819A818055D2
S11398D09B4F22E330E0FC0130AF27AB89819A81B2
S11398E080559B4F24E630E0FC0132AF21AF8981E3
S11398F09A8180559B4F28EC30E0FC0134AF23AFB4
S113990089819A8180559B4F8D5B9F4F21E0FC019B
S1139910208389819A8180559B4F8C5B9F4F28E0DF
S1139920FC01208389819A8180559B4F8B5B9F4FDB
S113993025E0FC01208389819A8180559B4F8A5BB5
S11399409F4F2FE0FC01208389819A8180559B4F92
S1139950895B9F4F29E1FC01208389819A8180558D
S11399609B4F885B9F4F23E2FC01208389819A816E
S113997080559B4F855B9F4F2AE0FC0120838981A2
S11399809A8180559B4F835B9F4FFC011082898194
S11399909A819B5F9C0187E0E7E7F6E0D90101909B
S11399A00D928A95E1F789819A819B5FFC0112AA45
S11399B089819A819B5F24EB30E0FC0134AB23ABBB
S11399C089819A819B5F2EE030E0FC0136AB25ABA8
S11399D089819A819B5F26E430E0FC0130AF27AB9C
S11399E089819A819B5F28EC30E0FC0132AF21AF82
S11399F089819A819B5F26E232E0FC0134AF23AF78
S1139A0089819A819B5F2EEE32E0FC0136AF25AF4F
S1139A1089819A819B5FCF9626EB33E0FC013183E9
S1139A20208389819A819B5F8F5B9F4F2CE130E07B
S1139A30FC013183208389819A819B5F8D5B9F4FD9
S1139A4024E0FC01208389819A819B5F8C5B9F4F7A
S1139A5023E0FC01208389819A819B5F8B5B9F4F6C
S1139A6020E1FC01208389819A819B5F8A5B9F4F5F
S1139A7022E1FC01208389819A819B5F895B9F4F4E
S1139A8023E1FC01208389819A819B5F875B9F4F3F
S1139A9028E0FC01208389819A819B5F865B9F4F2C
S1139AA0FC01108289819A819B5F845B9F4F24E62D
S1139AB0FC01208389819A819B5F855B9F4F2BE00A
S1139AC0FC01208389819A819B5F835B9F4FFC010A
S1139AD0108289819A81805B9A4F9C0188E0EEE72D
S1139AE0F6E0D90101900D928A95E1F789819A8176
S1139AF0805B9A4F21E0FC0122AB89819A818056D8
S1139B009A4F9C0187E0E6E8F6E0D90101900D92B6
S1139B108A95E1F789819A8180569A4FFC0112AAAD
S1139B2089819A8180569A4F24EB30E0FC0134AB52
S1139B3023AB89819A8180569A4F2EE030E0FC0154
S1139B4036AB25AB89819A8180569A4F26E430E062
S1139B50FC0130AF27AB89819A8180569A4F28EC5B
S1139B6030E0FC0132AF21AF89819A8180569A4F4F
S1139B7026E232E0FC0134AF23AF89819A8180561A
S1139B809A4F2EEE32E0FC0136AF25AF89819A81DF
S1139B9080569A4FCF9626EB33E0FC013183208325
S1139BA089819A8180569A4F8F5B9F4F2CE130E0D8
S1139BB0FC013183208389819A8180569A4F8D5B81
S1139BC09F4F24E0FC01208389819A8180569A4F1B
S1139BD08C5B9F4F23E0FC01208389819A8180560E
S1139BE09A4F8B5B9F4F20E1FC01208389819A81EE
S1139BF080569A4F8A5B9F4F22E1FC012083898122
S1139C009A8180569A4F895B9F4F23E1FC01208300
S1139C1089819A8180569A4F875B9F4F29E0FC0186
S1139C20208389819A8180569A4F865B9F4FFC01DD
S1139C30108289819A8180569A4F845B9F4F24E6D3
S1139C40FC01208389819A8180569A4F855B9F4FBE
S1139C502CE0FC01208389819A8180569A4F835B92
S1139C609F4FFC01108289819A8180519A4F9C01F7
S1139C7087E0EDE8F6E0D90101900D928A95E1F7CD
S1139C8089819A8180519A4FFC0112AA89819A8113
S1139C9080519A4F28EC30E0FC0134AB23AB89812E
S1139CA09A8180519A4F20E130E0FC0136AB25AB1C
S1139CB089819A8180519A4F20E530E0FC0130AFD0
S1139CC027AB89819A8180519A4F2CED30E0FC01B9
S1139CD032AF21AF89819A8180519A4F28E532E0D1
S1139CE0FC0134AF23AF89819A8180519A4F20E2DD
S1139CF033E0FC0136AF25AF89819A8180519A4FB8
S1139D00CF9628EE33E0FC013183208389819A8148
S1139D1080519A4F8F5B9F4F20E230E0FC013183EA
S1139D20208389819A8180519A4F8D5B9F4F24E0D3
S1139D30FC01208389819A8180519A4F8C5B9F4FCB
S1139D4023E0FC01208389819A8180519A4F8B5BA7
S1139D509F4F20E1FC01208389819A8180519A4F91
S1139D608A5B9F4F22E1FC01208389819A81805183
S1139D709A4F895B9F4F23E1FC01208389819A815B
S1139D8080519A4F875B9F4F2AE0FC012083898191
S1139D909A8180519A4F865B9F4FFC011082898182
S1139DA09A8180519A4F845B9F4F24E6FC01208363
S1139DB089819A8180519A4F855B9F4F2DE0FC01E8
S1139DC0208389819A8180519A4F835B9F4FFC0144
S1139DD0108289819A81805C994F9C018BE0E4E92F
S1139DE0F6E0D90101900D928A95E1F789819A8173
S1139DF0805C994F23E0FC0122AB89819A818057D2
S1139E00994F9C0186E0EFE9F6E0D90101900D92AB
S1139E108A95E1F789819A818057994FFC0112AAAA
S1139E2089819A818057994F2CED30E0FC0134AB45
S1139E3023AB89819A818057994F22E130E0FC015C
S1139E4036AB25AB89819A818057994F2AE530E05A
S1139E50FC0130AF27AB89819A818057994F2AEF53
S1139E6030E0FC0132AF21AF89819A818057994F4C
S1139E702CEB32E0FC0134AF23AF89819A81805707
S1139E80994F2BE633E0FC0136AF25AF89819A81E7
S1139E908057994FCF962AE134E0FC013183208327
S1139EA089819A818057994F8F5B9F4F24E230E0DC
S1139EB0FC013183208389819A818057994F8D5B7E
S1139EC09F4FFC01108289819A818057994F8C5B46
S1139ED09F4F24E0FC01208389819A818057994F08
S1139EE08B5B9F4F25E1FC01208389819A818057F8
S1139EF0994F8A5B9F4F27E1FC01208389819A81D6
S1139F008057994F895B9F4F28E1FC012083898109
S1139F109A818057994F875B9F4F2BE0FC012083E8
S1139F2089819A818057994F865B9F4FFC011082EB
S1139F3089819A818057994F845B9F4F26E9FC0160
S1139F40208389819A818057994F855B9F4F2EE0AA
S1139F50FC01208389819A818057994F835B9F4FAD
S1139F60FC01108289819A818052994F9C0187E07B
S1139F70E6E1F6E0D90101900D928A95E1F7898135
S1139F809A818052994F21E0FC0122AB89819A8108
S1139F90805D984F9C018EE0E5EAF6E0D9010190DE
S1139FA00D928A95E1F789819A81805D984FFC0131
S1139FB012AA89819A81805D984F2CED30E0FC01D2
S1139FC034AB23AB89819A81805D984F22E130E0E4
S1139FD0FC0136AB25AB89819A81805D984F2AE5D7
S1139FE030E0FC0130AF27AB89819A81805D984FC6
S1139FF02AEF30E0FC0132AF21AF89819A81805D84
S113A000984F2CEB32E0FC0134AF23AF89819A8165
S113A010805D984F2BE633E0FC0136AF25AF898194
S113A0209A81805D984FCF962AE134E0FC01318318
S113A030208389819A81805D984F8F5B9F4F24E2B2
S113A04030E0FC013183208389819A81805D984FBF
S113A0508D5B9F4FFC01108289819A81805D984FAE
S113A0608C5B9F4F24E0FC01208389819A81805D71
S113A070984F8B5B9F4F25E1FC01208389819A8156
S113A080805D984F8A5B9F4F27E1FC012083898183
S113A0909A81805D984F895B9F4F28E1FC01208362
S113A0A089819A81805D984F875B9F4F2CE0FC01EA
S113A0B0208389819A81805D984F865B9F4FFC0144
S113A0C0108289819A81805D984F845B9F4F26E935
S113A0D0FC01208389819A81805D984F855B9F4F25
S113A0E02FE0FC01208389819A81805D984F835BF6
S113A0F09F4FFC01108289819A818058984F9C015E
S113A1008FE0E3EBF6E0D90101900D928A95E1F737
S113A11089819A818058984FFC0112AA89819A8179
S113A1208058984F20EF30E0FC0134AB23AB898199
S113A1309A818058984F24E130E0FC0136AB25AB7E
S113A14089819A818058984F24E630E0FC0130AF31
S113A15027AB89819A818058984F2CE231E0FC0129
S113A16032AF21AF89819A818058984F2EEE32E028
S113A170FC0134AF23AF89819A818058984F2DE92F
S113A18033E0FC0136AF25AF89819A818058984F1E
S113A190CF962CE434E0FC013183208389819A81B9
S113A1A08058984F8F5B9F4F28E230E0FC01318349
S113A1B0208389819A818058984F8D5B9F4FFC0141
S113A1C0108289819A818058984F8C5B9F4F24E03C
S113A1D0FC01208389819A818058984F8B5B9F4F23
S113A1E025E1FC01208389819A818058984F8A5BFC
S113A1F09F4F27E1FC01208389819A818058984FE1
S113A200895B9F4F28E1FC01208389819A818058D2
S113A210984F875B9F4F2DE0FC01208389819A81B1
S113A2208058984F865B9F4FFC01108289819A81E8
S113A2308058984F845B9F4F26E9FC0120838981D5
S113A2409A818058984F855B9F4F20E1FC012083C1
S113A25089819A818058984F835B9F4FFC011082BB
S113A26089819A818053984F9C018AE0E2ECF6E060
S113A270D90101900D928A95E1F789819A818053E1
S113A280984F27E0FC0122AB89819A818053984F33
S113A29028EC30E0FC0134AB23AB89819A818053F4
S113A2A0984F29E130E0FC0136AB25AB89819A81D6
S113A2B08053984F22E330E0FC0130AF27AB898113
S113A2C09A818053984F24E630E0FC0132AF21AFED
S113A2D089819A818053984F28EC30E0FC0134AF97
S113A2E023AF89819A818053984F8D5B9F4F21E0E2
S113A2F0FC01208389819A818053984F8C5B9F4F06
S113A30028E0FC01208389819A818053984F8B5BDC
S113A3109F4F25E0FC01208389819A818053984FC7
S113A3208A5B9F4F2FE0FC01208389819A818053AF
S113A330984F895B9F4F29E1FC01208389819A8191
S113A3408053984F885B9F4F23E2FC0120838981CF
S113A3509A818053984F855B9F4F21E1FC012083B4
S113A36089819A818053984F835B9F4FFC011082AF
S113A37089819A81805E974F9C0189E0ECECF6E03C
S113A380D90101900D928A95E1F789819A81805EC5
S113A390974FFC0112AA89819A81805E974F24E02D
S113A3A031E0FC0134AB23AB89819A81805E974F05
S113A3B026E130E0FC0136AB25AB89819A81805ED1
S113A3C0974F2EE630E0FC0130AF27AB89819A81AC
S113A3D0805E974F2AE431E0FC0132AF21AF8981DE
S113A3E09A81805E974F20E233E0FC0134AF23AFC3
S113A3F089819A81805E974F2FEC33E0FC0136AF60
S113A40025AF89819A81805E974FCF962EE734E0FD
S113A410FC013183208389819A81805E974F8F5B11
S113A4209F4F2CE230E0FC013183208389819A81A3
S113A430805E974F8D5B9F4FFC01108289819A81CA
S113A440805E974F8C5B9F4F25E0FC0120838981C0
S113A4509A81805E974F8B5B9F4F2AE1FC0120839A
S113A46089819A81805E974F8A5B9F4F2BE1FC0123
S113A470208389819A81805E974F895B9F4F2DE16C
S113A480FC01208389819A81805E974F875B9F4F6F
S113A4902EE0FC01208389819A81805E974F865B40
S113A4A09F4FFC01108289819A81805E974F845B63
S113A4B09F4F26E9FC01208389819A81805E974F12
S113A4C0855B9F4F22E1FC01208389819A81805E14
S113A4D0974F835B9F4FFC01108289819A81805939
S113A4E0974F9C0189E0E5EDF6E0D90101900D92CA
S113A4F08A95E1F789819A818059974FFC0112AAC4
S113A50089819A818059974F24E031E0FC0134AB72
S113A51023AB89819A818059974F26E130E0FC0171
S113A52036AB25AB89819A818059974F2EE630E06E
S113A530FC0130AF27AB89819A818059974F2AE477
S113A54031E0FC0132AF21AF89819A818059974F64
S113A55020E233E0FC0134AF23AF89819A81805932
S113A560974F2FEC33E0FC0136AF25AF89819A81F8
S113A5708059974FCF962EE734E0FC013183208336
S113A58089819A818059974F8F5B9F4F2CE230E0ED
S113A590FC013183208389819A818059974F8D5B97
S113A5A09F4FFC01108289819A818059974F8C5B5F
S113A5B09F4F25E0FC01208389819A818059974F20
S113A5C08B5B9F4F2AE1FC01208389819A8180590A
S113A5D0974F8A5B9F4F2BE1FC01208389819A81ED
S113A5E08059974F895B9F4F2DE1FC01208389811E
S113A5F09A818059974F875B9F4F2FE0FC012083FE
S113A60089819A818059974F865B9F4FFC01108204
S113A61089819A818059974F845B9F4F26E9FC0179
S113A620208389819A818059974F855B9F4F23E1CD
S113A630FC01208389819A818059974F835B9F4FC6
S113A640FC01108289819A818054974F9C018BE090
S113A650EEEDF6E0D90101900D928A95E1F789813A
S113A6609A818054974F26E0FC0122AB89819A811C
S113A6708054974F26E930E0FC0134AB23AB898149
S113A6809A818054974F8D5B9F4F22E0FC01208379
S113A69089819A818054974F8C5B9F4F28E0FC01FD
S113A6A0208389819A818054974F855B9F4F24E151
S113A6B0FC01208389819A818054974F835B9F4F4B
S113A6C0FC01108289819A81805F964F9C0189E008
S113A6D0E9EEF6E0D90101900D928A95E1F78981BE
S113A6E09A81805F964FFC0112AA89819A81805FCA
S113A6F0964F28E131E0FC0134AB23AB89819A8188
S113A700805F964F28E130E0FC0136AB25AB8981B0
S113A7109A81805F964F28E730E0FC0130AF27AB89
S113A72089819A81805F964F28E631E0FC0132AF3F
S113A73021AF89819A81805F964F22E533E0FC0145
S113A74034AF23AF89819A81805F964F21E034E052
S113A750FC0136AF25AF89819A81805F964FCF96F1
S113A76020EB34E0FC013183208389819A81805F6E
S113A770964F8F5B9F4F20E330E0FC0131832083B1
S113A78089819A81805F964F8D5B9F4FFC01108277
S113A79089819A81805F964F8C5B9F4F25E0FC01F5
S113A7A0208389819A81805F964F8B5B9F4F2AE13A
S113A7B0FC01208389819A81805F964F8A5B9F4F39
S113A7C02BE1FC01208389819A81805F964F895B0C
S113A7D09F4F2DE1FC01208389819A81805F964FF0
S113A7E0875B9F4F20E1FC01208389819A81805FF0
S113A7F0964F865B9F4FFC01108289819A81805F0E
S113A800964F845B9F4F26E9FC01208389819A81BE
S113A810805F964F855B9F4F25E1FC0120838981F2
S113A8209A81805F964F835B9F4FFC0110828981E0
S113A8309A81805A964F9C0183E1E2EFF6E0D901B8
S113A84001900D928A95E1F789819A81805A964FF9
S113A85025E0FC0122AB89819A818055964F9C01A9
S113A86086E0E5E0F7E0D90101900D928A95E1F7E1
S113A87089819A818055964FFC0112AA89819A8117
S113A8808055964F2CE231E0FC0134AB23AB898137
S113A8909A818055964F2AE130E0FC0136AB25AB16
S113A8A089819A818055964F22E830E0FC0130AFCF
S113A8B027AB89819A818055964F26E831E0FC01C7
S113A8C032AF21AF89819A818055964F24E833E0D5
S113A8D0FC0134AF23AF89819A818055964F2CE4D3
S113A8E034E0FC0136AF25AF89819A818055964FBB
S113A8F0CF962BEF34E0FC013183208389819A8148
S113A9008055964F8F5B9F4F24E330E0FC013183E9
S113A910208389819A818055964F8D5B9F4FFC01DE
S113A920108289819A818055964F8C5B9F4F26E0D7
S113A930FC01208389819A818055964F8B5B9F4FC0
S113A9402FE1FC01208389819A818055964F8A5B8F
S113A9509F4F20E2FC01208389819A818055964F84
S113A960895B9F4F22E2FC01208389819A81805573
S113A970964F875B9F4F21E1FC01208389819A8157
S113A9808055964F865B9F4FFC01108289819A8186
S113A9908055964F845B9F4F28ECFC01208389816E
S113A9A09A818055964F855B9F4F26E1FC01208359
S113A9B089819A818055964F835B9F4FFC01108259
S113A9C089819A81965F9C018EE0EBE0F7E0D901E2
S113A9D001900D928A95E1F789819A81965FFC0135
S113A9E012AA89819A81965F2CE231E0FC0134AB92
S113A9F023AB89819A81965F2AE130E0FC0136AB72
S113AA0025AB89819A81965F22E830E0FC0130AF62
S113AA1027AB89819A81965F26E831E0FC0132AF49
S113AA2021AF89819A81965F24E833E0FC0134AF39
S113AA3023AF89819A81965F2CE434E0FC0136AF20
S113AA4025AF89819A81965FCF962BEF34E0FC0184
S113AA503183208389819A81965F8F5B9F4F24E3A2
S113AA6030E0FC013183208389819A81965F8D5B7C
S113AA709F4FFC01108289819A81965F8C5B9F4F66
S113AA8026E0FC01208389819A81965F8B5B9F4F2E
S113AA902FE1FC01208389819A81965F8A5B9F4F15
S113AAA020E2FC01208389819A81965F895B9F4F14
S113AAB022E2FC01208389819A81965F875B9F4F04
S113AAC022E1FC01208389819A81965F865B9F4FF6
S113AAD0FC01108289819A81965F845B9F4F28ECE8
S113AAE0FC01208389819A81965F855B9F4F27E1D2
S113AAF0FC01208389819A81965F835B9F4FFC01CF
S113AB00108289819A81805B954F9C0188E0EEE7F1
S113AB10F6E0D90101900D928A95E1F789819A8135
S113AB20805B954F21E0FC0122AB89819A8180569C
S113AB30954F9C018FE0E9E1F7E0D90101900D9276
S113AB408A95E1F789819A818056954FFC0112AA72
S113AB5089819A818056954F20E431E0FC0134AB21
S113AB6023AB89819A818056954F2CE130E0FC011A
S113AB7036AB25AB89819A818056954F26E930E022
S113AB80FC0130AF27AB89819A818056954F22EC26
S113AB9031E0FC0132AF21AF89819A818056954F13
S113ABA028EE33E0FC0134AF23AF89819A818056CB
S113ABB0954F20EB34E0FC0136AF25AF89819A81B3
S113ABC08056954FCF9628E735E0FC0131832083EA
S113ABD089819A818056954F8F5B9F4F28E330E09F
S113ABE0FC013183208389819A818056954F8D5B46
S113ABF09F4FFC01108289819A818056954F8C5B0E
S113AC009F4F26E0FC01208389819A818056954FCD
S113AC108B5B9F4F2FE1FC01208389819A818056B1
S113AC20954F8A5B9F4F20E2FC01208389819A81A2
S113AC308056954F895B9F4F22E2FC0120838981D6
S113AC409A818056954F875B9F4F23E1FC012083B7
S113AC5089819A818056954F865B9F4FFC011082B3
S113AC6089819A818056954F845B9F4F28ECFC0123
S113AC70208389819A818056954F855B9F4F28E177
S113AC80FC01208389819A818056954F835B9F4F75
S113AC90FC01108289819A818051954F9C018EE03C
S113ACA0E8E2F7E0D90101900D928A95E1F78981F4
S113ACB09A818051954F27E0FC0122AB89819A81CA
S113ACC08051954F28EC30E0FC0134AB23AB8981F3
S113ACD09A818051954F29E130E0FC0136AB25ABD8
S113ACE089819A818051954F22E330E0FC0130AF95
S113ACF027AB89819A818051954F24E630E0FC018D
S113AD0032AF21AF89819A818051954F28EC30E090
S113AD10FC0134AF23AF89819A818051954F8D5BBB
S113AD209F4FFC01108289819A818051954F8C5BE1
S113AD309F4F28E0FC01208389819A818051954F9F
S113AD408B5B9F4F25E0FC01208389819A81805190
S113AD50954F8A5B9F4F2FE0FC01208389819A8164
S113AD608051954F895B9F4F29E1FC0120838981A4
S113AD709A818051954F885B9F4F23E2FC01208389
S113AD8089819A818051954F855B9F4F29E1FC0110
S113AD90208389819A818051954F835B9F4FFC0169
S113ADA0108289819A81805C944F9C0187E0E6E15E
S113ADB0F6E0D90101900D928A95E1F789819A8193
S113ADC0805C944F21E0FC0122AB89819A818057F9
S113ADD0944F9C0186E0E6E3F7E0D90101900D92DF
S113ADE08A95E1F789819A818057944FFC0112AAD0
S113ADF089819A818057944F2EE531E0FC0134AB70
S113AE0023AB89819A818057944F23E230E0FC017F
S113AE1036AB25AB89819A818057944F2FEA30E075
S113AE20FC0130AF27AB89819A818057944F24EF7E
S113AE3031E0FC0132AF21AF89819A818057944F70
S113AE402CE434E0FC0134AF23AF89819A8180572C
S113AE50944F24E135E0FC0136AF25AF89819A8116
S113AE608057944FCF962CED35E0FC01318320833D
S113AE7089819A818057944F8F5B9F4F26E430E0FD
S113AE80FC013183208389819A818057944F8D5BA3
S113AE909F4FFC01108289819A818057944F8C5B6B
S113AEA09F4F27E0FC01208389819A818057944F2A
S113AEB08B5B9F4F25E2FC01208389819A81805717
S113AEC0944F8A5B9F4F27E2FC01208389819A81FA
S113AED08057944F895B9F4FFC01108289819A812E
S113AEE08057944F875B9F4F24E1FC012083898125
S113AEF09A818057944F865B9F4FFC011082898111
S113AF009A818057944F845B9F4F28ECFC012083E7
S113AF1089819A818057944F855B9F4F2AE1FC0178
S113AF20208389819A818057944F835B9F4FFC01D2
S113AF30108289819A818052944F9C018EE0ECE3C7
S113AF40F7E0D90101900D928A95E1F789819A8100
S113AF508052944F22E0FC0122AB89819A81805275
S113AF60944F24E630E0FC0134AB23AB89819A8111
S113AF70805D934F9C018EE0EAE4F7E0D9010190F3
S113AF800D928A95E1F789819A81805D934FFC0146
S113AF9012AA89819A81805D934F20E931E0FC01F6
S113AFA034AB23AB89819A81805D934F22E330E0F7
S113AFB0FC0136AB25AB89819A81805D934F28ECE7
S113AFC030E0FC0130AF27AB89819A81805D934FDB
S113AFD028E532E0FC0132AF21AF89819A81805D9E
S113AFE0934F28E735E0FC0134AF23AF89819A8180
S113AFF0805D934F24EA36E0FC0136AF25AF8981AA
S113B0009A81805D934FCF9620ED37E0FC01318328
S113B010208389819A81805D934F8F5B9F4F24E6C3
S113B02030E0FC013183208389819A81805D934FD4
S113B0308D5B9F4FFC01108289819A81805D934FC3
S113B0408C5B9F4F27E0FC01208389819A81805D7E
S113B050934F8B5B9F4F25E2FC01208389819A816A
S113B060805D934F8A5B9F4F25E2FC012083898199
S113B0709A81805D934F895B9F4F25E2FC01208379
S113B08089819A81805D934F885B9F4F27E2FC0101
S113B090208389819A81805D934F875B9F4F25E14F
S113B0A0FC01208389819A81805D934F865B9F4F49
S113B0B0FC01108289819A81805D934F845B9F4F4C
S113B0C028ECFC01208389819A81805D934F855B04
S113B0D09F4F2BE1FC01208389819A81805D934FEE
S113B0E0835B9F4FFC01108200000F900F90DF9153
S113B0F0CF910895CF93DF931F921F92CDB7DEB700
S113B1009A83898389819A81FC01108289819A8139
S113B110089621E0FC01208389819A81409627E0EA
S113B120FC01208389819A81409626E0FC012783D3
S113B13089819A814096FC01118289819A8148967D
S113B14023E0FC01208389819A81489622E330E040
S113B150FC013383228389819A81809628E0FC0153
S113B160208389819A81809627E2FC012683898144
S113B1709A81889627E0FC01208389819A818896A8
S113B18027E0FC01278389819A81C096FC01118202
S113B19089819A81C09627E0FC01208389819A8164
S113B1A0C09627E0FC01278389819A81C096FC011F
S113B1B0118289819A81C89628E0FC0120838981C3
S113B1C09A81C8962FE1FC01268389819A81805C4B
S113B1D09F4F28E0FC01208389819A81805C9F4FE6
S113B1E028E1FC01268389819A81885B9F4F28E0AE
S113B1F0FC01208389819A81885B9F4FFC01168220
S113B20089819A81805B9F4F28E0FC01208389819A
S113B2109A81805B9F4F29E1FC01268389819A8171
S113B220885A9F4F24E0FC01208389819A81885A9F
S113B2309F4F26E430E0FC013383228389819A8185
S113B240805A9F4F24E0FC01208389819A81805A8F
S113B2509F4F2CE830E0FC013383228389819A815B
S113B26088599F4F27E0FC01208389819A8188595E
S113B2709F4F2DEFFC01218389819A8180599F4F33
S113B28022E0FC01208389819A8180599F4F29E122
S113B29030E0FC013383228389819A8180599F4F56
S113B2A024E630E0FC013583248389819A8188581F
S113B2B09F4F25E0FC01208389819A8188589F4F04
S113B2C022E330E0FC013383228389819A81805810
S113B2D09F4F23E0FC01208389819A8180589F4FEE
S113B2E025E030E0FC013383228389819A818857E9
S113B2F09F4FFC01108289819A8180579F4F21E0E2
S113B300FC01208389819A8188569F4F22E0FC01A9
S113B310208389819A8188569F4F28E230E0FC017E
S113B3203383228389819A8188569F4F23E730E0B3
S113B330FC013583248389819A8180569F4F23E0C1
S113B340FC01208389819A8180569F4F24E630E056
S113B350FC013383228389819A8188559F4F23E09E
S113B360FC01208389819A8188559F4F22E330E034
S113B370FC013383228389819A8180559F4F23E086
S113B380FC01208389819A8180559F4F22E330E01C
S113B390FC013383228389819A8188549F4F26E05C
S113B3A0FC01208389819A8188549F4F2AE030E0F0
S113B3B0FC013383228389819A8180549F4F24E046
S113B3C0FC01208389819A8180549F4F24E630E0D8
S113B3D0FC013383228389819A8188539F4F24E01F
S113B3E0FC01208389819A8188539F4F2AE030E0B1
S113B3F0FC013383228389819A8180539F4F24E007
S113B400FC01208389819A8180539F4F22E330E09D
S113B410FC013383228389819A8188529F4F24E0DF
S113B420FC01208389819A8188529F4F24E630E071
S113B430FC013383228389819A8180529F4F24E0C7
S113B440FC01208389819A8180529F4F29E130E059
S113B450FC013383228389819A8188519F4F24E0A0
S113B460FC01208389819A8188519F4F24E130E037
S113B470FC013383228389819A8180519F4F24E088
S113B480FC01208389819A8180519F4F24E630E01A
S113B490FC013383228389819A8188509F4F24E061
S113B4A0FC01208389819A8188509F4F24E630E0F3
S113B4B0FC013383228389819A81939528E0FC01DE
S113B4C0208389819A819395FC01168289819A81CE
S113B4D0939528EC30E0FC013383228389819A819F
S113B4E0885F9E4F28E0FC01208389819A81885FD0
S113B4F09E4F20E2FC01268300000F900F90DF9105
S113B500CF910895CF93DF9300D01F92CDB7DEB7CC
S113B5109A8389837C836B832B813C8148EC429F93
S113B520C001439F900D11249C012A5E3E4F8981E6
S113B5309A81B9010E94636300000F900F900F90ED
S113B5400F90DF91CF9108950F931F93CF93DF93C3
S113B550CDB7DEB7EE970FB6F894DEBF0FBECDBF02
S113B56089AF6AAF4BAF2CAF1EAF0DAF18861F82E9
S113B5701A8619861B861C8619821E861D868BAD2B
S113B5808823F1F4109247080E9455638F709078D5
S113B590992324F40197806F9F6F01968093460846
S113B5A089AD882329F0809146088F5E80934608F0
S113B5B080914608882F90E0BC0188E498E0A2DFDF
S113B5C08CAD882309F4E2C380914608882F90E06B
S113B5D0880F991F880F991F880F991F2DAD3EADB5
S113B5E0820F931FFC018081882F90E0092E000CAC
S113B5F0AA0BBB0B40E050E028E030E0841B950B25
S113B6002817390708F4C0C3FC018827EE57FF4FF9
S113B6108F4FD9C78AAD282F30E04AE3429FC0013B
S113B620439F900D11248C5B964F2AE0FC012083EC
S113B6308AAD282F30E04AE3429FC001439F900D1A
S113B64011248B5B964F21E0FC0120838AAD282FC7
S113B65030E04AE3429FC001439F900D11248A5B6E
S113B660964FFC0110826AAD8AE00E945A388CC35E
S113B6708AAD282F30E04AE3429FC001439F900DDA
S113B6801124895B964F21E0FC0120837DC38AADA0
S113B690282F30E04AE3429FC001439F900D1124BC
S113B6A0885B964FFC018081482F50E080914608CA
S113B6B0882F90E0880F991F880F991F880F991F72
S113B6C02DAD3EAD820F931FFC0122813381429F39
S113B6D0C001439F900D529F900D112498878F8332
S113B6E08AAD282F30E04AE3429FC001439F900D6A
S113B6F01124875B964FFC018081482F50E0809194
S113B7004608882F90E0880F991F880F991F880F8B
S113B710991F2DAD3EAD820F931FFC01248135810D
S113B720429FC001439F900D529F900D1124988712
S113B7308F832F81388589859A85820F931F21E015
S113B740AC0160E08AAD46D31FC380914608882FC0
S113B75090E0880F991F880F991F880F991F2DADAE
S113B7603EAD820F931FFC018281938121E0AC01E5
S113B77060E08AAD2FD308C380914608882F90E0FB
S113B780880F991F880F991F880F991F2DAD3EAD03
S113B790820F931FFC018281938121E0AC016AAD89
S113B7A080E018D3F1C281E08A831DC09A818AADFA
S113B7B09817B1F080914608882F90E0880F991F60
S113B7C0880F991F880F991F2DAD3EAD820F931FCF
S113B7D0FC018281938121E0AC016A818AADFAD2B5
S113B7E08A818F5F8A83809106029A818917F0F695
S113B7F0CBC281E08B831DC09B818AAD9817B1F4C5
S113B80080914608882F90E0880F991F880F991F10
S113B810880F991F2DAD3EAD820F931FFC018281CD
S113B820938121E0AC016AAD8B81D4D28B818F5F8F
S113B8308B83809106029B818917F0F6A5C28091C3
S113B8404608882F90E0880F991F880F991F880F4A
S113B850991F2DAD3EAD820F931FFC01818188237A
S113B86039F18AAD282F30E04AE3429FC001439F5B
S113B870900D11248C5B964FFC0180818C87809104
S113B8804608882F90E0880F991F880F991F880F0A
S113B890991F2DAD3EAD820F931FFC018181982F1E
S113B8A08C85890F89836AAD89810E945A38B9C011
S113B8B08AAD282F30E04AE3429FC001439F900D98
S113B8C011248C5B964FFC0180818C878C858C8342
S113B8D088C08C818B879C818DEC989F812D11244D
S113B8E082958695877028E2829F802D1124F92FF6
S113B8F0F81B8F2F8F5F89836AAD89810E945A3824
S113B9008981882331F42AE048EC50E06AAD80E074
S113B91061D280E090E0A8ECB2E48F8B988FA98F7D
S113B920BA8F20E030E04AE755E46F89788D898D3D
S113B9309A8DC7D5DC01CB018B8F9C8FAD8FBE8FC9
S113B94020E030E040E85FE36B8D7C8D8D8D9E8D33
S113B9506AD488230CF438C020E03FEF4FE757E463
S113B9606B8D7C8D8D8D9E8DA8D518161CF520E0D1
S113B97030E040E251E46F89788D898D9A8DA1D5AC
S113B980DC01CB01BC01CD01BAD4DC01CB0198A30D
S113B9908F8F0BC080E991E00197F1F79AA389A3F7
S113B9A08F8D98A1019798A38F8F8F8D98A1892B44
S113B9B089F714C06B8D7C8D8D8D9E8DA0D4DC0198
S113B9C0CB0198A38F8F04C081E090E098A38F8F60
S113B9D08F8D98A10197F1F79CA38BA38C818F5F26
S113B9E08C8380914608882F90E0880F991F880FD8
S113B9F0991F880F991F2DAD3EAD820F931FFC0137
S113BA0047818C81282F30E050E5529FC001539F1D
S113BA10900D11248A55954FFC018081481709F037
S113BA2058CF8AAD282F30E04AE3429FC001439F9C
S113BA30900D11248C5B964F2981FC0120838AADE3
S113BA40282F30E04AE3429FC001439F900D112408
S113BA508C5B964FFC0180816AAD0E945A3894C178
S113BA608AAD282F30E04AE3429FC001439F900DE6
S113BA7011248C5B964FFC01408180914608882FED
S113BA8090E0880F991F880F991F880F991F2DAD7B
S113BA903EAD820F931FFC018681841708F0A9C074
S113BAA080914608882F90E0880F991F880F991F6E
S113BAB0880F991F2DAD3EAD820F931FFC0182812B
S113BAC0938188539F4F9E878D878AAD282F30E0BE
S113BAD04AE3429FC001439F900D11248C5B964F13
S113BAE0FC0180818D837AC09D818DEC989F812D8E
S113BAF0112482958695877028E2829F802D1124D7
S113BB00F92FF81B8F2F6AAD0E945A3880E090E01D
S113BB10A8ECB2E48F87988BA98BBA8B20E030E035
S113BB204AE755E46F85788989899A89CAD4DC0102
S113BB30CB018DA39EA3AFA3B8A720E030E040E8DB
S113BB405FE36DA17EA18FA198A56DD388230CF42A
S113BB5038C020E03FEF4FE757E46DA17EA18FA1ED
S113BB6098A5ABD418161CF520E030E040E251E46F
S113BB706F85788989899A89A4D4DC01CB01BC01B9
S113BB80CD01BDD3DC01CB019AA789A70BC080E905
S113BB9091E00197F1F79CA78BA789A59AA5019736
S113BBA09AA789A789A59AA5892B89F714C06DA19D
S113BBB07EA18FA198A5A3D3DC01CB019AA789A765
S113BBC004C081E090E09AA789A789A59AA5019766
S113BBD0F1F79EA78DA78D818F5F8D838D8189322B
S113BBE008F482CF8D859E852AE0AC016AAD80E0A1
S113BBF0F1D08AAD282F30E04AE3429FC001439F31
S113BC00900D11248C5B964FFC0180818E837AC049
S113BC109E818DEC989F812D112482958695877045
S113BC2028E2829F802D1124F92FF81B8F2F6AADF3
S113BC300E945A3880E090E0A8ECB2E48B8B9C8B95
S113BC40AD8BBE8B20E030E04AE755E46B897C89FC
S113BC508D899E8936D4DC01CB018FA798ABA9AB23
S113BC60BAAB20E030E040E85FE36FA578A989A98A
S113BC709AA9D9D288230CF438C020E03FEF4FE7CB
S113BC8057E46FA578A989A99AA917D418161CF5A1
S113BC9020E030E040E251E46B897C898D899E8903
S113BCA010D4DC01CB01BC01CD0129D3DC01CB01D3
S113BCB09CAB8BAB0BC080E991E00197F1F79EAB95
S113BCC08DAB8BA99CA901979CAB8BAB8BA99CA931
S113BCD0892B89F714C06FA578A989A99AA90FD3CC
S113BCE0DC01CB019CAB8BAB04C081E090E09CAB4E
S113BCF08BAB8BA99CA90197F1F798AF8FAB8E8181
S113BD008F5F8E8380914608882F90E0880F991F5B
S113BD10880F991F880F991F2DAD3EAD820F931F79
S113BD20FC0196818E81891708F472CF8AAD282F81
S113BD3030E080914608882F90E0880F991F880F83
S113BD40991F880F991F4DAD5EAD840F951FFC019F
S113BD5046815AE3529FC001539F900D11248C5B7E
S113BD60964FFC0140838AAD282F30E04AE3429F7E
S113BD70C001439F900D11248C5B964FFC01808180
S113BD806AAD0E945A38000081E019C080914708CA
S113BD90882371F46BAD88E498E00E94C70E809309
S113BDA0470848E557E060E080E00E947D0E06C049
S113BDB049E657E060E080E00E947D0E80E0EE9668
S113BDC00FB6F894DEBF0FBECDBFDF91CF911F91A8
S113BDD00F910895CF93DF93CDB7DEB72B970FB6AE
S113BDE0F894DEBF0FBECDBF8F8368875A8749871B
S113BDF02B878885882309F478C08F81882309F4E8
S113BE0074C08F81282F30E04AE3429FC001439FD2
S113BE10900D11248E5B964FFC0120813181898520
S113BE209A852817390708F45EC01A82198251C00E
S113BE308F81482F50E08F81282F30E06AE3629F82
S113BE40C001639F900D11248E5B964FFC012081ED
S113BE5031818B85882F90E0281B390B6AE3649F1E
S113BE60C001659F900D11248E5B964FFC013183B8
S113BE7020838885482F50E08885282F30E06AE3A6
S113BE80629FC001639F900D11248E5B964FFC014D
S113BE90208131818B85882F90E0280F391F6AE338
S113BEA0649FC001659F900D11248E5B964FFC0129
S113BEB0318320838091060260E179E00E94263D6F
S113BEC08B85882F90E029813A81820F931F9A8372
S113BED0898329813A8189859A852817390708F445
S113BEE0A7CF81E096C082E094C08885882309F0BA
S113BEF051C08F81282F30E04AE3429FC001439F05
S113BF00900D11248E5B964FFC012081318189852F
S113BF109A8528173907E0F11C821B8230C08F8173
S113BF20482F50E08F81282F30E06AE3629FC001E0
S113BF30639F900D11248E5B964FFC01208131810B
S113BF408B85882F90E0281B390B6AE3649FC0011E
S113BF50659F900D11248E5B964FFC0131832083E5
S113BF608091060260E179E00E94263D8B85882F4E
S113BF7090E02B813C81820F931F9C838B832B81C8
S113BF803C8189859A852817390748F281E041C0A8
S113BF9082E03FC08F818823E1F51E821D8230C07C
S113BFA08885482F50E08885282F30E06AE3629F17
S113BFB0C001639F900D11248E5B964FFC0120817C
S113BFC031818B85882F90E0280F391F6AE3649FA5
S113BFD0C001659F900D11248E5B964FFC01318347
S113BFE020838091060260E179E00E94263D8B85E2
S113BFF0882F90E02D813E81820F931F9E838D8335
S113C0002D813E8189859A852817390748F281E078
S113C01000C02B960FB6F894DEBF0FBECDBFDF91E4
S113C020CF910895CF93DF9300D01F92CDB7DEB7A1
S113C0309C838B838B819C81FC01108219820DC0AF
S113C0408981882F90E02B813C81820F931F019678
S113C050FC01108289818F5F898389818C3180F30F
S113C0608B819C81FC01168E158E8B819C81FC0139
S113C070178E8B819C818096FC0110821A8210C0DD
S113C0808B819C819C01205E3F4F8A81882F90E0A8
S113C090820F931F0196FC0110828A818F5F8A832D
S113C0A08A818C3168F38B819C818096FC01168E89
S113C0B0158E8B819C818096FC01178E00000F9059
S113C0C00F900F900F90DF91CF9108958CB58165FB
S113C0D08CBD8DB581608DBD0895E4ECF0E01182D6
S113C0E0108230EC3093C20028E12093C10090E02C
S113C0F091838083E4EDF0E0118210823093D200CA
S113C1002093D10091838083E4E3F1E011821082D3
S113C1103093320120933101918380830895CF932A
S113C120C82FD4DF8C2FD9DFCF9108958EBD0DB4E5
S113C13007FEFDCF08959091C00095FFFCCF80933A
S113C140C6008091C0008823E4F708959091C80048
S113C15095FFFCCF8093CE008091C8008823E4F73C
S113C16008959091D00095FFFCCF8093D6008091E4
S113C170D0008823E4F708959091300195FFFCCF17
S113C18080933601809130018823E4F7089581304B
S113C19049F028F0823049F0833051F00895862F19
S113C1A0CACF0895862FD2CF0895862FDACF089567
S113C1B0862FE2CF0895FC0182B18E7F82B981B1CE
S113C1C0816081B9F8942CE130E021C001900080B5
S113C1D007D0029005D001900190019001D016C0C3
S113C1E007D006D005D004D003D002D001D000C0BF
S113C1F0109A001C0000000008F0109800000000D5
S113C20000000000000008F4109808959A01A901A4
S113C21041505109232B09F0D9CF789480EB94E055
S113C2200197F1F70895D4D008F481E008950CD073
S113C2300AC102D140F0F9D030F021F45F3F19F087
S113C240EBC0511134C1EEC00FD198F39923C9F357
S113C2505523B1F3951B550BBB27AA276217730708
S113C260840738F09F5F5F4F220F331F441FAA1FBC
S113C270A9F333D00E2E3AF0E0E830D0915050407C
S113C280E695001CCAF729D0FE2F27D0660F771F2A
S113C290881FBB1F261737074807AB07B0E809F00C
S113C2A0BB0B802DBF01FF2793585F4F2AF09E3FA1
S113C2B0510568F0B1C0FBC05F3FECF3983EDCF37E
S113C2C0869577956795B795F7959F5FC9F7880F1A
S113C2D0911D9695879597F90895E1E0660F771F6C
S113C2E0881FBB1F621773078407BA0720F0621BFD
S113C2F0730B840BBA0BEE1F88F7E0950895BCD03E
S113C30088F09F5790F0B92F9927B751A0F0D1F03A
S113C310660F771F881F991F1AF0BA95C9F712C0C4
S113C320B13081F0C3D0B1E00895C0C0672F782F39
S113C3308827B85F39F0B93FCCF386957795679530
S113C340B395D9F73EF490958095709561957F4F9C
S113C3508F4F9F4F0895E89409C097FB3EF4909542
S113C3608095709561957F4F8F4F9F4F9923A9F0CA
S113C370F92F96E9BB279395F69587957795679559
S113C380B795F111F8CFFAF4BB0F11F460FF1BC09D
S113C3906F5F7F4F8F4F9F4F16C0882311F096E930
S113C3A011C0772321F09EE8872F762F05C06623DE
S113C3B071F096E8862F70E060E02AF09A95660F97
S113C3C0771F881FDAF7880F9695879597F9089550
S113C3D0990F0008550FAA0BE0E8FEEF1616170692
S113C3E0E807F907C0F012161306E407F50798F0FA
S113C3F0621B730B840B950B39F40A2661F0232B13
S113C400242B252B21F408950A2609F4A140A6958E
S113C4108FEF811D811D089597F99F6780E870E073
S113C42060E008959FEF80EC089500240A941616A6
S113C430170618060906089500240A94121613060E
S113C440140605060895092E0394000C11F488239C
S113C45052F0BB0F40F4BF2B11F460FF04C06F5FB8
S113C4607F4F8F4F9F4F089557FD9058440F551F8E
S113C47059F05F3F71F04795880F97FB991F61F062
S113C4809F3F79F087950895121613061406551FD9
S113C490F2CF4695F1DF08C0161617061806991F45
S113C4A0F1CF86957105610508940895E894BB273A
S113C4B066277727CB0197F908958ADF08F48FEF71
S113C4C008950BD0C0CFB1DF28F0B6DF18F0952364
S113C4D009F0A2CFA7CF1124EACFC6DFA0F3959F1E
S113C4E0D1F3950F50E0551F629FF001729FBB2757
S113C4F0F00DB11D639FAA27F00DB11DAA1F649F03
S113C5006627B00DA11D661F829F2227B00DA11DB5
S113C510621F739FB00DA11D621F839FA00D611D3B
S113C520221F749F3327A00D611D231F849F600D5C
S113C530211D822F762F6A2F11249F5750408AF095
S113C540E1F088234AF0EE0FFF1FBB1F661F771F21
S113C550881F91505040A9F79E3F510570F05CCF61
S113C560A6CF5F3FECF3983EDCF38695779567950D
S113C570B795F795E7959F5FC1F7FE2B880F911D3F
S113C5809695879597F90895991B79E004C0991FAA
S113C590961708F0961B881F7A95C9F78095089519
S113C5A097FB072E16F4009406D077FD08D022D00E
S113C5B007FC05D03EF4909581959F4F08957095A2
S113C5C061957F4F0895EE0FFF1F881F8BBF079063
S113C5D0F691E02D1994A29FB001B39FC001A39FCF
S113C5E0700D811D1124911DB29F700D811D1124A8
S113C5F0911D0895AA1BBB1B51E107C0AA1FBB1FB5
S113C600A617B70710F0A61BB70B881F991F5A95DA
S113C610A9F780959095BC01CD0108958F929F92C2
S113C620AF92BF92CF92DF92EF92FF92CF93DF93BC
S113C630EC01688179818A819B816115710581058D
S113C640910521F464E279ED8BE597E02DE133EF78
S113C65041E050E029D349015A019B01AC01A7EA0A
S113C660B1E43ED36B017C01ACEEB4EFA5019401BF
S113C67043D3DC01CB018C0D9D1DAE1DBF1DB7FF47
S113C68003C00197A109B04888839983AA83BB8317
S113C6909F77DF91CF91FF90EF90DF90CF90BF9085
S113C6A0AF909F908F900895B9CF80E092E0B6CF7D
S113C6B0A0E0B0E08093000290930102A0930202F4
S113C6C0B09303020895FB01DC0105900D92002054
S113C6D0E1F70895FB01DC014150504048F001901E
S113C6E00D920020C9F701C01D9241505040E0F75F
S113C6F008950F931F93CF93DF93CDB7DEB72E9793
S113C7000FB6F894DEBF0FBECDBF0E891F8986E039
S113C7108C831A8309838FEF9FE79E838D83AE01F9
S113C720465E5F4F688D798DCE01019610D0EF8102
S113C730F885E00FF11F10822E960FB6F894DEBF35
S113C7400FBECDBFDF91CF911F910F9108952F920E
S113C7503F924F925F926F927F928F929F92AF928D
S113C760BF92CF92DF92EF92FF920F931F93CF93DA
S113C770DF93CDB7DEB72B970FB6F894DEBF0FBEAD
S113C780CDBF6C017B018A01FC0117821682838173
S113C79081FFBFC1CE0101963C01F6019381F701EF
S113C7A093FD859193FF81917F01882309F4ADC1A5
S113C7B0853239F493FD859193FF81917F01853210
S113C7C021F4B60190E0D6D1E8CF912C212C312C64
S113C7D0FFE1F315D8F08B3279F038F4803279F038
S113C7E08332A1F4232D20611DC08D3261F080338A
S113C7F069F4232D216016C0832D8260382EE32D29
S113C800E4603E2E2AC0F32DF8601DC037FC2DC015
S113C81020ED280F2A3040F08E32B9F436FC75C171
S113C820232D2064322E19C036FE06C08AE0989E5D
S113C830200D1124922E11C0EAE02E9E200D112409
S113C840222EF32DF0623F2E08C08C3621F4832D66
S113C8508068382E02C0883641F4F70193FD859133
S113C86093FF81917F018111B3CF982F9F7D9554C0
S113C870933028F40C5F1F4F9FE399830DC08336D8
S113C88031F0833771F0833509F055C020C0F801C9
S113C890808189830E5F1F4F88248394912C5301D8
S113C8A012C02801F2E04F0E511CF801A080B180A3
S113C8B036FE03C0692D70E002C06FEF7FEFC50143
S113C8C04ED14C018201F32DFF773F2E15C0280174
S113C8D022E0420E511CF801A080B18036FE03C054
S113C8E0692D70E002C06FEF7FEFC5012DD14C01BF
S113C8F0F32DF0683F2E820133FC19C0822D90E0A5
S113C90088169906A0F4B60180E290E033D12A9407
S113C910F5CFF50137FC859137FE81915F01B601B2
S113C92090E028D121102A9421E0821A91088114E0
S113C930910479F7E1C0843611F0893639F5F801AC
S113C94037FE07C060817181828193810C5F1F4F24
S113C95008C060817181072E000C880B990B0E5F53
S113C9601F4FF32DFF763F2E97FF09C090958095BA
S113C970709561957F4F8F4F9F4FF0683F2E2AE04F
S113C98030E0A30133D1882E861844C0853731F4B2
S113C990232D2F7EB22E2AE030E025C0932D997FDF
S113C9A0B92E8F36C1F018F4883579F0AEC08037CF
S113C9B019F0883721F0A9C0E92FE061BE2EB4FE3A
S113C9C00DC0FB2DF460BF2E09C034FE0AC0292F10
S113C9D02660B22E06C028E030E005C020E130E039
S113C9E002C020E132E0F801B7FE07C06081718126
S113C9F0828193810C5F1F4F06C06081718180E04A
S113CA0090E00E5F1F4FA301F1D0882E8618FB2DF6
S113CA10FF773F2E36FE0DC0232D2E7FA22E8914C4
S113CA2058F434FE0BC032FC09C0832D8E7EA82E30
S113CA3005C0B82CA32C03C0B82C01C0B92CA4FE8B
S113CA400FC0FE01E80DF11D8081803321F49A2D81
S113CA50997EA92E09C0A2FE06C0B394B39404C063
S113CA608A2D867809F0B394A3FC10C0A0FE06C0FA
S113CA70B21480F4280C922C9B180DC0B21458F4F4
S113CA80B60180E290E076D0B394F8CFB21418F4F3
S113CA902B1802C0982C212CA4FE0FC0B60180E3F1
S113CAA090E068D0A2FE16C0A1FC03C088E790E025
S113CAB002C088E590E0B6010CC08A2D867851F05A
S113CAC0A1FE02C08BE201C080E2A7FC8DE2B601A8
S113CAD090E050D0891430F4B60180E390E04AD05D
S113CAE09A94F8CF8A94F301E80DF11D8081B60180
S113CAF090E040D08110F6CF222009F44ECEB6014A
S113CB0080E290E037D02A94F7CFF60186819781AE
S113CB1002C08FEF9FEF2B960FB6F894DEBF0FBEC7
S113CB20CDBFDF91CF911F910F91FF90EF90DF90D8
S113CB30CF90BF90AF909F908F907F906F905F90B9
S113CB404F903F902F900895FC01059061507040E4
S113CB500110D8F7809590958E0F9F1F0895FC01C2
S113CB606150704001900110D8F7809590958E0F18
S113CB709F1F08950F931F93CF93DF93FB0123818E
S113CB8021FD03C08FEF9FEF2CC022FF16C046810A
S113CB905781248135814217530744F4A081B18120
S113CBA09D012F5F3F4F318320838C9326813781F2
S113CBB02F5F3F4F3783268314C08B01EC01FB01A9
S113CBC00084F185E02D1995892BE1F6D80116969C
S113CBD08D919C911797019617969C938E93169717
S113CBE0CE01DF91CF911F910F910895FA01AA27E9
S113CBF0283051F1203181F1E8946F936E7F6E5F9C
S113CC007F4F8F4F9F4FAF4FB1E03ED0B4E03CD049
S113CC10670F781F891F9A1FA11D680F791F8A1F2C
S113CC20911DA11D6A0F711D811D911DA11D20D093
S113CC3009F468943F912AE0269F11243019305D4D
S113CC403193DEF6CF010895462F4770405D41933E
S113CC50B3E00FD0C9F7F6CF462F4F70405D4A338B
S113CC6018F0495D31FD4052419302D0A9F7EACF53
S113CC70B4E0A6959795879577956795BA95C9F782
S113CC8000976105710508959B01AC010A2E069475
S113CC905795479537952795BA95C9F7620F731F2E
S113CCA0841F951FA01D0895052E97FB16F400946C
S113CCB00FD057FD05D024D007FC02D046F408C09D
S113CCC050954095309521953F4F4F4F5F4F0895B4
S113CCD090958095709561957F4F8F4F9F4F0895E4
S113CCE07ADCA59F900DB49F900DA49F800D911D9B
S113CCF011240895B7FFF4CFF3DF821B930B08953B
S113CD00A1E21A2EAA1BBB1BFD010DC0AA1FBB1F4B
S113CD10EE1FFF1FA217B307E407F50720F0A21BBD
S113CD20B30BE40BF50B661F771F881F991F1A942A
S113CD3069F760957095809590959B01AC01BD0154
S10BCD40CF010895F894FFCF20
S113CD48010000000101023F065B4F666D7D077F0D
S113CD586F0080391C526974380F01065370696575
S113CD686C6572203100537069656C6572203200FD
S113CD78537069656C6572203300537069656C651E
S113CD88722034002020202020204C4344202020DE
S113CD98202020200020496E697469616C697369D8
S113CDA8657274202000537069656C6572617573CF
S113CDB87761686C00082D203220537069656C65B2
S113CDC87220202B7E007765697465722054617324
S113CDD874652053002575002020202020205370DE
S113CDE869656C65722020200020202053746172CC
S113CDF87467656C642020202000207769726420A1
S113CE087665727465696C74202000202020537044
S113CE1869656C657220582020202000202020207D
S113CE28779A7266656C74202020200020777565D7
S113CE387266656C6E2041202F204220002020203D
S113CE48537069656C6572202020202020002077AB
S113CE589A7266656C6E2041202F20422000776507
S113CE6869746572204320206D6568722053002020
S113CE782062657A61686C652020202020202000CB
S113CE88616E20537069656C65722020203D3E58A0
S113CE9800616E206469652042616E6B20203D3E0E
S113CEA858002020204475206269737420696D201D
S113CEB820200020202020576F726B73686F702029
S113CEC820202000467265696B6172746520583DA4
S113CED84A4120200076657277656E64656E205934
S113CEE83D4E45494E002020506173636820202040
S113CEF8583D4A41202000579A7266656C6E20207E
S113CF0820593D4E45494E002050617363682020E6
S113CF182020583D4A412020002020203530202060
S113CF28202020583D4A4120200042657A61686CDF
S113CF38656E2020593D4E45494E00202020202072
S113CF4820202020202020202020200020202020F5
S113CF58205A61686C756E672020202000202020EC
S113CF684572666F6C6772656963682020002046A5
S113CF7865686C67657363686C6167656E2000201B
S113CF88202052756E64656E20583D4A4120200069
S113CF98202077617274656E2020593D4E45494EB4
S113CFA800202020202050415343482020202020C6
S113CFB820002020204B45494E205041534348200F
S113CFC82020002020579A7266656C6E2041202F1D
S113CFD82042202000579A7266656C73756D6D65E2
S113CFE8207820202000205645525354454947456F
S113CFF852554E4720200062696574656E2058209A
S113D008736F6E7374205900205645525354454922
S113D0184745525420616E200020202020206E694C
S113D0286368742020202020002020205645525375
S113D03854454947455254202000024162626175B3
S113D048656E2020426175656E010043207A757211
S113D0589A636B7C7765697465727E00202020561C
S113D068657277616C74756E67202020002020201B
S113D0782020426175656E3F20202020200020205A
S113D08820204879706F7468656B20202020002068
S113D09820202048616E64656C6E202020202000CA
S113D0A8014879702E7C4879702E6175666C2E0261
S113D0B80001060B10151A1F256B617566656E3F16
S113D0C8203C3D4E203E3D4A0020202020776569C3
S113D0D874657220432020202000532048616E6428
S113D0E8656C7C7765697465727E00F401F401648B
S113D0F800640064006400320014000A000A000599
S113D108000100010001000100010045696E67612A
S113D1186E677368616C6C65004B616E7A6C6569E7
S113D128310056656C6F6B656C6C6572004C617090
S113D138746F706765629A6872005A65756768618A
S113D148757373747261737365005261756368658E
S113D158727A656C74004368616E6365005061752A
S113D16873656E7261756D004761726465726F6292
S113D1786500476566846E676E69730048657272F8
S113D188656E20574300496E666F726D6174696BF2
S113D1986469656E73740046726175656E205743E1
S113D1A8004C656872657220574300466F746F7A45
S113D1B8656E7472756D0042465320504D004B6184
S113D1C86E7A6C65690042465320415500424653C5
S113D1D820454B00467265697061726B656E004745
S113D1E8412041550050726F64756B74696F6E20ED
S113D1F84155004D6563686174722E204C61626FFD
S113D2087200546563686E696B756D004C6167657F
S113D2187220504D004C616765722041550050756D
S113D228747A6469656E7374004C6167657220452D
S113D2384B0047656820696E732047656661656EB3
S113D248676E697300474120454B0050726F6475DF
S113D2586B74696F6E20454B00456E747769636B18
S113D2686C756E6720454B00476577657262657318
S113D2786368756C6500474120504D0053636875B9
S113D2886C6D6174657269616C0050726F64756B62
S113D29874696F6E20504D0058204F4B2020202079
S113D2A8205765697465727E0058204F4B202020F2
S10DD2B82020202020202020200048
S9030000FC
