:100000000C94DF0D0C94FF0D0C94FF0D0C94FF0D60
:100010000C94FF0D0C94FF0D0C94FF0D0C94FF0D30
:100020000C94FF0D0C94FF0D0C94FF0D0C94FF0D20
:100030000C94FF0D0C94FF0D0C94FF0D0C94FF0D10
:100040000C94FF0D0C949E4B0C94FF0D0C94FF0D23
:100050000C94FF0D0C94FF0D0C94FF0D0C94FF0DF0
:100060000C94FF0D0C94FF0D0C94FF0D0C94FF0DE0
:100070000C94FF0D0C94FF0D0C94FF0D0C94FF0DD0
:100080000C94FF0D0C94FF0D0C94FF0D0C94FF0DC0
:100090000C94FF0D0C94FF0D0C94FF0D0C94FF0DB0
:1000A0000C94FF0D0C94FF0D0C94FF0D0C94FF0DA0
:1000B0000C94FF0D0C94FF0D0C94FF0D0C94FF0D90
:1000C0000C94FF0D0C94FF0D0C94FF0D0C94FF0D80
:1000D0000C94FF0D0C94FF0D0C94FF0D0C94FF0D70
:1000E0000C94FF0D8F1FCE203F23BA311A362436D1
:1000F0000337CC3901278526BB28A531D22AE92F21
:100100000230552913645D6D8B645D6D3E65C1667B
:100110005067B768396A106A3C6D86689B6EAC6E32
:10012000B66ED76EE06EFD6E186F1F6F816F4F6CED
:1001300069206D61672064696368202020206E69F2
:100140006368742E20202020202020202020476556
:100150006865207A756D2020202020202020576F90
:10016000726B73686F7000000000000000000000F8
:10017000000000000000000000000000000000007F
:10018000000000000000000000000000000000006F
:10019000000000000000000000000000000000005F
:1001A000000000000000000000000000000000004F
:1001B000000000000000000000000000000000003F
:1001C000000000000000000000000000000000002F
:1001D000000000000000000000000000000000001F
:1001E000000000000000000000000000000000000F
:1001F000000000000000467265696B617274650062
:1002000000000000000000000000000000000000EE
:1002100000000000000000000000000000000000DE
:1002200000000000000000000000000000000000CE
:1002300000000000000000000000000000000000BE
:1002400000000000000000000000000000000000AE
:10025000000000000000000000000000000000009E
:10026000000000000000000000000000000000008E
:10027000000000000000000000000000000000007E
:10028000000000000000000000000000000000006E
:10029000000000000000000000000000000000005E
:1002A000000000000000000000000000000000004E
:1002B0000000000000000000000000000000529A52
:1002C000636B6520766F72206269732020207A75D7
:1002D0006D204E8463687374656E202020205765FE
:1002E000726B000000000000000000000000000031
:1002F00000000000000000000000000000000000FE
:1003000000000000000000000000000000000000ED
:1003100000000000000000000000000000000000DD
:1003200000000000000000000000000000000000CD
:1003300000000000000000000000000000000000BD
:1003400000000000000000000000000000000000AD
:10035000000000000000000000000000000000009D
:10036000000000000000000000000000000000008D
:10037000000000000000000000000000000000007D
:1003800000000000000044752068617374207A75D5
:10039000207669656C65416273656E7A656E2020B2
:1003A0002020202020205A61686C65203530000014
:1003B000000000000000000000000000000000003D
:1003C000000000000000000000000000000000002D
:1003D000000000000000000000000000000000001D
:1003E000000000000000000000000000000000000D
:1003F00000000000000000000000000000000000FD
:1004000000000000000000000000000000000000EC
:1004100000000000000000000000000000000000DC
:1004200000000000000000000000000000000000CC
:1004300000000000000000000000000000000000BC
:100440000000000000000000000000000000529AC0
:10045000636B6520766F72206269732020207A7545
:10046000722050726F64756B74696F6E2020506FCC
:100470006C796D656368616E696B65720000000080
:10048000000000000000000000000000000000006C
:10049000000000000000000000000000000000005C
:1004A000000000000000000000000000000000004C
:1004B000000000000000000000000000000000003C
:1004C000000000000000000000000000000000002C
:1004D000000000000000000000000000000000001C
:1004E000000000000000000000000000000000000C
:1004F00000000000000000000000000000000000FC
:1005000000000000000000000000000000000000EB
:100510000000000000005A6965686520766F72204F
:100520006269732020207A7572206E846368737408
:10053000656E2020202048616C74657374656C6C56
:100540006500000000000000000000000000000046
:10055000000000000000000000000000000000009B
:10056000000000000000000000000000000000008B
:10057000000000000000000000000000000000007B
:10058000000000000000000000000000000000006B
:10059000000000000000000000000000000000005B
:1005A000000000000000000000000000000000004B
:1005B000000000000000000000000000000000003B
:1005C000000000000000000000000000000000002B
:1005D00000000000000000000000000000005A6958
:1005E00065686520766F72206269732020207A75B5
:1005F00072206E8463687374656E202020204861C9
:100600006C74657374656C6C65000000000000001C
:1006100000000000000000000000000000000000DA
:1006200000000000000000000000000000000000CA
:1006300000000000000000000000000000000000BA
:1006400000000000000000000000000000000000AA
:10065000000000000000000000000000000000009A
:10066000000000000000000000000000000000008A
:10067000000000000000000000000000000000007A
:10068000000000000000000000000000000000006A
:10069000000000000000000000000000000000005A
:1006A0000000000000005A6965686520766F7220BE
:1006B0006269732020204772756E64617573626988
:1006C0006C64756E6720456C656B74726F6E696BD8
:1006D0006572000000000000000000000000000043
:1006E000000000000000000000000000000000000A
:1006F00000000000000000000000000000000000FA
:1007000000000000000000000000000000000000E9
:1007100000000000000000000000000000000000D9
:1007200000000000000000000000000000000000C9
:1007300000000000000000000000000000000000B9
:1007400000000000000000000000000000000000A9
:100750000000000000000000000000000000000099
:1007600000000000000000000000000000005A69C6
:1007700065686520766F72206269732020204D6560
:1007800063686174726F6E696B20202020204C6159
:10079000626F720000000000000000000000000016
:1007A0000000000000000000000000000000000049
:1007B0000000000000000000000000000000000039
:1007C0000000000000000000000000000000000029
:1007D0000000000000000000000000000000000019
:1007E0000000000000000000000000000000000009
:1007F00000000000000000000000000000000000F9
:1008000000000000000000000000000000000000E8
:1008100000000000000000000000000000000000D8
:1008200000000000000000000000000000000000C8
:10083000000000000000529A636B6520766F722002
:1008400061756620202053746172740000000000FE
:100850000000000000000000000000000000000098
:100860000000000000000000000000000000000088
:100870000000000000000000000000000000000078
:100880000000000000000000000000000000000068
:100890000000000000000000000000000000000058
:1008A0000000000000000000000000000000000048
:1008B0000000000000000000000000000000000038
:1008C0000000000000000000000000000000000028
:1008D0000000000000000000000000000000000018
:1008E0000000000000000000000000000000000008
:1008F000000000000000000000000000000048654B
:1009000075746520496E666F726D696572744968A9
:10091000722065756368209A626572202020537486
:10092000756469656E67846E676520202020529A21
:10093000636B6520766F7220626973202020546596
:1009400063686E696B756D000000000000000000B8
:100950000000000000000000000000000000000097
:100960000000000000000000000000000000000087
:100970000000000000000000000000000000000077
:100980000000000000000000000000000000000067
:100990000000000000000000000000000000000057
:1009A0000000000000000000000000000000000047
:1009B0000000000000000000000000000000000037
:1009C00000000000000045732069737420646572A4
:1009D0002032352E2020447520657268846C747333
:1009E0007420202020206465696E656E204C6F683D
:1009F0006E2E20766F6E3730000000000000000081
:100A000000000000000000000000000000000000E6
:100A100000000000000000000000000000000000D6
:100A200000000000000000000000000000000000C6
:100A300000000000000000000000000000000000B6
:100A400000000000000000000000000000000000A6
:100A50000000000000000000000000000000000096
:100A60000000000000000000000000000000000086
:100A70000000000000000000000000000000000076
:100A800000000000000000000000000000004573AE
:100A900020697374206465722032352E20204475DD
:100AA00020657268846C7473742020202020646533
:100AB000696E656E204C6F686E2E20766F6E3134D5
:100AC00030000000000000000000000000000000F6
:100AD0000000000000000000000000000000000016
:100AE0000000000000000000000000000000000006
:100AF00000000000000000000000000000000000F6
:100B000000000000000000000000000000000000E5
:100B100000000000000000000000000000000000D5
:100B200000000000000000000000000000000000C5
:100B300000000000000000000000000000000000B5
:100B400000000000000000000000000000000000A5
:100B50000000000000004765686520332046656C92
:100B60006465722020207A75729A636B0000000021
:100B70000000000000000000000000000000000075
:100B80000000000000000000000000000000000065
:100B90000000000000000000000000000000000055
:100BA0000000000000000000000000000000000045
:100BB0000000000000000000000000000000000035
:100BC0000000000000000000000000000000000025
:100BD0000000000000000000000000000000000015
:100BE0000000000000000000000000000000000005
:100BF00000000000000000000000000000000000F5
:100C000000000000000000000000000000000000E4
:100C1000000000000000000000000000000044751B
:100C20002072656E6F76696572737420202064652A
:100C3000696E6520204884757365722020205A6192
:100C4000686C6520669A72206A65646573204861E5
:100C5000757320323520756E6420669A72206A653D
:100C600064657320486F74656C203130300000007B
:100C70000000000000000000000000000000000074
:100C80000000000000000000000000000000000064
:100C90000000000000000000000000000000000054
:100CA0000000000000000000000000000000000044
:100CB0000000000000000000000000000000000034
:100CC0000000000000000000000000000000000024
:100CD0000000000000000000000000000000000014
:100CE000000000000000447520777572646573741D
:100CF000207A756D20204B6C617373656E7665721A
:100D000074726574657247657784686C742E205AB6
:100D100061686C6520206A6564656D205370696543
:100D20006C657220353000000000000000000000FB
:100D300000000000000000000000000000000000B3
:100D400000000000000000000000000000000000A3
:100D50000000000000000000000000000000000093
:100D60000000000000000000000000000000000083
:100D70000000000000000000000000000000000073
:100D80000000000000000000000000000000000063
:100D90000000000000000000000000000000000053
:100DA000000000000000000000000000000044758A
:100DB00020686173742065696E6520202020576566
:100DC00074746520676567656E202020202050655B
:100DD000746572207665726C6F72656E2020647522
:100DE00020736368756C646573742069686D6569E8
:100DF0006E656E204B6166666565202020207A61F5
:100E0000686C652035000000000000000000000054
:100E100000000000000000000000000000000000D2
:100E200000000000000000000000000000000000C2
:100E300000000000000000000000000000000000B2
:100E400000000000000000000000000000000000A2
:100E50000000000000000000000000000000000092
:100E60000000000000000000000000000000000082
:100E70000000000000004475206861737420626502
:100E800069202020202065696E656D204B756E6499
:100E9000656E2020202065696E65207363686C652F
:100EA000636874652020426577657274756E67208B
:100EB00020202020202068696E7465726C61737335
:100EC000656E202020206765686520696E20646556
:100ED0006E2020202020576F726B73686F700000A7
:100EE0000000000000000000000000000000000002
:100EF00000000000000000000000000000000000F2
:100F000000000000000000000000000000000000E1
:100F100000000000000000000000000000000000D1
:100F200000000000000000000000000000000000C1
:100F300000000000000000000000000000004672F9
:100F400065696B61727465000000000000000000BC
:100F50000000000000000000000000000000000091
:100F60000000000000000000000000000000000081
:100F70000000000000000000000000000000000071
:100F80000000000000000000000000000000000061
:100F90000000000000000000000000000000000051
:100FA0000000000000000000000000000000000041
:100FB0000000000000000000000000000000000031
:100FC0000000000000000000000000000000000021
:100FD0000000000000000000000000000000000011
:100FE0000000000000000000000000000000000001
:100FF00000000000000000000000000000000000F1
:1010000000000000000044752072656E6F7669650F
:101010007273742020206465696E65202048847591
:101020007365722020205A61686C6520669A722070
:101030006A65646573204861757320343020756E6D
:101040006420669A72206A6564657320486F7465CF
:101050006C2031313500000000000000000000006D
:101060000000000000000000000000000000000080
:101070000000000000000000000000000000000070
:101080000000000000000000000000000000000060
:101090000000000000000000000000000000000050
:1010A0000000000000000000000000000000000040
:1010B0000000000000000000000000000000000030
:1010C0000000000000000000000000000000496E69
:1010D00020646572202020202020202020205665BA
:1010E000727365747A756E67206973742020646901
:1010F000722065696E2046728473657220207A655D
:101100007262726F6368656E2E20202020205A6103
:10111000686C6520313030000000000000000000E5
:1011200000000000000000000000000000000000BF
:1011300000000000000000000000000000000000AF
:10114000000000000000000000000000000000009F
:10115000000000000000000000000000000000008F
:10116000000000000000000000000000000000007F
:10117000000000000000000000000000000000006F
:10118000000000000000000000000000000000005F
:1011900000000000000044752067946E6E73742098
:1011A0006469722020206574776173206265696DBF
:1011B000202020202020536E61636B6175746F6D59
:1011C0006174202020207A61686C65203530000031
:1011D000000000000000000000000000000000000F
:1011E00000000000000000000000000000000000FF
:1011F00000000000000000000000000000000000EF
:1012000000000000000000000000000000000000DE
:1012100000000000000000000000000000000000CE
:1012200000000000000000000000000000000000BE
:1012300000000000000000000000000000000000AE
:10124000000000000000000000000000000000009E
:1012500000000000000000000000000000004968DD
:1012600072206D616368742065696E65202020209E
:101270002045786B757273696F6E202020202020C6
:10128000207A61686C6520353000000000000000A5
:10129000000000000000000000000000000000004E
:1012A000000000000000000000000000000000003E
:1012B000000000000000000000000000000000002E
:1012C000000000000000000000000000000000001E
:1012D000000000000000000000000000000000000E
:1012E00000000000000000000000000000000000FE
:1012F00000000000000000000000000000000000EE
:1013000000000000000000000000000000000000DD
:1013100000000000000000000000000000000000CD
:101320000000000000004475206861737420646947
:1013300065202020202041627363686C757373728E
:101340006569736520206F7267616E697369657284
:10135000742C202020206A656465722053706965B2
:101360006C65722020207A61686C74206469722038
:10137000313000000000000000000000000000000C
:10138000000000000000000000000000000000005D
:10139000000000000000000000000000000000004D
:1013A000000000000000000000000000000000003D
:1013B000000000000000000000000000000000002D
:1013C000000000000000000000000000000000001D
:1013D000000000000000000000000000000000000D
:1013E0000000000000000000000000000000456C4C
:1013F000656B74726F6E696B657220202020646566
:1014000073204D6F6E61747320202020202044755E
:1014100020657268846C7473742031303000000071
:1014200000000000000000000000000000000000BC
:1014300000000000000000000000000000000000AC
:10144000000000000000000000000000000000009C
:10145000000000000000000000000000000000008C
:10146000000000000000000000000000000000007C
:10147000000000000000000000000000000000006C
:10148000000000000000000000000000000000005C
:10149000000000000000000000000000000000004C
:1014A000000000000000000000000000000000003C
:1014B00000000000000044752068696C66737420A9
:1014C0006465696E656D4D69747363689A6C657265
:1014D000206265696D206C65726E656E2E2020201D
:1014E000202020202020447520657268846C74734D
:1014F00074203130000000000000000000000000F7
:1015000000000000000000000000000000000000DB
:1015100000000000000000000000000000000000CB
:1015200000000000000000000000000000000000BB
:1015300000000000000000000000000000000000AB
:10154000000000000000000000000000000000009B
:10155000000000000000000000000000000000008B
:10156000000000000000000000000000000000007B
:1015700000000000000000000000000000004475B2
:1015800020657268846C73742035300000000000A0
:10159000000000000000000000000000000000004B
:1015A000000000000000000000000000000000003B
:1015B000000000000000000000000000000000002B
:1015C000000000000000000000000000000000001B
:1015D000000000000000000000000000000000000B
:1015E00000000000000000000000000000000000FB
:1015F00000000000000000000000000000000000EB
:1016000000000000000000000000000000000000DA
:1016100000000000000000000000000000000000CA
:1016200000000000000000000000000000000000BA
:1016300000000000000000000000000000000000AA
:10164000000000000000447520657268846C7374AB
:1016500020313030000000000000000000000000D9
:10166000000000000000000000000000000000007A
:10167000000000000000000000000000000000006A
:10168000000000000000000000000000000000005A
:10169000000000000000000000000000000000004A
:1016A000000000000000000000000000000000003A
:1016B000000000000000000000000000000000002A
:1016C000000000000000000000000000000000001A
:1016D000000000000000000000000000000000000A
:1016E00000000000000000000000000000000000FA
:1016F00000000000000000000000000000000000EA
:101700000000000000000000000000000000447520
:1017100020657268846C737420323500000000000C
:1017200000000000000000000000000000000000B9
:1017300000000000000000000000000000000000A9
:101740000000000000000000000000000000000099
:101750000000000000000000000000000000000089
:101760000000000000000000000000000000000079
:101770000000000000000000000000000000000069
:101780000000000000000000000000000000000059
:101790000000000000000000000000000000000049
:1017A0000000000000000000000000000000000039
:1017B0000000000000000000000000000000000029
:1017C0000000000000000000000000000000000019
:1017D000000000000000447520657268846C73741A
:1017E0002032300000000000000000000000000077
:1017F00000000000000000000000000000000000E9
:1018000000000000000000000000000000000000D8
:1018100000000000000000000000000000000000C8
:1018200000000000000000000000000000000000B8
:1018300000000000000000000000000000000000A8
:101840000000000000000000000000000000000098
:101850000000000000000000000000000000000088
:101860000000000000000000000000000000000078
:101870000000000000000000000000000000000068
:101880000000000000000000000000000000000058
:10189000000000000000000000000000000044758F
:1018A00020657268846C7374203130300000000051
:1018B0000000000000000000000000000000000028
:1018C0000000000000000000000000000000000018
:1018D0000000000000000000000000000000000008
:1018E00000000000000000000000000000000000F8
:1018F00000000000000000000000000000000000E8
:1019000000000000000000000000000000000000D7
:1019100000000000000000000000000000000000C7
:1019200000000000000000000000000000000000B7
:1019300000000000000000000000000000000000A7
:101940000000000000000000000000000000000097
:101950000000000000000000000000000000000087
:10196000000000000000447520657268846C737488
:1019700020313030000000000000000000000000B6
:101980000000000000000000000000000000000057
:101990000000000000000000000000000000000047
:1019A0000000000000000000000000000000000037
:1019B0000000000000000000000000000000000027
:1019C0000000000000000000000000000000000017
:1019D0000000000000000000000000000000000007
:1019E00000000000000000000000000000000000F7
:1019F00000000000000000000000000000000000E7
:101A000000000000000000000000000000000000D6
:101A100000000000000000000000000000000000C6
:101A200000000000000000000000000000004475FD
:101A300020626973742020202020202020205765F8
:101A40006C746D6569737465722E20202020529A23
:101A5000636B6520766F7220626973202020537457
:101A6000617274207A696568652064656E20646FB0
:101A70007070656C74656E202020202020204265E7
:101A8000747261672065696E00000000000000004C
:101A90000000000000000000000000000000000046
:101AA0000000000000000000000000000000000036
:101AB0000000000000000000000000000000000026
:101AC0000000000000000000000000000000000016
:101AD0000000000000000000000000000000000006
:101AE00000000000000000000000000000000000F6
:101AF0000000000000004475206861737420676571
:101B000067656E2020206469652048616E64797283
:101B10006567656C202076657273746F7373656E8C
:101B20002E2020202020529A636B6520766F722031
:101B300062697320202050726F64756B74696F6ED8
:101B4000202020202020456C656B74726F6E696BBD
:101B500065720000000000000000000000000000AE
:101B60000000000000000000000000000000000075
:101B70000000000000000000000000000000000065
:101B80000000000000000000000000000000000055
:101B90000000000000000000000000000000000045
:101BA0000000000000000000000000000000000035
:101BB00000000000000000000000000000001124F0
:101BC0001FBECFEFD1E2DEBFCDBF00E00CBF1AE0F9
:101BD000A0E0B2E0E2E5F3EF00E00BBF02C0079047
:101BE0000D92A83FB107D9F72BE1A8EFBAE001C0E9
:101BF0001D92AD3BB207E1F790D20C94A7790C94FB
:101C0000000098B19F7E98B998B19B7F98B98BB925
:101C100098B1926098B98150833038F48FE291E1A5
:101C20000197F1F700C0000003C090EA9A95F1F720
:101C300088B18D7F88B908951F93CF93DF93CDB777
:101C4000DEB729970FB6F894DEBF0FBECDBF8FEF7A
:101C50008AB987B988B1806288B92FEF80E792E0AE
:101C6000215080409040E1F700C0000088B18E7F95
:101C700088B989E0EEE2F2E0DE01119601900D9262
:101C80008A95E1F710E00AC0E1E0F0E0EC0FFD1FFB
:101C9000E10FF11D808190E0B4DF1F5F1930A0F3E8
:101CA0008FE99FE00197F1F700C0000029960FB679
:101CB000F894DEBF0FBECDBFDF91CF911F91089585
:101CC00098B1906198B998B19B7F98B98BB988B158
:101CD000826088B980EA8A95F1F788B18D7F88B9EA
:101CE000089581E08EDF8FE99FE00197F1F700C052
:101CF0000000089582E085DF8FE39FE10197F1F70F
:101D000000C000000895417070E0660F771F627098
:101D1000282F30E0220F331F220F331F2470842F0F
:101D2000862B822B88606DDF8FE99FE00197F1F7AA
:101D300000C0000008950F931F93CF938A01282FAE
:101D400030E0285F3F4F862F90E1299F800D1124BE
:101D500058DFC0E002C0B4DFCF5FF801EC0FF11D27
:101D600080818111F8CF8FE39FE10197F1F700C0E7
:101D70000000CF911F910F91089588E442DF84E025
:101D80009FDF8EE09DDF85E19BDF84E099DF84E0CB
:101D900097DF84E095DF80E093DF80E091DF80E5EE
:101DA00030DF80E08DDF84E08BDF84E089DF84E05A
:101DB00087DF85E185DF8EE083DF84E081DF80E0FF
:101DC0007FCF089539DF8DDF95DFD7DF40E060E01A
:101DD00081E099CF089588B18F7D88B98FE39CE920
:101DE0000197F1F700C0000088B1806288B98FE3E5
:101DF0009CE90197F1F700C000001EDF72DF7ADF77
:101E0000BCDF40E060E081E07ECF08958F929F923A
:101E1000AF92BF92CF92DF92EF92FF920F931F93F8
:101E2000CF93DF93CDB7DEB7A2970FB6F894DEBF9E
:101E30000FBECDBF6C0121E1CE010196DC01E22F86
:101E40001D92EA95E9F7FE017296DF011D922A952F
:101E5000E9F7F60101900020E9F731978F010C199D
:101E60001D09E62EF12C5701AA0CBB1CAA0CBB1CA9
:101E7000AA0CBB1CAA0CBB1CB6016A0D7B1D40E161
:101E800050E00E946F76BFEFEB1AFB0AEE0CFF1CCE
:101E9000EE0CFF1CEE0CFF1CEE0CFF1CE016F10616
:101EA0005CF4B501605F7F4F6C0D7D1D40E150E03B
:101EB000CE0142960E946F7614DFAE014F5F5F4FF6
:101EC00060E081E038DFAE014E5E5F4F60E082E0AF
:101ED00032DF005211090A151B0514F481E001C01C
:101EE00080E0A2960FB6F894DEBF0FBECDBFDF91A3
:101EF000CF911F910F91FF90EF90DF90CF90BF9007
:101F0000AF909F908F900895CF93DF931F921F9271
:101F1000CDB7DEB79A83898389819A81CB969C015C
:101F20008AE0E7E3F2E0D90101900D928A95E1F7AA
:101F300089819A81CB9627E534E0FC0133AB22AB53
:101F400089819A81CB9628E2FC0124AB89819A8110
:101F5000CB96FC0115AA89819A81CB96FC0116AA21
:101F600089819A81CB96FC0117AA89819A81CB96A7
:101F7000FC0110AE89819A81CB96FC0111AE89815A
:101F80009A81CB96FC0112AE89819A818A589F4F23
:101F90009C018AE0E1E4F2E0D90101900D928A957A
:101FA000E1F789819A818A589F4F2EEA38E0FC0137
:101FB00033AB22AB89819A818A589F4F28E2FC017A
:101FC00024AB89819A818A589F4FFC0115AA898187
:101FD0009A818A589F4FFC0116AA89819A818A5852
:101FE0009F4FFC0117AA89819A818A589F4FFC0153
:101FF00010AE89819A818A589F4FFC0111AE898168
:102000009A818A589F4FFC0112AE89819A818F5420
:102010009F4F9C018AE0EBE4F2E0D90101900D9220
:102020008A95E1F789819A818F549F4F25E03DE0A1
:10203000FC0133AB22AB89819A818F549F4F28E2F8
:10204000FC0124AB89819A818F549F4FFC0115AA12
:1020500089819A818F549F4FFC0116AA89819A81A8
:102060008F549F4FFC0117AA89819A818F549F4FEB
:10207000FC0110AE89819A818F549F4FFC0111AEF3
:1020800089819A818F549F4FFC0112AE89819A8178
:1020900084519F4F9C018AE0E5E5F2E0D90101906F
:1020A0000D928A95E1F789819A8184519F4F2CE5A1
:1020B00031E1FC0133AB22AB89819A8184519F4F7E
:1020C00028E2FC0124AB89819A8184519F4FFC0155
:1020D00015AA89819A8184519F4FFC0116AA898192
:1020E0009A8184519F4FFC0117AA89819A8184515A
:1020F0009F4FFC0110AE89819A8184519F4FFC0152
:1021000011AE89819A8184519F4FFC0112AE00006B
:102110000F900F90DF91CF910895CF92DF92EF92C1
:10212000FF920F931F93CF93DF93CDB7DEB7C25EBD
:10213000D1400FB6F894DEBF0FBECDBF81E08983DA
:102140001A8281E08B831C821D821E82CE018B54F9
:102150009E4F26E0FC01322F11923A95E9F71F823B
:102160001886CE018A5A9F4FFC01108219861A8662
:102170001B861C8681E08D8781E08E871F86188AEA
:10218000198A1A8A81E08B8B1C8A1D8A1F8A1E8AF3
:10219000188ECE01895A9F4FFC011082198E1A8E1B
:1021A000CE01885A9F4FFC011082CE01875A9F4F63
:1021B000FC011082CE01865A9F4FFC011082CE0195
:1021C00085549E4F2AE0FC01322F11923A95E9F78F
:1021D0001C8E1B8E83E08D8F1E8E1F8E18A219A25F
:1021E000CE018B539E4F2CE1FC01322F11923A9578
:1021F000E9F71AA21BA2CE01855A9F4FFC0110825B
:10220000CE018F519E4FFC0111821082CE01845A63
:102210009F4FFC0110821CA21DA21EA21FA218A685
:1022200019A61AA61BA6CE01835A9F4FFC01108245
:102230001182128213820E94E653C4DD85E29EE081
:102240000E9465548EEB9CE05FDE85E59AE10E947A
:102250000A6185EE9DE00E94096280E895E20E9495
:1022600094730E94E1500E94025388E890E027EEA8
:1022700033E0FC013183208381E890E021E830E005
:10228000F90120812860FC01208381E890E021E8A9
:1022900030E0F90120812260FC0120838FE690E08C
:1022A0002FE630E0F90120812260FC012083789440
:1022B0001CA6C6C19E012D543F4F80E090E0AAEFBE
:1022C000B3E4F90180839183A283B3838E0109541F
:1022D0001F4FCE018D549F4F2BEA3AEA4AEA50E451
:1022E000FC0160817181828193810E946675DC01AD
:1022F000CB01F80180839183A283B3838E010554BF
:102300001F4FCE018D549F4F20E030E040E850E455
:10231000FC0160817181828193810E946675DC017C
:10232000CB01F80180839183A283B383CE018954CA
:102330009F4F20E030E040E85FE3FC016081718165
:10234000828193810E94187488230CF4FBC0CE0113
:1023500085549F4F20E03FEF4FE757E4FC01608139
:102360007181828193810E94627518160CF0A7C05A
:10237000CE018D549F4F20E030E04AE754E4FC0149
:1023800060817181828193810E941C74DC01CB0188
:102390006C017D018E0101541F4F20E030E04AE7BF
:1023A00055E4C701B6010E946675DC01CB01F80156
:1023B00080839183A283B383CE0181549F4F20E019
:1023C00030E040E85FE3FC016081718182819381AC
:1023D0000E94187488230CF45BC0CE0181549F4F77
:1023E00020E03FEF4FE757E4FC016081718182817B
:1023F00093810E9462751816C4F520E030E040E237
:1024000051E4C701B6010E946675DC01CB018E0163
:102410000D531F4FBC01CD010E948474DC01CB0120
:10242000F8019183808318C080E991E00197F1F76A
:102430009E012B533F4FF90191838083CE018D5331
:102440009F4F9E012D533F4FF90120813181215033
:102450003109FC0131832083CE018D539F4FFC0154
:1024600080819181892B01F773C08E010D531F4F1D
:10247000CE0181549F4FFC016081718182819381E3
:102480000E948474DC01CB01F8019183808308C031
:10249000CE018D539F4F21E030E0FC01318320833A
:1024A000CE018D539F4FFC01808191810197F1F7FF
:1024B0009E0129533F4FF9019183808349C0CE018A
:1024C00089549F4F20E030E04FE753E4FC016081E6
:1024D0007181828193810E94627518160CF58E01BC
:1024E00007531F4FCE0185549F4FFC0160817181BE
:1024F000828193810E948474DC01CB01F801918375
:102500008083CE0187539F4FFC0180819181019789
:10251000F1F79E0125533F4FF9019183808325C038
:102520008E0103531F4FCE0189549F4FFC016081E0
:102530007181828193810E948474DC01CB01F80156
:10254000808306C0CE0183539F4F21E0FC0120838E
:10255000CE0183539F4FFC018081282F2A95F1F7EC
:10256000CE0182539F4FFC0120838CA50E940C5307
:102570009E01235A3F4FCC01A0E0B0E0F9018083D7
:102580009183A283B383CE01835A9F4FFC01808144
:102590009181A281B381072E76E1880F991FAA1F2E
:1025A000BB1F7A95D1F7702D28A539A54AA55BA543
:1025B00082279327A427B52788A799A7AAA7BBA7EF
:1025C000CE01835A9F4FFC0180819181A281B3810A
:1025D00080959095A095B095072E7CE0880F991F67
:1025E000AA1FBB1F7A95D1F7702D28A539A54AA53A
:1025F0005BA582279327A427B52788A799A7AAA711
:10260000BBA7CE01835A9F4FFC0180819181A2819B
:10261000B381880F991FAA1FBB1F880F991FAA1F7C
:10262000BB1F28A539A54AA55BA582279327A42708
:10263000B52788A799A7AAA7BBA78CA58F5F8CA74A
:102640008CA5843008F436CE88A599A50E945D76C5
:102650004FE552E060E080E06EDB8BA58F938AA5AA
:102660008F9389A58F9388A58F9380E792E0892F18
:102670008F9380E792E08F93CE018B559E4F292F49
:102680002F938F930E947E762DB73EB7285F3F4FE2
:102690000FB6F894DEBF0FBECDBFCE018B559E4F57
:1026A000AC0163E081E047DB9E012F593F4F80E0A2
:1026B00090E0AAE7B4E4F90180839183A283B38315
:1026C0008E0101531F4FCE018F599F4F20E030E004
:1026D0004AE755E4FC0160817181828193810E9407
:1026E0006675DC01CB01F80180839183A283B383FB
:1026F000CE0181539F4F20E030E040E85FE3FC01D2
:1027000060817181828193810E94187488230CF406
:1027100062C0CE0181539F4F20E03FEF4FE757E467
:10272000FC0160817181828193810E94627518161B
:102730000CF03EC0CE018F599F4F20E030E040E2C8
:1027400051E4FC0160817181828193810E946675F0
:10275000DC01CB018E010D521F4FBC01CD010E9447
:102760008474DC01CB01F8019183808318C080E977
:1027700091E00197F1F79E012B523F4FF9019183B0
:102780008083CE018D529F4F9E012D523F4FF90104
:102790002081318121503109FC0131832083CE0118
:1027A0008D529F4FFC0180819181892B01F729C0B7
:1027B0008E010D521F4FCE0181539F4FFC0160814E
:1027C0007181828193810E948474DC01CB01F801C4
:1027D0009183808308C0CE018D529F4F21E030E06D
:1027E000FC0131832083CE018D529F4FFC018081FB
:1027F00091810197F1F79E0129523F4FF901918391
:1028000080831DA64CC08DA5282F30E04EE4429F4A
:10281000C001439F900D11248859914FFC01808184
:102820008823D1F18DA5282F30E04EE4429FC001CE
:10283000439F900D11248859914FFC0150818DA523
:10284000282F30E04EE4429FC001439F900D112499
:102850008059914FFC018081652F0E94E94C8DA524
:10286000282F30E04EE4429FC001439F900D112479
:102870008159914FFC0150818DA5282F30E04EE405
:10288000429FC001439F900D11248259914FFC013A
:102890008081652F0E940E4C8DA58F5F8DA78DA521
:1028A000883208F4B0CF1EA6CE0187599F4FFC0195
:1028B0001082CE0186599F4FFC01108244E752E0FE
:1028C00060E080E038DA45E852E060E081E033DA49
:1028D00046E952E060E082E02EDA1FA673C00E9453
:1028E0005A7628E230E0B9010E94E9759C01CE01D8
:1028F00086599F4FFC0120830E945A7683709078FE
:10290000992324F401978C6F9F6F0196282FCE0195
:1029100087599F4F2F5FFC0120839E0127593F4F0E
:10292000CE0186599F4FF9016081FC0180810E9490
:10293000834E8823C1F5BE0167597F4FCE0186596A
:102940009F4F20E041E0FB016081FC0180810E94FB
:10295000BB4E21E040E060E080E00E94BB4E9E0163
:1029600027593F4FCE0187599F4FF9016081FC01E4
:1029700080810E94BA5081E088AB11C08FA5882F5A
:1029800090E041E068A90E94274F8EA50E94294D42
:102990008EA78EA5882359F488A98F5F88AB88A954
:1029A000853060F305C08FA581508FA701C000005E
:1029B0008EA50E94294D8EA78EA5882341F48FA550
:1029C0008F5F8FA78FA5803A08F489CF01C00000E0
:1029D00019AA7AC00E945A7628E230E0B9010E9412
:1029E000E9759C01CE0186599F4FFC0120830E940E
:1029F0005A7683709078992324F401978C6F9F6F97
:102A00000196282FCE0187599F4F2F5FFC0120830D
:102A10009E0127593F4FCE0186599F4FF901608192
:102A2000FC0180810E94834E882309F43EC0BE01D0
:102A300067597F4FCE0186599F4F20E040E0FB0150
:102A40006081FC0180810E94BB4E21E040E060E09B
:102A500080E00E94BB4E9E0127593F4FCE0187590F
:102A60009F4FF9016081FC0180810E94BA5081E092
:102A70008AAB17C089A9882F90E020EA30E0A9012D
:102A8000481B590BCA0141E06AA90E94274F8EA535
:102A90000E94294D8EA78EA5882359F48AA98F5F9D
:102AA0008AAB8AA9853030F305C089A9815089ABEA
:102AB00001C000008EA50E94294D8EA78EA58823F7
:102AC00041F489A98F5F89AB89A9803A08F482CF44
:102AD00001C000008EA50E94294D8EA78EA58823D7
:102AE00009F041C76AE08AE00E94BA5040E061E024
:102AF00080E090E00E94274F40E062E080E090E0BC
:102B00000E94274F40E063E080E090E00E94274F62
:102B100040E064E080E090E00E94274F81E08BABD2
:102B20003DC38BA98170882309F49DC181E08CABE2
:102B3000DEC01DAA1BC08DA9282F30E04EE4429FA5
:102B4000C001439F900D11248259914FFC01808157
:102B500040E06CA90E947A4C8EA50E94294D8EA758
:102B60008EA5882339F48DA98F5F8DAB8DA988320E
:102B700010F301C0000041E060E080E00E947A4C68
:102B80009E012B593F4F80E090E0A0EFB1E4F901A6
:102B900080839183A283B3838E0107521F4FCE019E
:102BA0008B599F4F20E030E04AE755E4FC016081FB
:102BB0007181828193810E946675DC01CB01F801ED
:102BC00080839183A283B383CE0187529F4F20E0FD
:102BD00030E040E85FE3FC01608171818281938194
:102BE0000E94187488230CF462C0CE0187529F4F54
:102BF00020E03FEF4FE757E4FC0160817181828163
:102C000093810E94627518160CF03EC0CE018B595C
:102C10009F4F20E030E040E251E4FC01608171818F
:102C2000828193810E946675DC01CB018E01035283
:102C30001F4FBC01CD010E948474DC01CB01F8015F
:102C40009183808318C080E991E00197F1F79E019C
:102C500021523F4FF90191838083CE0183529F4FD0
:102C60009E0123523F4FF9012081318121503109CA
:102C7000FC0131832083CE0183529F4FFC01808170
:102C80009181892B01F729C08E0103521F4FCE017C
:102C900087529F4FFC0160817181828193810E94E4
:102CA0008474DC01CB01F8019183808308C0CE01DC
:102CB00083529F4F21E030E0FC0131832083CE011D
:102CC00083529F4FFC01808191810197F1F79E0112
:102CD0002F513F4FF901918380838EA50E94294D8A
:102CE0008EA78EA5882341F48CA98F5F8CAB8CA90D
:102CF000863008F41ECF01C000009E012D583F4FC2
:102D000080E090E0A8E4B2E4F90180839183A2839B
:102D1000B3838E010D511F4FCE018D589F4F20E080
:102D200030E04AE755E4FC01608171818281938142
:102D30000E946675DC01CB01F80180839183A28338
:102D4000B383CE018D519F4F20E030E040E85FE338
:102D5000FC0160817181828193810E9418748823B3
:102D60000CF462C0CE018D519F4F20E03FEF4FE742
:102D700057E4FC0160817181828193810E946275B8
:102D800018160CF03EC0CE018D589F4F20E030E069
:102D900040E251E4FC0160817181828193810E9453
:102DA0006675DC01CB018E0109511F4FBC01CD01BD
:102DB0000E948474DC01CB01F8019183808318C0E8
:102DC00080E991E00197F1F79E0127513F4FF9010A
:102DD00091838083CE0189519F4F9E0129513F4F9E
:102DE000F9012081318121503109FC013183208397
:102DF000CE0189519F4FFC0180819181892B01F780
:102E000029C08E0109511F4FCE018D519F4FFC01EA
:102E100060817181828193810E948474DC01CB0185
:102E2000F8019183808308C0CE0189519F4F21E032
:102E300030E0FC0131832083CE0189519F4FFC019A
:102E4000808191810197F1F79E0125513F4FF90152
:102E5000918380838EA50E94294D8EA78EA58823FD
:102E600009F499C19FC181E08EABE2C01FAA1FC0C7
:102E700095E08EA9592F581B8FA9282F30E04EE4DA
:102E8000429FC001439F900D11248259914FFC0134
:102E9000808140E0652F0E947A4C8EA50E94294DCA
:102EA0008EA78EA5882339F48FA98F5F8FAB8FA94A
:102EB0008832F0F201C0000041E060E080E00E9452
:102EC0007A4C9E0129583F4F80E090E0A0EFB1E49A
:102ED000F90180839183A283B3838E0103511F4F35
:102EE000CE0189589F4F20E030E04AE755E4FC01CD
:102EF00060817181828193810E946675DC01CB01C2
:102F0000F80180839183A283B383CE0183519F4FC5
:102F100020E030E040E85FE3FC0160817181828164
:102F200093810E94187488230CF462C0CE018351EF
:102F30009F4F20E03FEF4FE757E4FC016081718134
:102F4000828193810E94627518160CF03EC0CE01FA
:102F500089589F4F20E030E040E251E4FC0160815D
:102F60007181828193810E946675DC01CB018E01A3
:102F70000F501F4FBC01CD010E948474DC01CB01B6
:102F8000F8019183808318C080E991E00197F1F7FF
:102F90009E012D503F4FF90191838083CE018F50C8
:102FA0009F4F9E012F503F4FF901208131812150C9
:102FB0003109FC0131832083CE018F509F4FFC01EA
:102FC00080819181892B01F729C08E010F501F4FFD
:102FD000CE0183519F4FFC01608171818281938179
:102FE0000E948474DC01CB01F8019183808308C0C6
:102FF000CE018F509F4F21E030E0FC0131832083D0
:10300000CE018F509F4FFC01808191810197F1F794
:103010009E012B503F4FF901918380838EA50E9422
:10302000294D8EA78EA5882341F48EA98F5F8EAB84
:103030008EA9863008F41ACF01C000009E012559E0
:103040003F4F80E090E0A8E4B2E4F90180839183EF
:10305000A283B3838E0109501F4FCE0185599F4F24
:1030600020E030E04AE755E4FC0160817181828113
:1030700093810E946675DC01CB01F8018083918306
:10308000A283B383CE0189509F4F20E030E040E817
:103090005FE3FC0160817181828193810E941874D9
:1030A00088230CF462C0CE0189509F4F20E03FEF8F
:1030B0004FE757E4FC0160817181828193810E9416
:1030C000627518160CF03EC0CE0185599F4F20E066
:1030D00030E040E251E4FC016081718182819381A2
:1030E0000E946675DC01CB018E0105501F4FBC01AB
:1030F000CD010E948474DC01CB01F80191838083AF
:1031000018C080E991E00197F1F79E0123503F4FED
:10311000F90191838083CE0185509F4F9E012550F8
:103120003F4FF9012081318121503109FC01318368
:103130002083CE0185509F4FFC0180819181892B96
:1031400001F729C08E0105501F4FCE0189509F4FB6
:10315000FC0160817181828193810E948474DC0111
:10316000CB01F8019183808308C0CE0185509F4F29
:1031700021E030E0FC0131832083CE0185509F4F58
:10318000FC01808191810197F1F79E0121503F4F11
:10319000F901918380838BA98F5F8BAB8BA98530DD
:1031A00008F4BFCC18AE0CC281E089AF11C088AD65
:1031B000882F90E041E069AD0E94274F8EA50E94C4
:1031C000294D8EA78EA5882339F489AD8F5F89AFED
:1031D00089AD853060F301C000001AAE28C18AAD08
:1031E000882311F18AAD815020E040E061E00E9427
:1031F000BB4E99E28AADF92FF81B8F2F20E040E0FB
:1032000064E00E94BB4E95E18AAD292F281B822FD6
:1032100020E040E062E00E94BB4E8AAD8D5E20E07F
:1032200040E063E00E94BB4E20E041E061E08AADF7
:103230000E94BB4E8AAD882339F420E041E064E06F
:1032400080E00E94BB4E0AC098E28AAD392F381B3D
:10325000832F20E041E064E00E94BB4E8AAD8130C4
:1032600031F420E040E064E080E00E94BB4E94E155
:103270008AAD492F481B842F20E041E062E00E9484
:10328000BB4E8AAD8C5E20E041E063E00E94BB4E05
:103290008AAD882331F420E041E063E080E00E94C1
:1032A000BB4E88AD843131F420E041E064E080E041
:1032B0000E94BB4E21E041E060E080E00E94BB4EF6
:1032C0009E0121593F4F80E090E0A0E2B1E4F90176
:1032D00080839183A283B3838E010F5F1E4FCE0143
:1032E00081599F4F20E030E04AE755E4FC016081BE
:1032F0007181828193810E946675DC01CB01F801A6
:1033000080839183A283B383CE018F5F9E4F20E0A1
:1033100030E040E85FE3FC0160817181828193814C
:103320000E94187488230CF462C0CE018F5F9E4FF8
:1033300020E03FEF4FE757E4FC016081718182811B
:1033400093810E94627518160CF03EC0CE0181591F
:103350009F4F20E030E040E251E4FC016081718148
:10336000828193810E946675DC01CB018E010B5F27
:103370001E4FBC01CD010E948474DC01CB01F80119
:103380009183808318C080E991E00197F1F79E0155
:10339000295F3E4FF90191838083CE018B5F9E4F61
:1033A0009E012B5F3E4FF90120813181215031096F
:1033B000FC0131832083CE018B5F9E4FFC01808115
:1033C0009181892B01F729C08E010B5F1E4FCE0121
:1033D0008F5F9E4FFC0160817181828193810E9489
:1033E0008474DC01CB01F8019183808308C0CE0195
:1033F0008B5F9E4F21E030E0FC0131832083CE01C2
:103400008B5F9E4FFC01808191810197F1F79E01B6
:10341000275F3E4FF901918380838EA50E94294D3D
:103420008EA78EA58823A1F48AAD8F5F8AAF8AAD5F
:10343000282F30E088AD882F90E044E150E0BA01B9
:10344000681B790BCB01821793070CF0C8CE01C023
:1034500000009E0125583F4F80E090E0A8ECB1E4C9
:10346000F90180839183A283B3838E01055F1E4F90
:10347000CE0185589F4F20E030E04AE755E4FC013B
:1034800060817181828193810E946675DC01CB012C
:10349000F80180839183A283B383CE01855F9E4F21
:1034A00020E030E040E85FE3FC01608171818281CF
:1034B00093810E94187488230CF462C0CE01855F4A
:1034C0009E4F20E03FEF4FE757E4FC0160817181A0
:1034D000828193810E94627518160CF03EC0CE0165
:1034E00085589F4F20E030E040E251E4FC016081CC
:1034F0007181828193810E946675DC01CB018E010E
:10350000015F1E4FBC01CD010E948474DC01CB0120
:10351000F8019183808318C080E991E00197F1F769
:103520009E012F5E3E4FF90191838083CE01815F22
:103530009E4F9E01215F3E4FF90120813181215034
:103540003109FC0131832083CE01815F9E4FFC0154
:1035500080819181892B01F729C08E01015F1E4F67
:10356000CE01855F9E4FFC016081718182819381D4
:103570000E948474DC01CB01F8019183808308C030
:10358000CE01815F9E4F21E030E0FC01318320833A
:10359000CE01815F9E4FFC01808191810197F1F7FF
:1035A0009E012D5E3E4FF901918380838EA50E947E
:1035B000294D8EA78EA5882341F488AD8F5F88AFF3
:1035C00088AD853108F4F0CD01C000001BAE0FC1FD
:1035D00081E08CAF17C08BAD882F90E024E130E004
:1035E000A901481B590BCA0141E06CAD0E94274F4D
:1035F0008EA50E94294D8EA78EA5882339F48CAD07
:103600008F5F8CAF8CAD853030F301C0000020E0BF
:1036100040E062E08BAD0E94BB4E98E28BAD592F2B
:10362000581B852F20E040E063E00E94BB4E94E1F0
:103630008BAD692F681B862F20E040E061E00E947F
:10364000BB4E8BAD8C5E20E040E064E00E94BB4E40
:103650008BAD882331F420E040E063E080E00E94FD
:10366000BB4E8BAD843131F420E040E064E080E07B
:103670000E94BB4E21E041E060E080E00E94BB4E32
:103680009E0121583F4F80E090E0ACE0B2E4F901A8
:1036900080839183A283B3838E010B5E1E4FCE0184
:1036A00081589F4F20E030E04AE755E4FC016081FB
:1036B0007181828193810E946675DC01CB01F801E2
:1036C00080839183A283B383CE018B5E9E4F20E0E3
:1036D00030E040E85FE3FC01608171818281938189
:1036E0000E94187488230CF462C0CE018B5E9E4F3A
:1036F00020E03FEF4FE757E4FC0160817181828158
:1037000093810E94627518160CF03EC0CE0181585C
:103710009F4F20E030E040E251E4FC016081718184
:10372000828193810E946675DC01CB018E01075E68
:103730001E4FBC01CD010E948474DC01CB01F80155
:103740009183808318C080E991E00197F1F79E0191
:10375000255E3E4FF90191838083CE01875E9E4FA7
:103760009E01275E3E4FF9012081318121503109B0
:10377000FC0131832083CE01875E9E4FFC01808156
:103780009181892B01F729C08E01075E1E4FCE0162
:103790008B5E9E4FFC0160817181828193810E94CA
:1037A0008474DC01CB01F8019183808308C0CE01D1
:1037B000875E9E4F21E030E0FC0131832083CE0103
:1037C000875E9E4FFC01808191810197F1F79E01F8
:1037D000235E3E4FF901918380838EA50E94294D7F
:1037E0008EA78EA5882341F48BAD8F5F8BAF8BADF9
:1037F000853108F4EDCE01C000009E012D573F4FEA
:1038000080E090E0A8ECB2E4F90180839183A28388
:10381000B3838E01015E1E4FCE018D579F4F20E076
:1038200030E04AE755E4FC01608171818281938137
:103830000E946675DC01CB01F80180839183A2832D
:10384000B383CE01815E9E4F20E030E040E85FE32D
:10385000FC0160817181828193810E9418748823A8
:103860000CF462C0CE01815E9E4F20E03FEF4FE737
:1038700057E4FC0160817181828193810E946275AD
:1038800018160CF03EC0CE018D579F4F20E030E05F
:1038900040E251E4FC0160817181828193810E9448
:1038A0006675DC01CB018E010D5D1E4FBC01CD01A3
:1038B0000E948474DC01CB01F8019183808318C0DD
:1038C00080E991E00197F1F79E012B5D3E4FF901F0
:1038D00091838083CE018D5D9E4F9E012D5D3E4F75
:1038E000F9012081318121503109FC01318320838C
:1038F000CE018D5D9E4FFC0180819181892B01F766
:1039000029C08E010D5D1E4FCE01815E9E4FFC01D0
:1039100060817181828193810E948474DC01CB017A
:10392000F8019183808308C0CE018D5D9E4F21E018
:1039300030E0FC0131832083CE018D5D9E4FFC0180
:10394000808191810197F1F79E01295D3E4FF90138
:10395000918380838EA50E94294D8EA78EA58823F2
:1039600021F40C946D14000001C000001DAE2EC0A7
:1039700081E08EAF1AC08DAD282F30E04EE4429F1B
:10398000C001439F900D11248259914FFC01808109
:1039900040E060E00E947A4C20E040E06EAD8DADEA
:1039A0000E94BB4E8EAD8F5F8EAF8EAD853018F30B
:1039B00041E060E080E00E947A4C21E040E060E07D
:1039C00080E00E94BB4E8DAD8F5F8DAF8DAD883294
:1039D00078F26AE08AE00E94BA5047EA52E060E07A
:1039E00080E00E949B0E47EA52E060E081E00E9486
:1039F0009B0E47EA52E060E082E00E949B0E8091BD
:103A0000BE0B9091BF0B9093BD0B8093BC0B10929B
:103A1000BF0B1092BE0B89E091E0FC018081882FE2
:103A200090E0382F222786E091E0FC018081882FEA
:103A300090E0822B932B9093BF0B8093BE0B8091D1
:103A4000BC0B9091BD0B9C01209530958091BE0BD5
:103A50009091BF0B822393239093C10B8093C00B53
:103A600089E091E0FC018081882F90E0382F2227A7
:103A700086E091E0FC018081882F90E0822B932BDF
:103A80008935910509F01FC287E290E02FEFFC0114
:103A9000208388E290E02FE3FC0120838AE290E01B
:103AA0002FEFFC0120838BE290E0FC0110820E944A
:103AB000EB0E1FAEC6C19E0129573F4F80E090E03C
:103AC000AAEFB3E4F90180839183A283B3838E01CB
:103AD000075D1E4FCE0189579F4F2BEA3AEA4AEA0B
:103AE00050E4FC0160817181828193810E9466753E
:103AF000DC01CB01F80180839183A283B3838E0123
:103B0000035D1E4FCE0189579F4F20E030E040E813
:103B100050E4FC0160817181828193810E9466750D
:103B2000DC01CB01F80180839183A283B383CE01B2
:103B3000875D9E4F20E030E040E85FE3FC0160815C
:103B40007181828193810E94187488230CF4FBC0D8
:103B5000CE01835D9E4F20E03FEF4FE757E4FC012D
:103B600060817181828193810E94627518160CF0C8
:103B7000A7C0CE0189579F4F20E030E04AE754E4C8
:103B8000FC0160817181828193810E941C74DC013F
:103B9000CB016C017D018E010F5C1E4F20E030E0F7
:103BA0004AE755E4C701B6010E946675DC01CB0106
:103BB000F80180839183A283B383CE018F5C9E4FF3
:103BC00020E030E040E85FE3FC01608171818281A8
:103BD00093810E94187488230CF45BC0CE018F5C23
:103BE0009E4F20E03FEF4FE757E4FC016081718179
:103BF000828193810E9462751816C4F520E030E03E
:103C000040E251E4C701B6010E946675DC01CB01B8
:103C10008E010B5C1E4FBC01CD010E948474DC013F
:103C2000CB01F8019183808318C080E991E001976E
:103C3000F1F79E01295C3E4FF90191838083CE010B
:103C40008B5C9E4F9E012B5C3E4FF90120813181A0
:103C500021503109FC0131832083CE018B5C9E4FC2
:103C6000FC0180819181892B01F773C08E010B5C6F
:103C70001E4FCE018F5C9E4FFC016081718182815D
:103C800093810E948474DC01CB01F80191838083CD
:103C900008C0CE018B5C9E4F21E030E0FC013183F7
:103CA0002083CE018B5C9E4FFC0180819181019726
:103CB000F1F79E01275C3E4FF9019183808349C053
:103CC000CE01875D9E4F20E030E04FE753E4FC01DA
:103CD00060817181828193810E94627518160CF552
:103CE0008E01055C1E4FCE01835D9E4FFC016081FD
:103CF0007181828193810E948474DC01CB01F8017F
:103D000091838083CE01855C9E4FFC0180819181EF
:103D10000197F1F79E01235C3E4FF9019183808367
:103D200025C08E01015C1E4FCE01875D9E4FFC01B8
:103D300060817181828193810E948474DC01CB0156
:103D4000F801808306C0CE01815C9E4F21E0FC011A
:103D50002083CE01815C9E4FFC018081282F2A9513
:103D6000F1F7CE01805C9E4FFC0120838FAD0E9455
:103D70000C539E01235A3F4FCC01A0E0B0E0F90163
:103D800080839183A283B383CE01835A9F4FFC012A
:103D900080819181A281B381072E76E1880F991FDE
:103DA000AA1FBB1F7A95D1F7702D28A539A54AA562
:103DB0005BA582279327A427B52788A799A7AAA739
:103DC000BBA7CE01835A9F4FFC0180819181A281C4
:103DD000B38180959095A095B095072E7CE0880FD3
:103DE000991FAA1FBB1F7A95D1F7702D28A539A559
:103DF0004AA55BA582279327A427B52788A799A75B
:103E0000AAA7BBA7CE01835A9F4FFC018081918155
:103E1000A281B381880F991FAA1FBB1F880F991F0A
:103E2000AA1FBB1F28A539A54AA55BA582279327F2
:103E3000A427B52788A799A7AAA7BBA78FAD8F5F8F
:103E40008FAF8FAD843008F436CE88A599A50E9437
:103E50005D764FE552E060E080E00E949B0E8BA50E
:103E60008F938AA58F9389A58F9388A58F9380E7D9
:103E700092E0892F8F9380E792E08F93CE018B554C
:103E80009E4F292F2F938F930E947E762DB73EB79A
:103E9000285F3F4F0FB6F894DEBF0FBECDBFCE01F7
:103EA0008B559E4FAC0163E081E00E949B0E0E9407
:103EB000CC4BDC01CB018093CC0B9093CD0BA0932A
:103EC000CE0BB093CF0B8981282F30E04BE3429F7C
:103ED000C001439F900D11248850934FFC018081B5
:103EE000882319F081E08093F00B8091C40B882F18
:103EF00090E0092E000CAA0BBB0B40E050E027E03D
:103F000030E0841B950B2817390710F40C940840F7
:103F1000FC018827EE58FF4F8F4F0C94FC75888565
:103F20008823D9F448EB52E060E080E00E949B0EC9
:103F300047EC52E060E081E00E949B0E48ED52E0C9
:103F400060E082E00E949B0E8091060240E06EEBF2
:103F50007CE00E946D5081E088878091C00B909139
:103F6000C10B88279072892BA1F1809106028330C2
:103F700080F18091060281508093060280910602B2
:103F8000882F90E0292F2F938F9387EE92E0892F2F
:103F90008F9387EE92E08F93CE018B559E4F292F02
:103FA0002F938F930E947E760F900F900F900F901B
:103FB0000F900F90CE018B559E4FAC0163E081E0D6
:103FC0000E949B0E8091060240E06EEB7CE00E9416
:103FD0006D508091C00B9091C10B88279074892BF4
:103FE000A1F180910602843080F5809106028F5FF6
:103FF0008093060280910602882F90E0292F2F934C
:104000008F9387EE92E0892F8F9387EE92E08F93C4
:10401000CE018B559E4F292F2F938F930E947E7632
:104020000F900F900F900F900F900F90CE018B5527
:104030009E4FAC0163E081E00E949B0E80910602DE
:1040400040E06EEB7CE00E946D508091C00B90913F
:10405000C10B88279071892B11F40C940B4021E03F
:10406000CE01805C9F4FFC01208348C0CE01805C64
:104070009F4FFC018081282F30E04BE3429FC0011D
:10408000439F900D11248051934FFC0111821082A7
:10409000CE01805C9F4FFC018081282F30E04BE3F4
:1040A000429FC001439F900D11248E50934FFC01FD
:1040B0001082CE01805C9F4FFC018081282F30E070
:1040C0004BE3429FC001439F900D11248E50934FAC
:1040D000FC012081CE01805C9F4FFC016081822F1A
:1040E0000E94EC4DCE01805C9F4FFC01808121E05D
:1040F000280FCE01805C9F4FFC0120832091060297
:10410000CE01805C9F4FFC018081281708F0AECF64
:104110008091060240E06EEB7CE00E946D504AEE1A
:1041200052E060E080E00E949B0E80910602882FA2
:1041300090E0292F2F938F9387EE92E0892F8F9312
:1041400087EE92E08F93CE018B559E4F292F2F93B0
:104150008F930E947E760F900F900F900F900F908C
:104160000F90CE018B559E4FAC0164E080E00E9421
:104170009B0E4BEF52E060E081E00E949B0E4CE012
:1041800053E060E082E00E949B0E809106020E9454
:10419000025481E08093C40B0C940B40CE018F5BE2
:1041A0009F4F21E0FC01208315C0CE018F5B9F4F04
:1041B0004AE0FC0160818CED95E00E94274FCE0122
:1041C0008F5B9F4F9E012F5B3F4FF90120812F5F37
:1041D000FC01208320910602CE018F5B9F4FFC01E2
:1041E0008081281710F7CE018E5B9F4F21E0FC01E4
:1041F000208318C14DE153E060E080E00E949B0EF7
:10420000CE018E5B9F4FFC018081882F90E0292F8B
:104210002F938F9387EE92E0892F8F9387EE92E012
:104220008F93CE018B559E4F292F2F938F930E94F2
:104230007E760F900F900F900F900F900F90CE0101
:104240008B559E4FAC016BE080E00E949B0E4EE2CE
:1042500053E060E081E00E949B0E4EE353E060E09B
:1042600082E00E949B0E0E949B41CE018E5B9F4F7D
:10427000FC018081282F30E08091BA0B482F50E05C
:104280008091BB0B882F90E0840F951FAC016BE3EE
:10429000629FC001639F900D11248051934FFC01D8
:1042A00051834083CE018E5B9F4FFC018081282F7C
:1042B00030E04BE3429FC001439F900D1124805199
:1042C000934FFC01208131818F81482F50E06BE3B7
:1042D000649FC001659F900D11248051934FFC0194
:1042E000808191812817390709F058C08091F20B1D
:1042F000882F90E001978654944FFC018081823092
:10430000A8F08091F20B882F90E001972091F20B9A
:10431000222F30E0215031092654344FF9012081F9
:1043200021508654944FFC01208314C08091F20BDD
:10433000882F90E001972091F20B222F30E021503E
:1043400031092654344FF90120812F5F8654944F50
:10435000FC012083CE018E5B9F4FFC018081282FC2
:1043600030E08091BA0B482F50E08091BB0B882F32
:1043700090E0840F951FAC016BE3629FC001639FC7
:10438000900D11248051934FFC01518340839091F3
:10439000BB0B8091BA0B692F0E94BA50CE018E5B85
:1043A0009F4FFC018081282F30E04BE3429FC001EA
:1043B000439F900D11248051934FFC012081318146
:1043C0008F81482F50E06BE3649FC001659F900D83
:1043D00011248051934FFC018081918182179307B2
:1043E00030F4CE018E5B9F4FFC0180818F83109251
:1043F000C90B1092CA0B1092F20BCE018E5B9F4F2D
:1044000040E06EEB7CE0FC0180810E946D50CE01AB
:104410008E5B9F4F9E012E5B3F4FF90120812F5FE6
:10442000FC01208320910602CE018E5B9F4FFC0190
:104430008081281708F0DECE8F8189839E01215567
:104440003F4F80E090E0AAE7B4E4F90180839183D4
:10445000A283B3838E010F5B1E4FCE0181559F4F08
:1044600020E030E04AE755E4FC01608171818281FF
:1044700093810E946675DC01CB01F80180839183F2
:10448000A283B383CE018F5B9E4F20E030E040E8F3
:104490005FE3FC0160817181828193810E941874C5
:1044A00088230CF462C0CE018F5B9E4F20E03FEF6B
:1044B0004FE757E4FC0160817181828193810E9402
:1044C000627518160CF03EC0CE0181559F4F20E05A
:1044D00030E040E251E4FC0160817181828193818E
:1044E0000E946675DC01CB018E010B5B1E4FBC0187
:1044F000CD010E948474DC01CB01F801918380839B
:1045000018C080E991E00197F1F79E01295B3E4FC9
:10451000F90191838083CE018B5B9E4F9E012B5BC3
:104520003E4FF9012081318121503109FC01318355
:104530002083CE018B5B9E4FFC0180819181892B72
:1045400001F729C08E010B5B1E4FCE018F5B9E4F82
:10455000FC0160817181828193810E948474DC01FD
:10456000CB01F8019183808308C0CE018B5B9E4F05
:1045700021E030E0FC0131832083CE018B5B9E4F34
:10458000FC01808191810197F1F79E01275B3E4FED
:10459000F901918380836AE08AE00E94BA50CE01DB
:1045A0008D5B9F4F21E0FC0120831FC0CE018D5BFE
:1045B0009F4FFC018081282F30E04BE3429FC001D8
:1045C000439F900D11248051934F2CED35E0FC0159
:1045D00031832083CE018D5B9F4F9E012D5B3F4F2A
:1045E000F90120812F5FFC01208320910602CE017A
:1045F0008D5B9F4FFC0180812817C0F680910602D9
:1046000049816EEB7CE00E946D504EE453E060E027
:1046100080E00E949B0E8981882F90E0292F2F93A4
:104620008F9387EE92E0892F8F9387EE92E08F939E
:10463000CE018B559E4F292F2F938F930E947E760C
:104640000F900F900F900F900F900F90CE018B5501
:104650009E4FAC016BE080E00E949B0E4EE353E066
:1046600060E081E00E949B0E4FE553E060E082E055
:104670000E949B0E82E08093C40B0C9415408A85A7
:104680008823C1F10E94710E4EE453E060E080E0A7
:104690000E949B0E8981882F90E0292F2F938F9362
:1046A00087EE92E0892F8F9387EE92E08F93CE0171
:1046B0008B559E4F292F2F938F930E947E760F90BC
:1046C0000F900F900F900F900F90CE018B559E4F33
:1046D000AC016BE080E00E949B0E4EE353E060E093
:1046E00081E00E949B0E4FE553E060E082E00E9473
:1046F0009B0E1A868091C00B9091C10B88279470F5
:10470000892B41F489A1882329F48091F00B882317
:1047100009F4C4C08091F10B882309F4BFC08D85D2
:10472000882309F4BBC08E85882309F4B7C08B8920
:10473000882309F4B3C06AE08AE00E94BA509091DD
:1047400006028981692F0E94C975892F8F5F89832D
:104750008981282F30E04BE3429FC001439F900D99
:1047600011248850934FFC018081882339F4809173
:10477000060249816EEB7CE00E946D504EE453E0EE
:1047800060E080E00E949B0E8981882F90E0292FB5
:104790002F938F9387EE92E0892F8F9387EE92E08D
:1047A0008F93CE018B559E4F292F2F938F930E946D
:1047B0007E760F900F900F900F900F900F90CE017C
:1047C0008B559E4FAC016BE080E00E949B0E4EE348
:1047D00053E060E081E00E949B0E4FE553E060E013
:1047E00082E00E949B0E1092F10B88E290E028E29A
:1047F00030E0F90120812F73FC01208319861C868B
:104800001C8A1F8E18A219A21092F00B8981282FE2
:1048100030E04BE3429FC001439F900D11248E5026
:10482000934FFC018081282F30E04EE4429FC0016D
:10483000439F900D1124895A914FFC0180818D8FE7
:104840008D8D8430A1F48981282F30E04BE3429F85
:10485000C001439F900D11248D50934FFC01808126
:10486000882329F081E08F8F81E08093F10B89818B
:10487000282F30E04BE3429FC001439F900D11244D
:104880008850934FFC018081882341F081E0809320
:10489000F00B81E08093F10B83E08D8F8091C00B52
:1048A0009091C10B88279470892B89F08B81882384
:1048B00071F48D85882359F08B89882341F06AE053
:1048C0008AE00E94BA5081E08B831C861C8A80910A
:1048D000F10B882309F0EDC18B81882309F4E9C12C
:1048E0008091F00B882309F0E4C10E949B419091D4
:1048F000BA0B8091BB0B981709F04AC08F8D8823A3
:1049000009F046C01B828A818F5F8A831092C90B8F
:104910001092CA0B8A81882F90E08230910581F035
:1049200083309105B9F0019709F036C088E290E034
:1049300028E230E0F90120812064FC01208327C0B7
:1049400088E290E028E230E0F90120812068FC0153
:1049500020831DC088E290E028E230E0F901208148
:104960002F73FC0120831092C90B1092CA0B1A827C
:104970001092BA0B1092BB0B81E08B8381E0809385
:10498000F10B89810E94CF5384E08D8F000004C019
:1049900081E08093F10B1A828981282F30E04BE36C
:1049A000429FC001439F900D11248E50934FFC01F4
:1049B0002081CE018C5B9F4F2F5FFC012083E9C0DB
:1049C000CE018C5B9F4FFC0190818DEC989F812DD7
:1049D000112482958695877028E2829F802D11246C
:1049E000F92FF81B8F2F69810E94EC4DCE018C5B53
:1049F0009F4FFC0190818DEC989F812D1124829511
:104A00008695877028E2829F802D1124F92FF81B4C
:104A10008F2F882331F448EC50E0698180E00E94B8
:104A20007C6D9E0125573F4F80E090E0A8ECB2E4FA
:104A3000F90180839183A283B3838E01055B1E4FAE
:104A4000CE0185579F4F20E030E04AE755E4FC0156
:104A500060817181828193810E946675DC01CB0146
:104A6000F80180839183A283B383CE01855B9E4F3F
:104A700020E030E040E85FE3FC01608171818281E9
:104A800093810E94187488230CF462C0CE01855B68
:104A90009E4F20E03FEF4FE757E4FC0160817181BA
:104AA000828193810E94627518160CF03EC0CE017F
:104AB00085579F4F20E030E040E251E4FC016081E7
:104AC0007181828193810E946675DC01CB018E0128
:104AD000015B1E4FBC01CD010E948474DC01CB013F
:104AE000F8019183808318C080E991E00197F1F784
:104AF0009E012F5A3E4FF90191838083CE01815B45
:104B00009E4F9E01215B3E4FF90120813181215052
:104B10003109FC0131832083CE01815B9E4FFC0172
:104B200080819181892B01F729C08E01015B1E4F85
:104B3000CE01855B9E4FFC016081718182819381F2
:104B40000E948474DC01CB01F8019183808308C04A
:104B5000CE01815B9E4F21E030E0FC013183208358
:104B6000CE01815B9E4FFC01808191810197F1F71D
:104B70009E012D5A3E4FF90191838083CE018C5BBB
:104B80009F4F9E012C5B3F4FF90120812F5FFC015D
:104B90002083CE018C5B9F4FFC018081282F30E069
:104BA0008981482F50E06BE3649FC001659F900DA1
:104BB00011248E50934FFC018081482F50E080914A
:104BC000BA0B682F70E08091BB0B882F90E0860FA6
:104BD000971F840F951F821793070CF0F1CE8981E0
:104BE000282F30E08981482F50E06BE3649FC0019B
:104BF000659F900D11248E50934FFC018081482FAA
:104C000050E08091BA0B682F70E08091BB0B882F29
:104C100090E0860F971F840F951F48E250E0BA017D
:104C20000E94E975582F4BE3429FC001439F900DAE
:104C300011248E50934FFC0150838981282F30E03E
:104C40004BE3429FC001439F900D11248E50934F20
:104C5000FC01808169810E94EC4D8981282F30E020
:104C60004BE3429FC001439F900D11248E50934F00
:104C7000FC018081282F30E04EE4429FC001439F19
:104C8000900D1124895A914FFC0180818D8F89816B
:104C9000282F30E04BE3429FC001439F900D112429
:104CA0008E50934FFC0180818C831092C90B10921F
:104CB000CA0B8091060249816EEB7CE00E946D5028
:104CC0008091C00B9091C10B88279071892B21F0A6
:104CD000198685E08093C40B8D8D882F90E0092E76
:104CE000000CAA0BBB0B40E050E027E030E0841B37
:104CF000950B2817390710F40C940E40FC018827F7
:104D0000E658FF4F8F4F0C94FC758C81873031F043
:104D10008C81863119F08C81843211F41D8A02C095
:104D200081E08D8B8C89882311F00C94A8311B8A2B
:104D30008091C00B9091C10B88279074892B19F436
:104D40008989882379F405E51AE12A8949896981E5
:104D50008D890E945A6E8C8B8C89882319F48989DD
:104D60008E5F898B8981882F90E00197895F9D4FA5
:104D7000FC018081282F30E08091C00B9091C10B05
:104D800082239323892B11F40C94A83181E08A8B20
:104D900005E51AE12A89498969818D890E945A6E3F
:104DA0008C8B8981282F30E04BE3429FC001439FC9
:104DB000900D11248E50934FFC018081282F30E0FC
:104DC0004EE4429FC001439F900D1124895A914F98
:104DD000FC0180818D8F8981282F30E04BE3429F39
:104DE000C001439F900D11248E50934FFC01808190
:104DF0008C831A8A198A81E08B8B81E08A870C94D4
:104E0000A8318C81282F30E04EE4429FC001439F9F
:104E1000900D11248859914FFC018081882321F540
:104E20001E868E010A5A1F4F498165E27EE08C8101
:104E30000E941740F8018083CE018A5A9F4FFC01DF
:104E40008081882F90E08130910519F0029721F040
:104E50000BC081E08E8708C081E08E8781E08C875F
:104E600083E08093C40B00008C81482F50E0CE017A
:104E7000865A9F4F6EE4649F9001659F300D112408
:104E80002E58314FF9012081FC0120838C81282F7D
:104E900030E04EE4429FC001439F900D1124885999
:104EA000914FFC018081882311F40C94AB318C81EB
:104EB000282F30E04EE4429FC001439F900D112403
:104EC0008859914FFC0190818981981711F40C94B5
:104ED000AB318C85813011F40C94AB31CE01865A04
:104EE0009F4FFC018081882311F00C94AB311D860B
:104EF0008985882309F017C18C81282F30E04EE482
:104F0000429FC001439F900D11248859914FFC018D
:104F100080818B878C81482F50E08C81282F30E056
:104F20006EE4629FC001639F900D11248159914FDF
:104F3000FC018081882F90E067E2649F9001659F6B
:104F4000300D1124820F931F880F991F865A914F9D
:104F5000FC01808191819F8B8E8B8C81282F30E08A
:104F60004EE4429FC001439F900D11248A59914FF6
:104F7000FC0120813181CE01895A9F4FFC012083A1
:104F800081E0888FCE018B5B9F4FFC01108231C086
:104F90008C81482F50E0CE018B5B9F4FFC018081BC
:104FA000882F90E06EE4649F9001659F300D11247E
:104FB000820F931F8659914FFC018081282F30E08A
:104FC0004EE4429FC001439F900D11248859914F98
:104FD000FC0190818B85981709F0188ECE018B5BB0
:104FE0009F4F9E012B5B3F4FF90120812F5FFC01FA
:104FF0002083CE018B5B9F4FFC018081833040F288
:10500000888D8823A9F0CE01895A9F4FFC018081A9
:10501000282F30E08E899F898217930748F4CE01AC
:10502000895A9F4FFC018081882F90E09F8B8E8B47
:105030004EE453E060E080E00E949B0E8981882F5F
:1050400090E0292F2F938F9387EE92E0892F8F93F3
:1050500087EE92E08F93CE018B559E4F292F2F9391
:105060008F930E947E760F900F900F900F900F906D
:105070000F90CE018B559E4FAC016BE080E00E94FB
:105080009B0E40E753E060E081E00E949B0E8F8919
:105090008F938E898F9387EE92E0892F8F9387EE7F
:1050A00092E08F93CE018B559E4F292F2F938F9394
:1050B0000E947E760F900F900F900F900F900F90A0
:1050C000CE018B559E4FAC016AE081E00E949B0EA1
:1050D00041E853E060E082E00E949B0E8B85882FC0
:1050E00090E0292F2F938F9387EE92E0892F8F9353
:1050F00087EE92E08F93CE018B559E4F292F2F93F1
:105100008F930E947E760F900F900F900F900F90CC
:105110000F90CE018B559E4FAC016BE082E00E9458
:105120009B0E81E089878981882F90E00197895FB4
:105130009D4FFC018081282F30E08091C00B909121
:10514000C10B82239323892B11F40C94AB318E89EC
:105150009F89AC016B8589810E947C6D8C878C85D1
:10516000813011F00C94AB31198681E08D8781E09C
:105170008A870C94AB318C85813011F40C94AE315C
:105180001D868985882309F068C08C81282F30E02E
:105190004EE4429FC001439F900D1124885A914FC5
:1051A000FC01808191819F8B8E8B4EE453E060E007
:1051B00080E00E949B0E8981882F90E0292F2F93F9
:1051C0008F9387EE92E0892F8F9387EE92E08F93F3
:1051D000CE018B559E4F292F2F938F930E947E7661
:1051E0000F900F900F900F900F900F90CE018B5556
:1051F0009E4FAC016BE080E00E949B0E40E753E0C5
:1052000060E081E00E949B0E8F898F938E898F933F
:1052100087EE92E0892F8F9387EE92E08F93CE01F5
:105220008B559E4F292F2F938F930E947E760F9040
:105230000F900F900F900F900F90CE018B559E4FB7
:10524000AC016AE081E00E949B0E42E953E060E01D
:1052500082E00E949B0E81E089878981882F90E0FF
:105260000197895F9D4FFC018081282F30E080915C
:10527000C00B9091C10B82239323892B11F40C94C2
:10528000AE318E899F89AC0160E089810E947C6D7E
:105290008C878C85813011F00C94AE31198681E0B9
:1052A0008D8781E08A870C94AE318C81282F30E085
:1052B0004EE4429FC001439F900D11248859914FA5
:1052C000FC018081882321F51E868E010A5A1F4F1A
:1052D000498165E27EE08C810E941740F80180835D
:1052E000CE018A5A9F4FFC018081882F90E0813047
:1052F000910519F0029721F00BC081E08E8708C05C
:1053000081E08E8781E08C8783E08093C40B00006E
:105310008C81482F50E0CE01865A9F4F6EE4649FE7
:105320009001659F300D11242E58314FF9012081D5
:10533000FC0120838C81282F30E04EE4429FC00185
:10534000439F900D11248859914FFC01808188233F
:1053500011F40C94B1318C81282F30E04EE4429F3F
:10536000C001439F900D11248859914FFC019081F9
:105370008981981709F4F5C78C85813009F4F1C744
:10538000CE01865A9F4FFC018081882309F0E9C72E
:105390001D868985882309F0E0C08C81282F30E0A4
:1053A0004EE4429FC001439F900D11248859914FB4
:1053B000FC0180818B871F86CE018A5B9F4F25E091
:1053C000FC0120832EC0CE018A5B9F4FFC018081AF
:1053D000282F30E04EE4429FC001439F900D1124DE
:1053E0008859914FFC0140818C81282F30E05EE488
:1053F000529FC001539F900D11248859914FFC0179
:105400008081481719F48F858F5F8F87CE018A5B63
:105410009F4F9E012A5B3F4FF9012081265FFC01CF
:105420002083CE018A5B9F4FFC018081843258F239
:105430008F8581508F878C81482F50E08F85882FF2
:1054400090E067E2649F9001659F300D1124820F08
:10545000931F880F991F865A914FFC01808191817B
:105460009F8B8E8B4EE453E060E080E00E949B0EA9
:105470008981882F90E0292F2F938F9387EE92E0D8
:10548000892F8F9387EE92E08F93CE018B559E4F9D
:10549000292F2F938F930E947E760F900F900F905D
:1054A0000F900F900F90CE018B559E4FAC016BE08B
:1054B00080E00E949B0E40E753E060E081E00E94A4
:1054C0009B0E8F898F938E898F9387EE92E0892F21
:1054D0008F9387EE92E08F93CE018B559E4F292FAD
:1054E0002F938F930E947E760F900F900F900F90C6
:1054F0000F900F90CE018B559E4FAC016AE081E07A
:105500000E949B0E41E853E060E082E00E949B0E07
:105510008B85882F90E0292F2F938F9387EE92E031
:10552000892F8F9387EE92E08F93CE018B559E4FFC
:10553000292F2F938F930E947E760F900F900F90BC
:105540000F900F900F90CE018B559E4FAC016BE0EA
:1055500082E00E949B0E81E089878981882F90E0FC
:105560000197895F9D4FFC018081282F30E0809159
:10557000C00B9091C10B82239323892B09F4F1C6B0
:105580008E899F89AC016B8589810E947C6D8C8797
:105590008C85813009F0E5C6198681E08D8781E030
:1055A0008A87DFC68F8D882309F4DEC68981282F7C
:1055B00030E04BE3429FC001439F900D11248D507A
:1055C000934FFC018081882309F415C188A18823A9
:1055D00009F011C14EE453E060E080E00E949B0EB0
:1055E0008981882F90E0292F2F938F9387EE92E067
:1055F000892F8F9387EE92E08F93CE018B559E4F2C
:10560000292F2F938F930E947E760F900F900F90EB
:105610000F900F900F90CE018B559E4FAC016BE019
:1056200080E00E949B0E43EA53E060E081E00E942C
:105630009B0E44EB53E060E082E00E949B0E81E011
:1056400088A39E0121573F4F80E090E8ABE3B5E48B
:10565000F90180839183A283B3838E010B5A1E4F7D
:10566000CE0181579F4F20E030E04AE755E4FC012E
:1056700060817181828193810E946675DC01CB011A
:10568000F80180839183A283B383CE018B5A9E4F0E
:1056900020E030E040E85FE3FC01608171818281BD
:1056A00093810E94187488230CF462C0CE018B5A37
:1056B0009E4F20E03FEF4FE757E4FC01608171818E
:1056C000828193810E94627518160CF03EC0CE0153
:1056D00081579F4F20E030E040E251E4FC016081BF
:1056E0007181828193810E946675DC01CB018E01FC
:1056F000075A1E4FBC01CD010E948474DC01CB010E
:10570000F8019183808318C080E991E00197F1F757
:105710009E01255A3E4FF90191838083CE01875A1D
:105720009E4F9E01275A3E4FF90120813181215021
:105730003109FC0131832083CE01875A9E4FFC0141
:1057400080819181892B01F729C08E01075A1E4F54
:10575000CE018B5A9E4FFC016081718182819381C1
:105760000E948474DC01CB01F8019183808308C01E
:10577000CE01875A9E4F21E030E0FC013183208327
:10578000CE01875A9E4FFC01808191810197F1F7EC
:105790009E01235A3E4FF901918380838981282FEE
:1057A00030E04BE3429FC001439F900D11248B508A
:1057B000934FFC018081882379F01092040245EC1C
:1057C00053E060E081E00E949B0E46ED53E060E014
:1057D00082E00E949B0E0FC081E08093040247EE9E
:1057E00053E060E081E00E949B0E48EF53E060E0F0
:1057F00082E00E949B0E80910402882F90E081300D
:10580000910509F45CC0823091051CF4892B49F0A4
:10581000B1C38230910509F479C0039709F4A0C19E
:10582000A9C38E81882381F049E054E060E081E0E3
:105830000E949B0E48EF53E060E082E00E949B0EC6
:1058400081E08093040291C38D81882309F48DC384
:105850008981282F30E04BE3429FC001439F900D88
:1058600011248D50934FFC0110828981282F30E044
:105870004BE3429FC001439F900D11248B50934FE7
:10588000FC0110828981282F30E04BE3429FC00148
:10589000439F900D11248C50934FFC011082109265
:1058A000F10B1F8E4EE353E060E081E00E949B0EFF
:1058B00047EA52E060E082E00E949B0E56C38E8170
:1058C000882381F04AE154E060E081E00E949B0E71
:1058D0004BE254E060E082E00E949B0E82E0809305
:1058E000040245C38D81882309F441C34EE353E08C
:1058F00060E081E00E949B0E47EA52E060E082E0B7
:105900000E949B0E83E08093040231C38E81882322
:1059100071F18981282F30E04BE3429FC001439F02
:10592000900D11248B50934FFC018081882379F0D6
:1059300045EC53E060E081E00E949B0E46ED53E0B1
:1059400060E082E00E949B0E1092040212C349E0C4
:1059500054E060E081E00E949B0E48EF53E060E07D
:1059600082E00E949B0E81E08093040202C38D813D
:10597000882309F4FEC242E350E060E089810E947E
:105980007C6D8C878C85813009F0F3C24CE354E048
:1059900060E081E00E949B0E4DE454E060E082E014
:1059A0000E949B0E8981282F30E04BE3429FC0016B
:1059B000439F900D11248D50934FFC0110828981DB
:1059C000282F30E04BE3429FC001439F900D1124EC
:1059D0008C50934FFC0110821092F10B1F8E9E0190
:1059E0002D563F4F80E090E0AAE7B4E4F9018083B0
:1059F0009183A283B3838E01015A1E4FCE018D562F
:105A00009F4F20E030E04AE755E4FC01608171815E
:105A1000828193810E946675DC01CB01F80180834D
:105A20009183A283B383CE01815A9E4F20E030E060
:105A300040E85FE3FC0160817181828193810E9473
:105A4000187488230CF462C0CE01815A9E4F20E066
:105A50003FEF4FE757E4FC016081718182819381C0
:105A60000E94627518160CF03EC0CE018D569F4FF5
:105A700020E030E040E251E4FC01608171818281EC
:105A800093810E946675DC01CB018E010D591E4F7A
:105A9000BC01CD010E948474DC01CB01F80191832B
:105AA000808318C080E991E00197F1F79E012B599E
:105AB0003E4FF90191838083CE018D599E4F9E0107
:105AC0002D593E4FF9012081318121503109FC01CE
:105AD00031832083CE018D599E4FFC0180819181BD
:105AE000892B01F729C08E010D591E4FCE01815A15
:105AF0009E4FFC0160817181828193810E94847438
:105B0000DC01CB01F8019183808308C0CE018D595F
:105B10009E4F21E030E0FC0131832083CE018D597E
:105B20009E4FFC01808191810197F1F79E012959D7
:105B30003E4FF901918380834EE353E060E081E0C2
:105B40000E949B0E4FE553E060E082E00E949B0EB6
:105B50008091060249816EEB7CE00E946D5009C283
:105B60001092C90B1092CA0B0E949B419091BA0BE4
:105B70008091BB0B981709F0D6C04EE554E060E069
:105B800081E00E949B0E47EA52E060E082E00E94C2
:105B90009B0E8981282F30E04BE3429FC001439F39
:105BA000900D11248D50934FFC0110828981282F74
:105BB00030E04BE3429FC001439F900D11248C5075
:105BC000934FFC0110821092F10B9E0129563F4F1A
:105BD00080E090E4ACE9B5E4F90180839183A2838D
:105BE000B3838E0107591E4FCE0189569F4F20E087
:105BF00030E04AE755E4FC01608171818281938144
:105C00000E946675DC01CB01F80180839183A28339
:105C1000B383CE0187599E4F20E030E040E85FE338
:105C2000FC0160817181828193810E9418748823B4
:105C30000CF462C0CE0187599E4F20E03FEF4FE742
:105C400057E4FC0160817181828193810E946275B9
:105C500018160CF03EC0CE0189569F4F20E030E070
:105C600040E251E4FC0160817181828193810E9454
:105C70006675DC01CB018E0103591E4FBC01CD01BD
:105C80000E948474DC01CB01F8019183808318C0E9
:105C900080E991E00197F1F79E0121593E4FF9010A
:105CA00091838083CE0183599E4F9E0123593E4F9D
:105CB000F9012081318121503109FC013183208398
:105CC000CE0183599E4FFC0180819181892B01F780
:105CD00051C18E0103591E4FCE0187599E4FFC01C1
:105CE00060817181828193810E948474DC01CB0187
:105CF000F8019183808308C0CE0183599E4F21E033
:105D000030E0FC0131832083CE0183599E4FFC019A
:105D1000808191810197F1F79E012F583E4FF90143
:105D20009183808327C14FE654E060E081E00E94C8
:105D30009B0E47EA52E060E082E00E949B0E1092C8
:105D4000C90B1092CA0B8981282F30E08981482F16
:105D500050E06BE3649FC001659F900D11248C504F
:105D6000934FFC01808141E0480F5BE3529FC001EB
:105D7000539F900D11248C50934FFC0140838981D7
:105D8000282F30E04BE3429FC001439F900D112428
:105D90008C50934FFC0180818330B9F542E350E091
:105DA00060E089810E947C6D8C878981282F30E09A
:105DB0004BE3429FC001439F900D11248D50934FA0
:105DC000FC0110828981282F30E04BE3429FC00103
:105DD000439F900D11248C50934FFC011082109220
:105DE000F10B4EE353E060E081E00E949B0E4FE533
:105DF00053E060E082E00E949B0E809106024981A0
:105E00006EEB7CE00E946D50B5C081E089A39E01DD
:105E100025563F4F80E090E8ABE3B5E4F90180837D
:105E20009183A283B3838E010D581E4FCE018556F8
:105E30009F4F20E030E04AE755E4FC01608171812A
:105E4000828193810E946675DC01CB01F801808319
:105E50009183A283B383CE018D589E4F20E030E022
:105E600040E85FE3FC0160817181828193810E943F
:105E7000187488230CF462C0CE018D589E4F20E028
:105E80003FEF4FE757E4FC0160817181828193818C
:105E90000E94627518160CF03EC0CE0185569F4FC9
:105EA00020E030E040E251E4FC01608171818281B8
:105EB00093810E946675DC01CB018E0109581E4F4B
:105EC000BC01CD010E948474DC01CB01F8019183F7
:105ED000808318C080E991E00197F1F79E0127586F
:105EE0003E4FF90191838083CE0189589E4F9E01D8
:105EF00029583E4FF9012081318121503109FC019F
:105F000031832083CE0189589E4FFC01808191818D
:105F1000892B01F72FC08E0109581E4FCE018D58D5
:105F20009E4FFC0160817181828193810E94847403
:105F3000DC01CB01F8019183808308C0CE01895830
:105F40009E4F21E030E0FC0131832083CE0189584F
:105F50009E4FFC01808191810197F1F79E012558A8
:105F60003E4FF9019183808305C0000003C000000B
:105F700001C000008981882F90E00197895F9D4FC3
:105F8000FC018081282F30E08091C00B9091C10BE3
:105F900082239323892B21F081E08D831E82E4C12B
:105FA0008981882F90E00197855F9D4FFC0180815A
:105FB000282F30E08091C00B9091C10B8223932356
:105FC000892B21F01D8281E08E83CEC11D821E822D
:105FD000CBC189810E94CF5384E08D8F8981282F86
:105FE00030E04BE3429FC001439F900D11248D5040
:105FF000934F21E0FC01208381E08B8381E080933B
:10600000F10BB6C18C81282F30E04EE4429FC001D5
:10601000439F900D11248859914FFC018081882362
:1060200021F51E868E010A5A1F4F498165E27EE0E6
:106030008C810E941740F8018083CE018A5A9F4FBD
:10604000FC018081882F90E08130910519F0029742
:1060500021F00BC081E08E8708C081E08E8781E04F
:106060008C8783E08093C40B00008C81482F50E024
:10607000CE01865A9F4F6EE4649F9001659F300D5C
:1060800011242E58314FF9012081FC0120838C818D
:10609000282F30E04EE4429FC001439F900D112411
:1060A0008859914FFC018081882309F460C18C815B
:1060B000282F30E04EE4429FC001439F900D1124F1
:1060C0008859914FFC0190818981981709F44FC13B
:1060D0008C85813009F44BC1CE01865A9F4FFC015B
:1060E0008081882309F043C11D868985882309F0B2
:1060F00005C1909110128091F016981719F48AE05A
:10610000888B02C084E0888B4EE453E060E080E03E
:106110000E949B0E8981882F90E0292F2F938F93C7
:1061200087EE92E0892F8F9387EE92E08F93CE01D6
:106130008B559E4F292F2F938F930E947E760F9021
:106140000F900F900F900F900F90CE018B559E4F98
:10615000AC016BE080E00E949B0E40E854E060E000
:1061600081E00E949B0E42E954E060E082E00E94E0
:106170009B0E8889882F90E0292F2F938F9387EE8D
:1061800092E0892F8F9387EE92E08F93CE018B550B
:106190009E4F292F2F938F930E947E760F900F9002
:1061A0000F900F900F900F90CE018B559E4FAC012A
:1061B0006EE082E00E949B0E0E949B418C81282F02
:1061C00030E04EE4429FC001439F900D1124885956
:1061D000914FFC0180818B878091BA0B282F30E092
:1061E0008091BB0B882F90E0A901480F591F888927
:1061F000282F30E0429FC001439F900D529F900D89
:1062000011249F8B8E8B4EE453E060E080E00E946F
:106210009B0E8981882F90E0292F2F938F9387EEF3
:1062200092E0892F8F9387EE92E08F93CE018B556A
:106230009E4F292F2F938F930E947E760F900F9061
:106240000F900F900F900F90CE018B559E4FAC0189
:106250006BE080E00E949B0E40E753E060E081E04D
:106260000E949B0E8F898F938E898F9387EE92E089
:10627000892F8F9387EE92E08F93CE018B559E4F9F
:10628000292F2F938F930E947E760F900F900F905F
:106290000F900F900F90CE018B559E4FAC016AE08E
:1062A00081E00E949B0E41E853E060E082E00E94A2
:1062B0009B0E8B85882F90E0292F2F938F9387EE4D
:1062C00092E0892F8F9387EE92E08F93CE018B55CA
:1062D0009E4F292F2F938F930E947E760F900F90C1
:1062E0000F900F900F900F90CE018B559E4FAC01E9
:1062F0006BE082E00E949B0E81E089878981882F74
:1063000090E00197895F9D4FFC018081282F30E04C
:106310008091C00B9091C10B82239323892B39F17B
:106320008E899F89AC016B8589810E947C6D8C87E9
:106330008C858130E1F4198681E08D8781E08A8740
:106340001092C90B1092CA0B12C000000C940E40A0
:1063500000000C940E4000000C940E4000000C94C1
:106360000E4000000C940E4000000C940E40000003
:106370000C940E408985882309F06DC00E94710E2F
:1063800043EA54E060E080E00E949B0E8C81282F5D
:1063900030E04EE4429FC001439F900D11248B5D7D
:1063A000914FAC0160E081E00E949B0E44EB54E011
:1063B00060E082E00E949B0E89E090E09C8F8B8FD2
:1063C00081E08987CE01895B9F4F21E0FC0120831A
:1063D00038C0CE01895B9F4FFC018081882F90E0FF
:1063E0009E01295B3F4FF9012081422F50E06BE372
:1063F000649F9001659F300D11242051334FF901A6
:1064000020813181AE0145545E4F880F991F840F62
:10641000951FFC0131832083CE01895B9F4F40E0B3
:10642000FC01608180E090E00E94274FCE01895BF3
:106430009F4F9E01295B3F4FF90120812F5FFC0197
:10644000208320910602CE01895B9F4FFC01808151
:10645000281708F0BECFCE01885B9F4FFC01108249
:1064600010C1CE01885B9F4FFC018081882F90E096
:10647000895F9D4FFC018081282F30E08091C00B07
:106480009091C10B82239323892B09F48CC0CE01F8
:10649000885B9F4FFC018081882F90E09E012B54E8
:1064A0003E4F820F931FFC018081882309F07BC03F
:1064B000CE01885B9F4FFC018081882F90E09C017A
:1064C0002F5F3F4F4BE3429FC001439F900D11242C
:1064D0008051934FFC01208131818B8D9C8D8217DF
:1064E000930708F060C08B8D9C8D01969C8F8B8FDD
:1064F000CE01885B9F4FFC01808121E0280FCE01F7
:106500008B549E4FFC012583CE01875B9F4F21E07A
:10651000FC01208332C0CE01875B9F4FFC0180814C
:10652000882F90E001979E012B543E4F820F931FBE
:10653000FC0180818823B1F4CE018B549E4FFC0175
:106540002581CE01875B9F4FFC018081281751F088
:10655000CE01875B9F4F40E0FC01608180E090E0CE
:106560000E94274FCE01875B9F4F9E01275B3F4FC5
:10657000F90120812F5FFC01208320910602CE01CA
:10658000875B9F4FFC018081281728F6CE01885B2E
:106590009F4FFC01808121E0280F8B8D9C8D41E075
:1065A000622F0E94274FCE01885B9F4FFC018081A4
:1065B000882F90E0855F9D4FFC018081282F30E07F
:1065C0008091C00B9091C10B82239323892B09F4F6
:1065D0004DC0CE01885B9F4FFC018081882F90E0E9
:1065E0009E012B543E4F820F931FFC018081882314
:1065F000E9F5CE018B549E4FFC018581882F90E0F8
:106600000197855F9D4FFC018081282F30E08091AC
:10661000C00B9091C10B82239323892B39F5CE01B6
:10662000885B9F4FFC0180818F5F42E0682F80E094
:1066300090E00E94274FCE01885B9F4FFC01808134
:10664000882F90E09E012B543E4F820F931F21E034
:10665000FC012083CE018B549E4FFC01848121E0FC
:10666000280FCE018B549E4FFC012483CE01885B02
:106670009F4F9E01285B3F4FF90120812F5FFC0156
:10668000208320910602CE01885B9F4FFC01808110
:10669000821708F4E6CECE018B549E4FFC01848114
:1066A000282F30E080910602882F90E0019728176C
:1066B000390711F00C941140CE018B549E4FFC0110
:1066C0008581882309F488C10E94710E45EC54E04D
:1066D00060E080E00E949B0E4EE453E060E081E0C9
:1066E0000E949B0ECE018B549E4FFC018581882F0A
:1066F00090E0292F2F938F9387EE92E0892F8F932D
:1067000087EE92E08F93CE018B559E4F292F2F93CA
:106710008F930E947E760F900F900F900F900F90A6
:106720000F90CE018B559E4FAC016BE081E00E9433
:106730009B0E9E0121563F4F80E090E8ABE3B5E40D
:10674000F90180839183A283B3838E0103581E4F86
:10675000CE0181569F4F20E030E04AE755E4FC012E
:1067600060817181828193810E946675DC01CB0119
:10677000F80180839183A283B383CE0183589E4F17
:1067800020E030E040E85FE3FC01608171818281BC
:1067900093810E94187488230CF462C0CE01835840
:1067A0009E4F20E03FEF4FE757E4FC01608171818D
:1067B000828193810E94627518160CF03EC0CE0152
:1067C00081569F4F20E030E040E251E4FC016081BF
:1067D0007181828193810E946675DC01CB018E01FB
:1067E0000F571E4FBC01CD010E948474DC01CB0108
:1067F000F8019183808318C080E991E00197F1F757
:106800009E012D573E4FF90191838083CE018F5712
:106810009E4F9E012F573E4FF9012081318121501B
:106820003109FC0131832083CE018F579E4FFC013B
:1068300080819181892B01F729C08E010F571E4F4E
:10684000CE0183589E4FFC016081718182819381CA
:106850000E948474DC01CB01F8019183808308C01D
:10686000CE018F579E4F21E030E0FC013183208321
:10687000CE018F579E4FFC01808191810197F1F7E6
:106880009E012B573E4FF90191838083CE01865B99
:106890009F4F21E0FC0120832EC0CE01865B9F4FDD
:1068A000FC018081482F50E0CE01865B9F4FFC01A8
:1068B0008081882F90E09E0125543E4F880F991FBC
:1068C000820F931FFC01208131816BE3649FC00123
:1068D000659F900D11248051934FFC0131832083DB
:1068E000CE01865B9F4F9E01265B3F4FF9012081C1
:1068F0002F5FFC01208320910602CE01865B9F4F13
:10690000FC018081281748F68091060240E06EEB7A
:106910007CE00E946D50CE018B549E4FFC0125817E
:106920008B8D9C8DAC0160E0822F0E947C6D8C81F0
:10693000282F30E0CE018B549E4FFC0145815EE450
:10694000529FC001539F900D11248859914FFC0113
:106950004083CE018B549E4FFC0155818C81282FA2
:1069600030E04EE4429FC001439F900D11248059B6
:10697000914FFC018081652F0E94E94CCE01855B1F
:106980009F4FFC01108219C0CE01855B9F4FFC0117
:106990008081882F90E09E012B543E4F820F931FE1
:1069A000FC011082CE01855B9F4F9E01255B3F4F0E
:1069B000F90120812F5FFC012083CE01855B9F4F71
:1069C000FC018081863000F3198681E08A8782E0AD
:1069D0008093C40B0C9411400E94710E46ED54E05C
:1069E00060E080E00E949B0E46EE54E060E081E0B3
:1069F0000E949B0E9E012D553F4F80E090E8ABE337
:106A0000B5E4F90180839183A283B3838E01095792
:106A10001E4FCE018D559F4F20E030E04AE755E4F0
:106A2000FC0160817181828193810E946675DC0125
:106A3000CB01F80180839183A283B383CE01895770
:106A40009E4F20E030E040E85FE3FC01608171810F
:106A5000828193810E94187488230CF462C0CE0155
:106A600089579E4F20E03FEF4FE757E4FC016081DC
:106A70007181828193810E94627518160CF03EC06C
:106A8000CE018D559F4F20E030E040E251E4FC0103
:106A900060817181828193810E946675DC01CB01E6
:106AA0008E0105571E4FBC01CD010E948474DC018C
:106AB000CB01F8019183808318C080E991E00197B0
:106AC000F1F79E0123573E4FF90191838083CE0158
:106AD00085579E4F9E0125573E4FF90120813181F8
:106AE00021503109FC0131832083CE0185579E4F0F
:106AF000FC0180819181892B01F729C08E01055706
:106B00001E4FCE0189579E4FFC01608171818281A9
:106B100093810E948474DC01CB01F801918380830E
:106B200008C0CE0185579E4F21E030E0FC01318343
:106B30002083CE0185579E4FFC0180819181019772
:106B4000F1F79E0121573E4FF90191838083CE01D9
:106B5000845B9F4F21E0FC0120832EC0CE01845B2B
:106B60009F4FFC018081482F50E0CE01845B9F4FF6
:106B7000FC018081882F90E09E0125543E4F880FB4
:106B8000991F820F931FFC01208131816BE3649F69
:106B9000C001659F900D11248051934FFC013183FA
:106BA0002083CE01845B9F4F9E01245B3F4FF90100
:106BB00020812F5FFC01208320910602CE01845B9F
:106BC0009F4FFC018081281748F680910602498179
:106BD0006EEB7CE00E946D50CE01835B9F4FFC0109
:106BE000108219C0CE01835B9F4FFC018081882FEA
:106BF00090E09E012B543E4F820F931FFC011082A8
:106C0000CE01835B9F4F9E01235B3F4FF9012081A3
:106C10002F5FFC012083CE01835B9F4FFC018081AD
:106C2000863000F3198681E08A8782E08093C40B66
:106C30000C94114089810E943D7181E08A8782E035
:106C40008093C40B0C94154080910502882F90E02E
:106C50008130910541F08230910509F489C0892B7A
:106C600009F443C0CEC089858823A1F447EF54E0DE
:106C700060E080E00E949B0E48E055E060E081E02B
:106C80000E949B0E49E155E060E082E00E949B0E6D
:106C900081E089878091C00B9091C10B8827907407
:106CA000892B21F0109205021986A4C08091C00B97
:106CB0009091C10B88279071892B41F081E08093DE
:106CC000050284E08093C40B198694C08091C00BA8
:106CD0009091C10B88279470892B09F48BC082E0B6
:106CE0008093C40B81E08A8785C089858823A1F4BD
:106CF00047EF54E060E080E00E949B0E4AE255E0DE
:106D000060E081E00E949B0E49E155E060E082E096
:106D10000E949B0E81E089878091C00B9091C10BEE
:106D200088279074892B29F082E0809305021986C8
:106D300064C08091C00B9091C10B88279071892B02
:106D400041F081E08093050286E08093C40B1986B0
:106D500054C08091C00B9091C10B88279470892BEF
:106D600009F44BC082E08093C40B81E08A8745C060
:106D700089858823A1F447EF54E060E080E00E9419
:106D80009B0E4BE355E060E081E00E949B0E49E1E1
:106D900055E060E082E00E949B0E81E0898780914F
:106DA000C00B9091C10B88279074892B29F081E04A
:106DB00080930502198624C08091C00B9091C10B6D
:106DC00088279071892B41F081E08093050287E04C
:106DD0008093C40B198614C08091C00B9091C10B95
:106DE00088279470892B61F082E08093C40B81E046
:106DF0008A8706C000000C94154000000C941540D2
:106E000000000C9415408985882309F098C047EA52
:106E100052E060E080E00E949B0E4CE455E060E0B0
:106E200081E00E949B0E49E155E060E082E00E9413
:106E30009B0E81E08987CE01825B9F4FFC0110820F
:106E400019C0CE01825B9F4FFC018081882F90E0AA
:106E50009E012B533E4F820F931FFC011082CE01E7
:106E6000825B9F4F9E01225B3F4FF90120812F5F84
:106E7000FC012083CE01825B9F4FFC0180818C311D
:106E800000F3198ECE01815B9F4FFC01108231C04F
:106E9000CE01815B9F4FFC018081282F30E04EE4C2
:106EA000429FC001439F900D11248859914FFC01CE
:106EB00090818981981791F4898D882F90E09E01A7
:106EC0002B533E4F820F931F9E01215B3F4FF901D1
:106ED0002081FC012083898D8F5F898FCE01815BAA
:106EE0009F4F9E01215B3F4FF90120812F5FFC01E5
:106EF0002083CE01815B9F4FFC018081883240F26C
:106F000047EA52E060E080E00E949B0E8A8D882F65
:106F100090E09E012B533E4F820F931FFC01808116
:106F2000282F30E04EE4429FC001439F900D112472
:106F30008B5D914FAC0160E080E00E949B0E8091E0
:106F4000C00B9091C10B88279074892B51F18A8DC9
:106F5000882F90E00196298D222F30E0B9010E9400
:106F6000E9758A8F47EA52E060E080E00E949B0E5C
:106F70008A8D882F90E09E012B533E4F820F931FE6
:106F8000FC018081282F30E04EE4429FC001439FE6
:106F9000900D11248B5D914FAC0160E080E00E9468
:106FA0009B0E8091C00B9091C10B88279870892B04
:106FB00009F409C181E08AA3CE01805B9F4FFC01E7
:106FC000108239C08A8D882F90E09E012B533E4F4E
:106FD000820F931FFC018081482F50E0CE01805B1F
:106FE0009F4FFC018081882F90E06EE4649F9001A8
:106FF000659F300D1124820F931F8659914FFC011C
:107000008081282F30E04EE4429FC001439F900DC5
:1070100011248159914FFC018081882309F01AA223
:10702000CE01805B9F4F9E01205B3F4FF901208185
:107030002F5FFC012083CE01805B9F4FFC0180818C
:10704000833008F4BFCF8A8D882F90E09E012B53A8
:107050003E4F820F931FFC018081282F30E04EE4C9
:10706000429FC001439F900D11248E58914FFC0107
:107070008081882309F081C18AA1882309F47DC118
:107080008A8D882F90E09E012B533E4F820F931FD5
:10709000FC018081282F30E04EE4429FC001439FD5
:1070A000900D1124885A914FFC0180819181969511
:1070B00087959F8B8E8B8E899F89AC01698180E03B
:1070C0000E947C6D8C878C85813009F056C18A8D39
:1070D000882F90E09E012B533E4F820F931FFC019F
:1070E0008081282F30E04EE4429FC001439F900DE5
:1070F00011248E58914F21E0FC012083CE01885A43
:107100009F4FFC0110828A8D882F90E09E012B53A7
:107110003E4F820F931FFC018081482F50E0CE012B
:10712000885A9F4F6EE4649F9001659F300D112433
:107130002259314FF9012081FC0120838A8D882F4B
:1071400090E09E012B533E4F820F931FFC018081E4
:10715000482F50E0CE01875A9F4F6EE4649F900104
:10716000659F300D11242059314FF9012081FC0118
:1071700020838A8D882F90E09E012B533E4F820FF3
:10718000931FFC018081282F30E04EE4429FC00114
:10719000439F900D1124895A914FFC0180818823CF
:1071A00049F4CE01885A9F4F66E0FC0180810E941D
:1071B0000E4CE3C0CE01875A9F4F65E0FC018081F1
:1071C0000E94E94CDAC08091C00B9091C10B9923C9
:1071D0000CF0D3C08A8D882F90E09E012B533E4F38
:1071E000820F931FFC018081282F30E04EE4429FE4
:1071F000C001439F900D11248E58914FFC01808156
:10720000882309F4BAC08A8D882F90E09E012B5301
:107210003E4F820F931FFC018081282F30E04EE407
:10722000429FC001439F900D1124885A914FFC0149
:107230008081918196958795CC01A0E0B0E0BC015A
:10724000CD010E94B074DC01CB012DEC3CEC4CE88C
:107250005FE3BC01CD010E946675DC01CB01BC017E
:10726000CD010E948474DC01CB019F8B8E8B8E89B3
:107270009F89AC0160E089810E947C6D8C878C8540
:10728000813009F07AC08A8D882F90E09E012B53BF
:107290003E4F820F931FFC018081282F30E04EE487
:1072A000429FC001439F900D11248E58914FFC01C5
:1072B0001082CE01885A9F4FFC0110828A8D882F40
:1072C00090E09E012B533E4F820F931FFC01808163
:1072D000482F50E0CE01885A9F4F6EE4649F900182
:1072E000659F300D11242259314FF9012081FC0195
:1072F00020838A8D882F90E09E012B533E4F820F72
:10730000931FFC018081482F50E0CE01875A9F4F88
:107310006EE4649F9001659F300D11242059314F18
:10732000F9012081FC0120838A8D882F90E09E0145
:107330002B533E4F820F931FFC018081282F30E09A
:107340004EE4429FC001439F900D1124895A914FF2
:10735000FC018081882349F4CE01885A9F4F60E068
:10736000FC0180810E940E4C08C0CE01875A9F4FBD
:107370006981FC0180810E94E94C8091C00B909151
:10738000C10B88279470892B09F44EC682E0809344
:10739000C40B81E08A8748C68E8D882F90E08230AA
:1073A000910509F4AFC08330910534F4009761F082
:1073B000019709F495C02BC68330910509F4CBC021
:1073C000049709F45BC523C689858823A9F44DE594
:1073D00055E060E080E00E949B0E4EE655E060E0E4
:1073E00081E00E949B0E47EA52E060E082E00E944A
:1073F0009B0E81E089871BA2CE018F5A9F4F21E00F
:10740000FC01208341C0CE018F5A9F4FFC01808137
:10741000882F90E00197895F9D4FFC018081282F84
:1074200030E08091C00B9091C10B82239323892B74
:1074300001F12091E50DCE018F5A9F4FFC01808113
:107440002817B9F08BA1882F90E0880F991F82959B
:107450009295907F9827807F98278B51924F9E011D
:107460002F5A3F4FF9012081FC0120838BA18F5FB0
:107470008BA3CE018F5A9F4F9E012F5A3F4FF90188
:1074800020812F5FFC01208320910602CE018F5ABC
:107490009F4FFC018081281708F0B5CF8091050E21
:1074A000882309F4AFC51092C50B81E08E8F1BA213
:1074B000A9C58E01055A1F4F8BA10E94CD42F8012C
:1074C0008083CE01855A9F4FFC018081882341F043
:1074D0008BA18F5F8BA3CE01855A9F4FFC01108239
:1074E0008BA1823030F38BA1823009F08DC582E010
:1074F0008E8F1092C50B1BA2CE01855A9F4FFC01A7
:10750000108282C54FE755E060E081E00E949B0E4B
:107510008E01055A1F4F8BA10E94F945F801808307
:10752000CE01855A9F4FFC018081882389F08BA171
:107530008F5F8BA3CE01855A9F4FFC0110828BA1D8
:10754000823009F063C583E08E8F1092C50B5EC553
:1075500084E08E8F5BC50E94710E40E955E060E0CB
:1075600080E00E949B0E9E0129553F4F80E090E0F5
:10757000AAE7B4E4F90180839183A283B3838E01E7
:107580000F561E4FCE0189559F4F20E030E04AE74D
:1075900055E4FC0160817181828193810E9466754E
:1075A000DC01CB01F80180839183A283B383CE01F8
:1075B0008F569E4F20E030E040E85FE3FC016081A1
:1075C0007181828193810E94187488230CF462C0B7
:1075D000CE018F569E4F20E03FEF4FE757E4FC016E
:1075E00060817181828193810E94627518160CF00E
:1075F0003EC0CE0189559F4F20E030E040E251E48B
:10760000FC0160817181828193810E946675DC0139
:10761000CB018E010B561E4FBC01CD010E9484741C
:10762000DC01CB01F8019183808318C080E991E0EF
:107630000197F1F79E0129563E4FF901918380830E
:10764000CE018B569E4F9E012B563E4FF901208155
:10765000318121503109FC0131832083CE018B56C9
:107660009E4FFC0180819181892B01F729C08E01F9
:107670000B561E4FCE018F569E4FFC0160817181CB
:10768000828193810E948474DC01CB01F801918393
:10769000808308C0CE018B569E4F21E030E0FC0174
:1076A00031832083CE018B569E4FFC0180819181D6
:1076B0000197F1F79E0127563E4FF9019183808390
:1076C0002091E50DCE018F519E4FFC01208320912A
:1076D000050ECE018F519E4FFC012183CE018E5AA3
:1076E0009F4FFC011082B1C2CE018D5A9F4FFC0109
:1076F000108281C2CE018E5A9F4FFC018081482F9B
:1077000050E0CE018D5A9F4FFC018081282F30E040
:10771000CE01845A9F4F440F551F42955295507F7A
:107720005427407F5427240F351F2A51324FF90127
:107730002081FC012083CE01845A9F4FFC0180816F
:10774000282F30E0CE018E5A9F4FFC018081882F78
:1077500090E041E050E0BA01681B790BCB01AE012B
:107760004F515E4F840F951FFC0140815EE4529F94
:10777000C001539F900D11248859914FFC01408303
:10778000CE01845A9F4FFC018081282F30E04EE4C7
:10779000429FC001439F900D11248E58914FFC01D0
:1077A0008081882309F4F7C181E08CA31092C50B76
:1077B000EEC18091BE0B9091BF0B9093BD0B809357
:1077C000BC0B1092BF0B1092BE0B89E091E0FC0144
:1077D0008081882F90E0382F222786E091E0FC01FD
:1077E0008081882F90E0822B932B9093BF0B809306
:1077F000BE0B8091BC0B9091BD0B9C0120953095E8
:107800008091BE0B9091BF0B822393239093C10B69
:107810008093C00B8091C50B882309F04BC04EE4C8
:1078200053E060E080E00E949B0ECE018E5A9F4F95
:10783000FC018081882F90E021E030E0A901481B05
:10784000590BCA019E012F513E4F820F931FFC011D
:107850008081882F90E0292F2F938F9387EE92E0DD
:10786000892F8F9387EE92E08F93CE018B559E4F99
:10787000292F2F938F930E947E760F900F900F9059
:107880000F900F900F90CE018B559E4FAC016BE087
:1078900080E00E949B0E41EA55E060E081E00E949A
:1078A0009B0E42EB55E060E082E00E949B0E81E07F
:1078B0008093C50B8091C00B9091C10B8827987065
:1078C000892B09F441C18DA1882309F049C0CE015B
:1078D000845A9F4FFC018081282F30E04EE4429F64
:1078E000C001439F900D1124885A914FFC01808163
:1078F00091818EA38EA1982F96952EA18DEC289F15
:10790000812D112482958F70890F8EA343EC55E051
:1079100060E081E00E949B0E8EA1882F90E0292FCD
:107920002F938F9387EE92E0892F8F9387EE92E0CB
:107930008F93CE018B559E4F292F2F938F930E94AB
:107940007E760F900F900F900F900F900F90CE01BA
:107950008B559E4FAC0166E081E00E949B0E76C085
:10796000CE01845A9F4FFC018081282F30E04EE4E5
:10797000429FC001439F900D1124885A914FFC01F2
:10798000808191818EA39EA18DEC989F812D1124E1
:1079900082958F708EA343EC55E060E081E00E94F9
:1079A0009B0E8EA1882F90E0292F2F938F9387EE27
:1079B00092E0892F8F9387EE92E08F93CE018B55C3
:1079C0009E4F292F2F938F930E947E760F900F90BA
:1079D0000F900F900F900F90CE018B559E4FAC01E2
:1079E00066E081E00E949B0E31C08091BE0B9091B9
:1079F000BF0B9093BD0B8093BC0B1092BF0B1092EA
:107A0000BE0B89E091E0FC018081882F90E0382F47
:107A1000222786E091E0FC018081882F90E0822B74
:107A2000932B9093BF0B8093BE0B8091BC0B9091D6
:107A3000BD0B9C01209530958091BE0B9091BF0BA2
:107A4000822393239093C10B8093C00B8091C00B32
:107A50009091C10B88279071892B31F48091C00BD4
:107A60009091C10B99230CF68091C00B9091C10BA2
:107A700088279071892BE1F08EA1482F50E0CE012C
:107A80008E5A9F4FFC018081882F90E021E030E0EA
:107A9000B901681B790BCB019E012F513E4F820F1C
:107AA000931FFC01808160E00E947C6D8FA31DC04C
:107AB0008DA1882F90E0019681709078992324F40D
:107AC00001978E6F9F6F01968DA38DA1882339F04A
:107AD00044ED55E060E081E00E949B0E06C041EA63
:107AE00055E060E081E00E949B0E8FA1813009F09B
:107AF0004EC08DA1882329F5CE01845A9F4FFC01E9
:107B00008081282F30E04EE4429FC001439F900DBA
:107B100011248E58914FFC011082CE01845A9F4F40
:107B2000FC018081282F30E04EE4429FC001439F3A
:107B3000900D11248259914FFC01808160E00E94D8
:107B40000E4C1CA21FA223C08091C00B9091C10BB0
:107B50009923ECF48DA1882F90E0019681709078A4
:107B6000992324F401978E6F9F6F01968DA38DA1A9
:107B7000882339F044ED55E060E081E00E949B0EDF
:107B800006C041EA55E060E081E00E949B0E8CA1B6
:107B9000882309F00ECECE01845A9F4FFC018081CC
:107BA000282F30E04EE4429FC001439F900D1124E6
:107BB0008859914FFC015081CE01845A9F4FFC019E
:107BC0008081282F30E04EE4429FC001439F900DFA
:107BD00011248059914FFC018081652F0E94E94C4E
:107BE000CE018D5A9F4F9E012D5A3F4FF9012081A2
:107BF0002F5FFC012083CE018E5A9F4FFC018081B4
:107C0000282F30E0CE018D5A9F4FFC018081882FB4
:107C100090E0220F331F22953295307F3227207F4C
:107C20003227820F931F8A51924FFC018081882353
:107C300009F060CDCE018E5A9F4F9E012E5A3F4FC4
:107C4000F90120812F5FFC012083CE018E5A9F4FC6
:107C5000FC018081823008F447CDCE018C5A9F4FC1
:107C6000FC01108259C0CE018C5A9F4FFC018081CB
:107C7000882F90E0880F991F82959295907F982782
:107C8000807F98278E5F914FFC0180819181892BA5
:107C9000C1F1CE018C5A9F4FFC018081882F90E06A
:107CA000880F991F82959295907F9827807F9827BB
:107CB0008E5F914FFC0140815181CE018C5A9F4FC4
:107CC000FC018081882F90E021E030E0B901681B41
:107CD000790BCB019E012F513E4F820F931FFC0168
:107CE0006081CE018C5A9F4FFC018081882F90E0EB
:107CF0009E012F513E4F820F931FFC0180810E94F5
:107D00007C6DCE018C5A9F4F9E012C5A3F4FF9013A
:107D100020812F5FFC012083CE018C5A9F4FFC01F4
:107D20008081823008F49FCFCE018B5A9F4FFC0197
:107D3000108299C0CE018B5A9F4FFC018081882F01
:107D400090E0880F991F82959295907F9827807F69
:107D500098278C5F914FFC018081882309F478C0BB
:107D6000CE018B5A9F4FFC018081882F90E09E01AD
:107D70002F513E4F820F931FFC018081282F30E04E
:107D8000CE018B5A9F4FFC018081882F90E0AE017D
:107D90004F515E4F840F951FFC018081482F50E0AA
:107DA0006BE3649FC001659F900D11248B50934F2E
:107DB000FC0180814FEF480F5BE3529FC001539F4E
:107DC000900D11248B50934FFC014083CE018B5AB0
:107DD0009F4FFC018081882F90E021E030E0A901D5
:107DE000481B590BCA019E012F513E4F820F931F12
:107DF000FC018081282F30E0CE018B5A9F4FFC017F
:107E00008081882F90E041E050E0BA01681B790B37
:107E1000CB01AE014F515E4F840F951FFC01808155
:107E2000482F50E06BE3649FC001659F900D1124C3
:107E30008B50934FFC01808141E0480F5BE3529FE0
:107E4000C001539F900D11248B50934FFC01408330
:107E5000CE018B5A9F4F9E012B5A3F4FF901208133
:107E60002F5FFC012083CE018B5A9F4FFC01808144
:107E7000823008F45FCF84E08E8FC9C045EE55E0B4
:107E800060E080E00E949B0E46EF55E060E080E0FD
:107E90000E949B0E9E0125553F4F80E090E0AAE78F
:107EA000B4E4F90180839183A283B3838E010556E4
:107EB0001E4FCE0185559F4F20E030E04AE755E444
:107EC000FC0160817181828193810E946675DC0171
:107ED000CB01F80180839183A283B383CE018556C1
:107EE0009E4F20E030E040E85FE3FC01608171815B
:107EF000828193810E94187488230CF462C0CE01A1
:107F000085569E4F20E03FEF4FE757E4FC0160812C
:107F10007181828193810E94627518160CF03EC0B7
:107F2000CE0185559F4F20E030E040E251E4FC0156
:107F300060817181828193810E946675DC01CB0131
:107F40008E0101561E4FBC01CD010E948474DC01DC
:107F5000CB01F8019183808318C080E991E00197FB
:107F6000F1F79E012F553E4FF90191838083CE0199
:107F700081569E4F9E0121563E4FF901208131814D
:107F800021503109FC0131832083CE0181569E4F5F
:107F9000FC0180819181892B01F729C08E01015656
:107FA0001E4FCE0185569E4FFC01608171818281FA
:107FB00093810E948474DC01CB01F801918380835A
:107FC00008C0CE0181569E4F21E030E0FC01318394
:107FD0002083CE0181569E4FFC01808191810197C3
:107FE000F1F79E012D553E4FF9019183808381E089
:107FF0008A8785EE9DE00E9409621E8E82E0809352
:10800000C40B05C0000011C000000FC000000DC06F
:1080100000000C94FF1C00000C94FF1C00000C944A
:10802000FF1C00000C94FF1C00000C94FF1CCF935D
:10803000DF93CDB7DEB7A3970FB6F894DEBF0FBEC0
:10804000CDBF88A37AA369A34BA319828091C50BE6
:10805000882309F0AFC00E94710E80E090E0A8EC88
:10806000B2E48A839B83AC83BD8320E030E04AE79F
:1080700055E46A817B818C819D810E946675DC015B
:10808000CB018E839F83A887B98720E030E040E84A
:108090005FE36E817F81888599850E9418748823AB
:1080A0000CF43CC020E03FEF4FE757E46E817F8146
:1080B000888599850E94627518162CF520E030E0BD
:1080C00040E251E46A817B818C819D810E946675CA
:1080D000DC01CB01BC01CD010E948474DC01CB0129
:1080E0009B878A870BC080E991E00197F1F79D8714
:1080F0008C878A859B8501979B878A878A859B8544
:10810000892B89F715C06E817F81888599850E94AA
:108110008474DC01CB019B878A8704C081E090E0F6
:108120009B878A878A859B850197F1F79F878E8732
:108130004EE453E060E080E00E949B0E8BA1882F0C
:1081400090E0292F2F938F9387EE92E0892F8F93C2
:1081500087EE92E08F93CE014096292F2F938F9335
:108160000E947E760F900F900F900F900F900F90BF
:10817000CE014096AC016BE080E00E949B0E88A18E
:10818000282F30E04EE4429FC001439F900D112400
:1081900029A13AA1820F931FAC0160E081E00E9407
:1081A0009B0E47E056E060E082E00E949B0E81E07B
:1081B0008093C50B8091C00B9091C10B8827907460
:1081C000892B09F49EC08BA1282F30E04BE3429FFE
:1081D000C001439F900D11248051934FFC012081D9
:1081E000318188A1482F50E06EE4649FC001659FF3
:1081F000900D112449A15AA1840F951FFC0183A958
:1082000094A92817390708F48CC088A1282F30E0DA
:108210004EE4429FC001439F900D112429A13AA131
:10822000820F931FFC0183A994A9AC0160E08BA18C
:108230000E947C6D88A1282F30E04EE4429FC0014F
:10824000439F900D112429A13AA1820F931F8D5BAA
:108250009F4F2BA1FC01208388A1282F30E04EE402
:10826000429FC001439F900D112429A13AA1820F82
:10827000931F855B9F4FFC0180816BA10E94E94C9D
:10828000809106024BA16EEB7CE00E946D500E9433
:10829000710E4EE453E060E080E00E949B0E8BA1E3
:1082A000882F90E0292F2F938F9387EE92E0892FCC
:1082B0008F9387EE92E08F93CE014096292F2F93D4
:1082C0008F930E947E760F900F900F900F900F90DB
:1082D0000F90CE014096AC016BE080E00E949B0EB7
:1082E0004EE353E060E081E00E949B0E48E156E0DF
:1082F00060E082E00E949B0E81E089831092C50BB2
:1083000010C08091C00B9091C10B88279072892B6F
:1083100041F06AE082E30E942D5382E0898310924B
:10832000C50B8981A3960FB6F894DEBF0FBECDBFF3
:10833000DF91CF910895CF92DF92EF92FF92CF938A
:10834000DF9300D01F921F92CDB7DEB71A82198239
:108350001C821B821D820AC18091BE0B9091BF0BB3
:108360009093BD0B8093BC0B1092BF0B1092BE0B71
:1083700089E091E0FC018081882F90E0382F22274E
:1083800086E091E0FC018081882F90E0822B932B86
:108390009093BF0B8093BE0B8091BC0B9091BD0B53
:1083A0009C01209530958091BE0B9091BF0B82234C
:1083B00093239093C10B8093C00B8091BE0B90913F
:1083C000BF0B9C01209530958091BC0B9091BD0B0B
:1083D000822393239093C30B8093C20B8091C00B95
:1083E0009091C10B88279170892B41F48091C00B2B
:1083F0009091C10B88279270892B21F189819A81F4
:10840000892B01F58B819C81892BE1F48091C00B34
:108410009091C10B882791709A8389838091C00BBA
:108420009091C10B882792709C838B830E94CC4BC8
:10843000DC01CB018093CC0B9093CD0BA093CE0BA2
:10844000B093CF0B8091CC0B9091CD0BA091CE0B24
:10845000B091CF0B6C017D01F0E9CF0EF1E0DF1E92
:10846000E11CF11C0E94CC4BDC01CB01C816D906E3
:10847000EA06FB0608F04DC08D81882309F049C04B
:108480008091C00B9091C10B88279170892B21F4AA
:1084900089819A81892BC1F08091C90B8823A1F42D
:1084A0009091CA0B8091C90B492F682F81E00E94DF
:1084B000085181E08093C90B8B819C81892B41F508
:1084C00082E08093F20B24C08091C00B9091C10B8D
:1084D00088279270892B21F48B819C81892BB9F19B
:1084E0008091CA0B882399F59091CA0B8091C90B92
:1084F000492F682F82E00E94085181E08093CA0BC7
:1085000089819A81892B19F581E08093F20B1FC034
:108510001EC089819A81892B59F08091C00B90915E
:10852000C10B88279270892B19F081E08D8310C0D0
:108530008B819C81892B61F08091C00B9091C10B44
:1085400088279170892B21F081E08D8301C0000084
:108550008D81882359F00E94915281E08093C90B4C
:1085600081E08093CA0B82E08093F20B8091C90B6B
:10857000882309F4F1CE8091CA0B882309F4ECCE4C
:1085800000000F900F900F900F900F90DF91CF9100
:10859000FF90EF90DF90CF900895CF93DF93CDB70A
:1085A000DEB764970FB6F894DEBF0FBECDBF8C8BDD
:1085B00020E1CE010496FC01322F11923A95E9F7A1
:1085C0008091BE0B9091BF0B9093BD0B8093BC0B21
:1085D0001092BF0B1092BE0B89E091E0FC018081EC
:1085E000882F90E0382F222786E091E0FC018081DF
:1085F000882F90E0822B932B9093BF0B8093BE0B20
:108600008091BC0B9091BD0B9C0120953095809181
:10861000BE0B9091BF0B822393239093C10B809349
:10862000C00B8091C60B882F90E08130910509F432
:1086300054C1823091051CF4892B49F0D0C282309C
:10864000910509F466C2039709F48EC2C8C28091ED
:10865000C50B882309F0BCC049E256E060E080E029
:108660000E949B0E4AE356E060E081E00E949B0E70
:1086700047EA52E060E082E00E949B0E81E0809336
:10868000C50B19820AC08981882F90E08053944FCE
:10869000FC01108289818F5F898389818C3198F3F5
:1086A0001092ED0B1A8271C08A81282F30E04EE4BF
:1086B000429FC001439F900D11248859914FFC01A6
:1086C00020818C89882F90E0880F991F8295929540
:1086D000907F9827807F98278B51924FFC01808153
:1086E000281709F04FC08A81282F30E04EE4429FBE
:1086F000C001439F900D11248159914FFC0180814D
:10870000882309F03FC081E08093EC0B1B8225C0D9
:108710008A81482F50E08B81882F90E06EE4649F1F
:108720009001659F300D1124820F931F8659914F40
:10873000FC018081282F30E04EE4429FC001439F1E
:10874000900D11248159914FFC018081882311F0F3
:108750001092EC0B8B818F5F8B838B818330C0F207
:108760008091EC0B882371F08091ED0B882F90E0C5
:108770008053944F2A81FC0120838091ED0B8F5F01
:108780008093ED0B8A818F5F8A838A81883208F417
:108790008BCF1092EF0B47EA52E060E082E00E943C
:1087A0009B0E8091EF0B882F90E08053944FFC013B
:1087B0008081282F30E04EE4429FC001439F900DFE
:1087C00011248B5D914FAC0160E082E00E949B0E12
:1087D0008091C00B9091C10B88279074892B61F117
:1087E0008091EF0B882F90E001962091ED0B222FC6
:1087F00030E0B9010E94E9758093EF0B47EA52E03F
:1088000060E082E00E949B0E8091EF0B882F90E049
:108810008053944FFC018081282F30E04EE4429F2A
:10882000C001439F900D11248B5D914FAC0160E01E
:1088300082E00E949B0ECCC18091C00B9091C10B35
:1088400088279071892B41F18C89282F30E0809105
:10885000EE0B882F90E04091EF0B442F50E04053F7
:10886000544FFA014081220F331F22953295307FF9
:108870003227207F3227820F931F8A51924FFC01AB
:1088800040838091EE0B8F5F8093EE0B83E08093AB
:10889000C60B1092C50B9CC18091C00B9091C10B6F
:1088A00088279072892B09F493C14BE456E060E06D
:1088B00080E00E949B0E4AE356E060E081E00E9467
:1088C0009B0E47EA52E060E082E00E949B0E81E04E
:1088D0008093C60B1092C50B7BC18091C50B88237A
:1088E000A9F44CE556E060E080E00E949B0E4AE36C
:1088F00056E060E081E00E949B0E4DE656E060E0AD
:1089000082E00E949B0E81E08093C50B8091C00B9A
:108910009091C10B88279870892B09F451C08C89DC
:10892000882F90E02C89222F30E0220F331F2295D0
:108930003295307F3227207F32272E5F314FF90169
:1089400020813181265F3F4F880F991F8295929534
:10895000907F9827807F98278E5F914FFC0131830D
:1089600020838C89882F90E0880F991F829592959B
:10897000907F9827807F98278E5F914FFC018081A0
:108980009181292F2F938F938EE796E0892F8F93D4
:108990008EE796E08F93CE010496292F2F938F9325
:1089A0000E947E760F900F900F900F900F900F9077
:1089B000CE010496AC0168E080E00E949B0E57C097
:1089C0008091C00B9091C10B99230CF050C08C8901
:1089D000882F90E02C89222F30E0220F331F229520
:1089E0003295307F3227207F32272E5F314FF901B9
:1089F000208131812C593F4F880F991F8295929584
:108A0000907F9827807F98278E5F914FFC0131835C
:108A100020838C89882F90E0880F991F82959295EA
:108A2000907F9827807F98278E5F914FFC018081EF
:108A30009181292F2F938F938EE796E0892F8F9323
:108A40008EE796E08F93CE010496292F2F938F9374
:108A50000E947E760F900F900F900F900F900F90C6
:108A6000CE010496AC0168E080E00E949B0E8091EC
:108A7000C00B9091C10B88279072892B79F18C895A
:108A8000882F90E0880F991F82959295907F982764
:108A9000807F98278B51924FFC018081282F30E0F6
:108AA0004BE3429FC001439F900D11248B50934F85
:108AB000FC018081882391F082E08093C60B42E81C
:108AC00056E060E080E00E949B0E47EA52E060E0E2
:108AD00082E00E949B0E1092C50B0CC08091C00BCF
:108AE0009091C10B88279072892B21F01092C60BB0
:108AF0001092C50B8091C00B9091C10B882790718B
:108B0000892B09F467C083E08093C60B1092C50BD4
:108B100061C08091C00B9091C10B88279071892B07
:108B2000B1F08C89882F90E0880F991F82959295DB
:108B3000907F9827807F98278C5F914F21E0FC01E0
:108B4000208383E08093C60B1092C50B45C08091B3
:108B5000C00B9091C10B88279072892BE9F110927C
:108B6000C60B1092C50B38C08091C50B8823A9F4A1
:108B700043E956E060E080E00E949B0E44EA56E044
:108B800060E081E00E949B0E47EA52E060E082E0F4
:108B90000E949B0E81E08093C50B8091C00B909149
:108BA000C10B88279870892B41F01092EE0B109220
:108BB000C60B1092C50B81E013C08091C00B909141
:108BC000C10B99235CF41092C50B1092C60B06C022
:108BD000000005C0000003C0000001C0000080E0EC
:108BE00064960FB6F894DEBF0FBECDBFDF91CF9174
:108BF0000895CF93DF93CDB7DEB7ED970FB6F89416
:108C0000DEBF0FBECDBF8DAF20E1CE018D96FC0142
:108C1000322F11923A95E9F781E089838091C50B53
:108C2000882309F04AC04EE453E060E080E00E94EF
:108C30009B0E8DAD882F90E021E030E0A901481B0C
:108C4000590BCA01880F991F82959295907F98279A
:108C5000807F98278B51924FFC018081882F90E074
:108C6000292F2F938F9387EE92E0892F8F9387EE92
:108C700092E08F93CE018D96292F2F938F930E9490
:108C80007E760F900F900F900F900F900F90CE0167
:108C90008D96AC016BE080E00E949B0E4FE755E0A3
:108CA00060E081E00E949B0E47EA52E060E082E0D3
:108CB0000E949B0E81E08093C50B8DAD882F90E0C4
:108CC000880F991F82959295907F9827807F98278B
:108CD0008A51924FFC018081882309F4BAC11A821B
:108CE000A1C14FE755E060E081E00E949B0E8DAD91
:108CF000282F30E08A81882F90E0220F331F2295A1
:108D00003295307F3227207F3227820F931F8A517E
:108D1000924FFC018081282F30E04EE4429FC00139
:108D2000439F900D11248B5D914FAC0160E082E078
:108D30000E949B0E31C08091BE0B9091BF0B90930F
:108D4000BD0B8093BC0B1092BF0B1092BE0B89E041
:108D500091E0FC018081882F90E0382F222786E067
:108D600091E0FC018081882F90E0822B932B9093DF
:108D7000BF0B8093BE0B8091BC0B9091BD0B9C01EF
:108D8000209530958091BE0B9091BF0B8223932349
:108D90009093C10B8093C00B8DAD882F90E021E0A4
:108DA00030E0A901481B590BCA01880F991F829511
:108DB0009295907F9827807F98278B51924FFC0146
:108DC0008081882F90E00197895F9D4FFC01808111
:108DD000282F30E08091C00B9091C10B8223932308
:108DE000892B39F58DAD882F90E021E030E0A90185
:108DF000481B590BCA01880F991F82959295907F45
:108E00009827807F98278B51924FFC018081882F73
:108E100090E00197855F9D4FFC018081282F30E015
:108E20008091C00B9091C10B82239323892B09F46D
:108E300082CF8DAD882F90E021E030E0A901481B62
:108E4000590BCA01880F991F82959295907F982798
:108E5000807F98278B51924FFC018081882F90E072
:108E60000197895F9D4FFC018081282F30E0809120
:108E7000C00B9091C10B82239323892B09F477C0F7
:108E800045EB56E060E081E00E949B0E47EA52E02D
:108E900060E082E00E949B0E80E090E0AAE7B4E4EC
:108EA0008B879C87AD87BE8720E030E04AE755E49A
:108EB0006B857C858D859E850E946675DC01CB0166
:108EC0008F87988BA98BBA8B20E030E040E85FE376
:108ED0006F85788989899A890E94187488230CF48F
:108EE0003CC020E03FEF4FE757E46F8578898989E0
:108EF0009A890E94627518162CF520E030E040E255
:108F000051E46B857C858D859E850E946675DC01AC
:108F1000CB01BC01CD010E948474DC01CB019C8B90
:108F20008B8B0BC080E991E00197F1F79E8B8D8BC5
:108F30008B899C8901979C8B8B8B8B899C89892B36
:108F400089F715C06F85788989899A890E94847408
:108F5000DC01CB019C8B8B8B04C081E090E09C8B6F
:108F60008B8B8B899C890197F1F7988F8F8B8DADB7
:108F7000882F90E021E030E0A901481B590BCA017D
:108F8000880F991F82959295907F9827807F9827C8
:108F90008B51924FFC018081882F90E00197855F73
:108FA0009D4FFC018081282F30E08091C00B909173
:108FB000C10B82239323892B09F019828091BE0B68
:108FC0009091BF0B9093BD0B8093BC0B1092BF0B85
:108FD0001092BE0B89E091E0FC018081882F90E027
:108FE000382F222786E091E0FC018081882F90E0D5
:108FF000822B932B9093BF0B8093BE0B8091BC0B65
:109000009091BD0B9C01209530958091BE0B909165
:10901000BF0B822393239093C10B8093C00B8A8153
:109020008F5F8A838DAD282F30E08A81882F90E072
:10903000220F331F22953295307F3227207F32272F
:10904000820F931F8A51924FFC018081882309F07F
:1090500048CE8DAD882F90E0880F991F829592950C
:10906000907F9827807F98278E5F914FFC018081A9
:109070009181892B09F4B9C14EE453E060E080E0AE
:109080000E949B0E8DAD882F90E021E030E0A90179
:10909000481B590BCA01880F991F82959295907FA2
:1090A0009827807F98278B51924FFC018081882FD1
:1090B00090E0292F2F938F9387EE92E0892F8F9343
:1090C00087EE92E08F93CE018D96292F2F938F9369
:1090D0000E947E760F900F900F900F900F900F9040
:1090E000CE018D96AC016BE080E00E949B0E4FE7B5
:1090F00055E060E081E00E949B0E46EC56E060E0A7
:1091000082E00E949B0E8DAD882F90E0880F991F02
:1091100082959295907F9827807F98278E5F914FB8
:10912000FC0180819181292F2F938F938EE796E008
:10913000892F8F938EE796E08F93CE018D96292FFE
:109140002F938F930E947E760F900F900F900F9029
:109150000F900F90CE018D96AC0169E082E00E94E5
:109160009B0E31C08091BE0B9091BF0B9093BD0BB5
:109170008093BC0B1092BF0B1092BE0B89E091E064
:10918000FC018081882F90E0382F222786E091E033
:10919000FC018081882F90E0822B932B9093BF0B52
:1091A0008093BE0B8091BC0B9091BD0B9C012095D0
:1091B00030958091BE0B9091BF0B822393239093A7
:1091C000C10B8093C00B8DAD882F90E021E030E083
:1091D000A901481B590BCA01880F991F82959295C6
:1091E000907F9827807F98278B51924FFC01808138
:1091F000882F90E00197895F9D4FFC018081282F87
:1092000030E08091C00B9091C10B82239323892B76
:1092100039F58DAD882F90E021E030E0A901481BA1
:10922000590BCA01880F991F82959295907F9827B4
:10923000807F98278B51924FFC018081882F90E08E
:109240000197855F9D4FFC018081282F30E0809140
:10925000C00B9091C10B82239323892B09F482CFF9
:109260008DAD882F90E021E030E0A901481B590B1B
:10927000CA01880F991F82959295907F9827807FC9
:1092800098278B51924FFC018081882F90E00197A5
:10929000895F9D4FFC018081282F30E08091C00BB9
:1092A0009091C10B82239323892B09F477C045EB5E
:1092B00056E060E081E00E949B0E47EA52E060E0E9
:1092C00082E00E949B0E80E090E0AAE7B4E48B83EA
:1092D0009C83AD83BE8320E030E04AE755E46B8198
:1092E0007C818D819E810E946675DC01CB01898F16
:1092F0009A8FAB8FBC8F20E030E040E85FE3698D50
:109300007A8D8B8D9C8D0E94187488230CF43CC040
:1093100020E03FEF4FE757E4698D7A8D8B8D9C8D70
:109320000E94627518162CF520E030E040E251E40E
:109330006B817C818D819E810E946675DC01CB01F1
:10934000BC01CD010E948474DC01CB019E8F8D8F06
:109350000BC080E991E00197F1F798A38F8F8D8D75
:109360009E8D01979E8F8D8F8D8D9E8D892B89F778
:1093700015C0698D7A8D8B8D9C8D0E948474DC0163
:10938000CB019E8F8D8F04C081E090E09E8F8D8FEA
:109390008D8D9E8D0197F1F79AA389A38DAD882FAE
:1093A00090E021E030E0A901481B590BCA01880F69
:1093B000991F82959295907F9827807F98278B514F
:1093C000924FFC018081882F90E00197855F9D4F2F
:1093D000FC018081282F30E08091C00B9091C10B5F
:1093E00082239323892B09F019828DAD882F90E079
:1093F000880F991F82959295907F9827807F982754
:109400008C5F914FFC018081882309F48BC14EE46D
:1094100053E060E080E00E949B0E8DAD882F90E0CD
:1094200021E030E0A901481B590BCA01880F991FA0
:1094300082959295907F9827807F98278B51924FA5
:10944000FC018081882F90E0292F2F938F9387EE46
:1094500092E0892F8F9387EE92E08F93CE018D96C5
:10946000292F2F938F930E947E760F900F900F904D
:109470000F900F900F90CE018D96AC016BE080E0C5
:109480000E949B0E4FE755E060E081E00E949B0E3A
:1094900042E856E062E080E00E949B0E31C080917D
:1094A000BE0B9091BF0B9093BD0B8093BC0B1092A1
:1094B000BF0B1092BE0B89E091E0FC018081882FE8
:1094C00090E0382F222786E091E0FC018081882FF0
:1094D00090E0822B932B9093BF0B8093BE0B8091D7
:1094E000BC0B9091BD0B9C01209530958091BE0BDB
:1094F0009091BF0B822393239093C10B8093C00B59
:109500008DAD882F90E021E030E0A901481B590B78
:10951000CA01880F991F82959295907F9827807F26
:1095200098278B51924FFC018081882F90E0019702
:10953000895F9D4FFC018081282F30E08091C00B16
:109540009091C10B82239323892B39F58DAD882F00
:1095500090E021E030E0A901481B590BCA01880FB7
:10956000991F82959295907F9827807F98278B519D
:10957000924FFC018081882F90E00197855F9D4F7D
:10958000FC018081282F30E08091C00B9091C10BAD
:1095900082239323892B09F482CF8DAD882F90E00D
:1095A00021E030E0A901481B590BCA01880F991F1F
:1095B00082959295907F9827807F98278B51924F24
:1095C000FC018081882F90E00197895F9D4FFC010D
:1095D0008081282F30E08091C00B9091C10B8223B5
:1095E0009323892B09F477C045EB56E060E081E0D6
:1095F0000E949B0E47EA52E060E082E00E949B0ED0
:1096000080E090E0AAE7B4E48F839887A987BA87BF
:1096100020E030E04AE755E46F81788589859A85B6
:109620000E946675DC01CB018BA39CA3ADA3BEA3F6
:1096300020E030E040E85FE36BA17CA18DA19EA11A
:109640000E94187488230CF43CC020E03FEF4FE7E1
:1096500057E46BA17CA18DA19EA10E946275181692
:109660002CF520E030E040E251E46F817885898577
:109670009A850E946675DC01CB01BC01CD010E9478
:109680008474DC01CB0198A78FA30BC080E991E023
:109690000197F1F79AA789A78FA198A5019798A795
:1096A0008FA38FA198A5892B89F715C06BA17CA1E9
:1096B0008DA19EA10E948474DC01CB0198A78FA389
:1096C00004C081E090E098A78FA38FA198A501978F
:1096D000F1F79CA78BA78DAD882F90E021E030E0BB
:1096E000A901481B590BCA01880F991F82959295B1
:1096F000907F9827807F98278B51924FFC01808123
:10970000882F90E00197855F9D4FFC018081282F75
:1097100030E08091C00B9091C10B82239323892B61
:1097200009F019821092C50B8981ED960FB6F89455
:10973000DEBF0FBECDBFDF91CF9108951F920F9274
:1097400000905F000F9211248F939F93AF93BF936C
:10975000CF93DF93CDB7DEB78091651B9091661BE9
:10976000A091671BB091681B0196A11DB11D80934C
:10977000651B9093661BA093671BB093681B00004A
:10978000DF91CF91BF91AF919F918F910F900092F8
:109790005F000F901F901895CF93DF9300D01F921A
:1097A000CDB7DEB7F8948091651B9091661BA091B0
:1097B000671BB091681B89839A83AB83BC837894C1
:1097C00089819A81AB81BC81BC01CD010F900F9042
:1097D0000F900F90DF91CF9108950F931F93CF9328
:1097E0008C01C0E00FC0EEE0F0E0EC1BF109E00FEF
:1097F000F11F608180E00E94CC7380ED97E00197BB
:10980000F1F7CF5FCF3078F38EB188608EB98EB12B
:10981000877F8EB9CF911F910F910895982F990F3F
:10982000990F890FE82FE695E695E69587706530E4
:1098300069F045E050E0461B510920EE3FEF02C0C1
:10984000369527954A95E2F7209501C020E18430AE
:10985000A8F1F0E04FE150E0082E02C0440F551F80
:109860000A94E2F7DF01A850B54F40959C91492337
:109870004C9368E070E0681B710940EE5FEF062EC4
:1098800002C0559547950A94E2F7E750F54F90814D
:109890004923408330E0A90102C0440F551F8A9537
:1098A000E2F7CA019C91892B8C9302C035952795CC
:1098B0006A95E2F78081282B208318C0F0E04FE101
:1098C00050E0082E02C0440F551F0A94E2F7E850FA
:1098D000F54F40959081492330E0B90102C0660FF1
:1098E000771F8A95E2F7CB01842B808388EF9AE07B
:1098F00074CF0895411169C0982F990F990F890F5E
:10990000E82FE695E695E6958770653069F045E0C5
:1099100050E0461B510920EE3FEF02C036952795D7
:109920004A95E2F7209501C020E18430A8F1F0E0EB
:109930004FE150E0082E02C0440F551F0A94E2F791
:10994000DF01A850B54F40959C9149234C9368E0A6
:1099500070E0681B710940EE5FEF062E02C055955E
:1099600047950A94E2F7E750F54F908149234083E9
:1099700030E0A90102C0440F551F8A95E2F7CA01E1
:109980009C91892B8C9302C0359527956A95E2F7B7
:109990008081282B20830895F0E04FE150E0082ECD
:1099A00002C0440F551F0A94E2F7E850F54F409566
:1099B0009081492330E0B90102C0660F771F8A9574
:1099C000E2F7CB01842B8083089588EF9AE005CFDE
:1099D0000895CF93633099F028F4613001F162303B
:1099E00051F005C0653099F070F06930A1F020E0C9
:1099F00030E040E017C023E032E34EE113C020E046
:109A000034E142E30FC022E330E040E00BC022E348
:109A100032E342E307C022E330E042E303C020E048
:109A200030E042E390E0FC01EE0FFF1F8E0F9F1F1E
:109A3000FC01E759F44E408331832283C0E005C026
:109A400089E69BE10E94E073CF5FCC31C8F3CF91F0
:109A50000895811124C08091BE0B9091BF0B90930B
:109A6000BD0B8093BC0B1092BF0B1092BE0B2091CC
:109A7000090130E0322F222740910601242B309338
:109A8000BF0B2093BE0B80959095822393239093D8
:109A9000C10B8093C00B892B21F081E0089581E0F8
:109AA000089580E00895CF93DF93D0E03DC0880F04
:109AB00024E130E02C1B310947E050E0461B5109FE
:109AC000220F331F220F331F220F331F2A5F344F01
:109AD000F901E40FF51F9081892B9D2F9170899FCB
:109AE000802D11246F5F02C060E080E06830F8F2E2
:109AF0000E949B7380ED97E00197F1F7CF5F01C063
:109B0000C0E0C53188F385B1806185B985B18F7EAC
:109B100085B984EC99E005C0E0E9F1E03197F1F70F
:109B200001970097C9F7DF5FD63050F3DF91CF91EF
:109B30000895E82FF0E0EB55F44F90819A3008F447
:109B400041C026EF290F2A3090F4823051F018F4EA
:109B50008130D1F104C0833031F0843031F080E0C5
:109B6000089582E008958EEF08958FEF08952CEE0A
:109B7000290F2A3090F4823051F018F4813031F1FD
:109B800004C0833031F0843031F080E0089581E00A
:109B900008958FEF08958DEF08959E519A30C0F487
:109BA000823051F018F48130A9F004C0833031F0D4
:109BB000843031F080E008958FEF089581E00895BA
:109BC0008EEF089580E0089581E0089583E0089580
:109BD00080E0089582E00895DF92EF92FF920F9364
:109BE0001F93CF93DF93F82ED62EC62FD0E0219768
:109BF000FE01EA55F44F8081082F10E0000F111F7D
:109C0000000F111F15950795159507951595079543
:109C1000880F880F8470E82E862F8BDF9E012E0D13
:109C2000311D280F311D87FD3A95C8019927880FEE
:109C3000991F880F991F880F991F8A5F944FFC0105
:109C4000E20FF31F1082FE01EA55F44FF0820F2D50
:109C500010E0000F111F000F111F159507951595A6
:109C60000795159507958F2D880F880F8470F82E0E
:109C70008D2D5FDFCF0DD11DC80FD11D87FDDA956A
:109C8000C8019927880F991F880F991F880F991F5E
:109C90008A5F944FC80FD91F81E08883C0E023C03A
:109CA000880F24E130E02C1B310947E050E0491BCC
:109CB0005109220F331F220F331F220F331F2A5F38
:109CC000344FF901E40FF51F2081822B9F5F02C002
:109CD00090E080E0983020F30E949B7380ED97E045
:109CE0000197F1F7CF5FC53198F385B1806185B9F0
:109CF00085B18F7E85B9DF91CF911F910F91FF9034
:109D0000EF90DF900895FF920F931F93CF93DF930F
:109D1000062F10E001501109F801EA55F44F808335
:109D2000C82FD0E0CC0FDD1FCC0FDD1FD595C79518
:109D3000D595C795D595C795982F990F990F94707C
:109D4000F92E862FF6DE0F0D111D080F111D87FD50
:109D50001A95DD27CC0FDD1FCC0FDD1FCC0FDD1FCB
:109D6000CA5FD44FC00FD11F8881DF91CF911F915F
:109D70000F91FF900895EF92FF920F931F93CF934F
:109D8000DF93E42E211153C0062F10E0015011097A
:109D9000F801EA55F44F8083C82FD0E0CC0FDD1FC7
:109DA000CC0FDD1FD595C795D595C795D595C7958A
:109DB000982F990F990F9470F92E862FBADE0F0DF8
:109DC000111D080F111D87FD1A95FE01FF27EE0FCB
:109DD000FF1FEE0FFF1FEE0FFF1FEA5FF44FE00FB4
:109DE000F11FE0822DC0880F24E130E02C1B3109E7
:109DF00047E050E0491B5109220F331F220F331F48
:109E0000220F331F2A5F344FF901E40FF51F208121
:109E1000822B9F5F02C090E080E0983020F30E9488
:109E20009B7380ED97E00197F1F7CF5F01C0C0E031
:109E3000C53188F385B1806185B985B18F7E85B9DB
:109E4000DF91CF911F910F91FF90EF900895CF92E6
:109E5000DF92EF92FF920F931F93CF93DF937C01DA
:109E6000562F9C013695279536952795369527953B
:109E7000A5ECB0E20E940476FC01F295E295EF7049
:109E8000EF27FF70EF279F01ADECBCEC0E9404763A
:109E9000EC01D695C795D695C795D695C795CE01B1
:109EA000880F991FCC0FDD1FCC0FDD1FCC0FDD1FDE
:109EB000C80FD91FCF018C1B9D0BEC019701369564
:109EC000279536952795ABE7B4E10E940476FC010F
:109ED000F695E7959F01ADECBCEC0E9404768C01F1
:109EE000169507951695079516950795C801880F3D
:109EF000991FD801AA0FBB1FAA0FBB1FAA0FBB1F18
:109F0000A80FB91F8F010A1B1B0B9701ADECBCEC0E
:109F10000E9404766C01D694C794D694C794D694C4
:109F2000C79496010E940476FC01F695E795F69594
:109F3000E795F695E795CF01880F991FEE0FFF1F64
:109F4000EE0FFF1FEE0FFF1FE80FF91FC6018E1B5C
:109F50009F0BFC019601220F331FC601880F991F2A
:109F6000880F991F880F991F820F931F9701281B35
:109F7000390B413051F5852F90E00197880F991FDB
:109F8000880F991FDD27C15FDD4F4881DC01A65591
:109F9000B44F4C93D801BB27A15FBD4F4C91DC015E
:109FA000A555B44F4C93FF27E15FFD4F4081FC0165
:109FB000E455F44F40833327F901E15FFD4F2081E1
:109FC000FC01E355F44F208337C041111AC0852F9F
:109FD00090E00197880F991F880F991F209119020F
:109FE000FC01E655F44F2083FC01E555F44F208336
:109FF000FC01E455F44F2083FC01E355F44F20832A
:10A000001BC04230D9F4852F90E00197880F991F2B
:10A01000880F991F20911B02FC01E655F44F208305
:10A02000FC01E555F44F2083FC01E455F44F2083F7
:10A03000FC01E355F44F2083C0E03CC04330E1F71E
:10A04000452F50E041505109440F551F440F551FF3
:10A05000DD27CD5DDD4F8881DA01A655B44F8C93A5
:10A06000D801BB27AD5DBD4F8C91DA01A555B44F2A
:10A070008C93FF27ED5DFD4F8081FA01E455F44F8D
:10A0800080833327F901ED5DFD4F8081FA01E355AF
:10A09000F44F8083D1CFE0E1F0E0EC1BF109E6550D
:10A0A000F44F608182E00E94CC7380ED97E00197CD
:10A0B000F1F7CF5FC13178F3E2E0F1E080818860B1
:10A0C00080838081877F8083DF91CF911F910F9163
:10A0D000FF90EF90DF90CF900895FF920F931F9322
:10A0E000CF93DF93C82F8B01F42ED1E023C0DF1173
:10A0F0000CC043E06D2FF8018BE3D89FE00DF11DFC
:10A10000112482A993A9A3DE14C0F8018BE3D89F80
:10A11000E00DF11D112482AD811106C041E06D2FCB
:10A1200082A993A994DE05C040E06D2F82A993A96E
:10A130008EDEDF5FCD17D8F6CF5F0CC0F8018BE362
:10A14000C89FE00DF11D112440E06C2F82A993A956
:10A150007EDECF5FC53090F3DF91CF911F910F91DD
:10A16000FF9008950E945A7666E070E00E94E975BB
:10A170008F5F08951F93CF93DF93182FE62FF0E0A2
:10A18000E15FFD4F608183E00E94CC73C0EDD7E0BA
:10A19000CE010197F1F7E12FF0E0E15FFD4F608123
:10A1A00083E00E94CC732197F1F7E5E0F1E0808134
:10A1B000886080838081877F8083DF91CF911F912A
:10A1C0000895CF9388EF9AE008DB61E088E204DD30
:10A1D00062E088E201DD63E088E2FEDC64E088E2C0
:10A1E000FBDCC0E004C060E08C2FF3DBCF5FCC3140
:10A1F000D0F3C1E006C04AE06C2F80E090E027DE9B
:10A20000CF5FC530C0F36AE08AE0B4DFCF91089534
:10A210008F929F92AF92BF92CF92DF92EF92FF9276
:10A22000CF93DF93813009F059C041114FC056C020
:10A2300099DFD82F6091BB0B9DDF6C2F70E0660F0C
:10A24000771F615F7F4F072E000C880B990B0E94D0
:10A25000B2744B015C0120E030E04AE755E40E9413
:10A2600066756B017C0120E030E040E85FE30E940E
:10A270001874882324F120E03FEF4FE757E4C7012B
:10A28000B6010E9462751816ACF420E030E040E29E
:10A2900051E4C501B4010E9466750E94847406C031
:10A2A00080E991E00197F1F761507109611571053D
:10A2B000B9F70AC0C701B6010E94847402C061E008
:10A2C00070E0CB010197F1F7CF5F02C0C0E0DAE0A8
:10A2D000C23308F4ADCFD093BA0B18C1813009F066
:10A2E00059C0442309F44EC055C03CDFD82F6AE062
:10A2F00041DF6C2F70E0660F771F615F7F4F072E85
:10A30000000C880B990B0E94B2744B015C0120E099
:10A3100030E04AE755E40E9466756B017C0120E05D
:10A3200030E040E85FE30E941874882324F120E0C5
:10A330003FEF4FE757E4C701B6010E946275181658
:10A34000ACF420E030E040E251E4C501B4010E94E9
:10A3500066750E94847406C080E991E00197F1F768
:10A360006150710961157105B9F70AC0C701B601DD
:10A370000E94847402C061E070E0CB010197F1F7A4
:10A38000CF5F02C0C0E0DAE0C23308F4AECFD093B2
:10A39000BA0BBCC0823009F05DC0611153C05AC015
:10A3A000E1DED82F682F8091BA0BE4DE8C2F90E08D
:10A3B000BC01660F771F680F791F615F7F4F072E03
:10A3C000000C880B990B0E94B2744B015C0120E0D9
:10A3D00030E04AE755E40E9466756B017C0120E09D
:10A3E00030E040E85FE30E941874882324F120E005
:10A3F0003FEF4FE757E4C701B6010E946275181698
:10A40000ACF420E030E040E251E4C501B4010E9428
:10A4100066750E94847406C080E991E00197F1F7A7
:10A420006150710961157105B9F70AC0C701B6011C
:10A430000E94847402C061E070E0CB010197F1F7E3
:10A44000CF5F02C0C0E0DAE0C23308F4A9CFD093F6
:10A45000BB0B5CC0823009F059C0662309F44FC0C1
:10A4600055C080DED82F682F8AE084DE6C2F70E024
:10A47000660F771F615F7F4F072E000C880B990BCB
:10A480000E94B2744B015C0120E030E04AE755E4E1
:10A490000E9466756B017C0120E030E040E85FE3DC
:10A4A0000E941874882324F120E03FEF4FE757E41F
:10A4B000C701B6010E9462751816ACF420E030E0C6
:10A4C00040E251E4C501B4010E9466750E948474A3
:10A4D00006C080E991E00197F1F7615071096115BB
:10A4E0007105B9F70AC0C701B6010E94847402C0A1
:10A4F00061E070E0CB010197F1F7CF5F02C0C0E0EF
:10A50000DAE0C23308F4ADCFD093BB0BDF91CF912B
:10A51000FF90EF90DF90CF90BF90AF909F908F9083
:10A5200008958F929F92AF92BF92CF92DF92EF9257
:10A53000FF921F93CF93DF93C0E0DAE01AE04FC0A1
:10A5400011DE182F0FDED82F682F812F13DE6C2F0E
:10A5500070E0660F771F615F7F4F072E000C880B3E
:10A56000990B0E94B2744B015C0120E030E04AE795
:10A5700055E40E9466756B017C0120E030E040E804
:10A580005FE30E941874882324F120E03FEF4FE737
:10A5900057E4C701B6010E9462751816ACF420E0BA
:10A5A00030E040E251E4C501B4010E9466750E94AA
:10A5B000847406C080E991E00197F1F76150710958
:10A5C00061157105B9F70AC0C701B6010E9484740C
:10A5D00002C061E070E0CB010197F1F7CF5FC233B9
:10A5E00008F4AECFEAEBFBE01083D183DF91CF918B
:10A5F0001F91FF90EF90DF90CF90BF90AF909F9012
:10A600008F90089580E480937C008FE080937E009B
:10A6100087E880937A000895ECE7F0E09081907FDE
:10A6200090839081282F2770922B9083EBE7F0E0A6
:10A630009081977F908390818870892B8083EAE74F
:10A64000F0E080818064808380917A0086FDFCCF79
:10A65000809178009091790008958F929F92AF92A7
:10A66000BF92CF92DF92EF92FF921F93CF93DF932F
:10A67000182FD62FC0E081C088B1806888B988B112
:10A680008F7B88B9612F70E080E090E00E94B07409
:10A690004B015C0120E030E04AE755E40E9466751A
:10A6A0006B017C0120E030E040E85FE30E94187419
:10A6B000882324F120E03FEF4FE757E4C701B601BC
:10A6C0000E9462751816ACF420E030E040E251E4DC
:10A6D000C501B4010E9466750E94847406C080E9B9
:10A6E00091E00197F1F76150710961157105B9F7B2
:10A6F0000AC0C701B6010E94847402C061E070E024
:10A70000CB010197F1F788B1806488B988B18F7760
:10A7100088B920E030E040E85FE3C701B6010E945D
:10A720001874882324F120E03FEF4FE757E4C70176
:10A73000B6010E9462751816ACF420E030E040E2E9
:10A7400051E4C501B4010E9466750E94847406C07C
:10A7500080E991E00197F1F7615071096115710588
:10A76000B9F70AC0C701B6010E94847402C061E053
:10A7700070E0CB010197F1F7CF5FCD1708F47CCFE4
:10A7800088B18F7388B9DF91CF911F91FF90EF90BF
:10A79000DF90CF90BF90AF909F908F9008951F93C0
:10A7A000CF93DF93182F8BE3189FE0011124C2543D
:10A7B000D34F81E08DAB64E184E64FDF8AE08CAB60
:10A7C000612F0ADADF91CF911F9108958FEF81B940
:10A7D00084B990E295B987B99FE398B98AB91BB853
:10A7E0008DB990E19EB92EEF20BB8093010190932B
:10A7F00002018093040190930501109207011092C9
:10A800000A010895FF920F931F93CF93DF93CDB763
:10A81000DEB7A0970FB6F894DEBF0FBECDBF182FDE
:10A8200080E2E7EDF6E0DE01119601900D928A9547
:10A83000E1F700E03CC08BE3F89ED0011124A25464
:10A84000B34FD2962D913C91D397E02FF0E0EE0FCD
:10A85000FF1F81E090E08C0F9D1FE80FF91F8081A2
:10A860009181820F931FD3969C938E93D2978EEEF5
:10A8700092E005C0E0E9F1E03197F1F70197009728
:10A88000C9F740E06EEB7CE0812F27DCF39402C037
:10A89000FF24F3941F1578F684EF91E005C0E0E9FA
:10A8A000F1E03197F1F701970097C9F70F5F003199
:10A8B00078F3A0960FB6F894DEBF0FBECDBFDF9140
:10A8C000CF911F910F91FF9008952F923F924F9239
:10A8D0005F926F927F928F929F92AF92BF92CF9230
:10A8E000DF92EF92FF920F931F93CF93DF9300D0ED
:10A8F000CDB7DEB79B838A838CE49FE6AA81BB81B8
:10A9000011969C938E9383E790E013969C938E937D
:10A91000129733E0D2963C93D297CD01825B9F4F42
:10A920002EE0EFEFF6E0DC0101900D922A95E1F7C1
:10A93000FC0112AA4CE350E054AB43AB42E050E0C0
:10A9400056AB45AB6AE070E070AF67AB0EE110E06C
:10A9500012AF01AFAAE5B0E0B4AFA3AF40EA50E058
:10A9600056AF45AFFF966AEF70E071836083EA816E
:10A97000FB81E157FF4F84E090E091838083EA817F
:10A98000FB81EF56FF4F1082EA81FB81EE56FF4FAD
:10A990001082EA81FB81ED56FF4F21E02083EA819E
:10A9A000FB81EC56FF4F3083EA81FB81EB56FF4F72
:10A9B0001082EA81FB81E956FF4F1082EA81FB8118
:10A9C000E856FF4F1082EA81FB81E656FF4F52E3C3
:10A9D0005083EA81FB81E756FF4F1082EA81FB81B9
:10A9E000E556FF4F10826A817B8164567F4F49E0B4
:10A9F000EDE0F7E0DB0101900D924A95E1F7DB0114
:10AA0000D2962C936A817B8166517F4F4BE0E6E1C1
:10AA1000F7E0DB0101900D924A95E1F7FB0112AAE4
:10AA2000ACE3B0E0B4ABA3AB96AB85ABA4E1B0E0D4
:10AA3000B0AFA7ABACE3B0E0B2AFA1AFA4EBB0E076
:10AA4000B4AFA3AFE0E4F1E0DB01DE96FC93EE935C
:10AA5000DD97FB01FF960F2EF2EC2F2E332433945B
:10AA6000F02D31822082EA81FB81E55DFE4F9183EA
:10AA70008083EA81FB81E35DFE4F1082EA81FB81E6
:10AA8000E25DFE4F1082EA81FB81E15DFE4F208393
:10AA9000EA81FB81E05DFE4F3083EA81FB81EF5C60
:10AAA000FE4F1082EA81FB81ED5CFE4F2083EA813C
:10AAB000FB81EC5CFE4F1082EA81FB81EA5CFE4F79
:10AAC0005083EA81FB81EB5CFE4F2083EA81FB81AE
:10AAD000E95CFE4F10828A819B81885C9E4F4DE02D
:10AAE000E1E2F7E0DC0101900D924A95E1F762E0C6
:10AAF000FC0162AB0F2EF8EC4F2E512CF02D54AA16
:10AB000043AA8A819B818A579E4F40E1EEE2F7E09B
:10AB1000DC0101900D924A95E1F7E7E0DC01D29665
:10AB2000EC93D297D4965C924E92D397E9E1F0E001
:10AB3000D696FC93EE93D597E2E3F0E0D896FC939B
:10AB4000EE93D7970F2EF4E68F2E912CF02DDA96F8
:10AB50009C928E92D997DC965C924E92DB97EA811A
:10AB6000FB81E753FE4F1082EA81FB81E653FE4FE3
:10AB700048E04083EA81FB81E553FE4F0F2EF5E06C
:10AB80007F2EF02D7082EA81FB81E453FE4F0F2E61
:10AB9000FFE06F2EF02D6082EA81FB81E353FE4FD0
:10ABA00079E17083EA81FB81E253FE4F83E2808387
:10ABB000EA81FB81EF52FE4F6083EA81FB81ED5217
:10ABC000FE4F10828A819B818C529E4F7CE0EEE387
:10ABD000F7E0DC0101900D927A95E1F7DC01D29665
:10ABE0001C92D297D4969C928E92D3970F2EF6E019
:10ABF000AF2EB12CF02DD696BC92AE92D597D896AA
:10AC00001C930E93D797EAE5F0E0DA96FC93EE9367
:10AC1000D9970F2EFEE0CF2EDD24D394F02DDC96B5
:10AC2000DC92CE92DB970F2EF0E9EF2EFF24F39407
:10AC3000F02DDE96FC92EE92DD97FC01FF9686E207
:10AC400092E091838083EA81FB81EB5EFD4FACE073
:10AC5000B0E0B183A083EA81FB81E95EFD4F108201
:10AC6000EA81FB81E85EFD4F2083EA81FB81E75E9C
:10AC7000FD4F76E07083EA81FB81E65EFD4F408305
:10AC8000EA81FB81E55EFD4FB9E0B083EA81FB819B
:10AC9000E35EFD4F6083EA81FB81E25EFD4F10823F
:10ACA000EA81FB81E05EFD4F5083EA81FB81E15E3A
:10ACB000FD4F3083EA81FB81EF5DFD4F10828A8179
:10ACC0009B818E5D9D4F0F2EF7E06F2EF02DEAE4F5
:10ACD000F7E0DC0101900D926A94E1F7FC0122ABF0
:10ACE0008A819B8180599D4F0F2EFBE06F2EF02DA6
:10ACF000E1E5F7E0DC0101900D926A94E1F7DC01F7
:10AD0000D2961C92D297D4969C928E92D397D69636
:10AD1000BC92AE92D597D8961C930E93D797EAE53E
:10AD2000F0E0DA96FC93EE93D997DC96DC92CE9223
:10AD3000DB97DE96FC92EE92DD97FC01FF9686E2B1
:10AD400092E091838083EA81FB81EF54FD4FACE078
:10AD5000B0E0B183A083EA81FB81ED54FD4F108206
:10AD6000EA81FB81EC54FD4F2083EA81FB81EB54A7
:10AD7000FD4F7083EA81FB81EA54FD4F4083EA81F5
:10AD8000FB81E954FD4FB9E0B083EA81FB81E754D0
:10AD9000FD4F3083EA81FB81E654FD4F1082EA814A
:10ADA000FB81E454FD4F5083EA81FB81E554FD4F64
:10ADB00014E01083EA81FB81E354FD4F10828A8105
:10ADC0009B8182549D4F0AE0ECE5F7E0DC010190A5
:10ADD0000D920A95E1F7FC0112AAE8E7F0E0DC0128
:10ADE000D496FC93EE93D397E8E0F0E0D696FC93EC
:10ADF000EE93D597E8E2F0E0D896FC93EE93D797E0
:10AE0000DA969C928E92D997ECE2F1E0DC96FC9374
:10AE1000EE93DB97DE963C922E92DD97FC01FF9637
:10AE200088E592E091838083EA81FB81E150FD4FC8
:10AE3000A0E1B0E0B183A083EA81FB81EF5FFC4F2A
:10AE40001082EA81FB81EE5FFC4F2083EA81FB8167
:10AE5000ED5FFC4F7083EA81FB81EC5FFC4F408328
:10AE6000EA81FB81EB5FFC4FB9E0B083EA81FB81B3
:10AE7000E95FFC4F1083EA81FB81E85FFC4F1082A1
:10AE8000EA81FB81E65FFC4F5083EA81FB81E75F4B
:10AE9000FC4F7082EA81FB81E55FFC4F10828A8162
:10AEA0009B81845F9C4F5AE0E6E6F7E0DC0101906D
:10AEB0000D925A95E1F7FC0112AB8A819B81865A6B
:10AEC0009C4F5AE0E0E7F7E0DC0101900D925A95C3
:10AED000E1F7DC01D2961C92D2970F2EFCE8CF2E20
:10AEE000D12CF02DD496DC92CE92D397EAE0F0E00C
:10AEF000D696FC93EE93D597E2E3F0E0D896FC93D8
:10AF0000EE93D79706E910E0DA961C930E93D99743
:10AF1000DC963C922E92DB970F2EF1E7EF2EF2E0BB
:10AF2000FF2EF02DDE96FC92EE92DD97FC01FF964F
:10AF30000F2EFEEEAF2EF2E0BF2EF02DB182A082DA
:10AF4000EA81FB81E556FC4F84E190E091838083A8
:10AF5000EA81FB81E356FC4F1082EA81FB81E256D5
:10AF6000FC4F6083EA81FB81E156FC4F9BE09083BC
:10AF7000EA81FB81E056FC4FADE0A083EA81FB81D2
:10AF8000EF55FC4FBEE0B083EA81FB81ED55FC4FED
:10AF90007082EA81FB81EC55FC4F1082EA81FB81D3
:10AFA000EA55FC4F54E65083EA81FB81EB55FC4F98
:10AFB0007083EA81FB81E955FC4F10828A819B8175
:10AFC00088559C4FEAE7F7E0DC010F2EF1E16F2E88
:10AFD000F02D01900D926A94E1F7DC01D2967C93FA
:10AFE000D297D4961C930E93D397EA81FB81E551B7
:10AFF000FC4F1082EA81FB81E451FC4F4083EA81DF
:10B00000FB81ED50FC4FB7E0B083EA81FB81EB5050
:10B01000FC4F10828A819B818A509C4FEBE8F7E0BD
:10B02000DC010F2EFAE06F2EF02D01900D926A9444
:10B03000E1F7DC01D2961C92D297D496DC92CE92A4
:10B04000D397EAE0F0E0D696FC93EE93D597E2E34F
:10B05000F0E0D896FC93EE93D797DA961C930E9374
:10B06000D997DC963C922E92DB97DE96FC92EE927C
:10B07000DD97FC01FF96B182A082EA81FB81E95C49
:10B08000FB4F84E190E091838083EA81FB81E75C60
:10B09000FB4F1082EA81FB81E65CFB4F6083EA8113
:10B0A000FB81E55CFB4F9BE09083EA81FB81E45CE4
:10B0B000FB4FADE0A083EA81FB81E35CFB4FBEE088
:10B0C000B083EA81FB81E15CFB4F7083EA81FB8105
:10B0D000E05CFB4F1082EA81FB81EE5BFB4F50830B
:10B0E000EA81FB81EF5BFB4F4083EA81FB81ED5BF3
:10B0F000FB4F10828A819B818C5B9B4F7AE0E5E954
:10B10000F7E0DC0101900D927A95E1F7FC0112AABB
:10B11000A0EAB0E0B4ABA3ABACE0B0E0B6ABA5AB9B
:10B12000ACE3B0E0B0AFA7ABA4EBB0E0B2AFA1AF7F
:10B13000E4EFF1E0DC01DC96FC93EE93DB970F2E5D
:10B14000FCEB2F2EF2E03F2EF02DDE963C922E925D
:10B15000DD97DF96E4E8F3E0ED93FC93EA81FB8171
:10B16000EB57FB4F88E190E091838083EA81FB817C
:10B17000E957FB4F1082EA81FB81E857FB4F608360
:10B18000EA81FB81E757FB4FBBE0B083EA81FB819B
:10B19000E657FB4F0F2EFDE06F2EF02D6082EA8107
:10B1A000FB81E557FB4F6EE06083EA81FB81E3574B
:10B1B000FB4F77E07083EA81FB81E257FB4F1082FF
:10B1C000EA81FB81E057FB4F5083EA81FB81E15725
:10B1D000FB4F89E08083EA81FB81EF56FB4F1082B1
:10B1E0008A819B818E569B4F6CE0EFE9F7E0DC0192
:10B1F00001900D926A95E1F7DC01D2967C93D2978B
:10B20000D4965C924E92D397E9E1F0E0D696FC9307
:10B21000EE93D59762E370E0D8967C936E93D797C0
:10B22000DA969C928E92D997DC965C924E92DB973E
:10B23000EA81FB81EB52FB4F1082EA81FB81EA52EB
:10B24000FB4F4083EA81FB81E952FB4F7082EA8128
:10B25000FB81E852FB4F7FE07083EA81FB81E7527C
:10B26000FB4F89E18083EA81FB81E652FB4F93E249
:10B270009083EA81FB81E352FB4F0F2EFAE06F2EA1
:10B28000F02D6082EA81FB81E152FB4F10828A81BE
:10B290009B8180529B4F67E0EBEAF7E0DC01019075
:10B2A0000D926A95E1F7DC01D2961C92D297E4EBFD
:10B2B000F0E0D496FC93EE93D3970F2EFEE0EF2EA2
:10B2C000F12CF02DD696FC92EE92D59706E410E084
:10B2D000D8961C930E93D797DA965C924E92D99794
:10B2E00066E272E0DC967C936E93DB97DE96BC920E
:10B2F000AE92DD97FC01FF9666EB73E0718360838D
:10B30000EA81FB81EF5DFA4F8CE190E091838083CD
:10B31000EA81FB81ED5DFA4F1082EA81FB81EC5DF1
:10B32000FA4F3083EA81FB81EB5DFA4F68949924F0
:10B3300094F89082EA81FB81EA5DFA4F0F2EF2E1E8
:10B340007F2EF02D7082EA81FB81E95DFA4F0F2E8E
:10B35000F3E18F2EF02D8082EA81FB81E75DFA4FC9
:10B360004083EA81FB81E65DFA4F1082EA81FB812E
:10B37000E45DFA4F5083EA81FB81E55DFA4FABE073
:10B38000A083EA81FB81E35DFA4F1082CA80DB80F3
:10B39000B2EDCB1ABAEFDB0AE2EBF7E0D60101908F
:10B3A0000D924A95E1F7F60122ABCA80DB80F4E802
:10B3B000CF1AFAEFDF0A27E0EAEBF7E0D6010190B7
:10B3C0000D922A95E1F7D601D2961C92D297E4EB22
:10B3D000F0E0D496FC93EE93D397D696FC92EE923F
:10B3E000D597D8961C930E93D797DA965C924E9287
:10B3F000D997E6E2F2E0DC96FC93EE93DB97DE96DB
:10B40000BC92AE92DD97F601FF9671836083EA816C
:10B41000FB81E354FA4F91838083EA81FB81E154FD
:10B42000FA4F1082EA81FB81E054FA4F3083EA81BF
:10B43000FB81EF53FA4F9082EA81FB81EE53FA4F82
:10B440007082EA81FB81ED53FA4F8082EA81FB81B1
:10B45000EB53FA4F29E02083EA81FB81EA53FA4F4C
:10B460001082EA81FB81E853FA4F5083EA81FB8125
:10B47000E953FA4F8CE08083EA81FB81E753FA4F6E
:10B4800010828A819B8186539A4F27E0E1ECF7E096
:10B49000DC0101900D922A95E1F7DC01D2961C9215
:10B4A000D297D4965C924E92D397E0E1F0E0D69694
:10B4B000FC93EE93D59760E570E0D8967C936E93FD
:10B4C000D7976CED70E0DA967C936E93D997E8E5A8
:10B4D000F2E0DC96FC93EE93DB97E0E2F3E0DE969D
:10B4E000FC93EE93DD97DF96E8EEF3E0ED93FC93AB
:10B4F000EA81FB81E55FF94F80E290E091838083F0
:10B50000EA81FB81E35FF94F1082EA81FB81E25F10
:10B51000F94F3083EA81FB81E15FF94F9082EA8144
:10B52000FB81E05FF94F7082EA81FB81EF5EF94FAA
:10B530008082EA81FB81ED5EF94F6082EA81FB81C6
:10B54000EC5EF94F1082EA81FB81EA5EF94F50838D
:10B55000EA81FB81EB5EF94F0F2EFDE06F2EF02D9F
:10B560006082EA81FB81E95EF94F10828A819B81CA
:10B57000885E994F2BE0E8ECF7E0DC0101900D923A
:10B580002A95E1F7DC01D2963C938A819B818A5906
:10B59000994F26E0E3EDF7E0DC0101900D922A954A
:10B5A000E1F7FC0112AA74AB63AB22E130E036ABE9
:10B5B00025AB2AE530E030AF27AB4AEF50E052AF81
:10B5C00041AF34AE23AE2BE633E036AF25AFFF9666
:10B5D0006AE174E071836083EA81FB81E955F94F88
:10B5E00044E250E051834083EA81FB81E755F94F03
:10B5F0001082EA81FB81E655F94F24E02083EA813D
:10B60000FB81E555F94F0F2EF5E16F2EF02D60828D
:10B61000EA81FB81E455F94F87E18083EA81FB8170
:10B62000E355F94F98E19083EA81FB81E155F94FA9
:10B630008BE08083EA81FB81E055F94F1082EA813B
:10B64000FB81EE54F94F0F2EF6E95F2EF02D50825C
:10B65000EA81FB81EF54F94F0F2EFEE02F2EF02DE3
:10B660002082EA81FB81ED54F94F10828A819B810F
:10B670008C54994F37E0EAE4F7E0DC0101900D9239
:10B680003A95E1F7E1E0DC01D296EC938A819B8167
:10B690008E5F984F3EE0E9EDF7E0DC0101900D92FE
:10B6A0003A95E1F7DC01D2961C92D297ECEDF0E0EE
:10B6B000D496FC93EE93D397E2E1F0E0D696FC9318
:10B6C000EE93D597EAE5F0E0D896FC93EE93D79702
:10B6D000EAEFF0E0DA96FC93EE93D997ECEBF2E028
:10B6E000DC96FC93EE93DB97EBE6F3E0DE96FC93BF
:10B6F000EE93DD97FC01FF9671836083EA81FB8105
:10B70000ED5BF84F51834083EA81FB81EB5BF84F9F
:10B710001082EA81FB81EA5BF84F2083EA81FB819A
:10B72000E95BF84F6082EA81FB81E85BF84FB7E1A3
:10B73000B083EA81FB81E75BF84F38E13083EA812F
:10B74000FB81E55BF84F8CE08083EA81FB81E45B61
:10B75000F84F1082EA81FB81E25BF84F5082EA8168
:10B76000FB81E35BF84F4FE04083EA81FB81E15BC3
:10B77000F84F10828A819B81805B984F3FE0E7EE13
:10B78000F7E0DC0101900D923A95E1F7DC01D296E9
:10B790001C92D29740EF50E0D4965C934E93D3978F
:10B7A00044E150E0D6965C934E93D5970F2EF4E685
:10B7B000EF2EF12CF02DD896FC92EE92D797ECE27A
:10B7C000F1E0DA96FC93EE93D9974EEE52E0DC96D8
:10B7D0005C934E93DB974DE953E0DE965C934E937A
:10B7E000DD97FC01FF964CE454E051834083EA81ED
:10B7F000FB81EF56F84F88E290E091838083EA81E5
:10B80000FB81ED56F84F1082EA81FB81EC56F84F30
:10B810002083EA81FB81EB56F84F6082EA81FB814D
:10B82000EA56F84F57E15083EA81FB81E956F84F19
:10B8300068E16083EA81FB81E756F84F8DE0808301
:10B84000EA81FB81E656F84F1082EA81FB81E456DB
:10B85000F84F5082EA81FB81E556F84F70E1708322
:10B86000EA81FB81E356F84F10828A819B818256E0
:10B87000984F2AE0E6EFF7E0DC0101900D922A955F
:10B88000E1F7E7E0DC01D296EC93D2970F2EF8ECCB
:10B89000CF2ED12CF02DD496DC92CE92D39729E1E5
:10B8A00030E0D6963C932E93D59742E350E0D8965D
:10B8B0005C934E93D797DA96FC92EE92D997DC96EA
:10B8C000DC92CE92DB97EA81FB81EF51F84F108238
:10B8D000EA81FB81EE51F84F58E05083EA81FB8109
:10B8E000ED51F84F0F2EF5E07F2EF02D7082EA819A
:10B8F000FB81EC51F84F6FE06083EA81FB81EB51F3
:10B90000F84F79E17083EA81FB81EA51F84F83E2D5
:10B910008083EA81FB81E751F84F91E19083EA81CE
:10B92000FB81E551F84F10828A819B818451984FA9
:10B9300029E0E0E0F8E0DC0101900D922A95E1F7C2
:10B94000DC01D2961C92D2976894AA24A2F8BB2458
:10B95000B394D496BC92AE92D3970F2EF6E18F2E6D
:10B96000912CF02DD6969C928E92D597EEE6F0E033
:10B97000D896FC93EE93D7972AE431E0DA963C937D
:10B980002E93D99700E213E0DC961C930E93DB977D
:10B990006FEC73E0DE967C936E93DD97FC01FF966F
:10B9A0004EE754E051834083EA81FB81E35DF74F2A
:10B9B0002CE230E031832083EA81FB81E15DF74FA7
:10B9C0001082EA81FB81E05DF74F7082EA81FB81A2
:10B9D000EF5CF74F8AE18083EA81FB81EE5CF74FF1
:10B9E0000F2EFBE13F2EF02D3082EA81FB81ED5CD2
:10B9F000F74F0F2EFDE14F2EF02D4082EA81FB81A3
:10BA0000EB5CF74F2082EA81FB81EA5CF74F108202
:10BA1000EA81FB81E85CF74F5082EA81FB81E95CB7
:10BA2000F74F92E19083EA81FB81E75CF74F108248
:10BA30008A819B81865C974F0F2EF9E02F2EF02D87
:10BA4000E9E0F8E0DC0101900D922A94E1F7DC01D5
:10BA5000D2961C92D297D496BC92AE92D397D69699
:10BA60009C928E92D597EEE6F0E0D896FC93EE93FA
:10BA7000D797EAE4F1E0DA96FC93EE93D997DC9657
:10BA80001C930E93DB97DE967C936E93DD97FC01FF
:10BA9000FF9651834083EA81FB81E558F74F31835C
:10BAA0002083EA81FB81E358F74F1082EA81FB8112
:10BAB000E258F74F7082EA81FB81E158F74F2AE1A3
:10BAC0002083EA81FB81E058F74F3082EA81FB81D5
:10BAD000EF57F74F4082EA81FB81ED57F74F3FE088
:10BAE0003083EA81FB81EC57F74F1082EA81FB81BA
:10BAF000EA57F74F5082EA81FB81EB57F74F43E15A
:10BB00004083EA81FB81E957F74F10828A819B814C
:10BB10008857974F2BE0E2E1F8E0DC0101900D92AD
:10BB20002A95E1F70F2EF6E0BF2EF02DDC01D2961C
:10BB3000BC92D297E6E9F0E0D496FC93EE93D397CB
:10BB4000EA81FB81E553F74F1082EA81FB81E453E0
:10BB5000F74F28E02083EA81FB81ED52F74F0F2E4B
:10BB6000F4E12F2EF02D2082EA81FB81EB52F74F7A
:10BB700010828A819B818A52974F29E0EDE1F8E09B
:10BB8000DC0101900D922A95E1F7DC01D2961C921E
:10BB9000D29728E131E0D4963C932E93D39728E1B5
:10BBA00030E0D6963C932E93D59728E730E0D89690
:10BBB0003C932E93D79728E631E0DA963C932E9368
:10BBC000D99722E533E0DC963C932E93DB9721E076
:10BBD00034E0DE963C932E93DD97FC01FF9620EB3C
:10BBE00034E031832083EA81FB81E95EF64F80E314
:10BBF00090E091838083EA81FB81E75EF64F1082BB
:10BC0000EA81FB81E65EF64F7082EA81FB81E55EA8
:10BC1000F64F3AE13083EA81FB81E45EF64F3082F1
:10BC2000EA81FB81E35EF64F4082EA81FB81E15EBF
:10BC3000F64F40E14083EA81FB81E05EF64F1082DF
:10BC4000EA81FB81EE5DF64F5082EA81FB81EF5D78
:10BC5000F64F6082EA81FB81ED5DF64F10828A81AA
:10BC60009B818C5D964F23E1E6E2F8E0DC010190D8
:10BC70000D922A95E1F7DC01D2967C928A819B8114
:10BC80008E58964F26E0E9E3F8E0DC0101900D9232
:10BC90002A95E1F7FC0112AA2CE231E034AB23AB88
:10BCA0004AE150E056AB45AB62E870E070AF67AB7D
:10BCB00006E811E012AF01AF64E873E074AF63AF60
:10BCC000ACE4B4E0B6AFA5AFFF964BEF54E05183C0
:10BCD0004083EA81FB81ED54F64F24E330E0318369
:10BCE0002083EA81FB81EB54F64F1082EA81FB81CD
:10BCF000EA54F64FB082EA81FB81E954F64F0F2EE9
:10BD0000FFE15F2EF02D5082EA81FB81E854F64F6F
:10BD10006894882485F88082EA81FB81E754F64F95
:10BD20000F2EF2E29F2EF02D9082EA81FB81E554E6
:10BD3000F64FB1E1B083EA81FB81E454F64F108203
:10BD4000EA81FB81E254F64F0F2EF8ECAF2EF02D76
:10BD5000A082EA81FB81E354F64F86E18083EA8189
:10BD6000FB81E154F64F10828A819B818054964F6B
:10BD70000F2EFEE04F2EF02DEFE3F8E0DC010190F6
:10BD80000D924A94E1F7FC0112AAACE2B1E0B4AB27
:10BD9000A3ABAAE1B0E0B6ABA5ABA2E8B0E0B0AF10
:10BDA000A7AB12AF01AF74AF63AF6CE474E076AFD2
:10BDB00065AFFF9651834083EA81FB81EF5FF54FCA
:10BDC00031832083EA81FB81ED5FF54F1082EA81A8
:10BDD000FB81EC5FF54FB082EA81FB81EB5FF54FB1
:10BDE0005082EA81FB81EA5FF54F8082EA81FB8124
:10BDF000E95FF54F9082EA81FB81E75FF54F72E1E1
:10BE00007083EA81FB81E65FF54F1082EA81FB8156
:10BE1000E45FF54FA082EA81FB81E55FF54F87E1A2
:10BE20008083EA81FB81E35FF54F10828A819B81E9
:10BE3000825F954F28E0E2EBF7E0DC0101900D9284
:10BE40002A95E1F7E1E0DC01D296EC938A819B81AF
:10BE5000845A954F2FE0EDE4F8E0DC0101900D925B
:10BE60002A95E1F7DC01D2961C92D29720E431E0CA
:10BE7000D4963C932E93D3972CE130E0D6963C9306
:10BE80002E93D597E6E9F0E0D896FC93EE93D797FA
:10BE900022EC31E0DA963C932E93D99728EE33E0EA
:10BEA000DC963C932E93DB9720EB34E0DE963C93BC
:10BEB0002E93DD97FC01FF9688E795E091838083C0
:10BEC000EA81FB81E356F54F28E330E0318320839C
:10BED000EA81FB81E156F54F1082EA81FB81E05651
:10BEE000F54FB082EA81FB81EF55F54F5082EA8130
:10BEF000FB81EE55F54F8082EA81FB81ED55F54FD0
:10BF00009082EA81FB81EB55F54F33E13083EA8182
:10BF1000FB81EA55F54F1082EA81FB81E855F54F28
:10BF2000A082EA81FB81E955F54F48E14083EA812F
:10BF3000FB81E755F54F10822A813B812655354F0D
:10BF40004EE0ECE5F8E0D90101900D924A95E1F759
:10BF5000E7E0D901D296EC93D297D496DC92CE92B8
:10BF6000D39749E150E0D6965C934E93D59762E320
:10BF700070E0D8967C936E93D797DA96FC92EE9207
:10BF8000D997DC96DC92CE92DB97EA81FB81E35174
:10BF9000F54F1082EA81FB81E251F54F78E0708322
:10BFA000EA81FB81E151F54F7082EA81FB81E0512A
:10BFB000F54FAFE0A083EA81FB81EF50F54FB9E187
:10BFC000B083EA81FB81EE50F54F23E22083EA81C2
:10BFD000FB81EB50F54FB083EA81FB81E950F54FCF
:10BFE00010822A813B812850354F47E0EAE4F7E090
:10BFF000D90101900D924A95E1F7E1E0D901D2967D
:10C00000EC932A813B812A5B344F46E0EAE6F8E074
:10C01000D90101900D924A95E1F7D901D2961C926F
:10C02000D2974EE551E0D4965C934E93D39743E27A
:10C0300050E0D6965C934E93D5974FEA50E0D89651
:10C040005C934E93D79744EF51E0DA965C934E930E
:10C05000D997ECE4F4E0DC96FC93EE93DB9744E1B3
:10C0600055E0DE965C934E93DD97F901FF964CED1B
:10C0700055E051834083EA81FB81E957F44F26E480
:10C0800030E031832083EA81FB81E757F44F10824F
:10C09000EA81FB81E657F44F27E02083EA81FB81A8
:10C0A000E557F44F45E24083EA81FB81E457F44FC2
:10C0B00057E25083EA81FB81E357F44F1082EA8113
:10C0C000FB81E157F44F2082EA81FB81E057F44F76
:10C0D0001082EA81FB81EE56F44FA082EA81FB8157
:10C0E000EF56F44F3AE13083EA81FB81ED56F44F8D
:10C0F00010822A813B812C56344F6EE0E0E7F8E055
:10C10000D90101900D926A95E1F762E0D901D296CA
:10C110006C93D297D496FC92EE92D3972A813B816E
:10C120002E51344F6EE0EEE7F8E0D90101900D9208
:10C130006A95E1F7F90112AA60E971E074AB63ABAB
:10C1400062E370E076AB65ABD0AEC7AA68E572E09B
:10C1500072AF61AF94AF83AF84EA96E096AF85AFDC
:10C16000FF9680ED97E091838083EA81FB81ED5D0E
:10C17000F34FF182E082EA81FB81EB5DF34F1082A5
:10C18000EA81FB81EA5DF34F77E07083EA81FB810E
:10C19000E95DF34F4083EA81FB81E85DF34F408323
:10C1A000EA81FB81E75DF34F4083EA81FB81E65D35
:10C1B000F34F5083EA81FB81E55DF34F6082EA81B2
:10C1C000FB81E45DF34F1082EA81FB81E25DF34F76
:10C1D000A082EA81FB81E35DF34F30828A819B81FB
:10C1E000815D934FDC011C920F900F900F90DF91B7
:10C1F000CF911F910F91FF90EF90DF90CF90BF9064
:10C20000AF909F908F907F906F905F904F903F90F6
:10C210002F900895EF92FF920F931F93CF93DF9388
:10C22000FC01108201E0008727E0208B76E0778B0D
:10C23000118A63E0608F42E350E0538F428F98E0B1
:10C2400090A387E286A320A727A711A620AB27AB40
:10C2500011AA90AF8FE186AFDF01A05CBF4F9C9326
:10C2600088E116968C93169718969C9316961C92B6
:10C27000169718969C9389E116968C9316971896A4
:10C2800084E08C93C6E4D0E01396DC93CE931297AF
:10C2900018968C93CCE8D0E01396DC93CE9312974B
:10C2A00018962C932DEF11962C931197189612E057
:10C2B0001C93C9E1D0E01396DC93CE93129724E649
:10C2C00030E015963C932E93149718960F2EF5E0B8
:10C2D000FF2EF02DFC9213965C934E9312971896B6
:10C2E0006C930F2EF5E0EF2EF12CF02D1396FC92AF
:10C2F000EE92129718961C9218960C9318961C930F
:10C3000008E210E013961C930E93129703E710E0D7
:10C3100015961C930E93149718966C9313963C9352
:10C320002E93129718966C9313965C934E931297D4
:10C3300018966C9313965C934E93129718967C9371
:10C340006AE070E013967C936E93129718968C9324
:10C3500013963C932E93129718968C9313967C9376
:10C360006E93129718968C9313965C934E93129734
:10C3700018968C9313963C932E93129718968C9341
:10C380001396DC93CE93129718968C9344E150E069
:10C3900013965C934E93129718968C9313963C9336
:10C3A0002E93129718968C9313963C932E93129774
:10C3B00018969C9316961C92169728EC30E01396CC
:10C3C0003C932E931297E85FFE4F908380E2868322
:10C3D000DF91CF911F910F91FF90EF90089548EC5E
:10C3E000469F9001479F300D1124B901625D7E4F39
:10C3F0000C9468760895FC0181E02AE006C0215083
:10C40000622F70E0CF010E94D5758111F8CF822F85
:10C410000895FC01108290E006C0DF01A90FB11D54
:10C4200011961C929F5F9C31C0F3168E158E178E4D
:10C4300010A290E006C0DF01A90FB11D91961C92D9
:10C440009F5F9C31C0F316AE15AE17AE0895EF9204
:10C45000FF920F931F93CF93DF93D82FC0E02BC091
:10C460000C2F10E08EE4809FF001819FF00D1124CD
:10C47000E059F14F8081882319F060E00E94E94C77
:10C480008EE4809FF001819FF00D1124E259F14F5D
:10C490008081882319F060E00E940E4C20E041E08A
:10C4A0006D2F8C2F0E94BB4E21E041E06D2F8C2F11
:10C4B0000E94BB4ECF5FC83298F288EE93E005C071
:10C4C000E0E9F1E03197F1F701970097C9F780E0D3
:10C4D0000E94534DC8E219C02EE4C29FF0011124FE
:10C4E000E259F14F8081882319F060E00E940E4CE0
:10C4F00020E040E06D2F8C2F0E94BB4E21E040E0F9
:10C500006D2F8C2F0E94BB4EC150C111E5CF64E04E
:10C5100088E20E94EC4D3EC00C2F10E08EE4809F1C
:10C52000F001819FF00D1124E859F14F60816623DD
:10C53000C9F02EE4209FC001219F900D1124FC0121
:10C54000EB5DF14F7F01E55BFF4F80810E94E94C7D
:10C55000D701A65BBF4FF701E75BFF4F6C9180816E
:10C560000E940E4C8EE4809FF001819FF00D1124FB
:10C57000EE58F14F8081882361F08EE4809FF001B6
:10C58000819FF00D1124E259F14F66E080810E94F5
:10C590000E4CCF5FC83208F4BFCF0EED1DE0F8019E
:10C5A00010826D2F80E00E94EC4D88E2F8018083BC
:10C5B0006D2F0E94EC4DC1E00BC02BE3C29FF00138
:10C5C0001124E254F34F6C2F84A90E94EC4DCF5FED
:10C5D000C53098F3DF91CF911F910F91FF90EF90AD
:10C5E0000895FF920F931F93CF93DF93F12C2BC0ED
:10C5F0000E945A7660E177E20E94E97541E06C2F73
:10C600000E94274FCF5F01C0C1E0C53088F3C0E072
:10C6100013C00E945A7606E010E0B8010E94E97546
:10C62000D82F0E945A76B8010E94E97561E06D0F1B
:10C630008F5F0E94BA50CF5FC23058F380E49CE90C
:10C640000197F1F7F3948FEFF812DECFDF91CF91DE
:10C650001F910F91FF9008952F923F924F925F92FA
:10C660006F927F928F929F92AF92BF92CF92DF9202
:10C67000EF92FF920F931F93CF93DF93CDB7DEB767
:10C68000C157D1090FB6F894DEBF0FBECDBF682EDB
:10C69000362EE0965FAF4EAFE09788E2FE0131960E
:10C6A000DF01282F1D922A95E9F7B89696E0DF0161
:10C6B0001D929A95E9F73696DF011D928A95E9F762
:10C6C00010E0A8961FAEA897412C55245394212C16
:10C6D000AC961FAEAC97AE961FAE1EAEAE97AB96A5
:10C6E0001FAEAB97AA961FAEAA97A9961FAEA997A1
:10C6F000E1961FAFE1970C945D6D2091BE0B3091D8
:10C70000BF0B3093BD0B2093BC0B1092BF0B10924C
:10C71000BE0B8091090190E0982F88274091060177
:10C72000842B9093BF0B8093BE0B209530952823CC
:10C7300039233093C10B2093C00B80912D0290E0E0
:10C740008C30910510F00C945D6DFC018827EE573C
:10C75000FF4F8F4F0C94FC75282F30E0E1E0F0E0A4
:10C76000EC0FFD1FE20FF31F10829EE4929FF00179
:10C77000939FF00D1124E859F14F908196111AC042
:10C780005EE4529FF001539FF00D1124E159F14FE7
:10C790005081552379F05EE4529FF001539FF00DD4
:10C7A0001124EE58F14F5081511104C0B1E0A99607
:10C7B000BFAFA997961135C09EE4929FF001939F59
:10C7C000F00D1124EE58F14F90819923C1F029C04A
:10C7D0009EE4929FF001939FF00D1124EB5DF14FC9
:10C7E000E50FF11DEB5BFF4FE0819E9FF0011124EF
:10C7F000E159F14F9081911160E05F5F02C050E01C
:10C8000061E0533028F3662361F0E1E0F0E0EC0FE3
:10C81000FD1FE40FF11D80834F5FE1E0AA96EFAFAB
:10C82000AA978F5F08C080E040E0AA961FAEAA9743
:10C83000A9961FAEA997883208F48ECFA996FFADAE
:10C84000A997FF2379F14CE858E060E080E00E946E
:10C850009B0E1F926F928DE998E09F938F938E01AC
:10C86000095A1F4F1F930F930E947E76A8016BE019
:10C8700080E00E949B0E40EA58E060E081E00E9468
:10C880009B0E41EB58E060E082E00E949B0E82E04C
:10C8900080932D020F900F900F900F900F900F909C
:10C8A0000C945D6DAA962FADAA97222379F14CE8DE
:10C8B00058E060E080E00E949B0E1F926F928DE92D
:10C8C00098E09F938F938E01095A1F4F1F930F93E8
:10C8D0000E947E76A8016BE080E00E949B0E42ECF5
:10C8E00058E060E081E00E949B0E41EB58E060E080
:10C8F00082E00E949B0E84E080932D020F900F90A7
:10C900000F900F900F900F900C945D6D86E08093C8
:10C910002D020C945D6D862D90E00197FC01E95F7E
:10C92000FD4F408150E042235323452B41F0862D9B
:10C930000E943D7185E080932D020C945D6DFC0199
:10C94000E55FFD4F808190E028233923232B11F4EC
:10C950000C945D6DAA963FADAA97332379F14CE80C
:10C9600058E060E080E00E949B0E1F926F928DE97C
:10C9700098E09F938F938E01095A1F4F1F930F9337
:10C980000E947E76A8016BE080E00E949B0E42EC44
:10C9900058E060E081E00E949B0E41EB58E060E0CF
:10C9A00082E00E949B0E84E080932D020F900F90F6
:10C9B0000F900F900F900F900C945D6D4CE858E025
:10C9C00060E080E00E949B0E1F926F928DE998E0DC
:10C9D0009F938F938E01095A1F4F1F930F930E94AD
:10C9E0007E76A8016BE080E00E949B0E43ED58E04C
:10C9F00060E081E00E949B0E44EE58E060E082E03F
:10CA00000E949B0E0F900F900F900F900F900F9021
:10CA100080E395E705C0E0E9F1E03197F1F7019790
:10CA20000097C9F74CE858E060E080E00E949B0E58
:10CA30001F926F928DE998E09F938F938E01095A10
:10CA40001F4F1F930F930E947E76A8016BE080E03A
:10CA50000E949B0E40EA58E060E081E00E949B0E3D
:10CA600041EB58E060E082E00E949B0E0F900F9037
:10CA70000F900F900F900F900C945D6D862D90E0AD
:10CA80000197FC01E95FFD4F408150E042235323B1
:10CA9000452B09F4DAC04CE858E060E080E00E94E1
:10CAA0009B0E1F926F928DE998E09F938F938E015A
:10CAB000095A1F4F1F930F930E947E76A8016BE0C7
:10CAC00080E00E949B0E45EF58E060E081E00E940C
:10CAD0009B0E46E059E060E082E00E949B0E0981D7
:10CAE0005EE4059F800111240B5D114FA80160E0F9
:10CAF00082E00E949B0E0F900F900F900F900F906E
:10CB00000F90B12CF12C48011F2D98C02091BE0B25
:10CB10003091BF0B3093BD0B2093BC0B1092BF0B19
:10CB20001092BE0B8091090190E0982F88274091C8
:10CB30000601842B9093BF0B8093BE0B20953095FC
:10CB4000822393239093C10B8093C00B96FF35C033
:10CB5000EB2DF0E0319681E090E08C0F9D1FE80F07
:10CB6000F91F80818823E1F096E29B15C8F0B39409
:10CB700046E059E060E082E00E949B0EE1E0F0E0D8
:10CB8000EC0FFD1FEB0DF11D4081AEE44A9FA001AB
:10CB900011244B5D514F60E082E00E949B0E4EC01D
:10CBA00046E059E060E082E00E949B0EA40160E054
:10CBB00082E00E949B0EB12C41C093FF3FC0E1E098
:10CBC000F0E0EC0FFD1FEB0DF11DE080F12C2EE4E9
:10CBD0002E9DC0012F9D900D1124FC01EB5DF14FA6
:10CBE0006F01E35BFF4F81E08083D601D3964D91C7
:10CBF0005C91D49756954795662D80E07DD7F601D8
:10CC000082A981110EC08EE48E9DF0018F9DF00DE2
:10CC10001124E259F14F66E080810E940E4C11E030
:10CC20000DC08EE48E9DF0018F9DF00D1124E05912
:10CC3000F14F65E080810E94E94C11E0112309F475
:10CC400065CF85E080932D0238C7FC01E55FFD4F7D
:10CC5000808190E028233923232B09F42EC7A9963D
:10CC6000FFADA997FF2371F14CE858E060E080E048
:10CC70000E949B0E1F926F928DE998E09F938F9375
:10CC80008E01095A1F4F1F930F930E947E76A801B1
:10CC90006BE080E00E949B0E40EA58E060E081E09B
:10CCA0000E949B0E41EB58E060E082E00E949B0EE8
:10CCB00082E080932D020F900F900F900F900F90B5
:10CCC0000F90FBC64CE858E060E080E00E949B0EAD
:10CCD0001F926F928DE998E09F938F938E01095A6E
:10CCE0001F4F1F930F930E947E76A8016BE080E098
:10CCF0000E949B0E47E159E060E081E00E949B0E9C
:10CD000048E259E060E082E00E949B0E0F900F9095
:10CD10000F900F900F900F9080E395E705C0E0E92A
:10CD2000F1E03197F1F701970097C9F74CE858E027
:10CD300060E080E00E949B0E1F926F928DE998E068
:10CD40009F938F938E01095A1F4F1F930F930E9439
:10CD50007E76A8016BE080E00E949B0E49E359E0DB
:10CD600060E081E00E949B0E41EB58E060E082E0D1
:10CD70000E949B0E0F900F900F900F900F900F90AE
:10CD80009CC62BE3629EF0011124E254F34F82A96A
:10CD900093A9E096AEADBFADE0978A179B07D8F197
:10CDA000AD01632D862DA8D64CE858E060E080E008
:10CDB0000E949B0E1F926F928DE998E09F938F9334
:10CDC0008E01095A1F4F1F930F930E947E76A80170
:10CDD0006BE080E00E949B0E46E059E060E081E05D
:10CDE0000E949B0E4AE459E060E082E00E949B0EA4
:10CDF0000F900F900F900F900F900F9080E593EC95
:10CE000005C0E0E9F1E03197F1F701970097C9F724
:10CE10001092CB0B52C6E096EEACFFACE097E81A4E
:10CE2000F90A4CE858E060E080E00E949B0E1F92F7
:10CE30006F928DE998E09F938F938E01095A1F4F4F
:10CE40001F930F930E947E76A8016BE080E00E9402
:10CE50009B0E4BE559E060E081E00E949B0E46E0AE
:10CE600059E060E082E00E949B0EFF92EF928CE618
:10CE700099E09F938F931F930F930E947E76A80152
:10CE800066E082E00E949B0E64E084E60E942D53DF
:10CE900010922D020FB6F894DEBF0FBECDBF0DC6A7
:10CEA0004CE858E060E080E00E949B0E062D10E008
:10CEB0001F926F928DE998E09F938F937E01F7E523
:10CEC000EF0EF11CFF92EF920E947E76A7016BE0BD
:10CED00080E00E949B0E46E059E060E081E00E9405
:10CEE0009B0E40E759E060E082E00E949B0E862D99
:10CEF000AEDA8BE3809FF001819FF00D1124E254A4
:10CF0000F34F81E082AF8093F10B8093F00B80911F
:10CF1000BC0C8F5F8093BC0C40910602242F30E044
:10CF20002150310990E00F900F900F900F900F90CB
:10CF30000F902817390709F043C00EC02BE3829FDA
:10CF4000F0011124E254F34F92AD911103C0E19628
:10CF50008FAFE1978F5F01C081E0481778F74CE809
:10CF600058E060E080E00E949B0E1F92E1963FAD8A
:10CF7000E1973F938DE998E09F938F938E01095A33
:10CF80001F4F1F930F930E947E76A8016BE080E0F5
:10CF90000E949B0E41E859E060E081E00E949B0EF8
:10CFA00042E959E060E082E00E949B0E8BE08093B2
:10CFB0002D020F900F900F900F900F900F907DC546
:10CFC0008BE3809FF001819FF00D1124E254F34F19
:10CFD00088E284AB662D0E94EC4D88E893E105C0A1
:10CFE000E0E9F1E03197F1F701970097C9F780E0A8
:10CFF000AC964FADAC971DC0282F30E0EFE2F0E0CB
:10D00000EC0FFD1FE20FF31F10829EE4929FF001D0
:10D01000939FF00D1124E859F14F9081691208C0D7
:10D02000EFE2F0E0EC0FFD1FE40FF11D80834F5F96
:10D030008F5F883208F3AC964FAFAC97311055C074
:10D040002BE3209FC001219F900D11248C010254DD
:10D05000134FD801D2964D915C91D39760E0862D05
:10D060004BD5F80117AAF12C33C0EFE2F0E0EC0F3A
:10D07000FD1FEF0DF11D808190E02EE4289FF0014F
:10D08000299FF00D1124EB5DF14FDF01A35BBF4F32
:10D090001C9222A921110FC08F01E75BFF4F60E0B6
:10D0A00080810E940E4CF801E55BFF4F69E08081B2
:10D0B0000E94E94C0CC02EE4289FF001299FF00D3E
:10D0C0001124E059F14F69E080810E94E94CF3940A
:10D0D000AC96FFADAC97FF1640F287E080932D022F
:10D0E00021E0AB962FAFAB97E8C48BE3809FF001B4
:10D0F000819FF00D1124E254F34F42A953A9632DEF
:10D10000862DFAD488E080932D02D7C4E1961FAD16
:10D11000E1974CE858E060E080E00E949B0E1F928F
:10D120001F938DE998E09F938F937E0137E5E30E7F
:10D13000F11CFF92EF920E947E76A7016BE080E0E7
:10D140000E949B0E41E859E060E081E00E949B0E46
:10D1500042E959E060E082E00E949B0E0F900F9040
:10D160000F900F900F900F90812F3BDAFDCFAB9671
:10D170005FADAB9751110AC060C0E9E2F0E0EC0F7F
:10D18000FD1FE80FF11D10828F5F01C080E0863027
:10D19000A0F3FF24F39427C040E06F2D80E090E0DF
:10D1A0000E94274F0F2D10E08BE3809FF001819F9D
:10D1B000F00D1124E254F34F82AD882399F042E040
:10D1C0006F2D80E090E00E94274FF801319789E2AF
:10D1D00090E08C0F9D1FE80FF91F81E080838DA5E3
:10D1E0008F5F8DA7F394809106028F15A8F60E9499
:10D1F000710E43EA59E060E080E00E949B0EEFE28E
:10D20000F0E0EC0FFD1FE20DF11D40819EE4499F0F
:10D21000A00111244B5D514F60E081E00E949B0E04
:10D2200044EB59E060E082E00E949B0EAE961FAE98
:10D230001EAEAE97AB961FAEAB97D12C8CC00D2D0A
:10D2400010E0F801E95FFD4F8081282F30E08091E8
:10D25000C00B9091C10B82239323892B09F448C002
:10D26000E9E2F0E0EC0FFD1FE00FF11F808181117A
:10D270003FC0C80101962BE3289FF001299FF00DC4
:10D280001124E254F34F82A993A9AE96AEACBFAC81
:10D29000AE97AAE0AA0EB11C8A159B0548F1EE24B0
:10D2A000E394ED0CEEA6FF24F39415C0EF2DF0E00F
:10D2B000319729E230E02C0F3D1FE20FF31F8081F0
:10D2C000811108C0FE1431F040E06F2D80E090E045
:10D2D0000E94274FF394809106028F1538F741E0A2
:10D2E0006E2DC5010E94274FAE96BFAEAEAEAE9773
:10D2F000F801E55FFD4F80812091C00B3091C10B9B
:10D3000090E082239323892B29F1E9E2F0E0EC0FEE
:10D31000FD1FE00FF11F808181111CC0EEA5F0E020
:10D32000E65FFD4F808190E028233923232B91F481
:10D33000E9E2F0E0EC0FFD1FE00FF11F81E08083D8
:10D340008DA58F5F8DA742E061E06D0D80E090E0DC
:10D350000E94274FD39480910602D81608F46FCF0D
:10D360002DA530E090E001972817390709F0A5C3F3
:10D3700045EC59E060E080E00E949B0E4CE858E0EC
:10D3800060E081E00E949B0EFEA41F92FF928DE957
:10D3900098E09F938F938E01095A1F4F1F930F930D
:10D3A0000E947E76A8016BE081E00E949B0EEFE276
:10D3B000F0E0EC0FFD1FE20DF11D80813EE4839F44
:10D3C000C00111248B5D914FFC01ED5BFF4FF0829A
:10D3D00038966F2D80810E94E94C2394EFE2F0E0B3
:10D3E000EC0FFD1FE20DF11D80810F900F900F904B
:10D3F0000F900F900F90811104C089E080932D024F
:10D4000004C051E0AB965FAFAB9780E197E205C0F7
:10D41000E0E9F1E03197F1F701970097C9F74DC3C3
:10D4200043EA59E060E080E00E949B0E46ED59E03F
:10D4300060E081E00E949B0E46E059E060E082E0FF
:10D440000E949B0E80E395E705C0E0E9F1E031978B
:10D45000F1F701970097C9F740E06EEB7CE080910F
:10D4600006020E946D501092CB0B85E080932D0236
:10D4700024C34CE858E060E080E00E949B0E832CBF
:10D48000912C1F923F928DE998E09F938F938E018C
:10D49000095A1F4F1F930F930E947E76A8016BE0DD
:10D4A00080E00E949B0E47EE59E060E081E00E9420
:10D4B0009B0E46E059E060E082E00E949B0E0F90D8
:10D4C0000F900F900F900F900F9080E395E705C09D
:10D4D000E0E9F1E03197F1F701970097C9F7A12C46
:10D4E000E2962FAEE297262C9AC22091BE0B309185
:10D4F000BF0B3093BD0B2093BC0B1092BF0B10924F
:10D50000BE0B8091090190E0982F88274091060179
:10D51000842B9093BF0B8093BE0B20953095822374
:10D5200093239093C10B8093C00BE11025C0EFE2D1
:10D53000F0E0EC0FFD1FEA0DF11D408046E059E0E0
:10D5400060E080E00E949B0E8EE4489EA0011124C2
:10D550004B5D514F60E080E00E949B0E48EF59E028
:10D5600060E081E00E949B0E49E05AE060E082E0CA
:10D570000E949B0EEE24E3948091C00B9091C10B0E
:10D5800093FF26C2552009F4C9C0642C712C8EE487
:10D59000869DF001879DF00D1124EB5DF14F63A98D
:10D5A00074A980E090E00E94B0742DEC3CEC4CE05B
:10D5B0005FE30E9466750E948474D62EC72E062FE4
:10D5C000172F8BE3889DF001899DF00D1124E25403
:10D5D000F34F82A993A98017910700F14AE15AE01D
:10D5E00060E081E00E949B0ECF92DF928DE998E08F
:10D5F0009F938F936E0197E5C90ED11CDF92CF9256
:10D600000E947E76A60166E081E00E949B0E0F904C
:10D610000F900F900F900F900F90F3C04BE25AE0D5
:10D6200060E081E00E949B0E80E395E705C0E0E9A1
:10D63000F1E03197F1F701970097C9F78EE4869DE5
:10D64000F001879DF00D1124EB5DF14F63A974A9E2
:10D6500080E090E00E94B0742DEC3CEC4CE45DE383
:10D660000E9466750E948474D62EC72E062F172F2F
:10D670008BE3889DF001899DF00D1124E254F34F56
:10D6800082A993A98017910780F14CE35AE060E0EA
:10D6900081E00E949B0E80E395E705C0E0E9F1E0A0
:10D6A0003197F1F701970097C9F74AE15AE060E036
:10D6B00081E00E949B0ECF92DF928DE998E09F93CC
:10D6C0008F936E01A7E5CA0ED11CDF92CF920E9404
:10D6D0007E76A60166E081E00E949B0E0F900F907F
:10D6E0000F900F900F900F908CC04DE45AE060E0C7
:10D6F00081E00E949B0E46E059E060E082E00E94DB
:10D700009B0E80E395E705C0E0E9F1E03197F1F782
:10D7100001970097C9F7BB24B39473C0BEE44B9E36
:10D72000F0011124EB5DF14F63A974A980E090E052
:10D730000E94B0742DEC3CEC4CE45DE30E946675F5
:10D740000E948474D62EC72E062F172F8BE3889D38
:10D75000F001899DF00D1124E254F34F82A993A9A1
:10D760008017910778F54BE25AE060E081E00E9473
:10D770009B0E46E059E060E082E00E949B0E80E351
:10D7800095E705C0E0E9F1E03197F1F701970097DF
:10D79000C9F74DE45AE060E081E00E949B0E46E04C
:10D7A00059E060E082E00E949B0E80E395E705C0AF
:10D7B000E0E9F1E03197F1F701970097C9F7BB2451
:10D7C000B3941FC04AE15AE060E081E00E949B0EE2
:10D7D000CF92DF928DE998E09F938F936E01E7E5FA
:10D7E000CE0ED11CDF92CF920E947E76A60166E01B
:10D7F00081E00E949B0E0F900F900F900F900F9062
:10D800000F90BB2011F1BCC02091BE0B3091BF0B1B
:10D810003093BD0B2093BC0B1092BF0B1092BE0B2C
:10D8200090910901892F90E0982F88274091060157
:10D83000842B9093BF0B8093BE0B20953095822351
:10D8400093239093C10B8093C00B8091C00B909158
:10D85000C10B9C012227307194FD02C09923A4F6CC
:10D86000232B41F0A80160E0832D46D1A8968FAF0D
:10D87000A8971BC0852D90E0019681709078992320
:10D8800024F401978E6F9F6F0196582E882339F0EC
:10D8900048EF59E060E081E00E949B0E06C04EE533
:10D8A0005AE060E081E00E949B0EA896FFADA89729
:10D8B000F13009F0B1C0552081F1042D10E08EE463
:10D8C000809FF001819FF00D1124EB5DF14FDF018E
:10D8D000A35BBF4F1C921A973C9282A981110CC086
:10D8E0008EE4809FF001819FF00D1124E259F14FE9
:10D8F00060E080810E940E4C8EE4809FF001819F49
:10D90000F00D1124E059F14F632D80810E94E94C04
:10D91000A8961FAEA897F12C7FC0842D90E02EE42E
:10D92000289FF001299FF00D1124EB5DF14FDF01DD
:10D93000AD5BBF4F3C9222A9211111C02EE4289F5C
:10D94000F001299FF00D1124E059F14F632D8081E2
:10D950000E94E94CA8961FAEA897F12C5DC02EE45A
:10D96000289FF001299FF00D1124E059F14F65E047
:10D9700080810E94E94CA8961FAEA897F12C4CC05C
:10D98000C42CD12C8EE48C9D80018D9D100D112412
:10D990000B5D114FF801ED5BFF4F10823A9610823C
:10D9A000329760E080810E94E94CD801D2968C9138
:10D9B00081112CC08EE48C9DF0018D9DF00D112401
:10D9C000E259F14F60E080810E940E4CF12C24C09E
:10D9D000992314F5852D90E0019681709078992314
:10D9E00024F401978E6F9F6F0196582E882339F08B
:10D9F00048EF59E060E081E00E949B0E0DC04EE5CB
:10DA00005AE060E081E00E949B0E06C0F12C04C049
:10DA1000B12CE12CFF24F394F11067CDA394AC96C4
:10DA2000BFADAC97AB16A0F3622CE2962FACE29799
:10DA3000262D30E08BE3829FF001839FF00D1124AF
:10DA4000E254F34F87A9882399F09BE3989DF00156
:10DA5000999DF00D1124E254F34F47A9840F87AB31
:10DA6000929FF001939FF00D1124E254F34F17AAF7
:10DA70008AE080932D0221C04FE65AE060E080E00A
:10DA80000E949B0E40E85AE060E081E00E949B0EFD
:10DA900046E059E060E082E00E949B0E80E395E75B
:10DAA00005C0E0E9F1E03197F1F701970097C9F778
:10DAB0001092CB0B85E080932D028091CB0B8111CE
:10DAC0000C947D63CF58DF4F0FB6F894DEBF0FBEC6
:10DAD000CDBFDF91CF911F910F91FF90EF90DF901D
:10DAE000CF90BF90AF909F908F907F906F905F90FE
:10DAF0004F903F902F900895AF92BF92CF92DF92B8
:10DB0000EF92FF920F931F93CF93DF93C82FA62E10
:10DB10008A01CA010E94FB61B82EAA2009F454C0F0
:10DB2000CC2309F451C0EC2EF12C8BE38E9DF00137
:10DB30008F9DF00D1124E254F34F42A953A94017D1
:10DB4000510770F533C0CB2DD0E0EBE3EE9DD00153
:10DB5000EF9DB00D1124A254B34FD2968D919C919C
:10DB6000D3978C1B9D0BD3969C938E93D297EA9D53
:10DB7000F0011124E254F34F82A993A98C0F9D1F49
:10DB800093AB82AB40E06EEB7CE0809106020E949A
:10DB90006D5080E49CE90197F1F7CC0EDD1E02C0C8
:10DBA000C12CD12CC016D10670F278C081E08093D0
:10DBB000CB0B041B150B6A2D8C2F9EDFA8016A2D41
:10DBC0008C2F0E942C636AC0A11042C0CC2ED12C95
:10DBD0008BE38C9DF0018D9DF00D1124E254F34FE9
:10DBE00042A953A940175107F8F424C0CB2DD0E027
:10DBF0008BE38C9DF0018D9DF00D1124E254F34FC9
:10DC000082A993A98C1B9D0B93AB82AB40E06EEB7A
:10DC10007CE0809106020E946D5080E49CE90197AF
:10DC2000F1F7EC0EFD1E02C0E12CF12CE016F1061E
:10DC3000E8F234C081E08093CB0B041B150B6A2DF6
:10DC40008C2F5ADFA8016A2D8C2F0E942C6326C0CE
:10DC5000CC23E9F022C0CB2DD0E08BE3A89EF001CD
:10DC60001124E254F34F82A993A98C0F9D1F93AB0B
:10DC700082AB40E06EEB7CE0809106020E946D502A
:10DC800080E49CE90197F1F7EC0EFD1E02C0E12C47
:10DC9000F12CE016F106F8F201C001C081E0DF913D
:10DCA000CF911F910F91FF90EF90DF90CF90BF9099
:10DCB000AF900895CF92DF92EF92FF920F931F9350
:10DCC000CF93DF93E82EC62FD42FF22E411119C027
:10DCD0001092BB0CEFD78F709078992324F40197A2
:10DCE000806F9F6F01968093BD0CEE2019F08F5EC0
:10DCF0008093BD0C6091BD0C70E083EF9BE00E94AF
:10DD0000EF61FF2009F485C1A091BD0CB0E0AA0F1E
:10DD1000BB1FAA0FBB1FAA0FBB1FA00FB11F4C91A7
:10DD200050E04930510508F08EC1FA018827E257CA
:10DD3000FF4F8F4F61C72BE3C29FF0011124E254C4
:10DD4000F34F8AE084AB81E085AB16AA6C2F8AE0A2
:10DD50000E94EC4DC1E078C13BE3C39FF001112468
:10DD6000E254F34F81E087ABC1E06EC18BE3C89F03
:10DD7000F0011124E254F34F20AD12968D919C9145
:10DD80001397289FA001299F500D112461AD14966F
:10DD90002D913C911597629FC001639F900D1124B6
:10DDA000480F591F60E08C2FA7DEC1E04DC11296CD
:10DDB0004D915C91139760E08C2F9EDEC1E044C1D1
:10DDC00012964D915C9113976C2F80E095DEC1E027
:10DDD0003BC1DC1781F0E091BD0CF0E0EE0FFF1FBE
:10DDE000EE0FFF1FEE0FFF1FE00FF11F4281538167
:10DDF0006D2F8C2F81DEDF5F01C0D1E080910602A4
:10DE00008D1738F7C1E020C1DC1781F0E091BD0C1F
:10DE1000F0E0EE0FFF1FEE0FFF1FEE0FFF1FE00FF2
:10DE2000F11F428153816C2F8D2F66DEDF5F01C0B1
:10DE3000D1E0809106028D1738F7C1E005C1119637
:10DE40008C91882369F09BE3C99FF0011124E2546F
:10DE5000F34FF4A8F80E6C2F8F2D0E94EC4D44C0A8
:10DE60002BE3C29FF0011124E254F34FD4A9F12C0B
:10DE700019C0FF24F394F80E6C2F8F2D0E94EC4DE7
:10DE8000F11005C048EC50E06C2F80E035DE88EEE4
:10DE900093E005C0E0E9F1E03197F1F701970097D1
:10DEA000C9F7DF5FE091BD0CF0E0EE0FFF1FEE0F52
:10DEB000FF1FEE0FFF1FE00FF11F27818DECD89F92
:10DEC000812D11248295869587709D2F38E2839F3E
:10DED00090191124892F3EE4939FF0011124EB5DEA
:10DEE000F14F92A92913C5CF8BE3C89FF0011124EC
:10DEF000E254F34FF4AA6C2F8F2D0E94EC4DC1E039
:10DF0000A3C0EC2EF12C8BE38E9DF0018F9DF00DC4
:10DF10001124E254F34FD4A916968C9116978D17BD
:10DF2000B8F512968D919C9113976C0128ECC20E56
:10DF3000D11C1BC08DECD89F812D11248295869514
:10DF400087706C2F9D2F38E2839F90191124892FA1
:10DF50000E94EC4D88EE93E005C0E0E9F1E03197D6
:10DF6000F1F701970097C9F7DF5FD93218F36C2FEB
:10DF700080E00E94EC4D8BE38E9DF0018F9DF00DB3
:10DF80001124E254F34F14AAA6016C2F80E0B4DDF3
:10DF90008BE38E9DF0018F9DF00D1124E254F34F21
:10DFA000D4A91BC08DECD89F812D11248295869514
:10DFB00087706C2F3D2F28E2829F30191124832F08
:10DFC0000E94EC4D88EE93E005C0E0E9F1E0319766
:10DFD000F1F701970097C9F7DF5FE091BD0CF0E022
:10DFE000EE0FFF1FEE0FFF1FEE0FFF1FE00FF11FE1
:10DFF0008681D817B8F29BE39E9DF0019F9DF00D9E
:10E000001124E254F34F84AB6C2F0E94EC4DC1E01D
:10E010001BC0C091BB0CC1110EC06D2F83EF9BE0E4
:10E020000E94060F8093BB0C41E95AE060E080E05B
:10E030000E949B0E09C042EA5AE060E080E00E9424
:10E040009B0EC0E001C0C1E08C2FDF91CF911F91EA
:10E050000F91FF90EF90DF90CF900895CF93DF93D3
:10E06000C82FD0E09EE49C9FF0019D9FF00D1124ED
:10E07000E159F14F9081953008F07DC0262F30E0B6
:10E080008BE3829FF001839FF00D1124E254F34F44
:10E09000A2A9B3A98EE48C9FF0018D9FF00D1124ED
:10E0A000EF58F14F408150E0A417B50708F465C060
:10E0B000862F9430A1F59091C80B9C3080F56BE3CE
:10E0C000629FF001639FF00D1124E254F34F20ADE5
:10E0D000245020AF21AD2F5F21AF2091C70B2450DA
:10E0E0002093C70B9F5F9093C80B60E005DD2EE483
:10E0F0002C9FC0012D9F900D11248B5D914FEC0141
:10E10000C65BDF4F68816F5FFC01E75BFF4F80817B
:10E110000E940E4C88818F5F888381E031C090918E
:10E12000C70B903260F56BE3629FF001639FF00DC7
:10E130001124E254F34F20AD2F5F20AF9F5F9093E7
:10E14000C70B60E0D9DC2EE42C9FC0012D9F900D01
:10E1500011248B5D914FEC01C65BDF4F68816F5FCF
:10E16000FC01E75BFF4F80810E940E4C88818F5F2E
:10E17000888381E005C080E003C080E001C080E0CA
:10E18000DF91CF9108951F93CF93DF93162F282F00
:10E1900030E08EE4829FF001839FF00D1124E1595D
:10E1A000F14F80818530B1F59BE3699FF001112427
:10E1B000E254F34F90AD9C5F90AF91AD915091AF11
:10E1C0009091C70B9C5F9093C70B9091C80B915097
:10E1D0009093C80B6FEF680F8EE4829FE001839FDE
:10E1E000D00D1124CB5DD14FFE01E75BFF4F808145
:10E1F0000E940E4CFE01E65BFF4F808181508083C0
:10E20000C45BDF4F4881469550E0612F80E074DCAD
:10E2100081E02FC0882369F19BE3699FF0011124FD
:10E22000E254F34F90AD915090AF9091C70B915045
:10E230009093C70B6FEF680F8EE4829FE001839F7E
:10E24000D00D1124CB5DD14FFE01E75BFF4F8081E4
:10E250000E940E4CFE01E65BFF4F8081815080835F
:10E26000C45BDF4F4881469550E0612F80E044DC7D
:10E2700081E0DF91CF911F9108959F92AF92BF925D
:10E28000CF92DF92EF92FF920F931F93CF93DF9382
:10E29000CDB7DEB72B970FB6F894DEBF0FBECDBF5C
:10E2A000B82E88E0E7EFF6E0DE01119601900D92BE
:10E2B0008A95E1F719861A861B8680E001C08F5F78
:10E2C0008830E8F380E008C0E9E0F0E0EC0FFD1FE3
:10E2D000E80FF11D10828F5F8330B0F3D12C912CA9
:10E2E000F12CE3C12091BE0B3091BF0B3093BD0BDD
:10E2F0002093BC0B1092BF0B1092BE0B90910901A2
:10E30000892F90E0982F882740910601842B9093C5
:10E31000BF0B8093BE0B209530958223932390935F
:10E32000C10B8093C00B0D2D10E0E1E0F0E0EC0F8D
:10E33000FD1FE00FF11FE0808E2D90E02EE4289F5E
:10E34000F001299FF00D1124E859F14F20812B1184
:10E35000ABC12CC03EE4389FF001399FF00D112471
:10E36000EB5DF14FE20FF11DEB5BFF4F6081462F3C
:10E3700050E0349FF001359FF00D1124E859F14F22
:10E380003081B31611F061110CC03EE4349FF001EE
:10E39000359FF00D1124EE58F14F3081311103C03B
:10E3A00003C070E001C070E02F5F02C020E071E0A8
:10E3B000233080F271116DC177C12091BE0B309175
:10E3C000BF0B3093BD0B2093BC0B1092BF0B109270
:10E3D000BE0B8091090190E0982F8827409106019B
:10E3E000842B9093BF0B8093BE0B20953095822396
:10E3F00093239093C10B8093C00B80E090E04FEF8C
:10E4000022C0E1E0F0E0EC0FFD1FE00FF11FE08122
:10E410002EE4E29FF0011124EB5DF14FE80FF11DB6
:10E42000EB5BFF4FE081EE2369F02EE4E29FF00109
:10E430001124E159F14F2081241708F4422F92173B
:10E4400008F4922F8F5F8330E0F250E038C0E1E0B3
:10E45000F0E0EC0FFD1FE00FF11FE081252F30E011
:10E460008EE48E9FF0011124EB5DF14FE20FF31F5C
:10E47000EB5BFF4FE0818E9FF0011124E159F14FDA
:10E480008081981309C0E9E0F0E0EC0FFD1FE20F76
:10E49000F31F81E0808312C0481308C0E9E0F0E078
:10E4A000EC0FFD1FE20FF31F108208C0E9E0F0E05F
:10E4B000EC0FFD1FE20FF31F81E080835F5F53309D
:10E4C00030F2C1102DC00E94710E8EE4E89EA001B2
:10E4D00011244B5D514F60E081E00E949B0E8091C2
:10E4E000CB0B882379F043EB5AE060E080E00E9498
:10E4F0009B0E44EC5AE060E082E00E949B0ECC242C
:10E50000C3940EC045ED5AE060E080E00E949B0E8F
:10E5100046EE5AE060E082E00E949B0ECC24C39459
:10E520008091C00B9091C10B93FF3CC08091CB0BAD
:10E53000811138C08985882349F08A85882331F084
:10E540008B85882319F019861A861B8621E0F2161E
:10E5500091F0F21620F082E0F816C9F023C0898508
:10E56000811120C06B2D8E2D79DD982E8823D1F05E
:10E5700081E0898717C08A85811114C06B2D8E2D8B
:10E580006DDD982E882371F081E08A870BC08B8522
:10E59000811108C06B2D8E2D61DD982E882311F01E
:10E5A00081E08B878091C00B9091C10B9923ACF5D2
:10E5B000898581110AC08A85811107C08B858111E7
:10E5C00004C081E089878A878B8721E0F21689F071
:10E5D000F21620F082E0F816B9F01FC08985882372
:10E5E000E1F06B2D8E2DCFDD982E8823B1F01986AA
:10E5F00014C08A85882389F06B2D8E2DC4DD982E5A
:10E60000882359F01A8609C08B85882331F06B2D39
:10E610008E2DB9DD982E81111B868091CB0B88231E
:10E6200021F0992011F0AA24A3948091C00B90911D
:10E63000C10B96FF30C08F2D90E0019663E070E033
:10E64000C8D2F82EE1E0F0E0EC0FFD1FE00FF11F63
:10E65000208130E09EE4929FF001939FF00D112401
:10E66000EB5DF14FE80FF11DEB5BFF4FE080E11038
:10E670000EC08EE4829FF001839FF00D1124E659B5
:10E68000F14FE0808A858B87C12CF12C04C0C12C0E
:10E6900002C0A12CC12C8091C00B9091C10B92FDA6
:10E6A00003C0AA2009F489CED39427E02D1508F0E1
:10E6B00019CE2B960FB6F894DEBF0FBECDBFDF91FB
:10E6C000CF911F910F91FF90EF90DF90CF90BF906F
:10E6D000AF909F9008958CB581658CBD8DB581609C
:10E6E0008DBD0895E4ECF0E01182108230EC30939F
:10E6F000C20028E12093C10090E091838083E4ED83
:10E70000F0E0118210823093D2002093D1009183E7
:10E710008083E4E3F1E01182108230933201209390
:10E720003101918380830895CF93C82FD4DF8C2F3C
:10E73000D9DFCF9108958EBD0DB407FEFDCF0895AA
:10E740009091C00095FFFCCF8093C6008091C000DF
:10E750008823E4F708959091C80095FFFCCF80933B
:10E76000CE008091C8008823E4F708959091D000EE
:10E7700095FFFCCF8093D6008091D0008823E4F7EA
:10E7800008959091300195FFFCCF809336018091E0
:10E7900030018823E4F70895813049F028F0823071
:10E7A00049F0833051F00895862FCACF0895862FFF
:10E7B000D2CF0895862FDACF0895862FE2CF08951D
:10E7C000FC0182B18E7F82B981B1816081B9F894F8
:10E7D0002CE130E021C00190008007D0029005D0EC
:10E7E00001900190019001D016C007D006D005D04D
:10E7F00004D003D002D001D000C0109A001C000049
:10E80000000008F010980000000000000000000068
:10E8100008F4109808959A01A90141505109232B39
:10E8200009F0D9CF789480EB94E00197F1F708953F
:10E83000D4D008F481E008950CD00AC102D140F090
:10E84000F9D030F021F45F3F19F0EBC0511134C121
:10E85000EEC00FD198F39923C9F35523B1F3951B5B
:10E86000550BBB27AA2762177307840738F09F5FF1
:10E870005F4F220F331F441FAA1FA9F333D00E2E60
:10E880003AF0E0E830D091505040E695001CCAF7CD
:10E8900029D0FE2F27D0660F771F881FBB1F261792
:10E8A00037074807AB07B0E809F0BB0B802DBF0165
:10E8B000FF2793585F4F2AF09E3F510568F0B1C083
:10E8C000FBC05F3FECF3983EDCF386957795679548
:10E8D000B795F7959F5FC9F7880F911D9695879516
:10E8E00097F90895E1E0660F771F881FBB1F621735
:10E8F00073078407BA0720F0621B730B840BBA0BF3
:10E90000EE1F88F7E0950895BCD088F09F5790F0EF
:10E91000B92F9927B751A0F0D1F0660F771F881F44
:10E92000991F1AF0BA95C9F712C0B13081F0C3D05F
:10E93000B1E00895C0C0672F782F8827B85F39F0FD
:10E94000B93FCCF3869577956795B395D9F73EF4A3
:10E9500090958095709561957F4F8F4F9F4F08954B
:10E96000E89409C097FB3EF4909580957095619569
:10E970007F4F8F4F9F4F9923A9F0F92F96E9BB271F
:10E980009395F695879577956795B795F111F8CF9B
:10E99000FAF4BB0F11F460FF1BC06F5F7F4F8F4F06
:10E9A0009F4F16C0882311F096E911C0772321F0FC
:10E9B0009EE8872F762F05C0662371F096E8862F94
:10E9C00070E060E02AF09A95660F771F881FDAF7EB
:10E9D000880F9695879597F90895990F0008550F18
:10E9E000AA0BE0E8FEEF16161706E807F907C0F0D5
:10E9F00012161306E407F50798F0621B730B840BDD
:10EA0000950B39F40A2661F0232B242B252B21F4B6
:10EA100008950A2609F4A140A6958FEF811D811D56
:10EA2000089597F99F6780E870E060E008959FEF90
:10EA300080EC089500240A94161617061806090695
:10EA4000089500240A941216130614060506089564
:10EA5000092E0394000C11F4882352F0BB0F40F4EC
:10EA6000BF2B11F460FF04C06F5F7F4F8F4F9F4F2C
:10EA7000089557FD9058440F551F59F05F3F71F0AE
:10EA80004795880F97FB991F61F09F3F79F0879515
:10EA90000895121613061406551FF2CF4695F1DF9E
:10EAA00008C0161617061806991FF1CF869571052E
:10EAB000610508940895E894BB2766277727CB0162
:10EAC00097F908958ADF08F48FEF08950BD0C0CF2F
:10EAD000B1DF28F0B6DF18F0952309F0A2CFA7CF59
:10EAE0001124EACFC6DFA0F3959FD1F3950F50E034
:10EAF000551F629FF001729FBB27F00DB11D639FF0
:10EB0000AA27F00DB11DAA1F649F6627B00DA11D95
:10EB1000661F829F2227B00DA11D621F739FB00D3B
:10EB2000A11D621F839FA00D611D221F749F3327AB
:10EB3000A00D611D231F849F600D211D822F762F44
:10EB40006A2F11249F5750408AF0E1F088234AF041
:10EB5000EE0FFF1FBB1F661F771F881F915050408D
:10EB6000A9F79E3F510570F05CCFA6CF5F3FECF355
:10EB7000983EDCF3869577956795B795F795E79579
:10EB80009F5FC1F7FE2B880F911D9695879597F98A
:10EB90000895991B79E004C0991F961708F0961BF9
:10EBA000881F7A95C9F780950895AA1BBB1B51E170
:10EBB00007C0AA1FBB1FA617B70710F0A61BB70BED
:10EBC000881F991F5A95A9F780959095BC01CD0192
:10EBD000089597FB072E16F4009406D077FD08D011
:10EBE000E4DF07FC05D03EF4909581959F4F089592
:10EBF000709561957F4F0895EE0FFF1F881F8BBFA3
:10EC00000790F691E02D1994A29FB001B39FC00127
:10EC1000A39F700D811D1124911DB29F700D811D48
:10EC20001124911D08958F929F92AF92BF92CF921F
:10EC3000DF92EF92FF92CF93DF93EC0168817981AD
:10EC40008A819B81611571058105910521F464E23A
:10EC500079ED8BE597E02DE133EF41E050E029D3EA
:10EC600049015A019B01AC01A7EAB1E43ED36B0113
:10EC70007C01ACEEB4EFA501940143D3DC01CB01E0
:10EC80008C0D9D1DAE1DBF1DB7FF03C00197A109CF
:10EC9000B04888839983AA83BB839F77DF91CF9104
:10ECA000FF90EF90DF90CF90BF90AF909F908F90AC
:10ECB0000895B9CF80E092E0B6CFA0E0B0E08093B5
:10ECC000000290930102A0930202B0930302089500
:10ECD000FB01DC0105900D920020E1F70895FB0196
:10ECE000DC014150504048F001900D920020C9F7DE
:10ECF00001C01D9241505040E0F708950F931F93BB
:10ED0000CF93DF93CDB7DEB72E970FB6F894DEBF63
:10ED10000FBECDBF0E891F8986E08C831A830983BD
:10ED20008FEF9FE79E838D83AE01465E5F4F688DB8
:10ED3000798DCE01019610D0EF81F885E00FF11F9B
:10ED400010822E960FB6F894DEBF0FBECDBFDF91B6
:10ED5000CF911F910F9108952F923F924F925F9202
:10ED60006F927F928F929F92AF92BF92CF92DF92DB
:10ED7000EF92FF920F931F93CF93DF93CDB7DEB740
:10ED80002B970FB6F894DEBF0FBECDBF6C017B0191
:10ED90008A01FC0117821682838181FFBFC1CE01E7
:10EDA00001963C01F6019381F70193FD859193FF54
:10EDB00081917F01882309F4ADC1853239F493FD37
:10EDC000859193FF81917F01853221F4B60190E016
:10EDD000D6D1E8CF912C212C312CFFE1F315D8F0BE
:10EDE0008B3279F038F4803279F08332A1F4232D1C
:10EDF00020611DC08D3261F0803369F4232D2160C4
:10EE000016C0832D8260382EE32DE4603E2E2AC08A
:10EE1000F32DF8601DC037FC2DC020ED280F2A30DF
:10EE200040F08E32B9F436FC75C1232D2064322EA9
:10EE300019C036FE06C08AE0989E200D1124922E3D
:10EE400011C0EAE02E9E200D1124222EF32DF06237
:10EE50003F2E08C08C3621F4832D8068382E02C0E6
:10EE6000883641F4F70193FD859193FF81917F01ED
:10EE70008111B3CF982F9F7D9554933028F40C5F68
:10EE80001F4F9FE399830DC0833631F0833771F0B4
:10EE9000833509F055C020C0F801808189830E5F59
:10EEA0001F4F88248394912C530112C02801F2E053
:10EEB0004F0E511CF801A080B18036FE03C0692DB1
:10EEC00070E002C06FEF7FEFC5014ED14C018201AF
:10EED000F32DFF773F2E15C0280122E0420E511C72
:10EEE000F801A080B18036FE03C0692D70E002C039
:10EEF0006FEF7FEFC5012DD14C01F32DF0683F2E50
:10EF0000820133FC19C0822D90E088169906A0F486
:10EF1000B60180E290E033D12A94F5CFF50137FCB9
:10EF2000859137FE81915F01B60190E028D12110D3
:10EF30002A9421E0821A91088114910479F7E1C0A2
:10EF4000843611F0893639F5F80137FE07C0608143
:10EF50007181828193810C5F1F4F08C06081718134
:10EF6000072E000C880B990B0E5F1F4FF32DFF76B9
:10EF70003F2E97FF09C090958095709561957F4FC2
:10EF80008F4F9F4FF0683F2E2AE030E0A30133D12E
:10EF9000882E861844C0853731F4232D2F7EB22E5B
:10EFA0002AE030E025C0932D997FB92E8F36C1F02D
:10EFB00018F4883579F0AEC0803719F0883721F021
:10EFC000A9C0E92FE061BE2EB4FE0DC0FB2DF46098
:10EFD000BF2E09C034FE0AC0292F2660B22E06C0FB
:10EFE00028E030E005C020E130E002C020E132E05E
:10EFF000F801B7FE07C060817181828193810C5F47
:10F000001F4F06C06081718180E090E00E5F1F4F4E
:10F01000A301F1D0882E8618FB2DFF773F2E36FEF8
:10F020000DC0232D2E7FA22E891458F434FE0BC060
:10F0300032FC09C0832D8E7EA82E05C0B82CA32CCF
:10F0400003C0B82C01C0B92CA4FE0FC0FE01E80D0E
:10F05000F11D8081803321F49A2D997EA92E09C05B
:10F06000A2FE06C0B394B39404C08A2D867809F03A
:10F07000B394A3FC10C0A0FE06C0B21480F4280C08
:10F08000922C9B180DC0B21458F4B60180E290E0A7
:10F0900076D0B394F8CFB21418F42B1802C0982C81
:10F0A000212CA4FE0FC0B60180E390E068D0A2FE40
:10F0B00016C0A1FC03C088E790E002C088E590E09C
:10F0C000B6010CC08A2D867851F0A1FE02C08BE2F9
:10F0D00001C080E2A7FC8DE2B60190E050D0891417
:10F0E00030F4B60180E390E04AD09A94F8CF8A9445
:10F0F000F301E80DF11D8081B60190E040D0811050
:10F10000F6CF222009F44ECEB60180E290E037D04F
:10F110002A94F7CFF6018681978102C08FEF9FEF87
:10F120002B960FB6F894DEBF0FBECDBFDF91CF9107
:10F130001F910F91FF90EF90DF90CF90BF90AF9015
:10F140009F908F907F906F905F904F903F902F9007
:10F150000895FC010590615070400110D8F780952A
:10F1600090958E0F9F1F0895FC0161507040019093
:10F170000110D8F7809590958E0F9F1F08950F93DB
:10F180001F93CF93DF93FB01238121FD03C08FEFFA
:10F190009FEF2CC022FF16C0468157812481358104
:10F1A0004217530744F4A081B1819D012F5F3F4F67
:10F1B000318320838C93268137812F5F3F4F3783A4
:10F1C000268314C08B01EC01FB010084F185E02D46
:10F1D0001995892BE1F6D80116968D919C91179778
:10F1E000019617969C938E931697CE01DF91CF913F
:10F1F0001F910F910895FA01AA27283051F120316B
:10F2000081F1E8946F936E7F6E5F7F4F8F4F9F4FBA
:10F21000AF4FB1E03ED0B4E03CD0670F781F891FFC
:10F220009A1FA11D680F791F8A1F911DA11D6A0FCA
:10F23000711D811D911DA11D20D009F468943F917D
:10F240002AE0269F11243019305D3193DEF6CF017C
:10F250000895462F4770405D4193B3E00FD0C9F742
:10F26000F6CF462F4F70405D4A3318F0495D31FDAF
:10F270004052419302D0A9F7EACFB4E0A695979502
:10F28000879577956795BA95C9F7009761057105D8
:10F2900008959B01AC010A2E069457954795379522
:10F2A0002795BA95C9F7620F731F841F951FA01D7C
:10F2B0000895052E97FB16F400940FD057FD05D046
:10F2C00024D007FC02D046F408C0509540953095F4
:10F2D00021953F4F4F4F5F4F0895909580957095C2
:10F2E00061957F4F8F4F9F4F08958EDCA59F900DA6
:10F2F000B49F900DA49F800D911D11240895B7FF18
:10F30000F4CFF3DF821B930B0895A1E21A2EAA1B00
:10F31000BB1BFD010DC0AA1FBB1FEE1FFF1FA217C5
:10F32000B307E407F50720F0A21BB30BE40BF50BC2
:10F33000661F771F881F991F1A9469F7609570954B
:10F34000809590959B01AC01BD01CF010895F89483
:02F35000FFCFED
:10F352000100000001010202042080010810403F68
:10F36200065B4F666D7D077F6F00804000000000E6
:10F37200000000BF86DBCFE6EDFD87FFEF05391CFD
:10F38200526974380F0106537069656C65722031D9
:10F3920000537069656C6572203200537069656C48
:10F3A2006572203300537069656C657220340020E9
:10F3B200202020202073656564202020202020004A
:10F3C200256C75002020202020204D53572020201E
:10F3D2002020202000202020204D4F4E4F504F4C07
:10F3E20059202020200054617374652041203D2063
:10F3F20053746172742000202020202020202020BD
:10F402002020202020202000537069656C657261E5
:10F4120075737761686C00082D203220537069651E
:10F422006C657220202B7E007765697465722054AA
:10F432006173746520530025750020202020202050
:10F44200537069656C65722020200020202053745F
:10F4520061727467656C64202020200020776972D5
:10F4620064207665727465696C7420200020202007
:10F47200537069656C65722058202020200020207E
:10F482002020779A7266656C7420202020002077F5
:10F492009A7266656C6E2041202F20422000202047
:10F4A20020537069656C657220202020202000772F
:10F4B2006569746572204320206D6568722053006F
:10F4C200202062657A61686C65202020202020203F
:10F4D20000616E20537069656C65722020202020C7
:10F4E2005800616E206469652042616E6B202020A5
:10F4F2002058002020204475206269737420696DB1
:10F502002020200020202020576F726B73686F70BC
:10F512002020202000467265696B61727465205854
:10F522003D4A4120200076657277656E64656E20E3
:10F53200593D4E45494E002020506173636820209A
:10F5420020583D4A41202000579A7266656C6E2011
:10F552002020593D4E45494E00205061736368207A
:10F56200202020583D4A41202000202020353020F4
:10F5720020202020583D4A4120200042657A6168BF
:10F582006C656E2020593D4E45494E0020202020BA
:10F59200205A61686C756E67202020200020202090
:10F5A2004572666F6C67726569636820200020206F
:10F5B200202020504153434820202020202000209A
:10F5C20020204B45494E20504153434820202000E3
:10F5D2002020579A7266656C6E2041202F204220AF
:10F5E2002000579A7266656C73756D6D6520782080
:10F5F2002020002056455253544549474552554E06
:10F602004720200062696574656E205820736F6E12
:10F612007374205900205645525354454947455268
:10F622005420616E200020202020206E69636874BF
:10F6320020202020200020202056455253544549A6
:10F642004745525420200020202056657277616C75
:10F6520074756E67202020002020202020426175D2
:10F66200656E3F20202020200043207A75729A6325
:10F672006B7C7765697465727E0020202020487952
:10F68200706F7468656B20202020002020202048A5
:10F69200616E64656C6E2020202020000148797024
:10F6A2002E7C4879702E6175666C2E020062656947
:10F6B20064652068846E646C657220202000746129
:10F6C20073746520782064729A636B656E200020E3
:10F6D20020204265737484746967656E202020005F
:10F6E2002020209A62657274726167656E20202004
:10F6F200004879702E204175666C9473656E2020E7
:10F702000100616E64657265206F7074696F6E20AE
:10F712002002005A61686C652020202020202020D1
:10F72200202053004879702E20426568616C746510
:10F732006E20200100202020202048616E64656C2C
:10F7420020202020200020616267657363686C6F4F
:10F752007373656E2020006B617566656E3F084E9F
:10F7620065696E7C4A617E0020202020776569747D
:10F772006572204320202020002020204772756ED1
:10F782006473749A636B20202000532048616E6476
:10F79200656C7C7765697465727E0020202020424A
:10F7A200617267656C6420202020200042617267CC
:10F7B200656C642030202020202020200001202B96
:10F7C20031302020202020202B31303002002534FF
:10F7D2007500202020467265696B61727465202075
:10F7E2002020004175737761686C204265656E6404
:10F7F200656E3F00014265656E64656E2020206D76
:10F8020065687202002020204265737484746967FF
:10F8120074202020200042617267656C643A2020C7
:10F8220020202020202000F401F401640064006400
:10F83200006400320014000A000A00050001000101
:10F842000001000100010001060B10151A1F2545D9
:10F85200696E67616E677368616C6C65004B616E9F
:10F862007A6C6569310056656C6F6B656C6C65729C
:10F87200004C6170746F706765629A6872005A65B5
:10F882007567686175737374726173736500526131
:10F8920075636865727A656C74004368616E63654E
:10F8A2000050617573656E7261756D0047617264B7
:10F8B20065726F626500476566846E676E69730084
:10F8C20048657272656E20574300496E666F726DAD
:10F8D2006174696B6469656E737400467261756503
:10F8E2006E205743004C656872657220574300468C
:10F8F2006F746F7A656E7472756D00424653205054
:10F902004D004B616E7A6C65690042465320415549
:10F912000042465320454B00467265697061726B26
:10F92200656E0047412041550050726F64756B74DB
:10F93200696F6E204155004D6563686174722E20B7
:10F942004C61626F7200546563686E696B756D001D
:10F952004C6167657220504D004C616765722041B1
:10F9620055005075747A6469656E7374004C6167F2
:10F97200657220454B0047656820696E73204765B4
:10F982006661656E676E697300474120454B0050A2
:10F99200726F64756B74696F6E20454B00456E74AF
:10F9A2007769636B6C756E6720454B0047657765B9
:10F9B200726265736368756C6500474120504D0043
:10F9C200536368756C6D6174657269616C00507225
:10F9D2006F64756B74696F6E20504D002020205348
:10F9E2007069656C6572202020202020002575003A
:10F9F20048617573207665726B617566656E3F202E
:10FA02000058204A612020202020204E65696E2067
:10FA120059002046656C642042656C617374656EA2
:10FA22003F2000204475206D7573742048847573DF
:10FA3200657220002020207665726B617566656EA6
:10FA42002120202000014879702E207C20776569D2
:10FA5200746572207E00202020202020202020207B
:10FA620020202020202000204475206D757373749F
:10FA72002046656C6465720020202062656C6173AB
:10FA820074656E2120202020002046656C6420626F
:10FA9200656C617374656E3F2000536368756C64B6
:10FAA200206265676C696368656E0020204475207A
:10FAB200736368756C646573742020002534750067
:10FAC200204475206269737420504C454954452086
:10FAD200002020484154204745574F4E4E454E2066
:10FAE20020002D2D2D2D2D2D2D2D2D2D2D2D2D2D7E
:10FAF2002D2D002056455253544549474552554EE7
:10FB02004720200062696574656E205820736F6E0D
:10FB12007374205900207665727374656967657223
:10FB22007420616E2000202020204245454E44452D
:10FB3200542020202020004175737761686C207466
:10FB420072656666656E20004879702E2041756682
:10FB52006C9473656E20200100616E64657265208D
:10FB62004F7074696F6E202002005A61686C6520C4
:10FB72002020202020202020205300207A7520776A
:10FB8200656E69672047656C642020006475206299
:10FB92006568846C747374204879702E0067656898
:10FBA2007420616E206469652042616E6B00487941
:10FBB200702E20426568616C74656E202001002001
:10FBC20020414C4C452046454C44455220202000C3
:10FBD20020202041424745474542454E20202020D3
:10FBE2000058204F4B2020202020576569746572F1
:10FBF2007E0058204F4B2020202020202020202033
:10FC0200202000024162626175656E202020202062
:10FC1200202020002020202020202020207765691D
:10FC22007465727E00024162626175656E202042D7
:10FC32006175656E010043207A75729A636B7C77F9
:08FC420065697465727E000023
:00000001FF
