S01300004D6F6E6F706F6C795F56322E73726563CD
S11300000C94DE0D0C94FE0D0C94FE0D0C94FE0D60
S11300100C94FE0D0C94FE0D0C94FE0D0C94FE0D30
S11300200C94FE0D0C94FE0D0C94FE0D0C94FE0D20
S11300300C94FE0D0C94FE0D0C94FE0D0C94FE0D10
S11300400C94FE0D0C94FE0D0C94FE0D0C94FE0D00
S11300500C94FE0D0C94FE0D0C94FE0D0C94FE0DF0
S11300600C94FE0D0C94FE0D0C94FE0D0C94FE0DE0
S11300700C94FE0D0C94FE0D0C94FE0D0C94FE0DD0
S11300800C94FE0D0C94FE0D0C94FE0D0C94FE0DC0
S11300900C94FE0D0C94FE0D0C94FE0D0C94FE0DB0
S11300A00C94FE0D0C94FE0D0C94FE0D0C94FE0DA0
S11300B00C94FE0D0C94FE0D0C94FE0D0C94FE0D90
S11300C00C94FE0D0C94FE0D0C94FE0D0C94FE0D80
S11300D00C94FE0D0C94FE0D0C94FE0D0C94FE0D70
S11300E00C94FE0D9316AF173F1A5A28B92BC32B45
S11300F0A22C6C2FCF1D531D751F452877218A26EE
S1130100A2260F20C657C2607E58C2603159BD5A1C
S1130110515B215CAF5D865DA160036214621E6267
S113012033623C62596274627B62DA624F6C6920AA
S11301306D61672064696368202020206E696368AC
S1130140742E202020202020202020204765686550
S1130150207A756D2020202020202020576F726B7C
S113016073686F70000000000000000000000000D1
S1130170000000000000000000000000000000007B
S1130180000000000000000000000000000000006B
S1130190000000000000000000000000000000005B
S11301A0000000000000000000000000000000004B
S11301B0000000000000000000000000000000003B
S11301C0000000000000000000000000000000002B
S11301D0000000000000000000000000000000001B
S11301E0000000000000000000000000000000000B
S11301F000000000467265696B617274650000005E
S113020000000000000000000000000000000000EA
S113021000000000000000000000000000000000DA
S113022000000000000000000000000000000000CA
S113023000000000000000000000000000000000BA
S113024000000000000000000000000000000000AA
S1130250000000000000000000000000000000009A
S1130260000000000000000000000000000000008A
S1130270000000000000000000000000000000007A
S1130280000000000000000000000000000000006A
S1130290000000000000000000000000000000005A
S11302A0000000000000000000000000000000004A
S11302B0000000000000000000000000529A636B80
S11302C06520766F72206269732020207A756D2014
S11302D04E8463687374656E202020205765726BAA
S11302E0000000000000000000000000000000000A
S11302F000000000000000000000000000000000FA
S113030000000000000000000000000000000000E9
S113031000000000000000000000000000000000D9
S113032000000000000000000000000000000000C9
S113033000000000000000000000000000000000B9
S113034000000000000000000000000000000000A9
S11303500000000000000000000000000000000099
S11303600000000000000000000000000000000089
S11303700000000000000000000000000000000079
S11303800000000044752068617374207A7520763B
S113039069656C65416273656E7A656E2020202004
S11303A0202020205A61686C652035300000000050
S11303B00000000000000000000000000000000039
S11303C00000000000000000000000000000000029
S11303D00000000000000000000000000000000019
S11303E00000000000000000000000000000000009
S11303F000000000000000000000000000000000F9
S113040000000000000000000000000000000000E8
S113041000000000000000000000000000000000D8
S113042000000000000000000000000000000000C8
S113043000000000000000000000000000000000B8
S1130440000000000000000000000000529A636BEE
S11304506520766F72206269732020207A7572207D
S113046050726F64756B74696F6E2020506F6C7975
S11304706D656368616E696B657200000000000061
S11304800000000000000000000000000000000068
S11304900000000000000000000000000000000058
S11304A00000000000000000000000000000000048
S11304B00000000000000000000000000000000038
S11304C00000000000000000000000000000000028
S11304D00000000000000000000000000000000018
S11304E00000000000000000000000000000000008
S11304F000000000000000000000000000000000F8
S113050000000000000000000000000000000000E7
S1130510000000005A6965686520766F7220626980
S1130520732020207A7572206E8463687374656EFC
S11305302020202048616C74657374656C6C6500C0
S113054000000000000000000000000000000000A7
S11305500000000000000000000000000000000097
S11305600000000000000000000000000000000087
S11305700000000000000000000000000000000077
S11305800000000000000000000000000000000067
S11305900000000000000000000000000000000057
S11305A00000000000000000000000000000000047
S11305B00000000000000000000000000000000037
S11305C00000000000000000000000000000000027
S11305D00000000000000000000000005A69656887
S11305E06520766F72206269732020207A757220EC
S11305F06E8463687374656E2020202048616C7477
S1130600657374656C6C65000000000000000000F8
S113061000000000000000000000000000000000D6
S113062000000000000000000000000000000000C6
S113063000000000000000000000000000000000B6
S113064000000000000000000000000000000000A6
S11306500000000000000000000000000000000096
S11306600000000000000000000000000000000086
S11306700000000000000000000000000000000076
S11306800000000000000000000000000000000066
S11306900000000000000000000000000000000056
S11306A0000000005A6965686520766F72206269EF
S11306B0732020204772756E6461757362696C647F
S11306C0756E6720456C656B74726F6E696B6572CD
S11306D00000000000000000000000000000000016
S11306E00000000000000000000000000000000006
S11306F000000000000000000000000000000000F6
S113070000000000000000000000000000000000E5
S113071000000000000000000000000000000000D5
S113072000000000000000000000000000000000C5
S113073000000000000000000000000000000000B5
S113074000000000000000000000000000000000A5
S11307500000000000000000000000000000000095
S11307600000000000000000000000005A696568F5
S11307706520766F72206269732020204D6563685E
S11307806174726F6E696B20202020204C61626F4F
S113079072000000000000000000000000000000E3
S11307A00000000000000000000000000000000045
S11307B00000000000000000000000000000000035
S11307C00000000000000000000000000000000025
S11307D00000000000000000000000000000000015
S11307E00000000000000000000000000000000005
S11307F000000000000000000000000000000000F5
S113080000000000000000000000000000000000E4
S113081000000000000000000000000000000000D4
S113082000000000000000000000000000000000C4
S113083000000000529A636B6520766F7220617528
S113084066202020537461727400000000000000D0
S11308500000000000000000000000000000000094
S11308600000000000000000000000000000000084
S11308700000000000000000000000000000000074
S11308800000000000000000000000000000000064
S11308900000000000000000000000000000000054
S11308A00000000000000000000000000000000044
S11308B00000000000000000000000000000000034
S11308C00000000000000000000000000000000024
S11308D00000000000000000000000000000000014
S11308E00000000000000000000000000000000004
S11308F0000000000000000000000000486575745E
S11309006520496E666F726D6965727449687220FC
S113091065756368209A626572202020537475643B
S113092069656E67846E676520202020529A636B28
S11309306520766F72206269732020205465636895
S11309406E696B756D00000000000000000000007F
S11309500000000000000000000000000000000093
S11309600000000000000000000000000000000083
S11309700000000000000000000000000000000073
S11309800000000000000000000000000000000063
S11309900000000000000000000000000000000053
S11309A00000000000000000000000000000000043
S11309B00000000000000000000000000000000033
S11309C0000000004573206973742064657220324E
S11309D0352E2020447520657268846C74737420ED
S11309E0202020206465696E656E204C6F686E2E31
S11309F020766F6E37300000000000000000000019
S1130A0000000000000000000000000000000000E2
S1130A1000000000000000000000000000000000D2
S1130A2000000000000000000000000000000000C2
S1130A3000000000000000000000000000000000B2
S1130A4000000000000000000000000000000000A2
S1130A500000000000000000000000000000000092
S1130A600000000000000000000000000000000082
S1130A700000000000000000000000000000000072
S1130A800000000000000000000000004573206921
S1130A907374206465722032352E202044752065DD
S1130AA07268846C74737420202020206465696EDD
S1130AB0656E204C6F686E2E20766F6E3134300078
S1130AC00000000000000000000000000000000022
S1130AD00000000000000000000000000000000012
S1130AE00000000000000000000000000000000002
S1130AF000000000000000000000000000000000F2
S1130B0000000000000000000000000000000000E1
S1130B1000000000000000000000000000000000D1
S1130B2000000000000000000000000000000000C1
S1130B3000000000000000000000000000000000B1
S1130B4000000000000000000000000000000000A1
S1130B50000000004765686520332046656C6465C5
S1130B60722020207A75729A636B000000000000E6
S1130B700000000000000000000000000000000071
S1130B800000000000000000000000000000000061
S1130B900000000000000000000000000000000051
S1130BA00000000000000000000000000000000041
S1130BB00000000000000000000000000000000031
S1130BC00000000000000000000000000000000021
S1130BD00000000000000000000000000000000011
S1130BE00000000000000000000000000000000001
S1130BF000000000000000000000000000000000F1
S1130C0000000000000000000000000000000000E0
S1130C100000000000000000000000004475207285
S1130C20656E6F7669657273742020206465696EE1
S1130C306520204884757365722020205A61686C91
S1130C406520669A72206A656465732048617573CD
S1130C5020323520756E6420669A72206A65646558
S1130C607320486F74656C20313030000000000040
S1130C700000000000000000000000000000000070
S1130C800000000000000000000000000000000060
S1130C900000000000000000000000000000000050
S1130CA00000000000000000000000000000000040
S1130CB00000000000000000000000000000000030
S1130CC00000000000000000000000000000000020
S1130CD00000000000000000000000000000000010
S1130CE00000000044752077757264657374207A7F
S1130CF0756D20204B6C617373656E7665727472CA
S1130D006574657247657784686C742E205A6168CF
S1130D106C6520206A6564656D20537069656C6537
S1130D2072203530000000000000000000000000C8
S1130D3000000000000000000000000000000000AF
S1130D40000000000000000000000000000000009F
S1130D50000000000000000000000000000000008F
S1130D60000000000000000000000000000000007F
S1130D70000000000000000000000000000000006F
S1130D80000000000000000000000000000000005F
S1130D90000000000000000000000000000000004F
S1130DA000000000000000000000000044752068FE
S1130DB06173742065696E65202020205765747402
S1130DC06520676567656E20202020205065746566
S1130DD072207665726C6F72656E20206475207364
S1130DE06368756C646573742069686D65696E65A4
S1130DF06E204B6166666565202020207A61686CF0
S1130E006520350000000000000000000000000024
S1130E1000000000000000000000000000000000CE
S1130E2000000000000000000000000000000000BE
S1130E3000000000000000000000000000000000AE
S1130E40000000000000000000000000000000009E
S1130E50000000000000000000000000000000008E
S1130E60000000000000000000000000000000007E
S1130E700000000044752068617374206265692075
S1130E802020202065696E656D204B756E64656E4B
S1130E902020202065696E65207363686C65636833
S1130EA074652020426577657274756E6720202012
S1130EB02020202068696E7465726C617373656E9E
S1130EC0202020206765686520696E2064656E2097
S1130ED020202020576F726B73686F700000000031
S1130EE000000000000000000000000000000000FE
S1130EF000000000000000000000000000000000EE
S1130F0000000000000000000000000000000000DD
S1130F1000000000000000000000000000000000CD
S1130F2000000000000000000000000000000000BD
S1130F300000000000000000000000004672656927
S1130F406B61727465000000000000000000000086
S1130F50000000000000000000000000000000008D
S1130F60000000000000000000000000000000007D
S1130F70000000000000000000000000000000006D
S1130F80000000000000000000000000000000005D
S1130F90000000000000000000000000000000004D
S1130FA0000000000000000000000000000000003D
S1130FB0000000000000000000000000000000002D
S1130FC0000000000000000000000000000000001D
S1130FD0000000000000000000000000000000000D
S1130FE000000000000000000000000000000000FD
S1130FF000000000000000000000000000000000ED
S11310000000000044752072656E6F766965727326
S1131010742020206465696E65202048847573659A
S1131020722020205A61686C6520669A72206A6575
S1131030646573204861757320343020756E6420B4
S1131040669A72206A6564657320486F74656C20C3
S113105031313500000000000000000000000000F5
S1131060000000000000000000000000000000007C
S1131070000000000000000000000000000000006C
S1131080000000000000000000000000000000005C
S1131090000000000000000000000000000000004C
S11310A0000000000000000000000000000000003C
S11310B0000000000000000000000000000000002C
S11310C0000000000000000000000000496E2064E1
S11310D06572202020202020202020205665727355
S11310E065747A756E672069737420206469722050
S11310F065696E2046728473657220207A65726217
S1131100726F6368656E2E20202020205A61686CFF
S113111065203130300000000000000000000000B5
S113112000000000000000000000000000000000BB
S113113000000000000000000000000000000000AB
S1131140000000000000000000000000000000009B
S1131150000000000000000000000000000000008B
S1131160000000000000000000000000000000007B
S1131170000000000000000000000000000000006B
S1131180000000000000000000000000000000005B
S11311900000000044752067946E6E7374206469C7
S11311A0722020206574776173206265696D202048
S11311B020202020536E61636B6175746F6D6174C0
S11311C0202020207A61686C652035300000000002
S11311D0000000000000000000000000000000000B
S11311E000000000000000000000000000000000FB
S11311F000000000000000000000000000000000EB
S113120000000000000000000000000000000000DA
S113121000000000000000000000000000000000CA
S113122000000000000000000000000000000000BA
S113123000000000000000000000000000000000AA
S1131240000000000000000000000000000000009A
S11312500000000000000000000000004968722047
S11312606D616368742065696E65200945786B75E6
S11312707273696F6E202020202020207A61686CB0
S11312806520353000000000000000000000000070
S1131290000000000000000000000000000000004A
S11312A0000000000000000000000000000000003A
S11312B0000000000000000000000000000000002A
S11312C0000000000000000000000000000000001A
S11312D0000000000000000000000000000000000A
S11312E000000000000000000000000000000000FA
S11312F000000000000000000000000000000000EA
S113130000000000000000000000000000000000D9
S113131000000000000000000000000000000000C9
S113132000000000447520686173742064696520BE
S11313302020202041627363686C75737372656941
S1131340736520206F7267616E6973696572742CAE
S1131350202020206A6564657220537069656C657D
S1131360722020207A61686C7420646972203130A4
S11313700000000000000000000000000000000069
S11313800000000000000000000000000000000059
S11313900000000000000000000000000000000049
S11313A00000000000000000000000000000000039
S11313B00000000000000000000000000000000029
S11313C00000000000000000000000000000000019
S11313D00000000000000000000000000000000009
S11313E0000000000000000000000000456C656B78
S11313F074726F6E696B657220202020646573209F
S11314004D6F6E6174732020202020204475206568
S11314107268846C747374203130300000000000F2
S113142000000000000000000000000000000000B8
S113143000000000000000000000000000000000A8
S11314400000000000000000000000000000000098
S11314500000000000000000000000000000000088
S11314600000000000000000000000000000000078
S11314700000000000000000000000000000000068
S11314800000000000000000000000000000000058
S11314900000000000000000000000000000000048
S11314A00000000000000000000000000000000038
S11314B00000000044752068696C667374206465DC
S11314C0696E656D4D6974736368FC6C6572206246
S11314D065696D206C65726E656E2E20202020205B
S11314E020202020447520657268846C74737420F5
S11314F03130000000000000000000000000000087
S113150000000000000000000000000000000000D7
S113151000000000000000000000000000000000C7
S113152000000000000000000000000000000000B7
S113153000000000000000000000000000000000A7
S11315400000000000000000000000000000000097
S11315500000000000000000000000000000000087
S11315600000000000000000000000000000000077
S11315700000000000000000000000004475206529
S11315807268846C73742035300000000000000021
S11315900000000000000000000000000000000047
S11315A00000000000000000000000000000000037
S11315B00000000000000000000000000000000027
S11315C00000000000000000000000000000000017
S11315D00000000000000000000000000000000007
S11315E000000000000000000000000000000000F7
S11315F000000000000000000000000000000000E7
S113160000000000000000000000000000000000D6
S113161000000000000000000000000000000000C6
S113162000000000000000000000000000000000B6
S113163000000000000000000000000000000000A6
S113164000000000447520657268846C7374203156
S11316503030000000000000000000000000000026
S11316600000000000000000000000000000000076
S11316700000000000000000000000000000000066
S11316800000000000000000000000000000000056
S11316900000000000000000000000000000000046
S11316A00000000000000000000000000000000036
S11316B00000000000000000000000000000000026
S11316C00000000000000000000000000000000016
S11316D00000000000000000000000000000000006
S11316E000000000000000000000000000000000F6
S11316F000000000000000000000000000000000E6
S11317000000000000000000000000004475206597
S11317107268846C7374203235000000000000008D
S113172000000000000000000000000000000000B5
S113173000000000000000000000000000000000A5
S11317400000000000000000000000000000000095
S11317500000000000000000000000000000000085
S11317600000000000000000000000000000000075
S11317700000000000000000000000000000000065
S11317800000000000000000000000000000000055
S11317900000000000000000000000000000000045
S11317A00000000000000000000000000000000035
S11317B00000000000000000000000000000000025
S11317C00000000000000000000000000000000015
S11317D000000000447520657268846C73742032C4
S11317E030000000000000000000000000000000C5
S11317F000000000000000000000000000000000E5
S113180000000000000000000000000000000000D4
S113181000000000000000000000000000000000C4
S113182000000000000000000000000000000000B4
S113183000000000000000000000000000000000A4
S11318400000000000000000000000000000000094
S11318500000000000000000000000000000000084
S11318600000000000000000000000000000000074
S11318700000000000000000000000000000000064
S11318800000000000000000000000000000000054
S11318900000000000000000000000004475206506
S11318A07268846C737420313030000000000000D2
S11318B00000000000000000000000000000000024
S11318C00000000000000000000000000000000014
S11318D00000000000000000000000000000000004
S11318E000000000000000000000000000000000F4
S11318F000000000000000000000000000000000E4
S113190000000000000000000000000000000000D3
S113191000000000000000000000000000000000C3
S113192000000000000000000000000000000000B3
S113193000000000000000000000000000000000A3
S11319400000000000000000000000000000000093
S11319500000000000000000000000000000000083
S113196000000000447520657268846C7374203133
S11319703030000000000000000000000000000003
S11319800000000000000000000000000000000053
S11319900000000000000000000000000000000043
S11319A00000000000000000000000000000000033
S11319B00000000000000000000000000000000023
S11319C00000000000000000000000000000000013
S11319D00000000000000000000000000000000003
S11319E000000000000000000000000000000000F3
S11319F000000000000000000000000000000000E3
S1131A0000000000000000000000000000000000D2
S1131A1000000000000000000000000000000000C2
S1131A200000000000000000000000004475206277
S1131A3069737420202020202020202057656C7496
S1131A406D6569737465722E2020202052FC636BCF
S1131A506520766F7220626973202020537461724E
S1131A6074207A696568652064656E20646F70709F
S1131A70656C74656E2020202020202042657472DD
S1131A8061672065696E000000000000000000002E
S1131A900000000000000000000000000000000042
S1131AA00000000000000000000000000000000032
S1131AB00000000000000000000000000000000022
S1131AC00000000000000000000000000000000012
S1131AD00000000000000000000000000000000002
S1131AE000000000000000000000000000000000F2
S1131AF000000000447520686173742067656765A1
S1131B006E2020206469652048616E64797265677F
S1131B10656C202076657273746F7373656E2E2006
S1131B2020202020529A636B6520766F72206269B0
S1131B307320202050726F64756B74696F6E20205F
S1131B4020202020456C656B74726F6E696B657222
S1131B500000000000000000000000000000000081
S1131B600000000000000000000000000000000071
S1131B700000000000000000000000000000000061
S1131B800000000000000000000000000000000051
S1131B900000000000000000000000000000000041
S1131BA00000000000000000000000000000000031
S1131BB000000000000000000000000011241FBE0F
S1131BC0CFEFD1E2DEBFCDBF00E00CBF1AE0A0E052
S1131BD0B2E0EAE7F4ED00E00BBF02C007900D921B
S1131BE0A23AB107D9F72BE1A2EABAE001C01D92EB
S1131BF0A935B207E1F78FD20C943B6A0C9400002C
S1131C0098B19F7E98B998B19B7F98B98BB998B1D8
S1131C10926098B98150833038F48FE291E1019752
S1131C20F1F700C0000003C090EA9A95F1F788B17B
S1131C308D7F88B908951F93CF93DF93CDB7DEB717
S1131C4029970FB6F894DEBF0FBECDBF8FEF8AB9C8
S1131C5087B988B1806288B92FEF80E792E021507C
S1131C6080409040E1F700C0000088B18E7F88B9C1
S1131C7089E0EEE2F2E0DE01119601900D928A9580
S1131C80E1F710E00AC0E1E0F0E0EC0FFD1FE10F26
S1131C90F11D808190E0B4DF1F5F1930A0F38FE95C
S1131CA09FE00197F1F700C0000029960FB6F89461
S1131CB0DEBF0FBECDBFDF91CF911F91089598B1C4
S1131CC0906198B998B19B7F98B98BB988B18260BB
S1131CD088B980EA8A95F1F788B18D7F88B908952B
S1131CE081E08EDF8FE99FE00197F1F700C00000EB
S1131CF0089582E085DF8FE39FE10197F1F700C04B
S1131D0000000895417070E0660F771F6270282FFD
S1131D1030E0220F331F220F331F2470842F862BB1
S1131D20822B88606DDF8FE99FE00197F1F700C097
S1131D30000008950F931F93CF938A01282F30E05A
S1131D40285F3F4F862F90E1299F800D112458DF93
S1131D50C0E002C0B4DFCF5FF801EC0FF11D808159
S1131D608111F8CF8FE39FE10197F1F700C00000E4
S1131D70CF911F910F91089588E442DF84E09FDFA3
S1131D808EE09DDF85E19BDF84E099DF84E097DFCF
S1131D9084E095DF80E093DF80E091DF80E530DF51
S1131DA080E08DDF84E08BDF84E089DF84E087DFFF
S1131DB085E185DF8EE083DF84E081DF80E07FCF13
S1131DC0089539DF8DDF95DFD7DF40E060E081E003
S1131DD099CF089588B18F7D88B98FE39CE90197E5
S1131DE0F1F700C0000088B1806288B98FE39CE9F4
S1131DF00197F1F700C000001EDF72DF7ADF40E0D8
S1131E0060E081E07FCF08958F929F92AF92BF925E
S1131E10CF92DF92EF92FF920F931F93CF93DF93B2
S1131E20CDB7DEB7A2970FB6F894DEBF0FBECDBF15
S1131E306C0121E1CE010196DC01E22F1D92EA95AD
S1131E40E9F7FE017296DF011D922A95E9F7F60182
S1131E5001900020E9F731978F010C191D09E62E36
S1131E60F12C5701AA0CBB1CAA0CBB1CAA0CBB1C52
S1131E70AA0CBB1CB6016A0D7B1D40E150E00E9418
S1131E800367BFEFEB1AFB0AEE0CFF1CEE0CFF1C02
S1131E90EE0CFF1CEE0CFF1CE016F1065CF4B50121
S1131EA0605F7F4F6C0D7D1D40E150E0CE01429696
S1131EB00E94036715DFAE014F5F5F4F60E081E072
S1131EC039DFAE014E5E5F4F60E082E033DF0052E7
S1131ED011090A151B0514F481E001C080E0A296E3
S1131EE00FB6F894DEBF0FBECDBFDF91CF911F9127
S1131EF00F91FF90EF90DF90CF90BF90AF909F90A5
S1131F008F900895CF93DF931F921F92CDB7DEB7C2
S1131F109A83898389819A81CB969C018AE0E7E33D
S1131F20F2E0D90101900D928A95E1F789819A81B5
S1131F30CB9627E534E0FC0133AB22AB89819A814F
S1131F40CB9628E2FC0124AB89819A81CB96FC01D3
S1131F5015AA89819A81CB96FC0116AA89819A8156
S1131F60CB96FC0117AA89819A81CB96FC0110AE0D
S1131F7089819A81CB96FC0111AE89819A81CB9695
S1131F80FC0112AE89819A818A589F4F9C018AE094
S1131F90E1E4F2E0D90101900D928A95E1F789819B
S1131FA09A818A589F4F2EEA38E0FC0133AB22AB6A
S1131FB089819A818A589F4F28E2FC0124AB898148
S1131FC09A818A589F4FFC0115AA89819A818A585F
S1131FD09F4FFC0116AA89819A818A589F4FFC0160
S1131FE017AA89819A818A589F4FFC0110AE898172
S1131FF09A818A589F4FFC0111AE89819A818A582F
S11320009F4FFC0112AE89819A818F549F4F9C018E
S11320108AE0EBE4F2E0D90101900D928A95E1F7B0
S113202089819A818F549F4F25E03DE0FC0133ABB9
S113203022AB89819A818F549F4F28E2FC0124AB03
S113204089819A818F549F4FFC0115AA89819A81B5
S11320508F549F4FFC0116AA89819A818F549F4FF8
S1132060FC0117AA89819A818F549F4FFC0110AEFD
S113207089819A818F549F4FFC0111AE89819A8185
S11320808F549F4FFC0112AE89819A8184519F4FD6
S11320909C018AE0E5E5F2E0D90101900D928A9570
S11320A0E1F789819A8184519F4F2CE531E1FC014C
S11320B033AB22AB89819A8184519F4F28E2FC0182
S11320C024AB89819A8184519F4FFC0115AA89818F
S11320D09A8184519F4FFC0116AA89819A81845167
S11320E09F4FFC0117AA89819A8184519F4FFC015B
S11320F010AE89819A8184519F4FFC0111AE898170
S11321009A8184519F4FFC0112AE00000F900F90F2
S1132110DF91CF910895CF92DF92EF92FF920F93C8
S11321201F93CF93DF93CDB7DEB7C256D1400FB61E
S1132130F894DEBF0FBECDBF81E089831A8281E0AF
S11321408B831C821D821E82CE018B5C9E4F26E0F7
S1132150FC01322F11923A95E9F71F8218861986ED
S11321601A86CE01885B9F4FFC0110821B861C8659
S11321701D861E8681E08F8781E0888B198A1A8AE2
S11321801B8A1C8A81E08D8B1E8A1F8A198E188EE9
S11321901A8ECE01875B9F4FFC0110821B8E1C8E12
S11321A0CE01865B9F4FFC011082CE01855B9F4F61
S11321B0FC011082CE01845B9F4FFC011082CE0192
S11321C0855C9E4F2AE0FC01322F11923A95E9F783
S11321D01E8E1D8E83E08F8F18A219A21AA21BA235
S11321E01CA2CE018B5B9E4F2CE1FC01322F11927D
S11321F03A95E9F71DA21EA2CE01835B9F4FFC0115
S11322001082CE018F599E4FFC0111821082CE01A3
S1132210825B9F4FFC0110821FA218A619A61AA662
S11322201BA61CA61DA61EA6CE01815B9F4FFC010A
S113223010821182128213820E946F46C2DD85ECE5
S11322409DE00E94EE468EE59CE05CDE85EF99E120
S11322500E94935385E89DE00E94925480E895E2A1
S11322600E9428640E94DB430E948B451FA6C6C1BE
S11322709E012D573F4F80E090E0AAEFB3E4F901AF
S113228080839183A283B3838E0109571F4FCE01AC
S11322908D579F4F2BEA3AEA4AEA50E4FC016081E9
S11322A07181828193810E94FA65DC01CB01F8017E
S11322B080839183A283B3838E0105571F4FCE0180
S11322C08D579F4F20E030E040E850E4FC016081EE
S11322D07181828193810E94FA65DC01CB01F8014E
S11322E080839183A283B383CE0189579F4F20E0DB
S11322F030E040E85FE3FC01608171818281938179
S11323000E94AC6488230CF4FBC0CE0185579F4F18
S113231020E03FEF4FE757E4FC0160817181828147
S113232093810E94F66518160CF0A7C0CE018D5754
S11323309F4F20E030E04AE754E4FC016081718162
S1132340828193810E94B064DC01CB016C017D0128
S11323508E0101571F4F20E030E04AE755E4C701E2
S1132360B6010E94FA65DC01CB01F80180839183F8
S1132370A283B383CE0181579F4F20E030E040E831
S11323805FE3FC0160817181828193810E94AC646E
S113239088230CF45BC0CE0181579F4F20E03FEFB0
S11323A04FE757E4FC0160817181828193810E942F
S11323B0F6651816C4F520E030E040E251E4C701A8
S11323C0B6010E94FA65DC01CB018E010D561F4F48
S11323D0BC01CD010E941865DC01CB01F801918399
S11323E0808318C080E991E00197F1F79E012B5694
S11323F03F4FF90191838083CE018D569F4F9E01FB
S11324002D563F4FF9012081318121503109FC01C2
S113241031832083CE018D569F4FFC0180819181B1
S1132420892B01F773C08E010D561F4FCE018157C2
S11324309F4FFC0160817181828193810E941865A4
S1132440DC01CB01F8019183808308C0CE018D5655
S11324509F4F21E030E0FC0131832083CE018D5673
S11324609F4FFC01808191810197F1F79E012956CC
S11324703F4FF9019183808349C0CE0189579F4F13
S113248020E030E04FE753E4FC01608171818281F8
S113249093810E94F66518160CF58E0107561F4F9E
S11324A0CE0185579F4FFC016081718182819381A8
S11324B00E941865DC01CB01F80191838083CE0171
S11324C087569F4FFC01808191810197F1F79E010E
S11324D025563F4FF9019183808325C08E01035611
S11324E01F4FCE0189579F4FFC016081718182810A
S11324F093810E941865DC01CB01F801808306C03A
S1132500CE0183569F4F21E0FC012083CE018356E8
S11325109F4FFC018081282F2A95F1F7CE01825626
S11325209F4FFC0120838FA50E9495459E01215B4E
S11325303F4FCC01A0E0B0E0F90180839183A283F6
S1132540B383CE01815B9F4FFC0180819181A28185
S1132550B381072E76E1880F991FAA1FBB1F7A95B6
S1132560D1F7702D2BA53CA54DA55EA582279327F9
S1132570A427B5278BA79CA7ADA7BEA7CE01815BD7
S11325809F4FFC0180819181A281B38180959095B8
S1132590A095B095072E7CE0880F991FAA1FBB1F3A
S11325A07A95D1F7702D2BA53CA54DA55EA5822764
S11325B09327A427B5278BA79CA7ADA7BEA7CE01B9
S11325C0815B9F4FFC0180819181A281B381880F3F
S11325D0991FAA1FBB1F880F991FAA1FBB1F2BA5DA
S11325E03CA54DA55EA582279327A427B5278BA7D5
S11325F09CA7ADA7BEA78FA58F5F8FA78FA584309B
S113260008F436CE8BA59CA50E94F1664FE552E0F6
S113261060E080E08FDB8EA58F938DA58F938CA5D2
S11326208F938BA58F9380E792E0892F8F9380E718
S113263092E08F93CE018B5D9E4F292F2F938F9322
S11326400E9412672DB73EB7285F3F4F0FB6F8942C
S1132650DEBF0FBECDBFCE018B5D9E4FAC0163E0EC
S113266081E068DB9E012D5A3F4F80E090E0AAE7AD
S1132670B4E4F90180839183A283B3838E0101566C
S11326801F4FCE018D5A9F4F20E030E04AE755E4BA
S1132690FC0160817181828193810E94FA65DC0171
S11326A0CB01F80180839183A283B383CE01815649
S11326B09F4F20E030E040E85FE3FC0160817181DE
S11326C0828193810E94AC6488230CF462C0CE01A1
S11326D081569F4F20E03FEF4FE757E4FC016081B4
S11326E07181828193810E94F66518160CF03EC0B8
S11326F0CE018D5A9F4F20E030E040E251E4FC01CE
S113270060817181828193810E94FA65DC01CB0131
S11327108E010D551F4FBC01CD010E941865DC01CF
S1132720CB01F8019183808318C080E991E001977F
S1132730F1F79E012B553F4FF90191838083CE0120
S11327408D559F4F9E012D553F4FF90120813181B9
S113275021503109FC0131832083CE018D559F4FD7
S1132760FC0180819181892B01F729C08E010D55CF
S11327701F4FCE0181569F4FFC0160817181828180
S113278093810E941865DC01CB01F8019183808359
S113279008C0CE018D559F4F21E030E0FC0131830C
S11327A02083CE018D559F4FFC018081918101973B
S11327B0F1F79E0129553F4FF9019183808318AAAF
S11327C02FC088A9282F30E04EE4429FC001439FC8
S11327D0900D1124885F914FFC0180818823E9F0DA
S11327E088A9282F30E04EE4429FC001439F900DFA
S11327F01124885F914FFC01508188A9282F30E073
S11328004EE4429FC001439F900D1124805F914F7D
S1132810FC018081652F0E94F74088A98F5F88ABF7
S113282088A9883270F28091680B9091690B90931B
S1132830670B8093660B1092690B1092680B89E00A
S113284091E0FC018081882F90E0382F222786E0D8
S113285091E0FC018081882F90E0822B932B909350
S1132860690B8093680B8091660B9091670B9C01B8
S1132870209530958091680B9091690B8223932366
S113288090936B0B80936A0B89E091E0FC0180814B
S1132890882F90E0382F222786E091E0FC01808188
S11328A0882F90E0822B932B8935910509F010C273
S11328B087E290E02FEFFC01208388E290E02FE391
S11328C0FC0120838AE290E02FEFFC0120838BE25D
S11328D090E0FC0110827EDA19AAC6C19E01295A31
S11328E03F4F80E090E0AAEFB3E4F9018083918345
S11328F0A283B3838E0107551F4FCE01895A9F4F80
S11329002BEA3AEA4AEA50E4FC016081718182814F
S113291093810E94FA65DC01CB01F80180839183E5
S1132920A283B3838E0103551F4FCE01895A9F4F53
S113293020E030E040E850E4FC0160817181828154
S113294093810E94FA65DC01CB01F80180839183B5
S1132950A283B383CE0187559F4F20E030E040E847
S11329605FE3FC0160817181828193810E94AC6488
S113297088230CF4FBC0CE0183559F4F20E03FEF2A
S11329804FE757E4FC0160817181828193810E9449
S1132990F66518160CF0A7C0CE01895A9F4F20E0A7
S11329A030E04AE754E4FC016081718182819381C3
S11329B00E94B064DC01CB016C017D018E010F54D7
S11329C01F4F20E030E04AE755E4C701B6010E94FA
S11329D0FA65DC01CB01F80180839183A283B38380
S11329E0CE018F549F4F20E030E040E85FE3FC01CC
S11329F060817181828193810E94AC6488230CF48C
S1132A005BC0CE018F549F4F20E03FEF4FE757E468
S1132A10FC0160817181828193810E94F6651816A0
S1132A20C4F520E030E040E251E4C701B6010E9461
S1132A30FA65DC01CB018E010B541F4FBC01CD01A3
S1132A400E941865DC01CB01F8019183808318C0D2
S1132A5080E991E00197F1F79E0129543F4FF90174
S1132A6091838083CE018B549F4F9E012B543F4F03
S1132A70F9012081318121503109FC013183208306
S1132A80CE018B549F4FFC0180819181892B01F7EA
S1132A9073C08E010B541F4FCE018F549F4FFC0106
S1132AA060817181828193810E941865DC01CB0170
S1132AB0F8019183808308C0CE018B549F4F21E09D
S1132AC030E0FC0131832083CE018B549F4FFC0105
S1132AD0808191810197F1F79E0127543F4FF901BD
S1132AE09183808349C0CE0187559F4F20E030E019
S1132AF04FE753E4FC0160817181828193810E94DC
S1132B00F66518160CF58E0105541F4FCE0183553A
S1132B109F4FFC0160817181828193810E941865BD
S1132B20DC01CB01F80191838083CE0185549F4F52
S1132B30FC01808191810197F1F79E0123543F4F5D
S1132B40F9019183808325C08E0101541F4FCE016A
S1132B5087559F4FFC0160817181828193810E941E
S1132B601865DC01CB01F801808306C0CE018154D5
S1132B709F4F21E0FC012083CE0181549F4FFC0133
S1132B808081282F2A95F1F7CE0180549F4FFC01B4
S1132B90208389A90E9495459E01215B3F4FCC016A
S1132BA0A0E0B0E0F90180839183A283B383CE01D6
S1132BB0815B9F4FFC0180819181A281B381072EAB
S1132BC076E1880F991FAA1FBB1F7A95D1F7702D44
S1132BD02BA53CA54DA55EA582279327A427B52741
S1132BE08BA79CA7ADA7BEA7CE01815B9F4FFC011D
S1132BF080819181A281B38180959095A095B095B3
S1132C00072E7CE0880F991FAA1FBB1F7A95D1F766
S1132C10702D2BA53CA54DA55EA582279327A4273F
S1132C20B5278BA79CA7ADA7BEA7CE01815B9F4FFD
S1132C30FC0180819181A281B381880F991FAA1F11
S1132C40BB1F880F991FAA1FBB1F2BA53CA54DA511
S1132C505EA582279327A427B5278BA79CA7ADA79A
S1132C60BEA789A98F5F89AB89A9843008F436CEC1
S1132C708BA59CA50E94F1664FE552E060E080E0E0
S1132C8059D88EA58F938DA58F938CA58F938BA5E3
S1132C908F9380E792E0892F8F9380E792E08F9360
S1132CA0CE018B5D9E4F292F2F938F930E94126725
S1132CB02DB73EB7285F3F4F0FB6F894DEBF0FBE67
S1132CC0CDBFCE018B5D9E4FAC0163E081E032D875
S1132CD08981282F30E04BE3429FC001439F900D30
S1132CE011248856934FFC018081882311F081E0E0
S1132CF08CA380916C0B882F90E0092E000CAA0BFA
S1132D00BB0B40E050E027E030E0841B950B281714
S1132D10390710F40C94A735FC018827EE58FF4FAF
S1132D208F4F0C94906688858823D9F444E752E049
S1132D3060E080E00E949A0E43E852E060E081E0A7
S1132D400E949A0E44E952E060E082E00E949A0EEA
S1132D508091060240E06EE57CE00E94674381E0DA
S1132D60888780916A0B90916B0B88279072892BCE
S1132D70A1F180910602833080F180910602815096
S1132D808093060280910602882F90E0292F2F93CA
S1132D908F9383EA92E0892F8F9383EA92E08F9353
S1132DA0CE018B5D9E4F292F2F938F930E94126724
S1132DB00F900F900F900F900F900F90CE018B5D9E
S1132DC09E4FAC0163E081E00E949A0E809106025E
S1132DD040E06EE57CE00E94674380916A0B90912D
S1132DE06B0B88279074892BA1F1809106028430A3
S1132DF080F5809106028F5F80930602809106021F
S1132E00882F90E0292F2F938F9383EA92E0892FC4
S1132E108F9383EA92E08F93CE018B5D9E4F292F8F
S1132E202F938F930E9412670F900F900F900F9023
S1132E300F900F90CE018B5D9E4FAC0163E081E05B
S1132E400E949A0E8091060240E06EE57CE00E94AA
S1132E50674380916A0B90916B0B88279071892B43
S1132E6011F40C94AA3581E08AAB2EC08AA9282FCC
S1132E7030E04BE3429FC001439F900D11248057E3
S1132E80934FFC01118210828AA9282F30E04BE372
S1132E90429FC001439F900D11248E56934FFC0115
S1132EA010828AA9282F30E04BE3429FC001439F40
S1132EB0900D11248E56934FFC0180816AA90E94C3
S1132EC08A418AA98F5F8AAB809106029AA98917E1
S1132ED068F68091060240E06EE57CE00E9467435C
S1132EE046EA52E060E080E00E949A0E8091060279
S1132EF0882F90E0292F2F938F9383EA92E0892FD4
S1132F008F9383EA92E08F93CE018B5D9E4F292F9E
S1132F102F938F930E9412670F900F900F900F9032
S1132F200F900F90CE018B5D9E4FAC0164E080E06A
S1132F300E949A0E47EB52E060E081E00E949A0EF4
S1132F4048EC52E060E082E00E949A0E8091060212
S1132F500E948B4681E080936C0B0C94AA3581E02F
S1132F608BAB09C04AE06BA98CED95E00E9421422D
S1132F708BA98F5F8BAB809106029BA9891790F771
S1132F8081E08CAB6BC149ED52E060E080E00E94CF
S1132F909A0E8CA9882F90E0292F2F938F9383EA80
S1132FA092E0892F8F9383EA92E08F93CE018B5D19
S1132FB09E4F292F2F938F930E9412670F900F908B
S1132FC00F900F900F900F90CE018B5D9E4FAC0130
S1132FD06BE080E00E949A0E4AEE52E060E081E0ED
S1132FE00E949A0E4AEF52E060E082E00E949A0E3C
S1132FF074C08091680B9091690B9093670B8093D8
S1133000660B1092690B1092680B89E091E0FC0149
S11330108081882F90E0382F222786E091E0FC0100
S11330208081882F90E0822B932B9093690B80935F
S1133030680B8091660B9091670B9C0120953095ED
S11330408091680B9091690B8223932390936B0B6F
S113305080936A0B80916A0B90916B0B8827917017
S1133060892B89F08091710B882369F49091720BFC
S11330708091710B492F682F81E00E94024481E006
S11330808093710B18C080916A0B90916B0B882709
S11330909270892B81F08091720B882361F4909156
S11330A0720B8091710B492F682F82E00E940244B9
S11330B081E08093720B8091710B882329F08A85BB
S11330C0882311F482E08A878091720B882329F087
S11330D08A85882311F481E08A878091710B882383
S11330E009F487CF8091720B882309F482CF8CA9CD
S11330F0282F30E08091640B482F50E08091650BBD
S1133100882F90E0840F951FAC016BE3629FC00190
S1133110639F900D11248057934FFC01518340838A
S11331208CA9282F30E04BE3429FC001439F900DB0
S113313011248057934FFC01208131818F81482FC6
S113314050E06BE3649FC001659F900D112480578C
S1133150934FFC01808191812817390709F04FC0F2
S11331608A85882F90E001978C59944FFC018081C7
S1133170823098F08A85882F90E001972A85222F43
S113318030E0215031092C59344FF901208121506C
S11331908C59944FFC01208312C08A85882F90E0BB
S11331A001972A85222F30E0215031092C59344FC0
S11331B0F90120812F5F8C59944FFC0120838CA945
S11331C0282F30E08091640B482F50E08091650BEC
S11331D0882F90E0840F951FAC016BE3629FC001C0
S11331E0639F900D11248057934FFC0151834083BA
S11331F09091650B8091640B692F0E94B4438CA954
S1133200282F30E04BE3429FC001439F900D1124CF
S11332108057934FFC01208131818F81482F50E0EA
S11332206BE3649FC001659F900D11248057934FF9
S1133230FC01808191818217930710F48CA98F83FC
S11332401092710B1092720B1A8640E06EE57CE0CE
S11332508CA90E9467438CA98F5F8CAB8091060276
S11332609CA9891708F08FCE8F8189839E012158EC
S11332703F4F80E090E0AAE7B4E4F90180839183B2
S1133280A283B3838E010F531F4FCE0181589F4FEA
S113329020E030E04AE755E4FC01608171818281DD
S11332A093810E94FA65DC01CB01F801808391834C
S11332B0A283B383CE018F539F4F20E030E040E8D8
S11332C05FE3FC0160817181828193810E94AC641F
S11332D088230CF462C0CE018F539F4F20E03FEF50
S11332E04FE757E4FC0160817181828193810E94E0
S11332F0F66518160CF03EC0CE0181589F4F20E0B1
S113330030E040E251E4FC0160817181828193816B
S11333100E94FA65DC01CB018E010B531F4FBC01E7
S1133320CD010E941865DC01CB01F80191838083F3
S113333018C080E991E00197F1F79E0129533F4FAE
S1133340F90191838083CE018B539F4F9E012B53B0
S11333503F4FF9012081318121503109FC01318332
S11333602083CE018B539F4FFC0180819181892B57
S113337001F729C08E010B531F4FCE018F539F4F6E
S1133380FC0160817181828193810E941865DC0156
S1133390CB01F8019183808308C0CE018B539F4FEA
S11333A021E030E0FC0131832083CE018B539F4F19
S11333B0FC01808191810197F1F79E0127533F4FD2
S11333C0F9019183808381E08DAB13C08DA9282FEF
S11333D030E04BE3429FC001439F900D112480577E
S11333E0934F2CED35E0FC01318320838DA98F5F51
S11333F08DAB809106029DA9891740F78091060242
S113340049816EE57CE00E9467434AE053E060E056
S113341080E00E949A0E8981882F90E0292F2F93B3
S11334208F9383EA92E0892F8F9383EA92E08F93BC
S1133430CE018B5D9E4F292F2F938F930E9412678D
S11334400F900F900F900F900F900F90CE018B5D07
S11334509E4FAC016BE080E00E949A0E4AEF52E06E
S113346060E081E00E949A0E4BE153E060E082E06C
S11334700E949A0E82E080936C0B0C94B4358C8578
S11334808823C1F10E94700E4AE053E060E080E0BE
S11334900E949A0E8981882F90E0292F2F938F9371
S11334A083EA92E0892F8F9383EA92E08F93CE018F
S11334B08B5D9E4F292F2F938F930E9412670F903D
S11334C00F900F900F900F900F90CE018B5D9E4F39
S11334D0AC016BE080E00E949A0E4AEF52E060E09B
S11334E081E00E949A0E4BE153E060E082E00E948A
S11334F09A0E1C8680916A0B90916B0B88279470AE
S1133500892B39F48BA1882321F48CA1882309F415
S1133510AFC08985882309F4ABC08F85882309F45B
S1133520A7C08889882309F4A3C08D89882309F456
S11335309FC06AE08AE00E94B443909106028981A8
S1133540692F0E945D66892F8F5F898380910602AF
S113355049816EE57CE00E9467434AE053E060E005
S113356080E00E949A0E8981882F90E0292F2F9362
S11335708F9383EA92E0892F8F9383EA92E08F936B
S1133580CE018B5D9E4F292F2F938F930E9412673C
S11335900F900F900F900F900F900F90CE018B5DB6
S11335A09E4FAC016BE080E00E949A0E4AEF52E01D
S11335B060E081E00E949A0E4BE153E060E082E01B
S11335C00E949A0E198688E290E028E230E0F90120
S11335D020812F73FC0120831B861E861E8A19A25C
S11335E01AA21BA21CA28981282F30E04BE3429F20
S11335F0C001439F900D11248E56934FFC0180818E
S1133600282F30E04EE4429FC001439F900D1124C7
S11336108950924FFC0180818F8F8F8D843099F473
S11336208981282F30E04BE3429FC001439F900DD6
S113363011248D56934FFC018081882321F081E071
S113364089A381E089878981282F30E04BE3429F59
S1133650C001439F900D11248856934FFC01808133
S1133660882331F081E08CA381E0898783E08F8F08
S113367080916A0B90916B0B88279470892B89F049
S11336808B81882371F48F85882359F08D89882351
S113369041F06AE08AE00E94B44381E08B831E8695
S11336A01E8A8985882309F0D2C18B81882309F475
S11336B0CEC18CA1882309F0CAC10E943A379091E7
S11336C0640B8091650B981709F049C089A1882380
S11336D009F045C01B828A818F5F8A831092710B27
S11336E01092720B8A81882F90E08230910581F0CC
S11336F083309105B9F0019709F034C088E290E075
S113370028E230E0F90120812064FC01208326C0F6
S113371088E290E028E230E0F90120812068FC0191
S113372020831CC088E290E028E230E0F901208187
S11337302F73FC0120831092710B1092720B1A826A
S11337401092640B1092650B81E08B8381E0898772
S113375089810E94584684E08F8F000003C081E075
S113376089871A828981282F30E04BE3429FC00168
S1133770439F900D11248E56934FFC0180818F5FDF
S11337808EABD9C09EA98DEC989F812D1124829572
S11337908695877028E2829F802D1124F92FF81BCB
S11337A08F2F69810E948A419EA98DEC989F812D5B
S11337B0112482958695877028E2829F802D11249A
S11337C0292F281B822F882331F448EC50E069818B
S11337D080E00E94E1609E01255A3F4F80E090E026
S11337E0A8ECB2E4F90180839183A283B3838E01B0
S11337F005531F4FCE01855A9F4F20E030E04AE722
S113380055E4FC0160817181828193810E94FA6593
S1133810DC01CB01F80180839183A283B383CE01C1
S113382085539F4F20E030E040E85FE3FC01608176
S11338307181828193810E94AC6488230CF462C0FC
S1133840CE0185539F4F20E03FEF4FE757E4FC0143
S113385060817181828193810E94F66518160CF053
S11338603EC0CE01855A9F4F20E030E040E251E453
S1133870FC0160817181828193810E94FA65DC017F
S1133880CB018E0101531F4FBC01CD010E9418656D
S1133890DC01CB01F8019183808318C080E991E0B9
S11338A00197F1F79E012F523F4FF90191838083D5
S11338B0CE0181539F4F9E0121533F4FF901208137
S11338C0318121503109FC0131832083CE018153A0
S11338D09F4FFC0180819181892B01F729C08E01C2
S11338E001531F4FCE0185539F4FFC0160817181AD
S11338F0828193810E941865DC01CB01F8019183D8
S1133900808308C0CE0181539F4F21E030E0FC0149
S113391031832083CE0181539F4FFC0180819181AB
S11339200197F1F79E012D523F4FF9019183808356
S11339308EA98F5F8EAB8EA9282F30E08981482F06
S113394050E06BE3649FC001659F900D11248E5677
S1133950934FFC018081482F50E08091640B682FC5
S113396070E08091650B882F90E0860F971F840F7D
S1133970951F821793070CF005CF8981282F30E01B
S11339808981482F50E06BE3649FC001659F900DCF
S113399011248E56934FFC018081482F50E0809172
S11339A0640B682F70E08091650B882F90E0860F80
S11339B0971F840F951F48E250E0BA010E947D666C
S11339C0582F4BE3429FC001439F900D11248E5604
S11339D0934FFC0150838981282F30E04BE3429FB1
S11339E0C001439F900D11248E56934FFC0180819A
S11339F069810E948A418981282F30E04BE3429FEC
S1133A00C001439F900D11248E56934FFC01808179
S1133A10282F30E04EE4429FC001439F900D1124B3
S1133A208950924FFC0180818F8F8981282F30E04B
S1133A304BE3429FC001439F900D11248E56934F38
S1133A40FC0180818C831092710B1092720B809117
S1133A50060249816EE57CE00E94674380916A0B0F
S1133A6090916B0B88279071892B21F01B8685E040
S1133A7080936C0B8F8D882F90E0092E000CAA0B7D
S1133A80BB0B40E050E027E030E0841B950B281787
S1133A90390710F40C94AD35FC018827E658FF4F24
S1133AA08F4F0C9490668C81873031F08C818631F5
S1133AB019F08C81843211F41F8A02C081E08F8B4B
S1133AC08E89882311F00C9448281D8A80916A0BF2
S1133AD090916B0B88279074892B19F48B89882318
S1133AE079F405EF19E12C894B8969818F890E944A
S1133AF0C2618E8B8E89882319F48B898E5F8B8BA0
S1133B008981882F90E00197895F9D4FFC01808116
S1133B10282F30E080916A0B90916B0B82239323C2
S1133B20892B11F40C94482881E08C8B05EF19E162
S1133B302C894B8969818F890E94C2618E8B89810E
S1133B40282F30E04BE3429FC001439F900D112486
S1133B508E56934FFC018081282F30E04EE4429F23
S1133B60C001439F900D11248950924FFC01808124
S1133B708F8F8981282F30E04BE3429FC001439F00
S1133B80900D11248E56934FFC0180818C831C8AE6
S1133B901B8A81E08D8B81E08C870C9448288C8172
S1133BA0282F30E04EE4429FC001439F900D112422
S1133BB0885F914FFC018081882321F5188A8E014A
S1133BC0085B1F4F498165EC7DE08C810E94B6350E
S1133BD0F8018083CE01885B9F4FFC018081882F90
S1133BE090E08130910519F0029721F00BC081E03B
S1133BF0888B08C081E0888B81E08E8783E0809386
S1133C006C0B00008C81482F50E0CE01845B9F4FE9
S1133C106EE4649F9001659F300D11242E5E314F38
S1133C20F9012081FC0120838C81282F30E04EE4AF
S1133C30429FC001439F900D1124885F914FFC0166
S1133C408081882311F40C944B288C81282F30E038
S1133C504EE4429FC001439F900D1124885F914F11
S1133C60FC0190818981981711F40C944B288E855E
S1133C70813011F40C944B28CE01845B9F4FFC01DE
S1133C808081882311F00C944B281F868B85882310
S1133C9009F003C18C81282F30E04EE4429FC0011B
S1133CA0439F900D1124885F914FFC0180818D8783
S1133CB08C81482F50E08C81282F30E06EE4629F85
S1133CC0C001639F900D1124815F914FFC0180819D
S1133CD0882F90E067E2649F9001659F300D112466
S1133CE0820F931F880F991F8650924FFC01808189
S1133CF09181998F888F8C81282F30E04EE4429FE8
S1133D00C001439F900D11248A5F914FFC012081D3
S1133D103181CE01875B9F4FFC01208381E08A8F34
S1133D201FAA25C08C81482F50E08FA9882F90E0CE
S1133D306EE4649F9001659F300D1124820F931FE0
S1133D40865F914FFC018081282F30E04EE4429F32
S1133D50C001439F900D1124885F914FFC01908115
S1133D608D85981709F01A8E8FA98F5F8FAB8FA955
S1133D708330C0F28A8D8823A9F0CE01875B9F4FE0
S1133D80FC018081282F30E0888D998D821793075C
S1133D9048F4CE01875B9F4FFC018081882F90E01F
S1133DA0998F888F4AE053E060E080E00E949A0E89
S1133DB08981882F90E0292F2F938F9383EA92E0B3
S1133DC0892F8F9383EA92E08F93CE018B5D9E4F70
S1133DD0292F2F938F930E9412670F900F900F90AB
S1133DE00F900F900F90CE018B5D9E4FAC016BE056
S1133DF080E00E949A0E4CE253E060E081E00E9471
S1133E009A0E898D8F93888D8F9383EA92E0892F00
S1133E108F9383EA92E08F93CE018B5D9E4F292F7F
S1133E202F938F930E9412670F900F900F900F9013
S1133E300F900F90CE018B5D9E4FAC016AE081E044
S1133E400E949A0E4DE353E060E082E00E949A0ED5
S1133E508D85882F90E0292F2F938F9383EA92E00A
S1133E60892F8F9383EA92E08F93CE018B5D9E4FCF
S1133E70292F2F938F930E9412670F900F900F900A
S1133E800F900F900F90CE018B5D9E4FAC016BE0B5
S1133E9082E00E949A0E81E08B878981882F90E0CE
S1133EA00197895F9D4FFC018081282F30E080912C
S1133EB06A0B90916B0B82239323892B11F40C943E
S1133EC04B28888D998DAC016D8589810E94E160B4
S1133ED08E878E85813011F00C944B281B8681E0EF
S1133EE08F8781E08C870C944B288E85813011F468
S1133EF00C944E281F868B85882309F068C08C811A
S1133F00282F30E04EE4429FC001439F900D1124BE
S1133F108850924FFC0180819181998F888F4AE06B
S1133F2053E060E080E00E949A0E8981882F90E03F
S1133F30292F2F938F9383EA92E0892F8F9383EA1B
S1133F4092E08F93CE018B5D9E4F292F2F938F93F9
S1133F500E9412670F900F900F900F900F900F9088
S1133F60CE018B5D9E4FAC016BE080E00E949A0E07
S1133F704CE253E060E081E00E949A0E898D8F93B9
S1133F80888D8F9383EA92E0892F8F9383EA92E05E
S1133F908F93CE018B5D9E4F292F2F938F930E9479
S1133FA012670F900F900F900F900F900F90CE010B
S1133FB08B5D9E4FAC016AE081E00E949A0E4EE454
S1133FC053E060E082E00E949A0E81E08B87898151
S1133FD0882F90E00197895F9D4FFC018081282FF5
S1133FE030E080916A0B90916B0B82239323892B91
S1133FF011F40C944E28888D998DAC0160E0898170
S11340000E94E1608E878E85813011F00C944E28D9
S11340101B8681E08F8781E08C870C944E288C81ED
S1134020282F30E04EE4429FC001439F900D11249D
S1134030885F914FFC018081882321F5188A8E01C5
S1134040085B1F4F498165EC7DE08C810E94B63589
S1134050F8018083CE01885B9F4FFC018081882F0B
S113406090E08130910519F0029721F00BC081E0B6
S1134070888B08C081E0888B81E08E8783E0809301
S11340806C0B00008C81482F50E0CE01845B9F4F65
S11340906EE4649F9001659F300D11242E5E314FB4
S11340A0F9012081FC0120838C81282F30E04EE42B
S11340B0429FC001439F900D1124885F914FFC01E2
S11340C08081882309F4EDC78C81282F30E04EE4E9
S11340D0429FC001439F900D1124885F914FFC01C2
S11340E090818981981709F4DCC78E85813009F4A1
S11340F0D8C7CE01845B9F4FFC018081882309F0DF
S1134100D0C71F868B85882309F0CCC08C81282FCB
S113411030E04EE4429FC001439F900D1124885F1C
S1134120914FFC0180818D87198A85E088AF22C078
S113413088AD282F30E04EE4429FC001439F900D8C
S11341401124885F914FFC0140818C81282F30E03D
S11341505EE4529FC001539F900D1124885F914FDC
S1134160FC018081481719F489898F5F898B88AD98
S1134170865F88AF88AD8432D8F289898150898B73
S11341808C81482F50E08989882F90E067E2649FF2
S11341909001659F300D1124820F931F880F991F82
S11341A08650924FFC0180819181998F888F4AE0DB
S11341B053E060E080E00E949A0E8981882F90E0AD
S11341C0292F2F938F9383EA92E0892F8F9383EA89
S11341D092E08F93CE018B5D9E4F292F2F938F9367
S11341E00E9412670F900F900F900F900F900F90F6
S11341F0CE018B5D9E4FAC016BE080E00E949A0E75
S11342004CE253E060E081E00E949A0E898D8F9326
S1134210888D8F9383EA92E0892F8F9383EA92E0CB
S11342208F93CE018B5D9E4F292F2F938F930E94E6
S113423012670F900F900F900F900F900F90CE0178
S11342408B5D9E4FAC016AE081E00E949A0E4DE3C3
S113425053E060E082E00E949A0E8D85882F90E002
S1134260292F2F938F9383EA92E0892F8F9383EAE8
S113427092E08F93CE018B5D9E4F292F2F938F93C6
S11342800E9412670F900F900F900F900F900F9055
S1134290CE018B5D9E4FAC016BE082E00E949A0ED2
S11342A081E08B878981882F90E00197895F9D4FFA
S11342B0FC018081282F30E080916A0B90916B0B78
S11342C082239323892B09F4ECC6888D998DAC0144
S11342D06D8589810E94E1608E878E85813009F029
S11342E0E0C61B8681E08F8781E08C87DAC689A1CE
S11342F0882309F4D9C68981282F30E04BE3429FF3
S1134300C001439F900D11248D56934FFC01808171
S1134310882309F415C18AA1882309F011C14AE050
S113432053E060E080E00E949A0E8981882F90E03B
S1134330292F2F938F9383EA92E0892F8F9383EA17
S113434092E08F93CE018B5D9E4F292F2F938F93F5
S11343500E9412670F900F900F900F900F900F9084
S1134360CE018B5D9E4FAC016BE080E00E949A0E03
S11343704FE553E060E081E00E949A0E40E753E08D
S113438060E082E00E949A0E81E08AA39E01215A95
S11343903F4F80E090E8ABE3B5E4F901808391837B
S11343A0A283B3838E010B521F4FCE01815A9F4FBC
S11343B020E030E04AE755E4FC01608171818281AC
S11343C093810E94FA65DC01CB01F801808391831B
S11343D0A283B383CE018B529F4F20E030E040E8AC
S11343E05FE3FC0160817181828193810E94AC64EE
S11343F088230CF462C0CE018B529F4F20E03FEF24
S11344004FE757E4FC0160817181828193810E94AE
S1134410F66518160CF03EC0CE01815A9F4F20E07D
S113442030E040E251E4FC0160817181828193813A
S11344300E94FA65DC01CB018E0107521F4FBC01BB
S1134440CD010E941865DC01CB01F80191838083C2
S113445018C080E991E00197F1F79E0125523F4F82
S1134460F90191838083CE0187529F4F9E01275289
S11344703F4FF9012081318121503109FC01318301
S11344802083CE0187529F4FFC0180819181892B2B
S113449001F729C08E0107521F4FCE018B529F4F47
S11344A0FC0160817181828193810E941865DC0125
S11344B0CB01F8019183808308C0CE0187529F4FBE
S11344C021E030E0FC0131832083CE0187529F4FED
S11344D0FC01808191810197F1F79E0123523F4FA6
S11344E0F901918380838981282F30E04BE3429F37
S11344F0C001439F900D11248B56934FFC01808182
S1134500882379F01092040241E853E060E081E0EE
S11345100E949A0E42E953E060E082E00E949A0E03
S11345200FC081E08093040243EA53E060E081E03D
S11345300E949A0E44EB53E060E082E00E949A0EDF
S113454080910402882F90E08130910509F45BC0CA
S1134550823091051CF4892B49F0ADC3823091055A
S113456009F478C0039709F49EC1A5C38E818823FA
S113457081F045EC53E060E081E00E949A0E44EB48
S113458053E060E082E00E949A0E81E0809304028E
S11345908DC38D81882309F489C38981282F30E054
S11345A04BE3429FC001439F900D11248D56934FBE
S11345B0FC0110828981282F30E04BE3429FC00127
S11345C0439F900D11248B56934FFC0110828981D7
S11345D0282F30E04BE3429FC001439F900D1124EC
S11345E08C56934FFC011082198619A24AEF52E0AF
S11345F060E081E00E949A0E46ED53E060E082E0C4
S11346000E949A0E53C38E81882381F047EE53E0B3
S113461060E081E00E949A0E48EF53E060E082E09F
S11346200E949A0E82E08093040242C38D81882303
S113463009F43EC34AEF52E060E081E00E949A0E22
S113464046ED53E060E082E00E949A0E83E080939E
S113465004022EC38E81882371F18981282F30E0D2
S11346604BE3429FC001439F900D11248B56934FFF
S1134670FC018081882379F041E853E060E081E027
S11346800E949A0E42E953E060E082E00E949A0E92
S1134690109204020FC345EC53E060E081E00E94F5
S11346A09A0E44EB53E060E082E00E949A0E81E0AF
S11346B080930402FFC28D81882309F4FBC242E384
S11346C050E060E089810E94E1608E878E858130B0
S11346D009F0F0C249E054E060E081E00E949A0EE3
S11346E04AE154E060E082E00E949A0E8981282F1A
S11346F030E04BE3429FC001439F900D11248D563F
S1134700934FFC0110828981282F30E04BE3429FB4
S1134710C001439F900D11248C56934FFC011082CD
S1134720198619A29E012D593F4F80E090E0AAE717
S1134730B4E4F90180839183A283B3838E0101528F
S11347401F4FCE018D599F4F20E030E04AE755E4DA
S1134750FC0160817181828193810E94FA65DC0190
S1134760CB01F80180839183A283B383CE0181526C
S11347709F4F20E030E040E85FE3FC0160817181FD
S1134780828193810E94AC6488230CF462C0CE01C0
S113479081529F4F20E03FEF4FE757E4FC016081D7
S11347A07181828193810E94F66518160CF03EC0D7
S11347B0CE018D599F4F20E030E040E251E4FC01EE
S11347C060817181828193810E94FA65DC01CB0151
S11347D08E010D511F4FBC01CD010E941865DC01F3
S11347E0CB01F8019183808318C080E991E001979F
S11347F0F1F79E012B513F4FF90191838083CE0144
S11348008D519F4F9E012D513F4FF90120813181E0
S113481021503109FC0131832083CE018D519F4FFA
S1134820FC0180819181892B01F729C08E010D51F2
S11348301F4FCE0181529F4FFC01608171818281A3
S113484093810E941865DC01CB01F8019183808378
S113485008C0CE018D519F4F21E030E0FC0131832F
S11348602083CE018D519F4FFC018081918101975E
S1134870F1F79E0129513F4FF901918380834AEF5B
S113488052E060E081E00E949A0E4BE153E060E068
S113489082E00E949A0E8091060249816EE57CE0D6
S11348A00E94674307C21092710B1092720B0E9410
S11348B03A379091640B8091650B981709F0D5C035
S11348C04BE254E060E081E00E949A0E46ED53E032
S11348D060E082E00E949A0E8981282F30E04BE349
S11348E0429FC001439F900D11248D56934FFC01AC
S11348F010828981282F30E04BE3429FC001439FFF
S1134900900D11248C56934FFC01108219869E0140
S113491029593F4F80E090E4ACE9B5E4F901808384
S11349209183A283B3838E0107511F4FCE0189590E
S11349309F4F20E030E04AE755E4FC01608171813B
S1134940828193810E94FA65DC01CB01F8018083A6
S11349509183A283B383CE0187519F4F20E030E03F
S113496040E85FE3FC0160817181828193810E9450
S1134970AC6488230CF462C0CE0187519F4F20E0C1
S11349803FEF4FE757E4FC0160817181828193819D
S11349900E94F66518160CF03EC0CE0189599F4F4F
S11349A020E030E040E251E4FC01608171818281C9
S11349B093810E94FA65DC01CB018E0103511F4FE4
S11349C0BC01CD010E941865DC01CB01F801918383
S11349D0808318C080E991E00197F1F79E0121518D
S11349E03F4FF90191838083CE0183519F4F9E01F4
S11349F023513F4FF9012081318121503109FC01BC
S1134A0031832083CE0183519F4FFC0180819181AA
S1134A10892B01F750C18E0103511F4FCE018751DD
S1134A209F4FFC0160817181828193810E9418658E
S1134A30DC01CB01F8019183808308C0CE0183514E
S1134A409F4F21E030E0FC0131832083CE0183516C
S1134A509F4FFC01808191810197F1F79E012F50B6
S1134A603F4FF9019183808326C14CE354E060E019
S1134A7081E00E949A0E46ED53E060E082E00E94DD
S1134A809A0E1092710B1092720B8981282F30E0CC
S1134A908981482F50E06BE3649FC001659F900DAE
S1134AA011248C56934FFC01808141E0480F5BE355
S1134AB0529FC001539F900D11248C56934FFC01BB
S1134AC040838981282F30E04BE3429FC001439FFC
S1134AD0900D11248C56934FFC0180818330B1F5E5
S1134AE042E350E060E089810E94E1608E87898121
S1134AF0282F30E04BE3429FC001439F900D1124C7
S1134B008D56934FFC0110828981282F30E04BE3AE
S1134B10429FC001439F900D11248C56934FFC017A
S1134B20108219864AEF52E060E081E00E949A0EFA
S1134B304BE153E060E082E00E949A0E809106020D
S1134B4049816EE57CE00E946743B5C081E08BA398
S1134B509E0125593F4F80E090E8ABE3B5E4F901AD
S1134B6080839183A283B3838E010D501F4FCE01A6
S1134B7085599F4F20E030E04AE755E4FC0160810D
S1134B807181828193810E94FA65DC01CB01F80175
S1134B9080839183A283B383CE018D509F4F20E005
S1134BA030E040E85FE3FC016081718182819381A0
S1134BB00E94AC6488230CF462C0CE018D509F4FD8
S1134BC020E03FEF4FE757E4FC016081718182816F
S1134BD093810E94F66518160CF03EC0CE018559EB
S1134BE09F4F20E030E040E251E4FC01608171819C
S1134BF0828193810E94FA65DC01CB018E01095008
S1134C001F4FBC01CD010E941865DC01CB01F801E6
S1134C109183808318C080E991E00197F1F79E01A8
S1134C2027503F4FF90191838083CE0189509F4FD4
S1134C309E0129503F4FF9012081318121503109D2
S1134C40FC0131832083CE0189509F4FFC01808178
S1134C509181892B01F72FC08E0109501F4FCE017E
S1134C608D509F4FFC0160817181828193810E94EC
S1134C701865DC01CB01F8019183808308C0CE0163
S1134C8089509F4F21E030E0FC0131832083CE0125
S1134C9089509F4FFC01808191810197F1F79E011A
S1134CA025503F4FF9019183808305C0000003C064
S1134CB0000001C000008981882F90E00197895F7E
S1134CC09D4FFC018081282F30E080916A0B9091E8
S1134CD06B0B82239323892B21F081E08D831E8229
S1134CE0E3C18981882F90E00197855F9D4FFC0186
S1134CF08081282F30E080916A0B90916B0B822386
S1134D009323892B21F01D8281E08E83CDC11D82E6
S1134D101E82CAC189810E94584684E08F8F89818E
S1134D20282F30E04BE3429FC001439F900D112494
S1134D308D56934F21E0FC01208381E08B8381E039
S1134D408987B6C18C81282F30E04EE4429FC00190
S1134D50439F900D1124885F914FFC01808188232B
S1134D6021F5188A8E01085B1F4F498165EC7DE0AF
S1134D708C810E94B635F8018083CE01885B9F4FF9
S1134D80FC018081882F90E08130910519F0029711
S1134D9021F00BC081E0888B08C081E0888B81E022
S1134DA08E8783E080936C0B00008C81482F50E049
S1134DB0CE01845B9F4F6EE4649F9001659F300D2C
S1134DC011242E5E314FF9012081FC0120838C8156
S1134DD0282F30E04EE4429FC001439F900D1124E0
S1134DE0885F914FFC018081882309F460C18C8124
S1134DF0282F30E04EE4429FC001439F900D1124C0
S1134E00885F914FFC0190818981981709F44FC103
S1134E108E85813009F44BC1CE01845B9F4FFC0128
S1134E208081882309F043C11F868B85882309F07C
S1134E3005C19091B01180919016981719F48AE0E9
S1134E408A8B02C084E08A8B4AE053E060E080E011
S1134E500E949A0E8981882F90E0292F2F938F9397
S1134E6083EA92E0892F8F9383EA92E08F93CE01B5
S1134E708B5D9E4F292F2F938F930E9412670F9063
S1134E800F900F900F900F900F90CE018B5D9E4F5F
S1134E90AC016BE080E00E949A0E4DE454E060E0C7
S1134EA081E00E949A0E4FE554E060E082E00E94A7
S1134EB09A0E8A89882F90E0292F2F938F9383EA63
S1134EC092E0892F8F9383EA92E08F93CE018B5DDA
S1134ED09E4F292F2F938F930E9412670F900F904C
S1134EE00F900F900F900F90CE018B5D9E4FAC01F1
S1134EF06EE082E00E949A0E0E943A378C81282F3D
S1134F0030E04EE4429FC001439F900D1124885F1E
S1134F10914FFC0180818D878091640B282F30E0B4
S1134F208091650B882F90E0A901480F591F8A8949
S1134F30282F30E0429FC001439F900D529F900D57
S1134F401124998F888F4AE053E060E080E00E944A
S1134F509A0E8981882F90E0292F2F938F9383EACB
S1134F6092E0892F8F9383EA92E08F93CE018B5D39
S1134F709E4F292F2F938F930E9412670F900F90AB
S1134F800F900F900F900F90CE018B5D9E4FAC0150
S1134F906BE080E00E949A0E4CE253E060E081E016
S1134FA00E949A0E898D8F93888D8F9383EA92E065
S1134FB0892F8F9383EA92E08F93CE018B5D9E4F6E
S1134FC0292F2F938F930E9412670F900F900F90A9
S1134FD00F900F900F90CE018B5D9E4FAC016AE055
S1134FE081E00E949A0E4DE353E060E082E00E946B
S1134FF09A0E8D85882F90E0292F2F938F9383EA23
S113500092E0892F8F9383EA92E08F93CE018B5D98
S11350109E4F292F2F938F930E9412670F900F900A
S11350200F900F900F900F90CE018B5D9E4FAC01AF
S11350306BE082E00E949A0E81E08B878981882F41
S113504090E00197895F9D4FFC018081282F30E01B
S113505080916A0B90916B0B82239323892B39F1F6
S1135060888D998DAC016D8589810E94E1608E8760
S11350708E858130E1F41B8681E08F8781E08C8707
S11350801092710B1092720B12C000000C94AD358B
S113509000000C94AD3500000C94AD3500000C9468
S11350A0AD3500000C94AD3500000C94AD35000016
S11350B00C94AD358B85882309F050C00E94700E86
S11350C040E754E060E080E00E949A0E8C81282F33
S11350D030E04EE4429FC001439F900D11248B5356
S11350E0924FAC0160E081E00E949A0E41E854E0E6
S11350F060E082E00E949A0E89E090E09E8F8D8F9E
S113510081E08B8781E089AF24C089AD882F90E04E
S113511029AD422F50E06BE3649F9001659F300DF1
S113512011242057334FF90120813181AE01455CB0
S11351305E4F880F991F840F951FFC0131832083D4
S113514040E069AD80E090E00E94214289AD8F5F2C
S113515089AF8091060299AD8917B8F61AAE92C04C
S11351608AAD882F90E0895F9D4FFC018081282FB4
S113517030E080916A0B90916B0B82239323892BEF
S113518009F449C08AAD882F90E09E012B5C3E4F04
S1135190820F931FFC0180818823E9F58AAD882F53
S11351A090E09C012F5F3F4F4BE3429FC001439F20
S11351B0900D11248057934FFC01208131818D8DF6
S11351C09E8D8217930738F58D8D9E8D01969E8F47
S11351D08D8F81E08BAF09C040E06BAD80E090E043
S11351E00E9421428BAD8F5F8BAF809106029BADF5
S11351F0891790F78AAD21E0280F8D8D9E8D41E0AF
S1135200622F0E9421428AAD21E0280FCE018B5CDF
S11352109E4FFC0125838AAD882F90E0855F9D4FCA
S1135220FC018081282F30E080916A0B90916B0BF8
S113523082239323892B19F18AAD882F90E09E0154
S11352402B5C3E4F820F931FFC0180818823B9F4AD
S11352508AAD882F90E09E012B5C3E4F820F931FF6
S113526021E0FC012083CE018B5C9E4FFC018481F4
S113527021E0280FCE018B5C9E4FFC0124838AAD74
S11352808F5F8AAF809106029AAD981708F468CFB1
S1135290CE018B5C9E4FFC0194818091060298178D
S11352A011F00C94B035CE018B5C9E4FFC018581CE
S11352B0882309F45CC10E94700E42E954E060E066
S11352C080E00E949A0E4AE053E060E081E00E9490
S11352D09A0ECE018B5C9E4FFC018581882F90E055
S11352E0292F2F938F9383EA92E0892F8F9383EA58
S11352F092E08F93CE018B5D9E4F292F2F938F9336
S11353000E9412670F900F900F900F900F900F90C4
S1135310CE018B5D9E4FAC016BE081E00E949A0E42
S11353209E0121593F4F80E090E8ABE3B5E4F901D9
S113533080839183A283B3838E0103501F4FCE01D8
S113534081599F4F20E030E04AE755E4FC01608139
S11353507181828193810E94FA65DC01CB01F8019D
S113536080839183A283B383CE0183509F4F20E037
S113537030E040E85FE3FC016081718182819381C8
S11353800E94AC6488230CF462C0CE0183509F4F0A
S113539020E03FEF4FE757E4FC0160817181828197
S11353A093810E94F66518160CF03EC0CE01815917
S11353B09F4F20E030E040E251E4FC0160817181C4
S11353C0828193810E94FA65DC01CB018E010F5F1B
S11353D01E4FBC01CD010E941865DC01CB01F80110
S11353E09183808318C080E991E00197F1F79E01D1
S11353F02D5F3E4FF90191838083CE018F5F9E4FD5
S11354009E012F5F3E4FF9012081318121503109E6
S1135410FC0131832083CE018F5F9E4FFC0180818C
S11354209181892B01F729C08E010F5F1E4FCE0198
S113543083509F4FFC0160817181828193810E941E
S11354401865DC01CB01F8019183808308C0CE018B
S11354508F5F9E4F21E030E0FC0131832083CE0139
S11354608F5F9E4FFC01808191810197F1F79E012E
S11354702B5F3E4FF9019183808381E08CAF1EC086
S11354808CAD482F50E08CAD882F90E09E01255CB8
S11354903E4F880F991F820F931FFC012081318199
S11354A06BE3649FC001659F900D11248057934F57
S11354B0FC01318320838CAD8F5F8CAF8091060219
S11354C09CAD8917E8F68091060240E06EE57CE029
S11354D00E946743CE018B5C9E4FFC0125818D8D1C
S11354E09E8DAC0160E0822F0E94E1608C81282FA8
S11354F030E0CE018B5C9E4FFC0145815EE4529FFF
S1135500C001539F900D1124885F914FFC0140838B
S1135510CE018B5C9E4FFC0155818C81282F30E09D
S11355204EE4429FC001439F900D1124805F914F30
S1135530FC018081652F0E94F7401DAE0DC08DAD2A
S1135540882F90E09E012B5C3E4F820F931FFC013D
S113555010828DAD8F5F8DAF8DAD863080F31B864D
S113556081E08C8782E080936C0B0C94B0350E94B0
S1135570700E43EA54E060E080E00E949A0E43EB30
S113558054E060E081E00E949A0E9E012D583F4F46
S113559080E090E8ABE3B5E4F90180839183A283D2
S11355A0B3838E01095F1E4FCE018D589F4F20E0BB
S11355B030E04AE755E4FC01608171818281938186
S11355C00E94FA65DC01CB01F80180839183A283F8
S11355D0B383CE01895F9E4F20E030E040E85FE373
S11355E0FC0160817181828193810E94AC64882373
S11355F00CF462C0CE01895F9E4F20E03FEF4FE77D
S113560057E4FC0160817181828193810E94F66577
S113561018160CF03EC0CE018D589F4F20E030E0AC
S113562040E251E4FC0160817181828193810E9496
S1135630FA65DC01CB018E01055F1E4FBC01CD0173
S11356400E941865DC01CB01F8019183808318C0A6
S113565080E991E00197F1F79E01235F3E4FF90144
S113566091838083CE01855F9E4F9E01255F3E4FCF
S1135670F9012081318121503109FC0131832083DA
S1135680CE01855F9E4FFC0180819181892B01F7BA
S113569029C08E01055F1E4FCE01895F9E4FFC011C
S11356A060817181828193810E941865DC01CB0144
S11356B0F8019183808308C0CE01855F9E4F21E06D
S11356C030E0FC0131832083CE01855F9E4FFC01D5
S11356D0808191810197F1F79E01215F3E4FF9018D
S11356E09183808381E08EAF1EC08EAD482F50E041
S11356F08EAD882F90E09E01255C3E4F880F991F48
S1135700820F931FFC01208131816BE3649FC001F0
S1135710659F900D11248057934FFC0131832083A2
S11357208EAD8F5F8EAF809106029EAD8917E8F62D
S11357308091060249816EE57CE00E9467431FAEBA
S11357400DC08FAD882F90E09E012B5C3E4F820FE1
S1135750931FFC0110828FAD8F5F8FAF8FAD8630AA
S113576080F31B8681E08C8782E080936C0B0C9421
S1135770B03589810E94175581E08C8782E080933F
S11357806C0B0C94B43580910502882F90E0813025
S1135790910541F08230910509F489C0892B09F4FF
S11357A043C0CEC08B858823A1F444EC54E060E070
S11357B080E00E949A0E45ED54E060E081E00E9492
S11357C09A0E46EE54E060E082E00E949A0E81E078
S11357D08B8780916A0B90916B0B88279074892B2F
S11357E021F0109205021B86A4C080916A0B90914F
S11357F06B0B88279071892B41F081E0809305021F
S113580084E080936C0B1B8694C080916A0B90910A
S11358106B0B88279470892B09F48BC082E08093EA
S11358206C0B81E08C8785C08B858823A1F444ECC4
S113583054E060E080E00E949A0E47EF54E060E09C
S113584081E00E949A0E46EE54E060E082E00E94FD
S11358509A0E81E08B8780916A0B90916B0B88275D
S11358609074892B29F082E0809305021B8664C022
S113587080916A0B90916B0B88279071892B41F072
S113588081E08093050286E080936C0B1B8654C0F4
S113589080916A0B90916B0B88279470892B09F483
S11358A04BC082E080936C0B81E08C8745C08B8574
S11358B08823A1F444EC54E060E080E00E949A0E56
S11358C048E055E060E081E00E949A0E46EE54E024
S11358D060E082E00E949A0E81E08B8780916A0BDF
S11358E090916B0B88279074892B29F081E0809329
S11358F005021B8624C080916A0B90916B0B88274C
S11359009071892B41F081E08093050287E08093B8
S11359106C0B1B8614C080916A0B90916B0B8827CB
S11359209470892B61F082E080936C0B81E08C870A
S113593006C000000C94B43500000C94B43500008B
S11359400C94B4358B85882309F099C046ED53E057
S113595060E080E00E949A0E49E155E060E081E059
S11359600E949A0E46EE54E060E082E00E949A0E95
S113597081E08B87CE01805C9F4FFC0110821AC0AE
S1135980CE01805C9F4FFC018081882F90E09E01B6
S11359902B5B3E4F820F931FFC011082CE01805C73
S11359A09F4FFC01808121E0280FCE01805C9F4F36
S11359B0FC012083CE01805C9F4FFC0180818C31EF
S11359C0F8F21B8ECE018F5B9F4FFC01108231C019
S11359D0CE018F5B9F4FFC018081282F30E04EE485
S11359E0429FC001439F900D1124885F914FFC0199
S11359F090818981981791F48B8D882F90E09E0176
S1135A002B5B3E4F820F931F9E012F5B3F4FF9018B
S1135A102081FC0120838B8D8F5F8B8FCE018F5B68
S1135A209F4F9E012F5B3F4FF90120812F5FFC01A7
S1135A302083CE018F5B9F4FFC018081883240F22E
S1135A4046ED53E060E080E00E949A0E8C8D882F32
S1135A5090E09E012B5B3E4F820F931FFC018081DF
S1135A60282F30E04EE4429FC001439F900D112443
S1135A708B53924FAC0160E080E00E949A0E8091BB
S1135A806A0B90916B0B88279074892B51F18C8D44
S1135A90882F90E001962B8D222F30E0B9010E94CF
S1135AA07D668C8F46ED53E060E080E00E949A0EA4
S1135AB08C8D882F90E09E012B5B3E4F820F931FAD
S1135AC0FC018081282F30E04EE4429FC001439FB7
S1135AD0900D11248B53924FAC0160E080E00E9442
S1135AE09A0E80916A0B90916B0B88279870892B82
S1135AF009F409C181E08DA3CE018E5B9F4FFC01A7
S1135B00108239C08C8D882F90E09E012B5B3E4F14
S1135B10820F931FFC018081482F50E0CE018E5BE1
S1135B209F4FFC018081882F90E06EE4649F900178
S1135B30659F300D1124820F931F865F914FFC01E6
S1135B408081282F30E04EE4429FC001439F900D96
S1135B501124815F914FFC018081882309F01DA2EB
S1135B60CE018E5B9F4F9E012E5B3F4FF90120813A
S1135B702F5FFC012083CE018E5B9F4FFC0180814F
S1135B80833008F4BFCF8C8D882F90E09E012B5B6F
S1135B903E4F820F931FFC018081282F30E04EE49A
S1135BA0429FC001439F900D11248E5E914FFC01D2
S1135BB08081882309F081C18DA1882309F47DC1E6
S1135BC08C8D882F90E09E012B5B3E4F820F931F9C
S1135BD0FC018081282F30E04EE4429FC001439FA6
S1135BE0900D11248850924FFC01808191819695EB
S1135BF08795998F888F888D998DAC01698180E014
S1135C000E94E1608E878E85813009F056C18C8DAB
S1135C10882F90E09E012B5B3E4F820F931FFC0167
S1135C208081282F30E04EE4429FC001439F900DB5
S1135C3011248E5E914F21E0FC012083CE01865B0E
S1135C409F4FFC0110828C8D882F90E09E012B5B6E
S1135C503E4F820F931FFC018081482F50E0CE01FC
S1135C60865B9F4F6EE4649F9001659F300D112405
S1135C70225F314FF9012081FC0120838C8D882F14
S1135C8090E09E012B5B3E4F820F931FFC018081AD
S1135C90482F50E0CE01855B9F4F6EE4649F9001D6
S1135CA0659F300D1124205F314FF9012081FC01E3
S1135CB020838C8D882F90E09E012B5B3E4F820FBA
S1135CC0931FFC018081282F30E04EE4429FC001E5
S1135CD0439F900D11248950924FFC0180818823A9
S1135CE049F4CE01865B9F4F66E0FC0180810E94EF
S1135CF08B40E3C0CE01855B9F4F65E0FC01808152
S1135D000E94F740DAC080916A0B90916B0B992343
S1135D100CF0D3C08C8D882F90E09E012B5B3E4FFE
S1135D20820F931FFC018081282F30E04EE4429FB4
S1135D30C001439F900D11248E5E914FFC01808120
S1135D40882309F4BAC08C8D882F90E09E012B5BC8
S1135D503E4F820F931FFC018081282F30E04EE4D8
S1135D60429FC001439F900D11248850924FFC0123
S1135D708081918196958795CC01A0E0B0E0BC012B
S1135D80CD010E944465DC01CB012DEC3CEC4CE8D8
S1135D905FE3BC01CD010E94FA65DC01CB01BC01CB
S1135DA0CD010E941865DC01CB01998F888F888D05
S1135DB0998DAC0160E089810E94E1608E878E85B7
S1135DC0813009F07AC08C8D882F90E09E012B5B86
S1135DD03E4F820F931FFC018081282F30E04EE458
S1135DE0429FC001439F900D11248E5E914FFC0190
S1135DF01082CE01865B9F4FFC0110828C8D882F10
S1135E0090E09E012B5B3E4F820F931FFC0180812B
S1135E10482F50E0CE01865B9F4F6EE4649F900153
S1135E20659F300D1124225F314FF9012081FC015F
S1135E3020838C8D882F90E09E012B5B3E4F820F38
S1135E40931FFC018081482F50E0CE01855B9F4F5A
S1135E506EE4649F9001659F300D1124205F314FE3
S1135E60F9012081FC0120838C8D882F90E09E0114
S1135E702B5B3E4F820F931FFC018081282F30E063
S1135E804EE4429FC001439F900D11248950924FCC
S1135E90FC018081882349F4CE01865B9F4F60E03A
S1135EA0FC0180810E948B4008C0CE01855B9F4F1E
S1135EB06981FC0180810E94F74080916A0B909176
S1135EC06B0B88279470892B09F44DC682E080936C
S1135ED06C0B81E08C8747C688A1882F90E08230C4
S1135EE0910509F4AEC08330910534F4009761F054
S1135EF0019709F494C02AC68330910509F4CAC0F5
S1135F00049709F45AC522C68B858823A9F44AE26A
S1135F1055E060E080E00E949A0E4BE355E060E0BB
S1135F2081E00E949A0E46ED53E060E082E00E9418
S1135F309A0E81E08B871EA2CE018D5B9F4F21E0DC
S1135F40FC01208341C0CE018D5B9F4FFC01808109
S1135F50882F90E00197895F9D4FFC018081282F55
S1135F6030E080916A0B90916B0B82239323892BF1
S1135F7001F12091850DCE018D5B9F4FFC01808145
S1135F802817B9F08EA1882F90E0880F991F829569
S1135F909295907F9827807F98278B57924F9E01E8
S1135FA02D5B3F4FF9012081FC0120838EA18F5F7F
S1135FB08EA3CE018D5B9F4F9E012D5B3F4FF90158
S1135FC020812F5FFC01208320910602CE018D5B8E
S1135FD09F4FFC018081281708F0B5CF8091A50D53
S1135FE0882309F4AEC510926D0B81E088A31EA22C
S1135FF0A8C58E01035B1F4F8EA1B1D7F801808322
S1136000CE01835B9F4FFC018081882341F08EA1E8
S11360108F5F8EA3CE01835B9F4FFC0110828EA104
S1136020823038F38EA1823009F08DC582E088A3D6
S113603010926D0B1EA2CE01835B9F4FFC01108258
S113604082C54CE455E060E081E00E949A0E8E0126
S1136050035B1F4F8EA10E94C53AF8018083CE01D5
S1136060835B9F4FFC018081882389F08EA18F5F21
S11360708EA3CE01835B9F4FFC0110828EA18230E0
S113608009F063C583E088A310926D0B5EC584E0BC
S113609088A35BC50E94700E4DE555E060E080E08A
S11360A00E949A0E9E0129583F4F80E090E0AAE793
S11360B0B4E4F90180839183A283B3838E010F5EDC
S11360C01E4FCE0189589F4F20E030E04AE755E447
S11360D0FC0160817181828193810E94FA65DC01F7
S11360E0CB01F80180839183A283B383CE018F5EB9
S11360F09E4F20E030E040E85FE3FC016081718165
S1136100828193810E94AC6488230CF462C0CE0126
S11361108F5E9E4F20E03FEF4FE757E4FC01608124
S11361207181828193810E94F66518160CF03EC03D
S1136130CE0189589F4F20E030E040E251E4FC0159
S113614060817181828193810E94FA65DC01CB01B7
S11361508E010B5E1E4FBC01CD010E941865DC014F
S1136160CB01F8019183808318C080E991E0019705
S1136170F1F79E01295E3E4FF90191838083CE01A0
S11361808B5E9E4F9E012B5E3E4FF9012081318133
S113619021503109FC0131832083CE018B5E9E4F57
S11361A0FC0180819181892B01F729C08E010B5E4E
S11361B01E4FCE018F5E9E4FFC01608171818281F2
S11361C093810E941865DC01CB01F80191838083DF
S11361D008C0CE018B5E9E4F21E030E0FC0131838C
S11361E02083CE018B5E9E4FFC01808191810197BB
S11361F0F1F79E01275E3E4FF90191838083209140
S1136200850DCE018F599E4FFC0120832091A50D51
S1136210CE018F599E4FFC012183CE018C5B9F4F91
S1136220FC011082B1C2CE018B5B9F4FFC01108236
S113623081C2CE018C5B9F4FFC018081482F50E0CE
S1136240CE018B5B9F4FFC018081282F30E0CE0173
S1136250825B9F4F440F551F42955295507F5427A0
S1136260407F5427240F351F2A57324FF9012081CC
S1136270FC012083CE01825B9F4FFC018081282F8B
S113628030E0CE018C5B9F4FFC018081882F90E031
S113629041E050E0BA01681B790BCB01AE014F59C4
S11362A05E4F840F951FFC0140815EE4529FC00144
S11362B0539F900D1124885F914FFC014083CE01C0
S11362C0825B9F4FFC018081282F30E04EE4429F87
S11362D0C001439F900D11248E5E914FFC0180817B
S11362E0882309F4F7C181E08FA310926D0BEEC1EE
S11362F08091680B9091690B9093670B8093660B68
S11363001092690B1092680B89E091E0FC01808186
S1136310882F90E0382F222786E091E0FC018081CD
S1136320882F90E0822B932B9093690B8093680BBA
S11363308091660B9091670B9C012095309580911C
S1136340680B9091690B8223932390936B0B80933A
S11363506A0B80916D0B882309F04BC04AE053E02F
S113636060E080E00E949A0ECE018C5B9F4FFC019E
S11363708081882F90E021E030E0A901481B590B6F
S1136380CA019E012F593E4F820F931FFC01808149
S1136390882F90E0292F2F938F9383EA92E0892FFF
S11363A08F9383EA92E08F93CE018B5D9E4F292FCA
S11363B02F938F930E9412670F900F900F900F905E
S11363C00F900F90CE018B5D9E4FAC016BE080E08F
S11363D00E949A0E4EE655E060E081E00E949A0E1B
S11363E04FE755E060E082E00E949A0E81E08093DE
S11363F06D0B80916A0B90916B0B88279870892B99
S113640009F441C188A5882309F049C0CE01825B03
S11364109F4FFC018081282F30E04EE4429FC00151
S1136420439F900D11248850924FFC0180819181EB
S113643089A789A5982F969529A58DEC289F812D4C
S1136440112482958F70890F89A740E955E060E097
S113645081E00E949A0E89A5882F90E0292F2F931E
S11364608F9383EA92E0892F8F9383EA92E08F934C
S1136470CE018B5D9E4F292F2F938F930E9412671D
S11364800F900F900F900F900F900F90CE018B5D97
S11364909E4FAC0166E081E00E949A0E76C0CE0168
S11364A0825B9F4FFC018081282F30E04EE4429FA5
S11364B0C001439F900D11248850924FFC018081AC
S11364C0918189A799A58DEC989F812D112482959E
S11364D08F7089A740E955E060E081E00E949A0E40
S11364E089A5882F90E0292F2F938F9383EA92E038
S11364F0892F8F9383EA92E08F93CE018B5D9E4F19
S1136500292F2F938F930E9412670F900F900F9053
S11365100F900F900F90CE018B5D9E4FAC0166E003
S113652081E00E949A0E31C08091680B9091690BB2
S11365309093670B8093660B1092690B1092680B13
S113654089E091E0FC018081882F90E0382F222798
S113655086E091E0FC018081882F90E0822B932BD0
S11365609093690B8093680B8091660B9091670BF5
S11365709C01209530958091680B9091690B822342
S1136580932390936B0B80936A0B80916A0B909189
S11365906B0B88279071892B31F480916A0B909151
S11365A06B0B99230CF680916A0B90916B0B8827E7
S11365B09071892BE1F089A5482F50E0CE018C5BC6
S11365C09F4FFC018081882F90E021E030E0B901E9
S11365D0681B790BCB019E012F593E4F820F931FED
S11365E0FC01808160E00E94E1608AA71DC088A54B
S11365F0882F90E0019681709078992324F4019774
S11366008E6F9F6F019688A788A5882339F041EA89
S113661055E060E081E00E949A0E06C04EE655E027
S113662060E081E00E949A0E8AA5813009F04EC094
S113663088A5882329F5CE01825B9F4FFC018081C8
S1136640282F30E04EE4429FC001439F900D112457
S11366508E5E914FFC011082CE01825B9F4FFC0144
S11366608081282F30E04EE4429FC001439F900D6B
S11366701124825F914FFC01808160E00E948B4075
S11366801FA21AA623C080916A0B90916B0B9923C9
S1136690ECF488A5882F90E0019681709078992376
S11366A024F401978E6F9F6F019688A788A588238D
S11366B039F041EA55E060E081E00E949A0E06C09C
S11366C04EE655E060E081E00E949A0E8FA1882397
S11366D009F00ECECE01825B9F4FFC018081282FF2
S11366E030E04EE4429FC001439F900D1124885F27
S11366F0914FFC015081CE01825B9F4FFC01808150
S1136700282F30E04EE4429FC001439F900D112496
S1136710805F914FFC018081652F0E94F740CE017C
S11367208B5B9F4F9E012B5B3F4FF90120812F5FB5
S1136730FC012083CE018C5B9F4FFC018081282FBC
S113674030E0CE018B5B9F4FFC018081882F90E06D
S1136750220F331F22953295307F3227207F322734
S1136760820F931F8A57924FFC018081882309F07E
S113677060CDCE018C5B9F4F9E012C5B3F4FF90196
S113678020812F5FFC012083CE018C5B9F4FFC0195
S11367908081823008F447CDCE018A5B9F4FFC0193
S11367A0108259C0CE018A5B9F4FFC018081882FE3
S11367B090E0880F991F82959295907F9827807F0B
S11367C098278E55924FFC0180819181892BC1F1CC
S11367D0CE018A5B9F4FFC018081882F90E0880F57
S11367E0991F82959295907F9827807F98278E5540
S11367F0924FFC0140815181CE018A5B9F4FFC0185
S11368008081882F90E021E030E0B901681B790B8A
S1136810CB019E012F593E4F820F931FFC016081D3
S1136820CE018A5B9F4FFC018081882F90E09E01FE
S11368302F593E4F820F931FFC0180810E94E1601B
S1136840CE018A5B9F4F9E012A5B3F4FF901208155
S11368502F5FFC012083CE018A5B9F4FFC01808166
S1136860823008F49FCFCE01895B9F4FFC011082D8
S113687099C0CE01895B9F4FFC018081882F90E0F5
S1136880880F991F82959295907F9827807F9827EB
S11368908C55924FFC018081882309F478C0CE0185
S11368A0895B9F4FFC018081882F90E09E012F59C6
S11368B03E4F820F931FFC018081282F30E0CE01D0
S11368C0895B9F4FFC018081882F90E0AE014F5976
S11368D05E4F840F951FFC018081482F50E06BE3CD
S11368E0649FC001659F900D11248B56934FFC014A
S11368F080814FEF480F5BE3529FC001539F900D7F
S113690011248B56934FFC014083CE01895B9F4F2A
S1136910FC018081882F90E021E030E0A901481B30
S1136920590BCA019E012F593E4F820F931FFC0140
S11369308081282F30E0CE01895B9F4FFC0180814C
S1136940882F90E041E050E0BA01681B790BCB013D
S1136950AE014F595E4F840F951FFC018081482F73
S113696050E06BE3649FC001659F900D11248B562A
S1136970934FFC01808141E0480F5BE3529FC001CB
S1136980539F900D11248B56934FFC014083CE01ED
S1136990895B9F4F9E01295B3F4FF90120812F5F47
S11369A0FC012083CE01895B9F4FFC0180818230F2
S11369B008F45FCF84E088A3C9C042EB55E060E0EF
S11369C080E00E949A0E43EC55E060E080E00E9473
S11369D09A0E9E0125583F4F80E090E0AAE7B4E468
S11369E0F90180839183A283B3838E01055E1E4FD8
S11369F0CE0185589F4F20E030E04AE755E4FC0182
S1136A0060817181828193810E94FA65DC01CB01EE
S1136A10F80180839183A283B383CE01855E9E4F68
S1136A2020E030E040E85FE3FC0160817181828115
S1136A3093810E94AC6488230CF462C0CE01855E0D
S1136A409E4F20E03FEF4FE757E4FC0160817181E6
S1136A50828193810E94F66518160CF03EC0CE0127
S1136A6085589F4F20E030E040E251E4FC01608112
S1136A707181828193810E94FA65DC01CB018E01D0
S1136A80015E1E4FBC01CD010E941865DC01CB01E3
S1136A90F8019183808318C080E991E00197F1F7B0
S1136AA09E012F5D3E4FF90191838083CE01815E6B
S1136AB09E4F9E01215E3E4FF9012081318121507C
S1136AC03109FC0131832083CE01815E9E4FFC019C
S1136AD080819181892B01F729C08E01015E1E4FAF
S1136AE0CE01855E9E4FFC0160817181828193811C
S1136AF00E941865DC01CB01F8019183808308C0F2
S1136B00CE01815E9E4F21E030E0FC013183208381
S1136B10CE01815E9E4FFC01808191810197F1F746
S1136B209E012D5D3E4FF9019183808381E08C8726
S1136B3085E89DE00E94925418A282E080936C0B39
S1136B4005C0000011C000000FC000000DC000000F
S1136B500C94131400000C94131400000C941314DC
S1136B6000000C94131400000C941314CF93DF93BF
S1136B70CDB7DEB7A3970FB6F894DEBF0FBECDBF77
S1136B8088A37AA369A34BA3198280916D0B8823F0
S1136B9009F0AFC00E94700E80E090E0A8ECB2E46F
S1136BA08A839B83AC83BD8320E030E04AE755E4CD
S1136BB06A817B818C819D810E94FA65DC01CB0115
S1136BC08E839F83A887B98720E030E040E85FE3A5
S1136BD06E817F81888599850E94AC6488230CF43A
S1136BE03CC020E03FEF4FE757E46E817F8188850A
S1136BF099850E94F66518162CF520E030E040E2F5
S1136C0051E46A817B818C819D810E94FA65DC015B
S1136C10CB01BC01CD010E941865DC01CB019B872F
S1136C208A870BC080E991E00197F1F79D878C87F3
S1136C308A859B8501979B878A878A859B85892B73
S1136C4089F715C06E817F81888599850E941865B2
S1136C50DC01CB019B878A8704C081E090E09B879D
S1136C608A878A859B850197F1F79F878E874AE0FB
S1136C7053E060E080E00E949A0E8BA1882F90E0A0
S1136C80292F2F938F9383EA92E0892F8F9383EA9E
S1136C9092E08F93CE014096292F2F938F930E94D9
S1136CA012670F900F900F900F900F900F90CE01DE
S1136CB04096AC016BE080E00E949A0E88A1282FD8
S1136CC030E04EE4429FC001439F900D112429A15E
S1136CD03AA1820F931FAC0160E081E00E949A0EFA
S1136CE044ED55E060E082E00E949A0E81E08093DA
S1136CF06D0B80916A0B90916B0B88279074892B94
S1136D0009F49EC08BA1282F30E04BE3429FC001C1
S1136D10439F900D11248057934FFC0120813181B2
S1136D2088A1482F50E06EE4649FC001659F900DD8
S1136D30112449A15AA1840F951FFC0183A994A988
S1136D402817390708F48CC088A1282F30E04EE4B6
S1136D50429FC001439F900D112429A13AA1820FA3
S1136D60931FFC0183A994A9AC0160E08BA10E944C
S1136D70E16088A1282F30E04EE4429FC001439F88
S1136D80900D112429A13AA1820F931F8D5B9F4F6F
S1136D902BA1FC01208388A1282F30E04EE4429FE0
S1136DA0C001439F900D112429A13AA1820F931F82
S1136DB0855B9F4FFC0180816BA10E94F74080910D
S1136DC006024BA16EE57CE00E9467430E94700EB0
S1136DD04AE053E060E080E00E949A0E8BA1882F85
S1136DE090E0292F2F938F9383EA92E0892F8F933A
S1136DF083EA92E08F93CE014096292F2F938F93AD
S1136E000E9412670F900F900F900F900F900F90A9
S1136E10CE014096AC016BE080E00E949A0E4AEFEE
S1136E2052E060E081E00E949A0E45EE55E060E099
S1136E3082E00E949A0E81E0898310926D0B10C04B
S1136E4080916A0B90916B0B88279072892B41F08B
S1136E506AE082E30E94B64582E0898310926D0B5A
S1136E608981A3960FB6F894DEBF0FBECDBFDF9124
S1136E70CF910895CF93DF93CDB7DEB762C08091F1
S1136E80680B9091690B9093670B8093660B10923B
S1136E90690B1092680B89E091E0FC018081882FD6
S1136EA090E0382F222786E091E0FC018081882F32
S1136EB090E0822B932B9093690B8093680B8091C5
S1136EC0660B9091670B9C01209530958091680B1F
S1136ED09091690B8223932390936B0B80936A0B9D
S1136EE080916A0B90916B0B88279170892B89F0A4
S1136EF08091710B882369F49091720B8091710BCE
S1136F00492F682F81E00E94024481E08093710B35
S1136F1018C080916A0B90916B0B88279270892B13
S1136F2081F08091720B882361F49091720B8091AF
S1136F30710B492F682F82E00E94024481E0809304
S1136F40720B8091710B882309F499CF8091720B95
S1136F50882309F494CF0000DF91CF910895CF9353
S1136F60DF93CDB7DEB764970FB6F894DEBF0FBEDC
S1136F70CDBF8C8B20E1CE010496FC01322F1192FF
S1136F803A95E9F78091680B9091690B9093670BA0
S1136F908093660B1092690B1092680B89E091E064
S1136FA0FC018081882F90E0382F222786E091E031
S1136FB0FC018081882F90E0822B932B9093690BA6
S1136FC08093680B8091660B9091670B9C012095D0
S1136FD030958091680B9091690B82239323909351
S1136FE06B0B80936A0B80916E0B882F90E081303D
S1136FF0910509F454C1823091051CF4892B49F0A0
S1137000BAC28230910509F460C2039709F478C2C8
S1137010B2C280916D0B882309F0BCC046EF55E0E5
S113702060E080E00E949A0E47E056E060E081E074
S11370300E949A0E46ED53E060E082E00E949A0EB0
S113704081E080936D0B19820AC08981882F90E0BA
S11370508C58944FFC01108289818F5F89838981C8
S11370608C3198F31092910B1A8271C08A81282F67
S113707030E04EE4429FC001439F900D1124885F8D
S1137080914FFC0120818C89882F90E0880F991FF3
S113709082959295907F9827807F98278B57924F5F
S11370A0FC018081281709F04FC08A81282F30E025
S11370B04EE4429FC001439F900D1124815F914F84
S11370C0FC018081882309F03FC081E08093900B0C
S11370D01B8225C08A81482F50E08B81882F90E045
S11370E06EE4649F9001659F300D1124820F931FFD
S11370F0865F914FFC018081282F30E04EE4429F4F
S1137100C001439F900D1124815F914FFC01808148
S1137110882311F01092900B8B818F5F8B838B816E
S11371208330C0F28091900B882371F08091910B91
S1137130882F90E08C58944F2A81FC012083809101
S1137140910B8F5F8093910B8A818F5F8A838A81F1
S1137150883208F48BCF1092930B46ED53E060E035
S113716082E00E949A0E8091930B882F90E08C58B5
S1137170944FFC018081282F30E04EE4429FC001EF
S1137180439F900D11248B53924FAC0160E082E039
S11371900E949A0E80916A0B90916B0B88279074D1
S11371A0892B61F18091930B882F90E001962091B7
S11371B0910B222F30E0B9010E947D668093930BDE
S11371C046ED53E060E082E00E949A0E8091930BBA
S11371D0882F90E08C58944FFC018081282F30E058
S11371E04EE4429FC001439F900D11248B53924F54
S11371F0AC0160E082E00E949A0EB6C180916A0BF5
S113720090916B0B88279071892B41F18C89282FE1
S113721030E08091920B882F90E04091930B442FA3
S113722050E04C58544FFA014081220F331F2295ED
S11372303295307F3227207F3227820F931F8A575F
S1137240924FFC0140838091920B8F5F8093920B4D
S113725083E080936E0B10926D0B86C180916A0B54
S113726090916B0B88279072892B09F47DC148E1BA
S113727056E060E080E00E949A0E47E056E060E04D
S113728081E00E949A0E46ED53E060E082E00E94A5
S11372909A0E81E080936E0B10926D0B65C1809104
S11372A06D0B8823A9F449E256E060E080E00E9477
S11372B09A0E47E056E060E081E00E949A0E4AE3AD
S11372C056E060E082E00E949A0E81E080936D0BAC
S11372D080916A0B90916B0B88279870892B09F425
S11372E051C08C89882F90E02C89222F30E0220F06
S11372F0331F22953295307F3227207F32272E5537
S1137300324FF90120813181265F3F4F880F991F49
S113731082959295907F9827807F98278E55924FDB
S1137320FC01318320838C89882F90E0880F991F7A
S113733082959295907F9827807F98278E55924FBB
S1137340FC0180819181292F2F938F938BE496E008
S1137350892F8F938BE496E08F93CE010496292F87
S11373602F938F930E9412670F900F900F900F909E
S11373700F900F90CE010496AC0168E080E00E946B
S11373809A0E57C080916A0B90916B0B99230CF065
S113739050C08C89882F90E02C89222F30E0220F56
S11373A0331F22953295307F3227207F32272E5586
S11373B0324FF901208131812C593F4F880F991F99
S11373C082959295907F9827807F98278E55924F2B
S11373D0FC01318320838C89882F90E0880F991FCA
S11373E082959295907F9827807F98278E55924F0B
S11373F0FC0180819181292F2F938F938BE496E058
S1137400892F8F938BE496E08F93CE010496292FD6
S11374102F938F930E9412670F900F900F900F90ED
S11374200F900F90CE010496AC0168E080E00E94BA
S11374309A0E80916A0B90916B0B88279072892B1E
S113744049F18C89882F90E0880F991F8295929535
S1137450907F9827807F98278B57924FFC018081DB
S1137460282F30E04BE3429FC001439F900D11242D
S11374708B56934FFC018081882361F082E08093D6
S11374806E0B4FE456E060E080E00E949A0E10928A
S11374906D0B0CC080916A0B90916B0B88279072D6
S11374A0892B21F010926E0B10926D0B80916A0B58
S11374B090916B0B88279071892B09F457C083E056
S11374C080936E0B10926D0B51C080916A0B90915A
S11374D06B0B88279071892B31F083E080936E0BBE
S11374E010926D0B45C080916A0B90916B0B8827AD
S11374F09072892BE9F110926E0B10926D0B38C0CB
S113750080916D0B8823A9F440E656E060E080E0AA
S11375100E949A0E41E756E060E081E00E949A0ED4
S113752046ED53E060E082E00E949A0E81E0809391
S11375306D0B80916A0B90916B0B88279870892B47
S113754041F01092920B10926E0B10926D0B81E031
S113755013C080916A0B90916B0B99235CF4109289
S11375606D0B10926E0B06C0000005C0000003C036
S1137570000001C0000080E064960FB6F894DEBFFE
S11375800FBECDBFDF91CF910895CF93DF93CDB7D9
S1137590DEB7ED970FB6F894DEBF0FBECDBF8DAF4B
S11375A020E1CE018D96FC01322F11923A95E9F734
S11375B081E0898380916D0B882309F04AC04AE0F9
S11375C053E060E080E00E949A0E8DAD882F90E039
S11375D021E030E0A901481B590BCA01880F991F0B
S11375E082959295907F9827807F98278B57924F0A
S11375F0FC018081882F90E0292F2F938F9383EAB9
S113760092E0892F8F9383EA92E08F93CE018D9637
S1137610292F2F938F930E9412670F900F900F9032
S11376200F900F900F90CE018D96AC016BE080E02F
S11376300E949A0E4CE455E060E081E00E949A0EAC
S113764046ED53E060E082E00E949A0E81E0809370
S11376506D0B8DAD882F90E0880F991F82959295C0
S1137660907F9827807F98278A57924FFC018081CA
S1137670882309F4BAC11A82A1C14CE455E060E040
S113768081E00E949A0E8DAD282F30E08A81882FE8
S113769090E0220F331F22953295307F3227207FCE
S11376A03227820F931F8A57924FFC018081282F23
S11376B030E04EE4429FC001439F900D11248B5350
S11376C0924FAC0160E082E00E949A0E31C080913A
S11376D0680B9091690B9093670B8093660B1092E3
S11376E0690B1092680B89E091E0FC018081882F7E
S11376F090E0382F222786E091E0FC018081882FDA
S113770090E0822B932B9093690B8093680B80916C
S1137710660B9091670B9C01209530958091680BC6
S11377209091690B8223932390936B0B80936A0B44
S11377308DAD882F90E021E030E0A901481B590B62
S1137740CA01880F991F82959295907F9827807F10
S113775098278B57924FFC018081882F90E00197E6
S1137760895F9D4FFC018081282F30E080916A0B56
S113777090916B0B82239323892B39F58DAD882F40
S113778090E021E030E0A901481B590BCA01880FA1
S1137790991F82959295907F9827807F98278B5781
S11377A0924FFC018081882F90E00197855F9D4F67
S11377B0FC018081282F30E080916A0B90916B0B43
S11377C082239323892B09F482CF8DAD882F90E0F7
S11377D021E030E0A901481B590BCA01880F991F09
S11377E082959295907F9827807F98278B57924F08
S11377F0FC018081882F90E00197895F9D4FFC01F7
S11378008081282F30E080916A0B90916B0B82234A
S11378109323892B09F477C042E856E060E081E0C5
S11378200E949A0E46ED53E060E082E00E949A0EB8
S113783080E090E0AAE7B4E48B879C87AD87BE879D
S113784020E030E04AE755E46B857C858D859E8594
S11378500E94FA65DC01CB018F87988BA98BBA8BC8
S113786020E030E040E85FE36F85788989899A8970
S11378700E94AC6488230CF43CC020E03FEF4FE747
S113788057E46F85788989899A890E94F665181664
S11378902CF520E030E040E251E46B857C858D8559
S11378A09E850E94FA65DC01CB01BC01CD010E94DA
S11378B01865DC01CB019C8B8B8B0BC080E991E0BC
S11378C00197F1F79E8B8D8B8B899C8901979C8BFB
S11378D08B8B8B899C89892B89F715C06F85788957
S11378E089899A890E941865DC01CB019C8B8B8B5A
S11378F004C081E090E09C8B8B8B8B899C890197E1
S1137900F1F7988F8F8B8DAD882F90E021E030E0D8
S1137910A901481B590BCA01880F991F829592959A
S1137920907F9827807F98278B57924FFC01808106
S1137930882F90E00197855F9D4FFC018081282F5F
S113794030E080916A0B90916B0B82239323892BF7
S113795009F019828091680B9091690B9093670BE1
S11379608093660B1092690B1092680B89E091E08A
S1137970FC018081882F90E0382F222786E091E057
S1137980FC018081882F90E0822B932B9093690BCC
S11379908093680B8091660B9091670B9C012095F6
S11379A030958091680B9091690B82239323909377
S11379B06B0B80936A0B8A818F5F8A838DAD282F2E
S11379C030E08A81882F90E0220F331F2295329570
S11379D0307F3227207F3227820F931F8A57924F9E
S11379E0FC018081882309F048CE8DAD882F90E07A
S11379F0880F991F82959295907F9827807F98276A
S1137A008E55924FFC0180819181892B09F4B9C173
S1137A104AE053E060E080E00E949A0E8DAD882F2A
S1137A2090E021E030E0A901481B590BCA01880FFE
S1137A30991F82959295907F9827807F98278B57DE
S1137A40924FFC018081882F90E0292F2F938F93F0
S1137A5083EA92E0892F8F9383EA92E08F93CE0199
S1137A608D96292F2F938F930E9412670F900F905A
S1137A700F900F900F900F90CE018D96AC016BE09C
S1137A8080E00E949A0E4CE455E060E081E00E94A0
S1137A909A0E43E956E060E082E00E949A0E8DADB2
S1137AA0882F90E0880F991F82959295907F982750
S1137AB0807F98278E55924FFC0180819181292FD8
S1137AC02F938F938BE496E0892F8F938BE496E02A
S1137AD08F93CE018D96292F2F938F930E94126737
S1137AE00F900F900F900F900F900F90CE018D96E6
S1137AF0AC0169E082E00E949A0E31C08091680B6B
S1137B009091690B9093670B8093660B1092690BAD
S1137B101092680B89E091E0FC018081882F90E04D
S1137B20382F222786E091E0FC018081882F90E0A5
S1137B30822B932B9093690B8093680B8091660B37
S1137B409091670B9C01209530958091680B9091E2
S1137B50690B8223932390936B0B80936A0B8DADF7
S1137B60882F90E021E030E0A901481B590BCA019D
S1137B70880F991F82959295907F9827807F9827E8
S1137B808B57924FFC018081882F90E00197895F89
S1137B909D4FFC018081282F30E080916A0B9091E9
S1137BA06B0B82239323892B39F58DAD882F90E0BD
S1137BB021E030E0A901481B590BCA01880F991F25
S1137BC082959295907F9827807F98278B57924F24
S1137BD0FC018081882F90E00197855F9D4FFC0117
S1137BE08081282F30E080916A0B90916B0B822367
S1137BF09323892B09F482CF8DAD882F90E021E067
S1137C0030E0A901481B590BCA01880F991F8295BE
S1137C109295907F9827807F98278B57924FFC01ED
S1137C208081882F90E00197895F9D4FFC018081BE
S1137C30282F30E080916A0B90916B0B8223932361
S1137C40892B09F477C042E856E060E081E00E94A5
S1137C509A0E46ED53E060E082E00E949A0E80E0C6
S1137C6090E0AAE7B4E48B839C83AD83BE8320E0D9
S1137C7030E04AE755E46B817C818D819E810E94CE
S1137C80FA65DC01CB01898F9A8FAB8FBC8F20E022
S1137C9030E040E85FE3698D7A8D8B8D9C8D0E9486
S1137CA0AC6488230CF43CC020E03FEF4FE757E47A
S1137CB0698D7A8D8B8D9C8D0E94F66518162CF536
S1137CC020E030E040E251E46B817C818D819E8133
S1137CD00E94FA65DC01CB01BC01CD010E9418654C
S1137CE0DC01CB019E8F8D8F0BC080E991E0019761
S1137CF0F1F798A38F8F8D8D9E8D01979E8F8D8F19
S1137D008D8D9E8D892B89F715C0698D7A8D8B8D0C
S1137D109C8D0E941865DC01CB019E8F8D8F04C061
S1137D2081E090E09E8F8D8F8D8D9E8D0197F1F770
S1137D309AA389A38DAD882F90E021E030E0A901BA
S1137D40481B590BCA01880F991F82959295907F01
S1137D509827807F98278B57924FFC018081882F2A
S1137D6090E00197855F9D4FFC018081282F30E0D2
S1137D7080916A0B90916B0B82239323892B09F0DA
S1137D8019828DAD882F90E0880F991F8295929566
S1137D90907F9827807F98278C55924FFC01808193
S1137DA0882309F48BC14AE053E060E080E00E943C
S1137DB09A0E8DAD882F90E021E030E0A901481B98
S1137DC0590BCA01880F991F82959295907F982725
S1137DD0807F98278B57924FFC018081882F90E0F9
S1137DE0292F2F938F9383EA92E0892F8F9383EA2D
S1137DF092E08F93CE018D96292F2F938F930E941B
S1137E0012670F900F900F900F900F900F90CE016C
S1137E108D96AC016BE080E00E949A0E4CE455E034
S1137E2060E081E00E949A0E4FE456E062E080E058
S1137E300E949A0E31C08091680B9091690B9093C7
S1137E40670B8093660B1092690B1092680B89E0A4
S1137E5091E0FC018081882F90E0382F222786E072
S1137E6091E0FC018081882F90E0822B932B9093EA
S1137E70690B8093680B8091660B9091670B9C0152
S1137E80209530958091680B9091690B8223932300
S1137E9090936B0B80936A0B8DAD882F90E021E05B
S1137EA030E0A901481B590BCA01880F991F82951C
S1137EB09295907F9827807F98278B57924FFC014B
S1137EC08081882F90E00197895F9D4FFC0180811C
S1137ED0282F30E080916A0B90916B0B82239323BF
S1137EE0892B39F58DAD882F90E021E030E0A90190
S1137EF0481B590BCA01880F991F82959295907F50
S1137F009827807F98278B57924FFC018081882F78
S1137F1090E00197855F9D4FFC018081282F30E020
S1137F2080916A0B90916B0B82239323892B09F424
S1137F3082CF8DAD882F90E021E030E0A901481B6D
S1137F40590BCA01880F991F82959295907F9827A3
S1137F50807F98278B57924FFC018081882F90E077
S1137F600197895F9D4FFC018081282F30E080912B
S1137F706A0B90916B0B82239323892B09F477C0AE
S1137F8042E856E060E081E00E949A0E46ED53E03C
S1137F9060E082E00E949A0E80E090E0AAE7B4E4F8
S1137FA08F839887A987BA8720E030E04AE755E4B1
S1137FB06F81788589859A850E94FA65DC01CB01F9
S1137FC08BA39CA3ADA3BEA320E030E040E85FE315
S1137FD06BA17CA18DA19EA10E94AC6488230CF4AA
S1137FE03CC020E03FEF4FE757E46BA17CA18DA19B
S1137FF09EA10E94F66518162CF520E030E040E2C0
S113800051E46F81788589859A850E94FA65DC013F
S1138010CB01BC01CD010E941865DC01CB0198A7FE
S11380208FA30BC080E991E00197F1F79AA789A784
S11380308FA198A5019798A78FA38FA198A5892BA5
S113804089F715C06BA17CA18DA19EA10E94186522
S1138050DC01CB0198A78FA304C081E090E098A72E
S11380608FA38FA198A50197F1F79CA78BA78DAD3E
S1138070882F90E021E030E0A901481B590BCA0188
S1138080880F991F82959295907F9827807F9827D3
S11380908B57924FFC018081882F90E00197855F78
S11380A09D4FFC018081282F30E080916A0B9091D4
S11380B06B0B82239323892B09F0198210926D0B89
S11380C08981ED960FB6F894DEBF0FBECDBFDF9168
S11380D0CF9108950F931F93CF938C01C0E00FC0ED
S11380E0EEE0F0E0EC1BF109E00FF11F608180E0AD
S11380F00E94606480ED97E00197F1F7CF5FCF3085
S113810078F38EB188608EB98EB1877F8EB9CF91A6
S11381101F910F910895982F990F990F890FE82FA8
S1138120E695E695E6958770653069F045E050E0A0
S1138130461B510920EE3FEF02C0369527954A951C
S1138140E2F7209501C020E18430A8F1F0E04FE18E
S113815050E0082E02C0440F551F0A94E2F7DF01D5
S1138160AE55B54F40959C9149234C9368E070E01F
S1138170681B710940EE5FEF062E02C055954795C6
S11381800A94E2F7ED55F54F90814923408330E09E
S1138190A90102C0440F551F8A95E2F7CA019C91B8
S11381A0892B8C9302C0359527956A95E2F78081D7
S11381B0282B208318C0F0E04FE150E0082E02C0C5
S11381C0440F551F0A94E2F7EE55F54F4095908100
S11381D0492330E0B90102C0660F771F8A95E2F7A0
S11381E0CB01842B808382EA9AE074CF0895CF93E5
S11381F0633099F028F4613001F1623051F005C028
S1138200653099F070F06930A1F020E030E040E092
S113821017C023E032E34EE113C020E034E142E32F
S11382200FC022E330E040E00BC022E332E342E33C
S113823007C022E330E042E303C020E030E042E341
S113824090E0FC01EE0FFF1F8E0F9F1FFC01EB5F00
S1138250F44E408331832283C0E005C085E09BE176
S11382600E947464CF5FCC31C8F3CF910895E82F96
S1138270F0E0E15BF44F90819A3008F441C026EFBE
S1138280290F2A3090F4823051F018F48130D1F162
S113829004C0833031F0843031F080E0089582E00E
S11382A008958EEF08958FEF08952CEE290F2A304C
S11382B090F4823051F018F4813031F104C08330ED
S11382C031F0843031F080E0089581E008958FEF3B
S11382D008958DEF08959E519A30C0F4823051F084
S11382E018F48130A9F004C0833031F0843031F0C7
S11382F080E008958FEF089581E008958EEF08954A
S113830080E0089581E0089583E0089580E0089571
S113831082E00895DF92EF92FF920F931F93CF9321
S1138320DF93F82ED62EC62FD0E02197FE01E05B16
S1138330F44F8081082F10E0000F111F000F111F50
S1138340159507951595079515950795880F880F29
S11383508470E82E862F8BDF9E012E0D311D280F91
S1138360311D87FD3A95C8019927880F991F880FF9
S1138370991F880F991F8055954FFC01E20FF31F39
S11383801082FE01E05BF44FF0820F2D10E0000F2D
S1138390111F000F111F1595079515950795159534
S11383A007958F2D880F880F8470F82E8D2D5FDF31
S11383B0CF0DD11DC80FD11D87FDDA95C8019927AE
S11383C0880F991F880F991F880F991F8055954F03
S11383D0C80FD91F81E08883C0E023C0880F24E13F
S11383E030E02C1B310947E050E0491B5109220FB2
S11383F0331F220F331F220F331F2055354FF9012E
S1138400E40FF51F2081822B9F5F02C090E080E083
S1138410983020F30E942F6480ED97E00197F1F7E4
S1138420CF5FC53198F385B1806185B985B18F7E01
S113843085B9DF91CF911F910F91FF90EF90DF905D
S11384400895CF92DF92EF92FF920F931F93CF93F1
S1138450DF937C01562F9C013695279536952795F9
S113846036952795A5ECB0E20E949866FC01F2953A
S1138470E295EF70EF27FF70EF279F01ADECBCECA6
S11384800E949866EC01D695C795D695C795D69562
S1138490C795CE01880F991FCC0FDD1FCC0FDD1FB0
S11384A0CC0FDD1FC80FD91FCF018C1B9D0BEC0116
S11384B097013695279536952795ABE7B4E10E9449
S11384C09866FC01F695E7959F01ADECBCEC0E9423
S11384D098668C0116950795169507951695079538
S11384E0C801880F991FD801AA0FBB1FAA0FBB1F71
S11384F0AA0FBB1FA80FB91F8F010A1B1B0B9701E3
S1138500ADECBCEC0E9498666C01D694C794D694EA
S1138510C794D694C79496010E949866FC01F69578
S1138520E795F695E795F695E795CF01880F991F9E
S1138530EE0FFF1FEE0FFF1FEE0FFF1FE80FF91FD7
S1138540C6018E1B9F0BFC019601220F331FC6012F
S1138550880F991F880F991F880F991F820F931FE7
S11385609701281B390B413051F5852F90E0019775
S1138570880F991F880F991FDD27C15FDD4F488140
S1138580DC01AC5AB44F4C93D801BB27A15FBD4F5B
S11385904C91DC01AB5AB44F4C93FF27E15FFD4F84
S11385A04081FC01EA5AF44F40833327F901E15F2B
S11385B0FD4F2081FC01E95AF44F208337C041115B
S11385C01AC0852F90E00197880F991F880F991F73
S11385D020911902FC01EC5AF44F2083FC01EB5A60
S11385E0F44F2083FC01EA5AF44F2083FC01E95A3A
S11385F0F44F20831BC04230D9F4852F90E00197BB
S1138600880F991F880F991F20911B02FC01EC5AB7
S1138610F44F2083FC01EB5AF44F2083FC01EA5A07
S1138620F44F2083FC01E95AF44F2083C0E03CC09E
S11386304330E1F7452F50E041505109440F551F95
S1138640440F551FDD27CD5DDD4F8881DA01AC5A1B
S1138650B44F8C93D801BB27AD5DBD4F8C91DA012B
S1138660AB5AB44F8C93FF27ED5DFD4F8081FA0127
S1138670EA5AF44F80833327F901ED5DFD4F808181
S1138680FA01E95AF44F8083D1CFE0E1F0E0EC1B2A
S1138690F109EC5AF44F608182E00E94606480ED3D
S11386A097E00197F1F7CF5FC13178F3E2E0F1E0B1
S11386B08081886080838081877F8083DF91CF91F0
S11386C01F910F91FF90EF90DF90CF900895FF924C
S11386D00F931F93CF93DF93C82F8B01F42ED1E018
S11386E023C0DF110CC043E06D2FF8018BE3D89F4A
S11386F0E00DF11D112482A993A9A3DE14C0F80191
S11387008BE3D89FE00DF11D112482AD811106C0C9
S113871041E06D2F82A993A994DE05C040E06D2F3E
S113872082A993A98EDEDF5FCD17D8F6CF5F0CC088
S1138730F8018BE3C89FE00DF11D112440E06C2F7C
S113874082A993A97EDECF5FC53090F3DF91CF91EC
S11387501F910F91FF9008950E94EE6666E070E00D
S11387600E947D668F5F08951F93CF93DF93182F28
S1138770E62FF0E0E15FFD4F608183E00E946064DA
S1138780C0EDD7E0CE010197F1F7E12FF0E0E15F12
S1138790FD4F608183E00E9460642197F1F7E5E07A
S11387A0F1E08081886080838081877F8083DF918E
S11387B0CF911F910895CF9382EA9AE08BDC61E018
S11387C088E2A8DD62E088E2A5DD63E088E2A2DD5C
S11387D064E088E29FDDC0E004C060E08C2F07DD28
S11387E0CF5FCC31D0F3C1E006C04AE06C2F80E00B
S11387F090E027DECF5FC530C0F36AE08AE0B4DFE3
S1138800CF9108958F929F92AF92BF92CF92DF92B1
S1138810EF92FF92CF93DF93813009F059C0411159
S11388204FC056C099DFD82F6091650B9DDF6C2F28
S113883070E0660F771F615F7F4F072E000C880B77
S1138840990B0E9446654B015C0120E030E04AE749
S113885055E40E94FA656B017C0120E030E040E8B9
S11388605FE30E94AC64882324F120E03FEF4FE7EC
S113887057E4C701B6010E94F6651816ACF420E06F
S113888030E040E251E4C501B4010E94FA650E945F
S1138890186506C080E991E00197F1F7615071090C
S11388A061157105B9F70AC0C701B6010E941865C0
S11388B002C061E070E0CB010197F1F7CF5F02C025
S11388C0C0E0DAE0C23308F4ADCFD093640B18C132
S11388D0813009F059C0442309F44EC055C03CDF2F
S11388E0D82F6AE041DF6C2F70E0660F771F615F5D
S11388F07F4F072E000C880B990B0E9446654B0195
S11389005C0120E030E04AE755E40E94FA656B011F
S11389107C0120E030E040E85FE30E94AC648823FF
S113892024F120E03FEF4FE757E4C701B6010E946E
S1138930F6651816ACF420E030E040E251E4C501DD
S1138940B4010E94FA650E94186506C080E991E0AE
S11389500197F1F76150710961157105B9F70AC002
S1138960C701B6010E94186502C061E070E0CB0146
S11389700197F1F7CF5F02C0C0E0DAE0C23308F438
S1138980AECFD093640BBCC0823009F05DC06111DE
S113899053C05AC0E1DED82F682F8091640BE4DE07
S11389A08C2F90E0BC01660F771F680F791F615F01
S11389B07F4F072E000C880B990B0E9446654B01D4
S11389C05C0120E030E04AE755E40E94FA656B015F
S11389D07C0120E030E040E85FE30E94AC6488233F
S11389E024F120E03FEF4FE757E4C701B6010E94AE
S11389F0F6651816ACF420E030E040E251E4C5011D
S1138A00B4010E94FA650E94186506C080E991E0ED
S1138A100197F1F76150710961157105B9F70AC041
S1138A20C701B6010E94186502C061E070E0CB0185
S1138A300197F1F7CF5F02C0C0E0DAE0C23308F477
S1138A40A9CFD093650B5CC0823009F059C066236E
S1138A5009F44FC055C080DED82F682F8AE084DE29
S1138A606C2F70E0660F771F615F7F4F072E000C3D
S1138A70880B990B0E9446654B015C0120E030E0B5
S1138A804AE755E40E94FA656B017C0120E030E07E
S1138A9040E85FE30E94AC64882324F120E03FEFC8
S1138AA04FE757E4C701B6010E94F6651816ACF407
S1138AB020E030E040E251E4C501B4010E94FA65CF
S1138AC00E94186506C080E991E00197F1F76150B2
S1138AD0710961157105B9F70AC0C701B6010E9491
S1138AE0186502C061E070E0CB010197F1F7CF5F38
S1138AF002C0C0E0DAE0C23308F4ADCFD093650B16
S1138B00DF91CF91FF90EF90DF90CF90BF90AF9027
S1138B109F908F90089580E480937C008FE08093F1
S1138B207E0087E880937A000895ECE7F0E0908176
S1138B30907F90839081282F2770922B9083EBE76E
S1138B40F0E09081977F908390818870892B808357
S1138B50EAE7F0E080818064808380917A0086FD7A
S1138B60FCCF809178009091790008958F929F9224
S1138B70AF92BF92CF92DF92EF92FF921F93CF9367
S1138B80DF93182FD62FC0E081C088B1806888B9E0
S1138B9088B18F7B88B9612F70E080E090E00E94FB
S1138BA044654B015C0120E030E04AE755E40E9453
S1138BB0FA656B017C0120E030E040E85FE30E944D
S1138BC0AC64882324F120E03FEF4FE757E4C7016A
S1138BD0B6010E94F6651816ACF420E030E040E2DD
S1138BE051E4C501B4010E94FA650E94186506C0EB
S1138BF080E991E00197F1F7615071096115710500
S1138C00B9F70AC0C701B6010E94186502C061E045
S1138C1070E0CB010197F1F788B1806488B988B11D
S1138C208F7788B920E030E040E85FE3C701B60100
S1138C300E94AC64882324F120E03FEF4FE757E41F
S1138C40C701B6010E94F6651816ACF420E030E0C6
S1138C5040E251E4C501B4010E94FA650E9418651E
S1138C6006C080E991E00197F1F76150710961153F
S1138C707105B9F70AC0C701B6010E94186502C0A0
S1138C8061E070E0CB010197F1F7CF5FCD1708F4F5
S1138C907CCF88B18F7388B9DF91CF911F91FF90FA
S1138CA0EF90DF90CF90BF90AF909F908F900895FA
S1138CB01F93CF93DF93182F8BE3189FE0011124A8
S1138CC0C25AD34F81E08DAB64E184E64FDF8AE082
S1138CD08CAB612F1FDBDF91CF911F9108958FEF34
S1138CE081B984B990E295B987B99FE398B98AB9F3
S1138CF01BB88DB990E19EB92EEF20BB8093010182
S1138D00909302018093040190930501109207014E
S1138D1010920A010895FF920F931F93CF93DF934C
S1138D20CDB7DEB7A0970FB6F894DEBF0FBECDBFA8
S1138D30182F80E2E4EAF6E0DE01119601900D922C
S1138D408A95E1F700E03CC08BE3F89ED001112442
S1138D50A25AB34FD2962D913C91D397E02FF0E0D5
S1138D60EE0FFF1F81E090E08C0F9D1FE80FF91FAD
S1138D7080819181820F931FD3969C938E93D29777
S1138D808EEE92E005C0E0E9F1E03197F1F701974A
S1138D900097C9F740E06EE57CE0812F98DCF394FE
S1138DA002C0FF24F3941F1578F684EF91E005C008
S1138DB0E0E9F1E03197F1F701970097C9F70F5F08
S1138DC0003178F3A0960FB6F894DEBF0FBECDBF86
S1138DD0DF91CF911F910F91FF9008952F923F92B1
S1138DE04F925F926F927F928F929F92AF92BF92B7
S1138DF0CF92DF92EF92FF920F931F93CF93DF9363
S1138E0000D0CDB7DEB79B838A838CE49FE6AA812A
S1138E10BB8111969C938E9383E790E013969C9369
S1138E208E93129733E0D2963C93D297CD01825B16
S1138E309F4F2EE0ECECF6E0DC0101900D922A95B8
S1138E40E1F7FC0112AA4CE350E054AB43AB42E01F
S1138E5050E056AB45AB6AE070E070AF67AB0EE133
S1138E6010E012AF01AFAAE5B0E0B4AFA3AF40EA9F
S1138E7050E056AF45AFFF966AEF70E071836083B0
S1138E80EA81FB81E157FF4F84E090E09183808386
S1138E90EA81FB81EF56FF4F1082EA81FB81EE5697
S1138EA0FF4F1082EA81FB81ED56FF4F21E02083C2
S1138EB0EA81FB81EC56FF4F3083EA81FB81EB565C
S1138EC0FF4F1082EA81FB81E956FF4F1082EA814D
S1138ED0FB81E856FF4F1082EA81FB81E656FF4F83
S1138EE052E35083EA81FB81E756FF4F1082EA8107
S1138EF0FB81E556FF4F10826A817B8164567F4F68
S1138F0049E0EAEDF6E0DB0101900D924A95E1F7C4
S1138F10DB01D2962C936A817B8166517F4F4BE0B3
S1138F20E3EEF6E0DB0101900D924A95E1F7FB01D7
S1138F3012AAACE3B0E0B4ABA3AB96AB85ABA4E1AF
S1138F40B0E0B0AFA7ABACE3B0E0B2AFA1AFA4EB7D
S1138F50B0E0B4AFA3AFE0E4F1E0DB01DE96FC9354
S1138F60EE93DD97FB01FF960F2EF2EC2F2E3324A8
S1138F703394F02D31822082EA81FB81E55DFE4F3E
S1138F8091838083EA81FB81E35DFE4F1082EA8155
S1138F90FB81E25DFE4F1082EA81FB81E15DFE4FC1
S1138FA02083EA81FB81E05DFE4F3083EA81FB810F
S1138FB0EF5CFE4F1082EA81FB81ED5CFE4F208363
S1138FC0EA81FB81EC5CFE4F1082EA81FB81EA5C62
S1138FD0FE4F5083EA81FB81EB5CFE4F2083EA81E4
S1138FE0FB81E95CFE4F10828A819B81885C9E4FE5
S1138FF04DE0EEEEF6E0DC0101900D924A95E1F7CA
S113900062E0FC0162AB0F2EF8EC4F2E512CF02DD8
S113901054AA43AA8A819B818A579E4F40E1EBEF71
S1139020F6E0DC0101900D924A95E1F7E7E0DC01FE
S1139030D296EC93D297D4965C924E92D397E9E170
S1139040F0E0D696FC93EE93D597E2E3F0E0D89661
S1139050FC93EE93D7970F2EF4E68F2E912CF02DE0
S1139060DA969C928E92D997DC965C924E92DB971C
S1139070EA81FB81E753FE4F1082EA81FB81E653CC
S1139080FE4F48E04083EA81FB81E553FE4F0F2EFB
S1139090F5E07F2EF02D7082EA81FB81E453FE4FD0
S11390A00F2EFFE06F2EF02D6082EA81FB81E353E7
S11390B0FE4F79E17083EA81FB81E253FE4F83E244
S11390C08083EA81FB81EF52FE4F6083EA81FB815A
S11390D0ED52FE4F10828A819B818C529E4F7CE020
S11390E0EBE0F7E0DC0101900D927A95E1F7DC0109
S11390F0D2961C92D297D4969C928E92D3970F2E8E
S1139100F6E0AF2EB12CF02DD696BC92AE92D59748
S1139110D8961C930E93D797EAE5F0E0DA96FC9381
S1139120EE93D9970F2EFEE0CF2EDD24D394F02DAD
S1139130DC96DC92CE92DB970F2EF0E9EF2EFF2423
S1139140F394F02DDE96FC92EE92DD97FC01FF96EF
S113915086E292E091838083EA81FB81EB5EFD4F9E
S1139160ACE0B0E0B183A083EA81FB81E95EFD4F0E
S11391701082EA81FB81E85EFD4F2083EA81FB8156
S1139180E75EFD4F76E07083EA81FB81E65EFD4F8A
S11391904083EA81FB81E55EFD4FB9E0B083EA815B
S11391A0FB81E35EFD4F6083EA81FB81E25EFD4F5C
S11391B01082EA81FB81E05EFD4F5083EA81FB81EE
S11391C0E15EFD4F3083EA81FB81EF5DFD4F10824C
S11391D08A819B818E5D9D4F0F2EF7E06F2EF02DBF
S11391E0E7E1F7E0DC0101900D926A94E1F7FC01FC
S11391F022AB8A819B8180599D4F0F2EFBE06F2EFD
S1139200F02DEEE1F7E0DC0101900D926A94E1F7B4
S1139210DC01D2961C92D297D4969C928E92D397CC
S1139220D696BC92AE92D597D8961C930E93D797A8
S1139230EAE5F0E0DA96FC93EE93D997DC96DC92BB
S1139240CE92DB97DE96FC92EE92DD97FC01FF96C0
S113925086E292E091838083EA81FB81EF54FD4FA3
S1139260ACE0B0E0B183A083EA81FB81ED54FD4F13
S11392701082EA81FB81EC54FD4F2083EA81FB815B
S1139280EB54FD4F7083EA81FB81EA54FD4F408328
S1139290EA81FB81E954FD4FB9E0B083EA81FB81A7
S11392A0E754FD4F3083EA81FB81E654FD4F108281
S11392B0EA81FB81E454FD4F5083EA81FB81E5544C
S11392C0FD4F14E01083EA81FB81E354FD4F1082CB
S11392D08A819B8182549D4F0AE0E9E2F7E0DC0138
S11392E001900D920A95E1F7FC0112AAE8E7F0E07B
S11392F0DC01D496FC93EE93D397E8E0F0E0D696A5
S1139300FC93EE93D597E8E2F0E0D896FC93EE93C5
S1139310D797DA969C928E92D997ECE2F1E0DC969C
S1139320FC93EE93DB97DE963C922E92DD97FC0144
S1139330FF9688E592E091838083EA81FB81E15086
S1139340FD4FA0E1B0E0B183A083EA81FB81EF5F30
S1139350FC4F1082EA81FB81EE5FFC4F2083EA819F
S1139360FB81ED5FFC4F7083EA81FB81EC5FFC4F76
S11393704083EA81FB81EB5FFC4FB9E0B083EA8173
S1139380FB81E95FFC4F1083EA81FB81E85FFC4FBE
S11393901082EA81FB81E65FFC4F5083EA81FB8106
S11393A0E75FFC4F7082EA81FB81E55FFC4F10822E
S11393B08A819B81845F9C4F5AE0E3E3F7E0DC0100
S11393C001900D925A95E1F7FC0112AB8A819B81C1
S11393D0865A9C4F5AE0EDE3F7E0DC0101900D92D0
S11393E05A95E1F7DC01D2961C92D2970F2EFCE835
S11393F0CF2ED12CF02DD496DC92CE92D397EAE0E6
S1139400F0E0D696FC93EE93D597E2E3F0E0D8969D
S1139410FC93EE93D79706E910E0DA961C930E932B
S1139420D997DC963C922E92DB970F2EF1E7EF2E24
S1139430F2E0FF2EF02DDE96FC92EE92DD97FC0119
S1139440FF960F2EFEEEAF2EF2E0BF2EF02DB1826E
S1139450A082EA81FB81E556FC4F84E190E0918390
S11394608083EA81FB81E356FC4F1082EA81FB8111
S1139470E256FC4F6083EA81FB81E156FC4F9BE09E
S11394809083EA81FB81E056FC4FADE0A083EA8142
S1139490FB81EF55FC4FBEE0B083EA81FB81ED55C3
S11394A0FC4F7082EA81FB81EC55FC4F1082EA810B
S11394B0FB81EA55FC4F54E65083EA81FB81EB556E
S11394C0FC4F7083EA81FB81E955FC4F10828A814D
S11394D09B8188559C4FE7E4F7E0DC010F2EF1E116
S11394E06F2EF02D01900D926A94E1F7DC01D29673
S11394F07C93D297D4961C930E93D397EA81FB81E5
S1139500E551FC4F1082EA81FB81E451FC4F40831A
S1139510EA81FB81ED50FC4FB7E0B083EA81FB8127
S1139520EB50FC4F10828A819B818A509C4FE8E566
S1139530F7E0DC010F2EFAE06F2EF02D01900D9272
S11395406A94E1F7DC01D2961C92D297D496DC920D
S1139550CE92D397EAE0F0E0D696FC93EE93D597BB
S1139560E2E3F0E0D896FC93EE93D797DA961C9357
S11395700E93D997DC963C922E92DB97DE96FC9262
S1139580EE92DD97FC01FF96B182A082EA81FB8115
S1139590E95CFB4F84E190E091838083EA81FB8165
S11395A0E75CFB4F1082EA81FB81E65CFB4F608342
S11395B0EA81FB81E55CFB4F9BE09083EA81FB81C0
S11395C0E45CFB4FADE0A083EA81FB81E35CFB4FED
S11395D0BEE0B083EA81FB81E15CFB4F7083EA81EA
S11395E0FB81E05CFB4F1082EA81FB81EE5BFB4F69
S11395F05083EA81FB81EF5BFB4F4083EA81FB816F
S1139600ED5BFB4F10828A819B818C5B9B4F7AE0E0
S1139610E2E6F7E0DC0101900D927A95E1F7FC01B6
S113962012AAA0EAB0E0B4ABA3ABACE0B0E0B6AB36
S1139630A5ABACE3B0E0B0AFA7ABA4EBB0E0B2AF86
S1139640A1AFE4EFF1E0DC01DC96FC93EE93DB9751
S11396500F2EFCEB2F2EF2E03F2EF02DDE963C92E7
S11396602E92DD97DF96E4E8F3E0ED93FC93EA8134
S1139670FB81EB57FB4F88E190E091838083EA8183
S1139680FB81E957FB4F1082EA81FB81E857FB4FCE
S11396906083EA81FB81E757FB4FBBE0B083EA813B
S11396A0FB81E657FB4F0F2EFDE06F2EF02D6082FD
S11396B0EA81FB81E557FB4F6EE06083EA81FB8121
S11396C0E357FB4F77E07083EA81FB81E257FB4F5E
S11396D01082EA81FB81E057FB4F5083EA81FB81D2
S11396E0E157FB4F89E08083EA81FB81EF56FB4F12
S11396F010828A819B818E569B4F6CE0ECE6F7E0EA
S1139700DC0101900D926A95E1F7DC01D2967C931D
S1139710D297D4965C924E92D397E9E1F0E0D69634
S1139720FC93EE93D59762E370E0D8967C936E93A6
S1139730D797DA969C928E92D997DC965C924E9249
S1139740DB97EA81FB81EB52FB4F1082EA81FB81BC
S1139750EA52FB4F4083EA81FB81E952FB4F70825E
S1139760EA81FB81E852FB4F7FE07083EA81FB8151
S1139770E752FB4F89E18083EA81FB81E652FB4F8C
S113978093E29083EA81FB81E352FB4F0F2EFAE0D0
S11397906F2EF02D6082EA81FB81E152FB4F108233
S11397A08A819B8180529B4F67E0E8E7F7E0DC0108
S11397B001900D926A95E1F7DC01D2961C92D29742
S11397C0E4EBF0E0D496FC93EE93D3970F2EFEE0F7
S11397D0EF2EF12CF02DD696FC92EE92D59706E45E
S11397E010E0D8961C930E93D797DA965C924E921B
S11397F0D99766E272E0DC967C936E93DB97DE96F3
S1139800BC92AE92DD97FC01FF9666EB73E0718328
S11398106083EA81FB81EF5DFA4F8CE190E09183F4
S11398208083EA81FB81ED5DFA4F1082EA81FB813E
S1139830EC5DFA4F3083EA81FB81EB5DFA4F68946B
S1139840992494F89082EA81FB81EA5DFA4F0F2E05
S1139850F2E17F2EF02D7082EA81FB81E95DFA4FFF
S11398600F2EF3E18F2EF02D8082EA81FB81E75DDC
S1139870FA4F4083EA81FB81E65DFA4F1082EA8168
S1139880FB81E45DFA4F5083EA81FB81E55DFA4F89
S1139890ABE0A083EA81FB81E35DFA4F1082CA80CA
S11398A0DB80B2EDCB1ABAEFDB0AEFE7F7E0D601C3
S11398B001900D924A95E1F7F60122ABCA80DB8054
S11398C0F4E8CF1AFAEFDF0A27E0E7E8F7E0D60179
S11398D001900D922A95E1F7D601D2961C92D29767
S11398E0E4EBF0E0D496FC93EE93D397D696FC92F7
S11398F0EE92D597D8961C930E93D797DA965C92EE
S11399004E92D997E6E2F2E0DC96FC93EE93DB9775
S1139910DE96BC92AE92DD97F601FF96718360836A
S1139920EA81FB81E354FA4F91838083EA81FB81CE
S1139930E154FA4F1082EA81FB81E054FA4F3083FC
S1139940EA81FB81EF53FA4F9082EA81FB81EE5367
S1139950FA4F7082EA81FB81ED53FA4F8082EA81EB
S1139960FB81EB53FA4F29E02083EA81FB81EA5320
S1139970FA4F1082EA81FB81E853FA4F5083EA815F
S1139980FB81E953FA4F8CE08083EA81FB81E75342
S1139990FA4F10828A819B8186539A4F27E0EEE822
S11399A0F7E0DC0101900D922A95E1F7DC01D296F3
S11399B01C92D297D4965C924E92D397E0E1F0E059
S11399C0D696FC93EE93D59760E570E0D8967C9399
S11399D06E93D7976CED70E0DA967C936E93D9977B
S11399E0E8E5F2E0DC96FC93EE93DB97E0E2F3E04B
S11399F0DE96FC93EE93DD97DF96E8EEF3E0ED93CD
S1139A00FC93EA81FB81E55FF94F80E290E091836A
S1139A108083EA81FB81E35FF94F1082EA81FB8155
S1139A20E25FF94F3083EA81FB81E15FF94F908275
S1139A30EA81FB81E05FF94F7082EA81FB81EF5E8E
S1139A40F94F8082EA81FB81ED5EF94F6082EA8101
S1139A50FB81EC5EF94F1082EA81FB81EA5EF94FEB
S1139A605083EA81FB81EB5EF94F0F2EFDE06F2EF0
S1139A70F02D6082EA81FB81E95EF94F10828A81D0
S1139A809B81885E994F2BE0E5E9F7E0DC010190CA
S1139A900D922A95E1F7DC01D2963C938A819B8151
S1139AA08A59994F26E0E0EAF7E0DC0101900D9233
S1139AB02A95E1F7FC0112AA74AB63AB22E130E012
S1139AC036AB25AB2AE530E030AF27AB4AEF50E0A8
S1139AD052AF41AF34AE23AE2BE633E036AF25AF01
S1139AE0FF966AE174E071836083EA81FB81E95542
S1139AF0F94F44E250E051834083EA81FB81E7550A
S1139B00F94F1082EA81FB81E655F94F24E0208366
S1139B10EA81FB81E555F94F0F2EF5E16F2EF02D0B
S1139B206082EA81FB81E455F94F87E18083EA8111
S1139B30FB81E355F94F98E19083EA81FB81E1557C
S1139B40F94F8BE08083EA81FB81E055F94F108265
S1139B50EA81FB81EE54F94F0F2EF6E95F2EF02DCA
S1139B605082EA81FB81EF54F94F0F2EFEE02F2E35
S1139B70F02D2082EA81FB81ED54F94F10828A8115
S1139B809B818C54994F37E0E7E1F7E0DC010190C9
S1139B900D923A95E1F7E1E0DC01D296EC938A81EB
S1139BA09B818E5F984F3EE0E6EAF7E0DC0101908E
S1139BB00D923A95E1F7DC01D2961C92D297ECED26
S1139BC0F0E0D496FC93EE93D397E2E1F0E0D696DE
S1139BD0FC93EE93D597EAE5F0E0D896FC93EE93E8
S1139BE0D797EAEFF0E0DA96FC93EE93D997ECEB93
S1139BF0F2E0DC96FC93EE93DB97EBE6F3E0DE9683
S1139C00FC93EE93DD97FC01FF9671836083EA81F8
S1139C10FB81ED5BF84F51834083EA81FB81EB5B71
S1139C20F84F1082EA81FB81EA5BF84F2083EA81D6
S1139C30FB81E95BF84F6082EA81FB81E85BF84FC6
S1139C40B7E1B083EA81FB81E75BF84F38E1308309
S1139C50EA81FB81E55BF84F8CE08083EA81FB813C
S1139C60E45BF84F1082EA81FB81E25BF84F50829B
S1139C70EA81FB81E35BF84F4FE04083EA81FB819B
S1139C80E15BF84F10828A819B81805B984F3FE0B3
S1139C90E4EBF7E0DC0101900D923A95E1F7DC0189
S1139CA0D2961C92D29740EF50E0D4965C934E9398
S1139CB0D39744E150E0D6965C934E93D5970F2EFC
S1139CC0F4E6EF2EF12CF02DD896FC92EE92D79775
S1139CD0ECE2F1E0DA96FC93EE93D9974EEE52E083
S1139CE0DC965C934E93DB974DE953E0DE965C93F0
S1139CF04E93DD97FC01FF964CE454E0518340837E
S1139D00EA81FB81EF56F84F88E290E091838083EB
S1139D10EA81FB81ED56F84F1082EA81FB81EC5613
S1139D20F84F2083EA81FB81EB56F84F6082EA8189
S1139D30FB81EA56F84F57E15083EA81FB81E956EB
S1139D40F84F68E16083EA81FB81E756F84F8DE0C4
S1139D508083EA81FB81E656F84F1082EA81FB8119
S1139D60E456F84F5082EA81FB81E556F84F70E1E2
S1139D707083EA81FB81E356F84F10828A819B81CC
S1139D808256984F2AE0E3ECF7E0DC0101900D9253
S1139D902A95E1F7E7E0DC01D296EC93D2970F2EF7
S1139DA0F8ECCF2ED12CF02DD496DC92CE92D39712
S1139DB029E130E0D6963C932E93D59742E350E0C8
S1139DC0D8965C934E93D797DA96FC92EE92D997F5
S1139DD0DC96DC92CE92DB97EA81FB81EF51F84F5F
S1139DE01082EA81FB81EE51F84F58E05083EA81FA
S1139DF0FB81ED51F84F0F2EF5E07F2EF02D708290
S1139E00EA81FB81EC51F84F6FE06083EA81FB81CA
S1139E10EB51F84F79E17083EA81FB81EA51F84F05
S1139E2083E28083EA81FB81E751F84F91E19083DB
S1139E30EA81FB81E551F84F10828A819B8184512C
S1139E40984F29E0EDECF7E0DC0101900D922A95A2
S1139E50E1F7DC01D2961C92D2976894AA24A2F866
S1139E60BB24B394D496BC92AE92D3970F2EF6E152
S1139E708F2E912CF02DD6969C928E92D597EEE64D
S1139E80F0E0D896FC93EE93D7972AE431E0DA9683
S1139E903C932E93D99700E213E0DC961C930E9327
S1139EA0DB976FEC73E0DE967C936E93DD97FC0199
S1139EB0FF964EE754E051834083EA81FB81E35DE2
S1139EC0F74F2CE230E031832083EA81FB81E15DAE
S1139ED0F74F1082EA81FB81E05DF74F7082EA81DF
S1139EE0FB81EF5CF74F8AE18083EA81FB81EE5CC2
S1139EF0F74F0F2EFBE13F2EF02D3082EA81FB81DC
S1139F00ED5CF74F0F2EFDE14F2EF02D4082EA81DC
S1139F10FB81EB5CF74F2082EA81FB81EA5CF74F1F
S1139F201082EA81FB81E85CF74F5082EA81FB8171
S1139F30E95CF74F92E19083EA81FB81E75CF74F9C
S1139F4010828A819B81865C974F0F2EF9E02F2E19
S1139F50F02DE6EDF7E0DC0101900D922A94E1F793
S1139F60DC01D2961C92D297D496BC92AE92D3972F
S1139F70D6969C928E92D597EEE6F0E0D896FC9316
S1139F80EE93D797EAE4F1E0DA96FC93EE93D9974F
S1139F90DC961C930E93DB97DE967C936E93DD9791
S1139FA0FC01FF9651834083EA81FB81E558F74F1A
S1139FB031832083EA81FB81E358F74F1082EA81E1
S1139FC0FB81E258F74F7082EA81FB81E158F74F39
S1139FD02AE12083EA81FB81E058F74F3082EA814D
S1139FE0FB81EF57F74F4082EA81FB81ED57F74F32
S1139FF03FE03083EA81FB81EC57F74F1082EA811E
S113A000FB81EA57F74F5082EA81FB81EB57F74F08
S113A01043E14083EA81FB81E957F74F10828A814B
S113A0209B818857974F2BE0EFEDF7E0DC0101901F
S113A0300D922A95E1F70F2EF6E0BF2EF02DDC01EC
S113A040D296BC92D297E6E9F0E0D496FC93EE93D4
S113A050D397EA81FB81E553F74F1082EA81FB81B4
S113A060E453F74F28E02083EA81FB81ED52F74F58
S113A0700F2EF4E12F2EF02D2082EA81FB81EB528A
S113A080F74F10828A819B818A52974F29E0EAEE2A
S113A090F7E0DC0101900D922A95E1F7DC01D296FC
S113A0A01C92D29728E131E0D4963C932E93D39717
S113A0B028E130E0D6963C932E93D59728E730E0FC
S113A0C0D8963C932E93D79728E631E0DA963C93C2
S113A0D02E93D99722E533E0DC963C932E93DB97BD
S113A0E021E034E0DE963C932E93DD97FC01FF964D
S113A0F020EB34E031832083EA81FB81E95EF64F73
S113A10080E390E091838083EA81FB81E75EF64FF0
S113A1101082EA81FB81E65EF64F7082EA81FB8160
S113A120E55EF64F3AE13083EA81FB81E45EF64F67
S113A1303082EA81FB81E35EF64F4082EA81FB8153
S113A140E15EF64F40E14083EA81FB81E05EF64F39
S113A1501082EA81FB81EE5DF64F5082EA81FB8139
S113A160EF5DF64F6082EA81FB81ED5DF64F108270
S113A1708A819B818C5D964F23E1E3EFF7E0DC015C
S113A18001900D922A95E1F7DC01D2967C928A81A6
S113A1909B818E58964F26E0E6E0F8E0DC010190C2
S113A1A00D922A95E1F7FC0112AA2CE231E034ABBE
S113A1B023AB4AE150E056AB45AB62E870E070AFC8
S113A1C067AB06E811E012AF01AF64E873E074AF67
S113A1D063AFACE4B4E0B6AFA5AFFF964BEF54E089
S113A1E051834083EA81FB81ED54F64F24E330E050
S113A1F031832083EA81FB81EB54F64F1082EA819C
S113A200FB81EA54F64FB082EA81FB81E954F64FB0
S113A2100F2EFFE15F2EF02D5082EA81FB81E8547E
S113A220F64F6894882485F88082EA81FB81E7549C
S113A230F64F0F2EF2E29F2EF02D9082EA81FB81E1
S113A240E554F64FB1E1B083EA81FB81E454F64F63
S113A2501082EA81FB81E254F64F0F2EF8ECAF2E08
S113A260F02DA082EA81FB81E354F64F86E18083DE
S113A270EA81FB81E154F64F10828A819B818054EC
S113A280964F0F2EFEE04F2EF02DECE0F8E0DC01AF
S113A29001900D924A94E1F7FC0112AAACE2B1E0FC
S113A2A0B4ABA3ABAAE1B0E0B6ABA5ABA2E8B0E017
S113A2B0B0AFA7AB12AF01AF74AF63AF6CE474E09F
S113A2C076AF65AFFF9651834083EA81FB81EF5FF0
S113A2D0F54F31832083EA81FB81ED5FF54F1082D6
S113A2E0EA81FB81EC5FF54FB082EA81FB81EB5F91
S113A2F0F54F5082EA81FB81EA5FF54F8082EA8163
S113A300FB81E95FF54F9082EA81FB81E75FF54FBE
S113A31072E17083EA81FB81E65FF54F1082EA8186
S113A320FB81E45FF54FA082EA81FB81E55FF54F95
S113A33087E18083EA81FB81E35FF54F10828A81A4
S113A3409B81825F954F28E0EFE7F7E0DC01019005
S113A3500D922A95E1F7E1E0DC01D296EC938A8133
S113A3609B81845A954F2FE0EAE1F8E0DC010190EB
S113A3700D922A95E1F7DC01D2961C92D29720E443
S113A38031E0D4963C932E93D3972CE130E0D696CB
S113A3903C932E93D597E6E9F0E0D896FC93EE93A0
S113A3A0D79722EC31E0DA963C932E93D99728EE96
S113A3B033E0DC963C932E93DB9720EB34E0DE967F
S113A3C03C932E93DD97FC01FF9688E795E09183FB
S113A3D08083EA81FB81E356F54F28E330E0318343
S113A3E02083EA81FB81E156F54F1082EA81FB81EB
S113A3F0E056F54FB082EA81FB81EF55F54F50826C
S113A400EA81FB81EE55F54F8082EA81FB81ED55AF
S113A410F54F9082EA81FB81EB55F54F33E13083B0
S113A420EA81FB81EA55F54F1082EA81FB81E85508
S113A430F54FA082EA81FB81E955F54F48E140835D
S113A440EA81FB81E755F54F10822A813B8126552D
S113A450354F4EE0E9E2F8E0D90101900D924A95BA
S113A460E1F7E7E0D901D296EC93D297D496DC9247
S113A470CE92D39749E150E0D6965C934E93D5970C
S113A48062E370E0D8967C936E93D797DA96FC9249
S113A490EE92D997DC96DC92CE92DB97EA81FB812F
S113A4A0E351F54F1082EA81FB81E251F54F78E0E8
S113A4B07083EA81FB81E151F54F7082EA81FB816F
S113A4C0E051F54FAFE0A083EA81FB81EF50F54FF7
S113A4D0B9E1B083EA81FB81EE50F54F23E220839A
S113A4E0EA81FB81EB50F54FB083EA81FB81E950AF
S113A4F0F54F10822A813B812850354F47E0E7E130
S113A500F7E0D90101900D924A95E1F7E1E0D90114
S113A510D296EC932A813B812A5B344F46E0E7E3F1
S113A520F8E0D90101900D924A95E1F7D901D2964C
S113A5301C92D2974EE551E0D4965C934E93D397F8
S113A54043E250E0D6965C934E93D5974FEA50E0A1
S113A550D8965C934E93D79744EF51E0DA965C9388
S113A5604E93D997ECE4F4E0DC96FC93EE93DB97FE
S113A57044E155E0DE965C934E93DD97F901FF9636
S113A5804CED55E051834083EA81FB81E957F44F58
S113A59026E430E031832083EA81FB81E757F44FDE
S113A5A01082EA81FB81E657F44F27E02083EA8199
S113A5B0FB81E557F44F45E24083EA81FB81E45790
S113A5C0F44F57E25083EA81FB81E357F44F108242
S113A5D0EA81FB81E157F44F2082EA81FB81E05755
S113A5E0F44F1082EA81FB81EE56F44FA082EA8197
S113A5F0FB81EF56F44F3AE13083EA81FB81ED565B
S113A600F44F10822A813B812C56344F6EE0EDE3E7
S113A610F8E0D90101900D926A95E1F762E0D90161
S113A620D2966C93D297D496FC92EE92D3972A81C9
S113A6303B812E51344F6EE0EBE4F8E0D9010190F8
S113A6400D926A95E1F7F90112AA60E971E074AB21
S113A65063AB62E370E076AB65ABD0AEC7AA68E5E6
S113A66072E072AF61AF94AF83AF84EA96E096AFC5
S113A67085AFFF9680ED97E091838083EA81FB812B
S113A680ED5DF34FF182E082EA81FB81EB5DF34FF4
S113A6901082EA81FB81EA5DF34F77E07083EA81FF
S113A6A0FB81E95DF34F4083EA81FB81E85DF34F71
S113A6B04083EA81FB81E75DF34F4083EA81FB81BC
S113A6C0E65DF34F5083EA81FB81E55DF34F6082E1
S113A6D0EA81FB81E45DF34F1082EA81FB81E25D54
S113A6E0F34FA082EA81FB81E35DF34F30828A81DC
S113A6F09B81815D934FDC011C920F900F900F9012
S113A700DF91CF911F910F91FF90EF90DF90CF9049
S113A710BF90AF909F908F907F906F905F904F907D
S113A7203F902F900895EF92FF920F931F93CF9332
S113A730DF93FC01108201E0008727E0208B76E0A4
S113A740778B118A63E0608F42E350E0538F428F2E
S113A75098E090A387E286A320A727A711A620ABA1
S113A76027AB11AA90AF8FE186AFDF01A05CBF4F8A
S113A7709C9388E116968C93169718969C9316963C
S113A7801C92169718969C9389E116968C931697AB
S113A790189684E08C93C6E4D0E01396DC93CE93B1
S113A7A0129718968C93CCE8D0E01396DC93CE9352
S113A7B0129718962C932DEF11962C9311971896A7
S113A7C012E01C93C9E1D0E01396DC93CE93129768
S113A7D024E630E015963C932E93149718960F2E8A
S113A7E0F5E0FF2EF02DFC9213965C934E93129796
S113A7F018966C930F2EF5E0EF2EF12CF02D139696
S113A800FC92EE92129718961C9218960C93189636
S113A8101C9308E210E013961C930E93129703E71F
S113A82010E015961C930E93149718966C93139638
S113A8303C932E93129718966C9313965C934E93B5
S113A840129718966C9313965C934E9312971896DE
S113A8507C936AE070E013967C936E93129718963B
S113A8608C9313963C932E93129718968C9313966D
S113A8707C936E93129718968C9313965C934E93D5
S113A880129718968C9313963C932E9312971896BE
S113A8908C931396DC93CE93129718968C9344E181
S113A8A050E013965C934E93129718968C931396DC
S113A8B03C932E93129718968C9313963C932E9355
S113A8C0129718969C9316961C92169728EC30E0D3
S113A8D013963C932E931297E85FFE4F908380E289
S113A8E08683DF91CF911F910F91FF90EF90089590
S113A8F048EC469F9001479F300D1124B901645DD7
S113A9007E4F0C94FC660895FC0181E02AE006C0A9
S113A9102150622F70E0CF010E9469668111F8CF47
S113A920822F0895FC01108290E006C0DF01A90F78
S113A930B11D11961C929F5F9C31C0F3168E158E2B
S113A940178E10A290E006C0DF01A90FB11D9196E9
S113A9501C929F5F9C31C0F316AE15AE17AE0895DE
S113A9601F93CF93DF93162F282F30E08EE4829F1E
S113A970F001839FF00D1124E15FF14F8081853058
S113A98059F590916F0B9C5F90936F0B9091700BA6
S113A99091509093700B6FEF680F8EE4829FE001EB
S113A9A0839FD00D1124CB53D24FFE01E75BFF4FA1
S113A9B080810E948B40FE01E65BFF4F80818150C5
S113A9C08083C45BDF4F4881469550E0612F80E06F
S113A9D00E94E16081E027C0882329F190916F0BE8
S113A9E0915090936F0B6FEF680F8EE4829FE0019C
S113A9F0839FD00D1124CB53D24FFE01E75BFF4F51
S113AA0080810E948B40FE01E65BFF4F8081815074
S113AA108083C45BDF4F4881469550E0612F80E01E
S113AA200E94E16081E0DF91CF911F9108959F9290
S113AA30AF92BF92CF92DF92EF92FF920F931F9348
S113AA40CF93DF93CDB7DEB72B970FB6F894DEBF65
S113AA500FBECDBFB82E88E0E4ECF6E0DE0111961F
S113AA6001900D928A95E1F719861A861B8680E07B
S113AA7001C08F5F8830E8F380E008C0E9E0F0E0CF
S113AA80EC0FFD1FE80FF11D10828F5F8330B0F3D0
S113AA90D12C912CF12CE7C12091680B3091690BDA
S113AAA03093670B2093660B1092690B1092680B1E
S113AAB090910901892F90E0982F882740910601F1
S113AAC0842B9093690B8093680B20953095822397
S113AAD0932390936B0B80936A0B0D2D10E0E1E0B0
S113AAE0F0E0EC0FFD1FE00FF11FE0808E2D90E0F1
S113AAF02EE4289FF001299FF00D1124E85FF14F07
S113AB0020812B11AFC12CC03EE4389FF001399F46
S113AB10F00D1124EB53F24FE20FF11DEB5BFF4FED
S113AB206081462F50E0349FF001359FF00D1124D1
S113AB30E85FF14F3081B31611F061110CC03EE4AF
S113AB40349FF001359FF00D1124EE5EF14F3081FA
S113AB50311103C003C070E001C070E02F5F02C078
S113AB6020E071E0233080F2711171C17BC120912A
S113AB70680B3091690B3093670B2093660B10922E
S113AB80690B1092680B8091090190E0982F882737
S113AB9040910601842B9093690B8093680B209558
S113ABA030958223932390936B0B80936A0B80E000
S113ABB090E04FEF22C0E1E0F0E0EC0FFD1FE00F6A
S113ABC0F11FE0812EE4E29FF0011124EB53F24FD8
S113ABD0E80FF11DEB5BFF4FE081EE2369F02EE4FB
S113ABE0E29FF0011124E15FF14F2081241708F462
S113ABF0422F921708F4922F8F5F8330E0F250E0D7
S113AC0038C0E1E0F0E0EC0FFD1FE00FF11FE08140
S113AC10252F30E08EE48E9FF0011124EB53F24F88
S113AC20E20FF31FEB5BFF4FE0818E9FF0011124D5
S113AC30E15FF14F8081981309C0E9E0F0E0EC0F87
S113AC40FD1FE20FF31F81E0808312C0481308C088
S113AC50E9E0F0E0EC0FFD1FE20FF31F108208C0E3
S113AC60E9E0F0E0EC0FFD1FE20FF31F81E08083C9
S113AC705F5F533030F2C1102DC00E94700E8EE41D
S113AC80E89EA00111244B53524F60E081E00E94E2
S113AC909A0E8091730B882379F049E558E060E0BF
S113ACA080E00E949A0E4AE658E060E082E00E944A
S113ACB09A0ECC24C3940EC04BE758E060E080E0C9
S113ACC00E949A0E4CE858E060E082E00E949A0EDE
S113ACD0CC24C39480916A0B90916B0B93FF3FC07B
S113ACE08091730B81113BC08985882349F08A8543
S113ACF0882331F08B85882319F019861A861B86E0
S113AD0021E0F21699F0F21620F082E0F816D9F05C
S113AD1026C08985811123C06B2D8E2D0E948763E7
S113AD20982E8823E1F081E0898719C08A858111F2
S113AD3016C06B2D8E2D0E948763982E882379F080
S113AD4081E08A870CC08B85811109C06B2D8E2D03
S113AD500E948763982E882311F081E08B8780916D
S113AD606A0B90916B0B9923ACF5898581110AC00C
S113AD708A85811107C08B85811104C081E0898790
S113AD808A878B8721E0F21689F0F21620F082E0A0
S113AD90F816B9F01FC089858823E1F06B2D8E2D3C
S113ADA0DFDD982E8823B1F0198614C08A858823A4
S113ADB089F06B2D8E2DD4DD982E882359F01A86B8
S113ADC009C08B85882331F06B2D8E2DC9DD982E1B
S113ADD081111B868091730B882321F0992011F037
S113ADE0AA24A39480916A0B90916B0B96FF31C0B7
S113ADF08F2D90E0019663E070E00E947D66F82E4E
S113AE00E1E0F0E0EC0FFD1FE00FF11F208130E0E6
S113AE109EE4929FF001939FF00D1124EB53F24FA7
S113AE20E80FF11DEB5BFF4FE080E1100EC08EE4F4
S113AE30829FF001839FF00D1124E65FF14FE080C3
S113AE408A858B87C12CF12C04C0C12C02C0A12C93
S113AE50C12C80916A0B90916B0B92FD03C0AA20C8
S113AE6009F485CED39427E02D1508F015CE2B9642
S113AE700FB6F894DEBF0FBECDBFDF91CF911F9107
S113AE800F91FF90EF90DF90CF90BF90AF909F9085
S113AE9008952F923F924F925F926F927F928F927A
S113AEA09F92AF92BF92CF92DF92EF92FF920F9355
S113AEB01F93CF93DF93CDB7DEB7C057D1090FB639
S113AEC0F894DEBF0FBECDBF782EA9966FAFA997B9
S113AED0E1965FAF4EAFE19788E2FE013196DF0164
S113AEE0282F1D922A95E9F7B89696E0DF011D9266
S113AEF09A95E9F73696DF011D928A95E9F7A896A7
S113AF001FAEA897C12C11E0AC961FAEAC97412C94
S113AF10AF961FAE1EAEAF97AD961FAEAD97AB9674
S113AF201FAEAB97AA961FAEAA970C94C26020914D
S113AF30680B3091690B3093670B2093660B10926A
S113AF40690B1092680B8091090190E0982F882773
S113AF5040910601842B9093690B8093680B209594
S113AF6030952823392330936B0B20936A0B8091FF
S113AF702D0290E08B30910510F00C94C260FC011E
S113AF808827EE57FF4F8F4F0C949066198280915B
S113AF90080E87110CC090910F0E992361F09091C7
S113AFA0120E992361F0AA961FAEAA970CC0AA9616
S113AFB01FAEAA9708C0AA961FAEAA9704C0B1E014
S113AFC0AA96BFAFAA97871122C08091120E882338
S113AFD0A1F0AB961FAEAB9722C0E82FF0E0E65F7E
S113AFE0F14FE0812EE4E29FF0011124E15FF14F83
S113AFF02081211190E08F5F02C080E091E08330D6
S113B00060F3911108C0AB961FAEAB9708C0AB9626
S113B0101FAEAB9704C031E0AB963FAFAB97AA9697
S113B0206FADAA97662381F14DE958E060E080E0B6
S113B0300E949A0E1F927F928EEA98E09F938F93BC
S113B0407E0177E5E70EF11CFF92EF920E941267F2
S113B050A7016BE080E00E949A0E41EB58E060E0AB
S113B06081E00E949A0E42EC58E060E082E00E9487
S113B0709A0E82E080932D020F900F900F900F9004
S113B0800F900F900C94C260AB968FADAB97882352
S113B09081F14DE958E060E080E00E949A0E1F9231
S113B0A07F928EEA98E09F938F937E0197E5E90E55
S113B0B0F11CFF92EF920E941267A7016BE080E0FF
S113B0C00E949A0E43ED58E060E081E00E949A0EDF
S113B0D042EC58E060E082E00E949A0E84E08093A3
S113B0E02D020F900F900F900F900F900F900C94D3
S113B0F0C26086E080932D020C94C260872D90E09C
S113B1000197FC01E95FFD4F408150E04223532346
S113B110452B39F0872D8BDC85E080932D020C9430
S113B120C260FC01E55FFD4F808190E082239323A0
S113B130892B11F40C94C260AB96AFADAB97AA23E4
S113B14079F14DE958E060E080E00E949A0E1F9288
S113B1507F928EEA98E09F938F937E01B7E5EB0E82
S113B160F11CFF92EF920E941267A7016BE080E04E
S113B1700E949A0E43ED58E060E081E00E949A0E2E
S113B18042EC58E060E082E00E949A0E84E08093F2
S113B1902D020F900F900F900F900F900F90F2C709
S113B1A04DE958E060E080E00E949A0E1F927F9281
S113B1B08EEA98E09F938F937E01E7E5EE0EF11CF3
S113B1C0FF92EF920E941267A7016BE080E00E9459
S113B1D09A0E44EE58E060E081E00E949A0E45EF3A
S113B1E058E060E082E00E949A0E0F900F900F905A
S113B1F00F900F900F9080E395E705C0E0E9F1E030
S113B2003197F1F701970097C9F74DE958E060E0ED
S113B21080E00E949A0E1F927F928EEA98E09F939C
S113B2208F937E01F7E5EF0EF11CFF92EF920E94DF
S113B2301267A7016BE080E00E949A0E41EB58E090
S113B24060E081E00E949A0E42EC58E060E082E007
S113B2500E949A0E0F900F900F900F900F900F90E6
S113B26091C7872D90E00197FC01E95FFD4F408174
S113B27050E042235323452B09F4E0C04DE958E044
S113B28060E080E00E949A0E1F927F928EEA98E01E
S113B2909F938F937E0127E5E20EF11CFF92EF92BC
S113B2A00E941267A7016BE080E00E949A0E46E0BC
S113B2B059E060E081E00E949A0E47E159E060E0C5
S113B2C082E00E949A0E89813EE4839FC00111248A
S113B2D0BC016B53724F4B01AB0160E082E00E94F2
S113B2E09A0E0F900F900F900F900F900F9000E018
S113B2F0F12C9DC04091680B5091690B5093670BE2
S113B3004093660B1092690B1092680B80910901AF
S113B31090E0982F882720910601DC01A22B9D0143
S113B3203093690B2093680BCA0180959095822312
S113B330932390936B0B80936A0B96FF34C0E02F9A
S113B340F0E0319621E030E02C0F3D1FE20FF31FB7
S113B35080818823D9F00732C8F40F5F47E159E0B0
S113B36060E082E00E949A0EE1E0F0E0EC0FFD1F45
S113B370E00FF11D40813EE4439FA00111244B5393
S113B380524F60E082E00E949A0E51C047E159E0BA
S113B39060E082E00E949A0EA40160E082E00E94D4
S113B3A09A0E00E044C093FF42C0E1E0F0E0EC0FED
S113B3B0FD1FE00FF11DE080F12C2EE42E9DC00155
S113B3C02F9D900D1124BC016B53724F5B01FB0147
S113B3D0E35BFF4F81E08083DB01D3964D915C9169
S113B3E0D49756954795672D80E0EBD6F50182A951
S113B3F081110FC08EE48E9DF0018F9DF00D1124FC
S113B400E25FF14F66E080810E948B40FF24F39459
S113B4100EC08EE48E9DF0018F9DF00D1124E05F2F
S113B420F14F65E080810E94F740FF24F394FF20F0
S113B43009F460CF85E080932D02A4C6FC01E55F8A
S113B440FD4F808190E082239323892B09F49AC6CF
S113B450AA96FFADAA97FF2379F14DE958E060E081
S113B46080E00E949A0E1F927F928EEA98E09F934A
S113B4708F937E0127E5E20EF11CFF92EF920E946A
S113B4801267A7016BE080E00E949A0E41EB58E03E
S113B49060E081E00E949A0E42EC58E060E082E0B5
S113B4A00E949A0E82E080932D020F900F900F90CD
S113B4B00F900F900F9066C64DE958E060E080E071
S113B4C00E949A0E1F927F928EEA98E09F938F9328
S113B4D07E0137E5E30EF11CFF92EF920E941267A2
S113B4E0A7016BE080E00E949A0E48E259E060E018
S113B4F081E00E949A0E49E359E060E082E00E94F4
S113B5009A0E0F900F900F900F900F900F9080E372
S113B51095E705C0E0E9F1E03197F1F7019700976D
S113B520C9F74DE958E060E080E00E949A0E1F924E
S113B5307F928EEA98E09F938F937E0167E5E60EF3
S113B540F11CFF92EF920E941267A7016BE080E06A
S113B5500E949A0E4AE459E060E081E00E949A0E4B
S113B56042EC58E060E082E00E949A0E0F900F9047
S113B5700F900F900F900F9005C67BE3779EF0011C
S113B5801124E25AF34F82A993A9E196AEADBFAD5F
S113B590E1978A179B0708F43EC0AD01A9966FADE9
S113B5A0A997872D0ED64DE958E060E080E00E940F
S113B5B09A0E1F927F928EEA98E09F938F937E015A
S113B5C0B7E5EB0EF11CFF92EF920E941267A70100
S113B5D06BE080E00E949A0E47E159E060E081E070
S113B5E00E949A0E4BE559E060E082E00E949A0EB8
S113B5F00F900F900F900F900F900F9080E593ECA9
S113B60005C0E0E9F1E03197F1F701970097C9F738
S113B6101092730BB7C5E196AEACBFACE197A81A14
S113B620B90A4DE958E060E080E00E949A0E1F924A
S113B6307F928EEA98E09F938F937E01E7E5EE0E6A
S113B640F11CFF92EF920E941267A7016BE080E069
S113B6500E949A0E4CE659E060E081E00E949A0E46
S113B66047E159E060E082E00E949A0EBF92AF92F7
S113B6708DE799E09F938F93FF92EF920E94126758
S113B680A70166E082E00E949A0E64E084E60E94CC
S113B690B64510922D020FB6F894DEBF0FBECDBF93
S113B6A071C54DE958E060E080E00E949A0EA72C35
S113B6B0B12C1F927F928EEA98E09F938F937E0124
S113B6C037E5E30EF11CFF92EF920E941267A70187
S113B6D06BE080E00E949A0E47E159E060E081E06F
S113B6E00E949A0E41E859E060E082E00E949A0EBE
S113B6F08BE38A9DF0018B9DF00D1124E25AF34FE8
S113B70081E082AF88E284AB672D0E948A410F906A
S113B7100F900F900F900F900F9080E593EC05C061
S113B720E0E9F1E03197F1F701970097C9F780E07C
S113B7301DC0282F30E0EFE2F0E0EC0FFD1FE20F18
S113B740F31F10829EE4929FF001939FF00D112449
S113B750E85FF14F9081791208C0EFE2F0E0EC0F5E
S113B760FD1FE40DF11D808343948F5F883208F33D
S113B770A9966FADA997611151C02BE32A9DC00111
S113B7802B9D900D1124DC01A25AB34F7D01D2965A
S113B7904D915C91D397872D14D5F70117AA00E03A
S113B7A033C0EFE2F0E0EC0FFD1FE00FF11D8081EC
S113B7B090E02EE4289FF001299FF00D1124EB5313
S113B7C0F24FDF01A35BBF4F1C9222A921110FC0CE
S113B7D07F01E75BFF4F60E080810E948B40F701AF
S113B7E0E55BFF4F69E080810E94F7400CC02EE4C6
S113B7F0289FF001299FF00D1124E05FF14F69E0CB
S113B80080810E94F7400F5F041558F287E080930F
S113B8102D0271E0AD967FAFAD97B4C48BE38A9DE2
S113B820F0018B9DF00D1124E25AF34F42A953A964
S113B830A9966FADA997872DC4D488E080932D0273
S113B840A1C4AD968FADAD9781110AC062C0E9E283
S113B850F0E0EC0FFD1FE80FF11D10828F5F01C0B7
S113B86080E08630A0F301E027C040E0602F80E054
S113B87090E00E942142E02EF12C8BE38E9DF0019A
S113B8808F9DF00D1124E25AF34F82AD882399F075
S113B89042E0602F80E090E00E942142F70131975E
S113B8A0A9E2B0E0AC0FBD1FEA0FFB1F81E080836B
S113B8B08DA58F5F8DA70F5F809106028017A8F674
S113B8C00E94700E42E959E060E080E00E949A0E06
S113B8D0EFE2F0E0EC0FFD1FAC96BFADAC97EB0FC1
S113B8E0F11D4081EEE44E9FA00111244B53524FB1
S113B8F060E081E00E949A0E43EA59E060E082E051
S113B9000E949A0EAF961FAE1EAEAF97AD961FAEB5
S113B910AD9700E08CC0E02EF12CF701E95FFD4FFC
S113B9208081282F30E080916A0B90916B0B8223E9
S113B9309323892B09F448C0E9E2F0E0EC0FFD1FE2
S113B940EE0DFF1D808181113FC0C70101962BE3DD
S113B950289FF001299FF00D1124E25AF34F82A988
S113B96093A9AF96AEACBFACAF97FAE0AF0EB11CE3
S113B9708A159B0548F199249394900E9EA6DD2484
S113B980D39415C0ED2DF0E0319729E230E02C0F6F
S113B9903D1FE20FF31F8081811108C0D91431F0DB
S113B9A040E06D2D80E090E00E942142D39480918C
S113B9B006028D1538F741E0692DC5010E94214228
S113B9C0AF96BFAEAEAEAF97F701E55FFD4F808196
S113B9D020916A0B30916B0B90E082239323892B87
S113B9E029F1E9E2F0E0EC0FFD1FEE0DFF1D80816F
S113B9F081111CC0EEA5F0E0E65FFD4F808190E070
S113BA0028233923232B91F4E9E2F0E0EC0FFD1F06
S113BA10EE0DFF1D81E080838DA58F5F8DA742E031
S113BA2061E0600F80E090E00E9421420F5F80910E
S113BA300602081708F46FCF2DA530E090E00197B7
S113BA402817390709F09EC344EB59E060E080E011
S113BA500E949A0E4DE958E060E081E00E949A0E3F
S113BA600EA51F920F938EEA98E09F938F937E0109
S113BA7037E5E30EF11CFF92EF920E941267A701D3
S113BA806BE081E00E949A0EEFE2F0E0EC0FFD1F04
S113BA90AC966FADAC97E60FF11D80817EE4879F75
S113BAA0C00111248B53924FFC01ED5BFF4F0083C7
S113BAB03896602F80810E94F740AC968FADAC978A
S113BAC08F5FAC968FAFAC97EFE2F0E0EC0FFD1F09
S113BAD0E80FF11D80810F900F900F900F900F9041
S113BAE00F90811104C089E080932D0204C0A1E06D
S113BAF0AD96AFAFAD9780E197E205C0E0E9F1E024
S113BB003197F1F701970097C9F73CC342E959E02F
S113BB1060E080E00E949A0E45EC59E060E081E02C
S113BB200E949A0E47E159E060E082E00E949A0E7A
S113BB3080E395E705C0E0E9F1E03197F1F701977B
S113BB400097C9F740E06EE57CE0809106020E9410
S113BB5067431092730B85E080932D0213C34DE964
S113BB6058E060E080E00E949A0EA996BFADA997C4
S113BB70AB2EB12C1F92BF938EEA98E09F938F93C4
S113BB807E01E7E5EE0EF11CFF92EF920E94126730
S113BB90A7016BE080E00E949A0E46ED59E060E058
S113BBA081E00E949A0E47E159E060E082E00E9441
S113BBB09A0E0F900F900F900F900F900F9080E3BC
S113BBC095E705C0E0E9F1E03197F1F701970097B7
S113BBD0C9F7512C90C22091680B3091690B3093B6
S113BBE0670B2093660B1092690B1092680B80917F
S113BBF0090190E0982F882740910601842B9093A7
S113BC00690B8093680B209530958223932390933E
S113BC106B0B80936A0BD11025C0EFE2F0E0EC0FC0
S113BC20FD1FE50DF11DC08047E159E060E080E0B3
S113BC300E949A0EFEE4CF9EA00111244B53524F52
S113BC4060E080E00E949A0E47EE59E060E081E0F7
S113BC500E949A0E48EF59E060E082E00E949A0E3A
S113BC60DD24D39480916A0B90916B0B93FF18C2DF
S113BC70112309F4C3C08C2C912C8EE4889DF0010F
S113BC80899DF00D1124EB53F24F63A974A980E050
S113BC9090E0FAD62DEC3CEC4CE05FE3ABD7C8D691
S113BCA0362E272EE62EF72E8BE38A9DF0018B9DF0
S113BCB0F00D1124E25AF34F82A993A98E159F0522
S113BCC000F149E05AE060E081E00E949A0E2F9270
S113BCD03F928EEA98E09F938F934E0127E5820E60
S113BCE0911C9F928F920E941267A40166E081E0EA
S113BCF00E949A0E0F900F900F900F900F900F903C
S113BD00ECC04AE15AE060E081E00E949A0E80E3D0
S113BD1095E705C0E0E9F1E03197F1F70197009765
S113BD20C9F78EE4889DF001899DF00D1124EB5331
S113BD30F24F63A974A980E090E0A6D62DEC3CEC08
S113BD404CE45DE357D774D6962E872EE62EF72E55
S113BD508BE38A9DF0018B9DF00D1124E25AF34F81
S113BD6082A993A98E159F0580F14BE25AE060E009
S113BD7081E00E949A0E80E395E705C0E0E9F1E0D6
S113BD803197F1F701970097C9F749E05AE060E06D
S113BD9081E00E949A0E8F929F928EEA98E09F9380
S113BDA08F934E0137E5830E911C9F928F920E94D0
S113BDB01267A40166E081E00E949A0E0F900F9032
S113BDC00F900F900F900F9088C04CE35AE060E002
S113BDD081E00E949A0E47E159E060E082E00E940F
S113BDE09A0E80E395E705C0E0E9F1E03197F1F7B9
S113BDF001970097C9F7662463946FC06EE4C69EEA
S113BE00F0011124EB53F24F63A974A980E090E090
S113BE103BD62DEC3CEC4CE45DE3ECD609D6962EF7
S113BE20872EE62EF72E8BE38A9DF0018B9DF00D75
S113BE301124E25AF34F82A993A98E159F0578F530
S113BE404AE15AE060E081E00E949A0E47E159E03D
S113BE5060E082E00E949A0E80E395E705C0E0E985
S113BE60F1E03197F1F701970097C9F74CE35AE0F5
S113BE7060E081E00E949A0E47E159E060E082E0D0
S113BE800E949A0E80E395E705C0E0E9F1E031975E
S113BE90F1F701970097C9F7662463941EC049E03F
S113BEA05AE060E081E00E949A0E8F929F928EEA9F
S113BEB098E09F938F934E0177E5870E911C9F9294
S113BEC08F92B0D7A40166E081E00E949A0E0F9091
S113BED00F900F900F900F900F90662009F1B6C04D
S113BEE02091680B3091690B3093670B2093660B9C
S113BEF01092690B1092680B8091090190E0982FC1
S113BF00882740910601842B9093690B8093680BDA
S113BF10209530958223932390936B0B80936A0B27
S113BF2080916A0B90916B0B9C012227307194FDD8
S113BF3002C09923ACF6232B51F0A70160E0A99627
S113BF408FADA9973ED1A8968FAFA8971BC0812F1C
S113BF5090E0019681709078992324F401978E6F74
S113BF609F6F0196182F882339F047EE59E060E05F
S113BF7081E00E949A0E06C04DE45AE060E081E040
S113BF800E949A0EA8968FADA897813009F0B0C090
S113BF901123A9F1EC2CF12C8EE48E9DF0018F9DE0
S113BFA0F00D1124EB53F24FDF01A35BBF4F1C9242
S113BFB01A97A9969FADA9979C9382A981110CC049
S113BFC08EE48E9DF0018F9DF00D1124E25FF14F00
S113BFD060E080810E948B408EE48E9DF0018F9DF5
S113BFE0F00D1124E05FF14FA9966FADA997808100
S113BFF00E94F740A8961FAEA89700E079C08C2D48
S113C00090E02EE4289FF001299FF00D1124EB53BA
S113C010F24FDF01AD5BBF4FA9962FADA9972C93CB
S113C02022A921115BC02EE4289FF001299FF00D65
S113C0301124E05FF14FA9966FADA99780810E940A
S113C040F740A8961FAEA89700E052C08C2C912C04
S113C0502EE4289DC001299D900D1124BC016B5331
S113C060724F7B01FB01ED5BFF4F10823A96108209
S113C070329760E080810E94F740D701D2968C917C
S113C080811131C08EE4889DF001899DF00D112449
S113C090E25FF14F60E080810E948B4000E028C0A5
S113C0A0992334F5812F90E001968170907899233B
S113C0B024F401978E6F9F6F0196182F882339F00F
S113C0C047EE59E060E081E00E949A0E11C04DE411
S113C0D05AE060E081E00E949A0E0AC0A8961FAE62
S113C0E0A89700E005C000E003C0612CD12C01E05A
S113C0F0011171CD53945414C0F3272D30E08BE318
S113C100829FF001839FF00D1124E25AF34F87A917
S113C110882399F09BE39A9DF0019B9DF00D1124D7
S113C120E25AF34F47A9840F87AB929FF001939F84
S113C130F00D1124E25AF34F17AA8AE080932D02DE
S113C14021C04EE55AE060E080E00E949A0E4FE67E
S113C1505AE060E081E00E949A0E47E159E060E015
S113C16082E00E949A0E80E395E705C0E0E9F1E0E1
S113C1703197F1F701970097C9F71092730B85E097
S113C18080932D028091730B81110C949757C059A1
S113C190DF4F0FB6F894DEBF0FBECDBFDF91CF9156
S113C1A01F910F91FF90EF90DF90CF90BF90AF90D1
S113C1B09F908F907F906F905F904F903F902F90C3
S113C1C00895AF92BF92CF92DF92EF92FF920F93B6
S113C1D01F93CF93DF93C82FA62E8A01CA010E9412
S113C1E08454B82EAA2009F456C0CC2309F453C0B1
S113C1F0EC2EF12C8BE38E9DF0018F9DF00D11241C
S113C200E25AF34F42A953A94017510770F534C0BD
S113C210CB2DD0E0EBE3EE9DD001EF9DB00D1124CA
S113C220A25AB34FD2968D919C91D3978C1B9D0BA0
S113C230D3969C938E93D297EA9DF0011124E25AEF
S113C240F34F82A993A98C0F9D1F93AB82AB40E05F
S113C2506EE57CE0809106020E94674380E49CE9DD
S113C2600197F1F7CC0EDD1E02C0C12CD12CC016F3
S113C270D10670F281E07BC081E08093730B041BD4
S113C280150B6A2D8C2F9DDFA8016A2D8C2F0E941F
S113C290495781E06CC0A11044C0CC2ED12C8BE353
S113C2A08C9DF0018D9DF00D1124E25AF34F42A9AB
S113C2B053A940175107F8F425C0CB2DD0E08BE3E8
S113C2C08C9DF0018D9DF00D1124E25AF34F82A94B
S113C2D093A98C1B9D0B93AB82AB40E06EE57CE095
S113C2E0809106020E94674380E49CE90197F1F77C
S113C2F0EC0EFD1E02C0E12CF12CE016F106E8F272
S113C30081E035C081E08093730B041B150B6A2D0B
S113C3108C2F57DFA8016A2D8C2F0E94495781E08A
S113C32026C0CC23F1F080E022C0CB2DD0E08BE3FB
S113C330A89EF0011124E25AF34F82A993A98C0F0D
S113C3409D1F93AB82AB40E06EE57CE080910602DA
S113C3500E94674380E49CE90197F1F7EC0EFD1E0F
S113C36002C0E12CF12CE016F106F8F281E0DF9135
S113C370CF911F910F91FF90EF90DF90CF90BF90DE
S113C380AF900895CF92DF92EF92FF920F931F9395
S113C390CF93DF93E82EC62FD42FF22E411119C06C
S113C3A010925C0C1BD58F709078992324F401971C
S113C3B0806F9F6F019680935D0CEE2019F08F5E65
S113C3C080935D0C60915D0C70E084E99BE00E94B9
S113C3D07854FF2009F476C1A0915D0CB0E0AA0F57
S113C3E0BB1FAA0FBB1FAA0FBB1FA00FB11F4C91ED
S113C3F050E04930510508F07FC1FA018827E3571E
S113C400FF4F8F4F8DC42BE3C29FF0011124E25ADA
S113C410F34F8AE084AB81E085AB16AA6C2F8AE0E7
S113C4200E948A41C1E069C18BE3C89FF0011124D5
S113C430E25AF34F81E087ABC1E05FC19BE3C99F40
S113C440F0011124E25AF34F21AD14968D919C9181
S113C4501597289FA001299F500D112460E08C2F6F
S113C460B0DEC1E04AC112964D915C91139760E031
S113C4708C2FA7DEC1E041C112964D915C911397B8
S113C4806C2F80E09EDEC1E038C1DC1781F0E091C2
S113C4905D0CF0E0EE0FFF1FEE0FFF1FEE0FFF1F0E
S113C4A0E00FF11F428153816D2F8C2F8ADEDF5FF5
S113C4B001C0D1E0809106028D1738F7C1E01DC19B
S113C4C0DC1781F0E0915D0CF0E0EE0FFF1FEE0F42
S113C4D0FF1FEE0FFF1FE00FF11F428153816C2FEE
S113C4E08D2F6FDEDF5F01C0D1E0809106028D17D2
S113C4F038F7C1E002C111968C91882369F02BE3CF
S113C500C29FF0011124E25AF34FD4A9D80F6C2F23
S113C5108D2F0E948A4141C08BE3C89FF0011124F2
S113C520E25AF34FF4A8D0E023C08DECF89E812D9D
S113C5301124829586958770DF2D98E2899FD01902
S113C5401124DF5F6C2F8D2F0E948A41D11105C009
S113C55048EC50E06C2F80E034DE88EE93E005C0B8
S113C560E0E9F1E03197F1F701970097C9F7F39407
S113C570E0915D0CF0E0EE0FFF1FEE0FFF1FEE0FDA
S113C580FF1FE00FF11F97812EE4F29EF0011124AA
S113C590EB53F24F82A99813C8CF8BE3C89FF001E5
S113C5A01124E25AF34FD4AB6C2F8D2F0E948A4191
S113C5B0C1E0A3C0EC2EF12C8BE38E9DF0018F9D86
S113C5C0F00D1124E25AF34FD4A916968C911697C4
S113C5D08D17B8F512968D919C9113976C0128ECE8
S113C5E0C20ED11C1BC08DECD89F812D11248295C5
S113C5F0869587706C2F2D2F98E2899F201911241E
S113C600822F0E948A4188EE93E005C0E0E9F1E0C0
S113C6103197F1F701970097C9F7DF5FD93218F323
S113C6206C2F80E00E948A418BE38E9DF0018F9DE8
S113C630F00D1124E25AF34F14AAA6016C2F80E0E6
S113C640C0DD8BE38E9DF0018F9DF00D1124E25A25
S113C650F34FD4A91BC08DECD89F812D1124829552
S113C660869587706C2F2D2F98E2899F20191124AD
S113C670822F0E948A4188EE93E005C0E0E9F1E050
S113C6803197F1F701970097C9F7DF5FE0915D0CEF
S113C690F0E0EE0FFF1FEE0FFF1FEE0FFF1FE00F86
S113C6A0F11F8681D817B8F29BE39E9DF0019F9DF0
S113C6B0F00D1124E25AF34F84AB6C2F0E948A418F
S113C6C0C1E01BC0C0915C0CC1110EC06D2F84E988
S113C6D09BE00E94040F80935C0C40E85AE060E009
S113C6E080E00E949A0E09C041E95AE060E080E0CF
S113C6F00E949A0EC0E001C0C1E08C2FDF91CF915F
S113C7001F910F91FF90EF90DF90CF900895CF93FA
S113C710DF93C82FD0E08EE48C9FF0018D9FF00D45
S113C7201124E15FF14F9081953008F060C08BE3F4
S113C730689FF0011124E25AF34F22A933A98EE431
S113C7408C9FF0018D9FF00D1124EF5EF14F40811D
S113C75050E02417350708F44CC0862F943031F587
S113C7609091700B9C3010F520916F0B2450209306
S113C7706F0B9F5F9093700B60E023DD2EE42C9F82
S113C780C0012D9F900D11248B53924FEC01C65B79
S113C790DF4F68816F5FFC01E75BFF4F80810E9480
S113C7A08B4088818F5F888381E026C090916F0BD6
S113C7B0903208F59F5F90936F0B60E002DD2EE4EA
S113C7C02C9FC0012D9F900D11248B53924FEC018F
S113C7D0C65BDF4F68816F5FFC01E75BFF4F8081C1
S113C7E00E948B4088818F5F888381E005C080E050
S113C7F003C080E001C080E0DF91CF9108958CB543
S113C80081658CBD8DB581608DBD0895E4ECF0E04B
S113C8101182108230EC3093C20028E12093C100D1
S113C82090E091838083E4EDF0E0118210823093F4
S113C830D2002093D10091838083E4E3F1E011825C
S113C84010823093320120933101918380830895C3
S113C850CF93C82FD4DF8C2FD9DFCF9108958EBD0D
S113C8600DB407FEFDCF08959091C00095FFFCCF55
S113C8708093C6008091C0008823E4F708959091C6
S113C880C80095FFFCCF8093CE008091C800882318
S113C890E4F708959091D00095FFFCCF8093D600E3
S113C8A08091D0008823E4F708959091300195FF9A
S113C8B0FCCF80933601809130018823E4F70895FA
S113C8C0813049F028F0823049F0833051F00895E6
S113C8D0862FCACF0895862FD2CF0895862FDACF18
S113C8E00895862FE2CF0895FC0182B18E7F82B92C
S113C8F081B1816081B9F8942CE130E021C00190CC
S113C900008007D0029005D001900190019001D0E1
S113C91016C007D006D005D004D003D002D001D071
S113C92000C0109A001C0000000008F010980000DD
S113C930000000000000000008F4109808959A0117
S113C940A90141505109232B09F0D9CF789480EBE8
S113C95094E00197F1F70895D4D008F481E00895A4
S113C9600CD00AC102D140F0F9D030F021F45F3F7D
S113C97019F0EBC0511134C1EEC00FD198F39923D3
S113C980C9F35523B1F3951B550BBB27AA2762178F
S113C9907307840738F09F5F5F4F220F331F441FD4
S113C9A0AA1FA9F333D00E2E3AF0E0E830D091500C
S113C9B05040E695001CCAF729D0FE2F27D0660FF9
S113C9C0771F881FBB1F261737074807AB07B0E838
S113C9D009F0BB0B802DBF01FF2793585F4F2AF04E
S113C9E09E3F510568F0B1C0FBC05F3FECF3983E39
S113C9F0DCF3869577956795B795F7959F5FC9F7AB
S113CA00880F911D9695879597F90895E1E0660F33
S113CA10771F881FBB1F621773078407BA0720F0AC
S113CA20621B730B840BBA0BEE1F88F7E095089515
S113CA30BCD088F09F5790F0B92F9927B751A0F038
S113CA40D1F0660F771F881F991F1AF0BA95C9F79E
S113CA5012C0B13081F0C3D0B1E00895C0C0672FD7
S113CA60782F8827B85F39F0B93FCCF3869577954E
S113CA706795B395D9F73EF4909580957095619537
S113CA807F4F8F4F9F4F0895E89409C097FB3EF462
S113CA9090958095709561957F4F8F4F9F4F992307
S113CAA0A9F0F92F96E9BB279395F6958795779585
S113CAB06795B795F111F8CFFAF4BB0F11F460FF45
S113CAC01BC06F5F7F4F8F4F9F4F16C0882311F09D
S113CAD096E911C0772321F09EE8872F762F05C0B1
S113CAE0662371F096E8862F70E060E02AF09A954C
S113CAF0660F771F881FDAF7880F9695879597F941
S113CB000895990F0008550FAA0BE0E8FEEF1616DA
S113CB101706E807F907C0F012161306E407F5072D
S113CB2098F0621B730B840B950B39F40A2661F0A1
S113CB30232B242B252B21F408950A2609F4A14044
S113CB40A6958FEF811D811D089597F99F6780E851
S113CB5070E060E008959FEF80EC089500240A944B
S113CB601616170618060906089500240A941216C4
S113CB701306140605060895092E0394000C11F4F7
S113CB80882352F0BB0F40F4BF2B11F460FF04C0A4
S113CB906F5F7F4F8F4F9F4F089557FD9058440FFD
S113CBA0551F59F05F3F71F04795880F97FB991F08
S113CBB061F09F3F79F087950895121613061406C5
S113CBC0551FF2CF4695F1DF08C016161706180652
S113CBD0991FF1CF86957105610508940895E8942D
S113CBE0BB2766277727CB0197F908958ADF08F4D6
S113CBF08FEF08950BD0C0CFB1DF28F0B6DF18F067
S113CC00952309F0A2CFA7CF1124EACFC6DFA0F362
S113CC10959FD1F3950F50E0551F629FF001729FCD
S113CC20BB27F00DB11D639FAA27F00DB11DAA1FEC
S113CC30649F6627B00DA11D661F829F2227B00D39
S113CC40A11D621F739FB00DA11D621F839FA00DC4
S113CC50611D221F749F3327A00D611D231F849F14
S113CC60600D211D822F762F6A2F11249F5750406B
S113CC708AF0E1F088234AF0EE0FFF1FBB1F661F06
S113CC80771F881F91505040A9F79E3F510570F0BF
S113CC905CCFA6CF5F3FECF3983EDCF386957795A7
S113CCA06795B795F795E7959F5FC1F7FE2B880FBA
S113CCB0911D9695879597F90895991B79E004C07D
S113CCC0991F961708F0961B881F7A95C9F78095C7
S113CCD00895AA1BBB1B51E107C0AA1FBB1FA617BF
S113CCE0B70710F0A61BB70B881F991F5A95A9F711
S113CCF080959095BC01CD01089597FB072E16F4FD
S113CD00009406D077FD08D0E4DF07FC05D03EF49C
S113CD10909581959F4F0895709561957F4F0895E3
S113CD20EE0FFF1F881F8BBF0790F691E02D19941B
S113CD30A29FB001B39FC001A39F700D811D112458
S113CD40911DB29F700D811D1124911D08958F9224
S113CD509F92AF92BF92CF92DF92EF92FF92CF93C6
S113CD60DF93EC01688179818A819B81611571056A
S113CD708105910521F464E279ED8BE597E02DE1DD
S113CD8033EF41E050E029D349015A019B01AC0142
S113CD90A7EAB1E43ED36B017C01ACEEB4EFA5018C
S113CDA0940143D3DC01CB018C0D9D1DAE1DBF1D31
S113CDB0B7FF03C00197A109B04888839983AA8368
S113CDC0BB839F77DF91CF91FF90EF90DF90CF905F
S113CDD0BF90AF909F908F900895B9CF80E092E07C
S113CDE0B6CFA0E0B0E08093000290930102A0933C
S113CDF00202B09303020895FB01DC0105900D9239
S113CE000020E1F70895FB01DC014150504048F057
S113CE1001900D920020C9F701C01D92415050406D
S113CE20E0F708950F931F93CF93DF93CDB7DEB749
S113CE302E970FB6F894DEBF0FBECDBF0E891F89A3
S113CE4086E08C831A8309838FEF9FE79E838D830B
S113CE50AE01465E5F4F688D798DCE01019610D08C
S113CE60EF81F885E00FF11F10822E960FB6F8942B
S113CE70DEBF0FBECDBFDF91CF911F910F910895FB
S113CE802F923F924F925F926F927F928F929F92D6
S113CE90AF92BF92CF92DF92EF92FF920F931F93C4
S113CEA0CF93DF93CDB7DEB72B970FB6F894DEBFE1
S113CEB00FBECDBF6C017B018A01FC011782168273
S113CEC0838181FFBFC1CE0101963C01F6019381AC
S113CED0F70193FD859193FF81917F01882309F4E4
S113CEE0ADC1853239F493FD859193FF81917F0122
S113CEF0853221F4B60190E0D6D1E8CF912C212CD3
S113CF00312CFFE1F315D8F08B3279F038F480320C
S113CF1079F08332A1F4232D20611DC08D3261F09C
S113CF20803369F4232D216016C0832D8260382E4E
S113CF30E32DE4603E2E2AC0F32DF8601DC037FCBB
S113CF402DC020ED280F2A3040F08E32B9F436FC83
S113CF5075C1232D2064322E19C036FE06C08AE026
S113CF60989E200D1124922E11C0EAE02E9E200DD1
S113CF701124222EF32DF0623F2E08C08C3621F4AA
S113CF80832D8068382E02C0883641F4F70193FD62
S113CF90859193FF81917F018111B3CF982F9F7D5C
S113CFA09554933028F40C5F1F4F9FE399830DC071
S113CFB0833631F0833771F0833509F055C020C0D2
S113CFC0F801808189830E5F1F4F88248394912CFC
S113CFD0530112C02801F2E04F0E511CF801A08049
S113CFE0B18036FE03C0692D70E002C06FEF7FEFA1
S113CFF0C5014ED14C018201F32DFF773F2E15C0A0
S113D000280122E0420E511CF801A080B18036FEB6
S113D01003C0692D70E002C06FEF7FEFC5012DD111
S113D0204C01F32DF0683F2E820133FC19C0822D90
S113D03090E088169906A0F4B60180E290E033D11E
S113D0402A94F5CFF50137FC859137FE81915F0174
S113D050B60190E028D121102A9421E0821A910887
S113D0608114910479F7E1C0843611F0893639F5D9
S113D070F80137FE07C060817181828193810C5F62
S113D0801F4F08C060817181072E000C880B990B1B
S113D0900E5F1F4FF32DFF763F2E97FF09C090952B
S113D0A08095709561957F4F8F4F9F4FF0683F2E0D
S113D0B02AE030E0A30133D1882E861844C0853796
S113D0C031F4232D2F7EB22E2AE030E025C0932D9B
S113D0D0997FB92E8F36C1F018F4883579F0AEC037
S113D0E0803719F0883721F0A9C0E92FE061BE2EFE
S113D0F0B4FE0DC0FB2DF460BF2E09C034FE0AC07F
S113D100292F2660B22E06C028E030E005C020E1B9
S113D11030E002C020E132E0F801B7FE07C06081D0
S113D1207181828193810C5F1F4F06C06081718180
S113D13080E090E00E5F1F4FA301F1D0882E861887
S113D140FB2DFF773F2E36FE0DC0232D2E7FA22E02
S113D150891458F434FE0BC032FC09C0832D8E7E32
S113D160A82E05C0B82CA32C03C0B82C01C0B92C20
S113D170A4FE0FC0FE01E80DF11D8081803321F46F
S113D1809A2D997EA92E09C0A2FE06C0B394B39429
S113D19004C08A2D867809F0B394A3FC10C0A0FEC5
S113D1A006C0B21480F4280C922C9B180DC0B21443
S113D1B058F4B60180E290E076D0B394F8CFB2147C
S113D1C018F42B1802C0982C212CA4FE0FC0B60111
S113D1D080E390E068D0A2FE16C0A1FC03C088E7FB
S113D1E090E002C088E590E0B6010CC08A2D8678F4
S113D1F051F0A1FE02C08BE201C080E2A7FC8DE2E7
S113D200B60190E050D0891430F4B60180E390E088
S113D2104AD09A94F8CF8A94F301E80DF11D8081E5
S113D220B60190E040D08110F6CF222009F44ECE12
S113D230B60180E290E037D02A94F7CFF6018681D8
S113D240978102C08FEF9FEF2B960FB6F894DEBF45
S113D2500FBECDBFDF91CF911F910F91FF90EF9043
S113D260DF90CF90BF90AF909F908F907F906F9002
S113D2705F904F903F902F900895FC01059061506E
S113D28070400110D8F7809590958E0F9F1F0895D8
S113D290FC016150704001900110D8F78095909581
S113D2A08E0F9F1F08950F931F93CF93DF93FB015E
S113D2B0238121FD03C08FEF9FEF2CC022FF16C0F6
S113D2C046815781248135814217530744F4A08154
S113D2D0B1819D012F5F3F4F318320838C93268141
S113D2E037812F5F3F4F3783268314C08B01EC01B6
S113D2F0FB010084F185E02D1995892BE1F6D80115
S113D30016968D919C911797019617969C938E93E0
S113D3101697CE01DF91CF911F910F910895FA01D5
S113D320AA27283051F1203181F1E8946F936E7F60
S113D3306E5F7F4F8F4F9F4FAF4FB1E03ED0B4E051
S113D3403CD0670F781F891F9A1FA11D680F791F92
S113D3508A1F911DA11D6A0F711D811D911DA11DA3
S113D36020D009F468943F912AE0269F11243019B3
S113D370305D3193DEF6CF010895462F4770405D4E
S113D3804193B3E00FD0C9F7F6CF462F4F70405DFD
S113D3904A3318F0495D31FD4052419302D0A9F758
S113D3A0EACFB4E0A6959795879577956795BA9552
S113D3B0C9F700976105710508959B01AC010A2E18
S113D3C006945795479537952795BA95C9F7620FEF
S113D3D0731F841F951FA01D0895052E97FB16F437
S113D3E000940FD057FD05D024D007FC02D046F49A
S113D3F008C050954095309521953F4F4F4F5F4F52
S113D400089590958095709561957F4F8F4F9F4FAC
S113D41008958EDCA59F900DB49F900DA49F800D60
S113D420911D11240895B7FFF4CFF3DF821B930BF2
S113D4300895A1E21A2EAA1BBB1BFD010DC0AA1F51
S113D440BB1FEE1FFF1FA217B307E407F50720F069
S113D450A21BB30BE40BF50B661F771F881F991FE4
S113D4601A9469F760957095809590959B01AC012D
S10DD470BD01CF010895F894FFCF29
S113D47A0100000001010202042080010810403F5B
S113D48A065B4F666D7D077F6F00804000000000D9
S113D49A000000BF86DBCFE6EDFD87FFEF05391CF0
S113D4AA526974380F0106537069656C65722031CC
S113D4BA00537069656C6572203200537069656C3B
S113D4CA6572203300537069656C657220340020DC
S113D4DA202020202073656564202020202020003D
S113D4EA256C7500537069656C6572617573776133
S113D4FA686C00082D203220537069656C657220AF
S113D50A202B7E0077656974657220546173746593
S113D51A205300257500202020202020537069659F
S113D52A6C65722020200020202053746172746775
S113D53A656C642020202000207769726420766557
S113D54A727465696C742020002020205370696508
S113D55A6C65722058202020200020202020779AF1
S113D56A7266656C74202020200020779A726665A2
S113D57A6C6E2041202F2042200020202053706905
S113D58A656C657220202020202000776569746507
S113D59A72204320206D6568722053002020626542
S113D5AA7A61686C652020202020202000616E208A
S113D5BA537069656C657220202020205800616EC2
S113D5CA206469652042616E6B2020202058002067
S113D5DA20204475206269737420696D202020001C
S113D5EA20202020576F726B73686F7020202020D0
S113D5FA00467265696B6172746520583D4A412020
S113D60A200076657277656E64656E20593D4E45D5
S113D61A494E0020205061736368202020583D4AF7
S113D62A41202000579A7266656C6E202020593D6D
S113D63A4E45494E002050617363682020202058CB
S113D64A3D4A412020002020202020202020202084
S113D65A20202020202000202020353020202020B7
S113D66A20583D4A4120200042657A61686C656E03
S113D67A2020593D4E45494E0020202020205A6141
S113D68A686C756E67202020200020202045726671
S113D69A6F6C67726569636820200020202020204F
S113D6AA5041534348202020202020002020204B92
S113D6BA45494E20504153434820202000202057FA
S113D6CA9A7266656C6E2041202F204220200057F2
S113D6DA9A7266656C73756D6D65207820202000DA
S113D6EA2056455253544549474552554E472020E2
S113D6FA0062696574656E205820736F6E737420B6
S113D70A59002056455253544549474552542061BD
S113D71A6E200020202020206E6963687420202057
S113D72A202000202020564552535445494745524B
S113D73A5420200020202056657277616C74756E1F
S113D74A67202020002020202020426175656E3F3A
S113D75A20202020200043207A75729A636B7C77FC
S113D76A65697465727E00202020204879706F7480
S113D77A68656B20202020002020202048616E64E8
S113D78A656C6E202020202000014879702E7C4888
S113D79A79702E6175666C2E020062656964652073
S113D7AA68846E646C6572202020007461737465E9
S113D7BA20782064729A636B656E200020202042D0
S113D7CA65737484746967656E20202000202020A4
S113D7DA9A62657274726167656E202020004879C6
S113D7EA702E204175666C9473656E202001006169
S113D7FA6E64657265206F7074696F6E2020020012
S113D80A5A61686C65202020202020202020205383
S113D81A004879702E20426568616C74656E202018
S113D82A0100202020202048616E64656C2020209D
S113D83A20200020616267657363686C6F73736587
S113D84A6E2020006B617566656E3F084E65696ED1
S113D85A7C4A617E002020202077656974657220E5
S113D86A4320202020002020204772756E647374A0
S113D87A9A636B20202000532048616E64656C7C97
S113D88A7765697465727E00202020204261726780
S113D89A656C6420202020200042617267656C64F4
S113D8AA2030202020202020200001202B3130206D
S113D8BA20202020202B313030020025347500200E
S113D8CA2020467265696B617274652020202000ED
S113D8DA4175737761686C204265656E64656E3F55
S113D8EA00014265656E64656E2020206D6568726C
S113D8FA02002020204265737484746967742020AE
S113D90A20200042617267656C643A20202020203E
S113D91A20202000F401F40164006400640064001F
S113D92A320014000A000A00050001000100010087
S113D93A0100010001060B10151A1F2545696E67BF
S113D94A616E677368616C6C65004B616E7A6C65B5
S113D95A69310056656C6F6B656C6C6572004C615D
S113D96A70746F706765629A6872005A6575676841
S113D97A6175737374726173736500526175636858
S113D98A65727A656C74004368616E636500506100
S113D99A7573656E7261756D004761726465726F45
S113D9AA626500476566846E676E697300486572CE
S113D9BA72656E20574300496E666F726D617469B1
S113D9CA6B6469656E73740046726175656E20577F
S113D9DA43004C656872657220574300466F746F42
S113D9EA7A656E7472756D0042465320504D004B31
S113D9FA616E7A6C6569004246532041550042467D
S113DA0A5320454B00467265697061726B656E00FE
S113DA1A47412041550050726F64756B74696F6E8B
S113DA2A204155004D6563686174722E204C616211
S113DA3A6F7200546563686E696B756D004C61673B
S113DA4A657220504D004C61676572204155005043
S113DA5A75747A6469656E7374004C6167657220C3
S113DA6A454B0047656820696E73204765666165A2
S113DA7A6E676E697300474120454B0050726F64AC
S113DA8A756B74696F6E20454B00456E74776963D4
S113DA9A6B6C756E6720454B0047657765726265E6
S113DAAA736368756C6500474120504D0053636881
S113DABA756C6D6174657269616C0050726F64751E
S113DACA6B74696F6E20504D000241626261756524
S113DADA6E2020202020202020002020202020200A
S113DAEA2020207765697465727E00024162626152
S113DAFA75656E2020426175656E010043207A7552
S113DB0A729A636B7C7765697465727E0020202043
S113DB1A537069656C6572202020202020002575C9
S113DB2A0048617573207665726B617566656E3F30
S113DB3A200058204A612020202020204E65696E4A
S113DB4A2059002046656C642042656C61737465D3
S113DB5A6E3F2000204475206D75737420488475C7
S113DB6A73657220002020207665726B6175666584
S113DB7A6E2120202000014879702E207C207765B0
S113DB8A69746572207E0020202020202020202015
S113DB9A2020202020202000204475206D757373D6
S113DBAA742046656C6465720020202062656C618D
S113DBBA7374656E2120202020002046656C642041
S113DBCA62656C617374656E3F2000536368756C9B
S113DBDA64206265676C696368656E002020447519
S113DBEA20736368756C646573742020002534752A
S113DBFA00204475206269737420504C4549544589
S113DC0A20002056455253544549474552554E47DC
S113DC1A20200062696574656E205820736F6E73E4
S113DC2A7420590020766572737465696765727425
S113DC3A20616E2000202020204245454E44455450
S113DC4A2020202020004175737761686C2074724B
S113DC5A656666656E20004879702E204175666C8B
S113DC6A9473656E20200100616E64657265204FAD
S113DC7A7074696F6E202002005A61686C652020F6
S113DC8A20202020202020205300207A7520776528
S113DC9A6E69672047656C6420200064752062659C
S113DCAA68846C747374204879702E00676568748C
S113DCBA20616E206469652042616E6B0048797048
S113DCCA2E20426568616C74656E20200100202054
S113DCDA414C4C452046454C4445522020200020C6
S113DCEA202041424745474542454E2020202000F6
S113DCFA58204F4B20202020205765697465727E76
S113DD0A0058204F4B202020202020202020202093
S105DD1A2000E3
S9030000FC
